bank_number_key,title_en,title_fr,bank_number_en,bank_number_fr,description_en,description_fr,class_of_individuals_en,class_of_individuals_fr,note_en,note_fr,social_insurance_number_en,social_insurance_number_fr,purpose_en,purpose_fr,consistent_uses_en,consistent_uses_fr,retention_and_disposal_standards_en,retention_and_disposal_standards_fr,rda_number_en,rda_number_fr,related_record_number_en,related_record_number_fr,last_updated_en,last_updated_fr,tbs_registration_en,tbs_registration_fr
PC PPU 201,Administration of marine activity permits,Administration des permis d’activités en mer,PC PPU 201,PC PPU 201,"This bank contains information on holders of marine activity permits issued under the Marine Activities in the Saguenay–St. Lawrence Marine Park Regulations. Personal information may include name, contact information, and other identification numbers.","Ce fichier contient de l’information sur les détenteurs de permis d’activités en mer accordés en vertu du Règlement sur les activités en mer dans le parc marin du Saguenay–Saint-Laurent. Les renseignements personnels peuvent inclure le nom, les coordonnées et autres numéros d’identification.",Owners or representatives of organizations.,Propriétaire ou représentant des organisations,,,,,"This bank serves as a registry of marine activity permits. Personal information is used for the administration of permits related to activities conducted in the marine park, including compliance monitoring and enforcement activities such as managing reports, complaints, notices of violation, and administrative follow-ups. The information is collected under section 8 of the Saguenay–St. Lawrence Marine Park Act.","Ce fichier sert de registre des permis d’activité en mer. Les renseignements personnels sont utilisés dans le cadre la gestion des permis liés aux activités menées dans le parc marin, incluant le suivi de la conformité et l’application de la loi comme la gestion des signalements, plaintes, constats d’infraction et suivis administratifs. Ils sont recueillis en vertu de l'article 8 de la Loi sur le parc marin du Saguenay — Saint-Laurent.","Personal information is shared with park wardens to ensure compliance with the Marine Activities in the Saguenay–St. Lawrence Marine Park Regulations and may be used for investigations, to issue notices of violation, or to suspend a permit. De-identified information may also be used for research, planning, evaluation, statistical purposes, and reporting.","Les renseignements personnels sont partagés aux gardes de parc pour assurer la conformité au Règlement sur les activités en mer dans le parc marin du Saguenay–Saint-Laurent et pourraient être utilisés pour une enquête, pour émettre un avis d’infraction ou pour suspendre un permis. Des renseignements dépersonnalisés peuvent également être utilisés à des fins de recherche, de planification, d’évaluation, des statistiques et de l’établissement de rapports.","Personal information will be retained for a minimum period of two (2) years following the last administrative action, except where the individual’s consent has been obtained and legislation permits immediate disposal. At the end of the retention period, records will be disposed of in accordance with the disposition authorities established by Library and Archives Canada. Records disposition authority number 2017/001","Les renseignements personnels seront conservés pendant une période minimale de deux (2) ans suivant la dernière mesure administrative, sauf dans les cas où le consentement de la personne a été obtenu et où la législation permet une élimination immédiate. À l’issue de cette période de conservation, les normes de disposition établies par Bibliothèque et Archives Canada seront respectées. Autorisation de disposition de documents (ADD) 2017/001",,,PC HRC NMC CM 002 Treasury Board Secretariat registration number 20260080,"PC HRC NMC CM 002 Enregistrement Secrétariat du Conseil du Trésor (SCT) En attente de l'examen, de l'approbation et de l'enregistrement par le Secrétariat du Conseil du Trésor du Canada.",,,,
PC PPU 055,Aquatic invasive species prevention permits,Permis de prévention des espèces aquatiques envahissantes,PC PPU 055,PC PPU 055,"This bank contains information used to confirm compliance with aquatic invasive species regulations. Personal information may include name, contact information, location of last use of watercraft and water gear, intended location of next use, watercraft, vessel and vehicle information such as type, model, registration and license plate.","Ce fichier contient des informations utilisées pour confirmer la conformité avec la réglementation sur les espèces aquatiques envahissantes. Les informations personnelles peuvent inclure le nom, le prénom, les coordonnées, le lieu de la dernière utilisation de l'embarcation et des engins nautiques, le lieu prévu de la prochaine utilisation, des informations sur l'embarcation, le bateau et le véhicule telles que le type, le modèle, l'immatriculation et la plaque d'immatriculation.",National parks visitors,Visiteurs des parcs nationaux.,,,,,"The personal information is used to administer the protection and conservation of natural and cultural resources and for the issuance of a watercraft use permit to comply with regulations related to the use of watercraft and water-related gear in the park. The information will also be used to record watercraft usage in the park and assess risk for introduction of aquatic invasive species. Personal information is collected pursuant to sections 8(2), 16(3) and 18 of Canada National Parks Act, the section 6 of Species at Risk Act and section 7 of the National Park General Regulations.","Les informations personnelles sont utilisées pour gérer la protection et la conservation des ressources naturelles et culturelles et pour délivrer des permis d'utilisation d'embarcations afin de se conformer aux réglementations relatives à l'utilisation d'embarcations et d'engins nautiques dans le parc. Les informations seront également utilisées pour enregistrer l'utilisation des embarcations dans le parc et évaluer le risque d'introduction d'espèces aquatiques envahissantes. Les renseignements personnels sont recueillis conformément aux articles 8(2), 16(3) et 18 de la Loi sur les parcs nationaux du Canada, à l'article 6 de la Loi sur les espèces en péril et à l'article 7 du Règlement général sur les parcs nationaux.",The information will be used to assess risk of the introduction and spread of aquatic invasive species from the use of the visitor’s watercraft or water-related gear. Data will be aggregated and reported on annually in internal reports to inform management decisions. The personal information may also be shared with law enforcement branch for enforcing Canada National Parks Act and provision of various other statutes that support the Agency’s mandate.,"Les informations seront utilisées pour évaluer le risque d'introduction et de propagation d'espèces aquatiques envahissantes à partir de l'utilisation de l'embarcation du visiteur ou d'équipements liés à l'eau. Les données seront agrégées et présentées chaque année dans des rapports internes afin d'éclairer les décisions de gestion. Les informations personnelles peuvent également être partagées avec la direction de l'application de la loi pour faire respecter la Loi sur les parcs nationaux du Canada et les dispositions de diverses autres lois qui soutiennent le mandat de l'Agence. Normes de conservation et d'élimination Les documents physiques seront conservés pendant une période maximale de cinq ans, après quoi ils seront détruits. L'analyse des données résultant des dossiers ne contiendra pas d'informations personnelles. Autorisation de disposition de documents (ADD) 2016/001",Physical records will be retained for a maximum of 5 years and then they will be destroyed. Data analysis resulting from the records will not contain personal information. Records disposition authority number 2016/001,,,,PC PAEC HRC AIS 001 Treasury Board Secretariat registration number 20230036,PC PAEC HRC AIS 001 Enregistrement Secrétariat du Conseil du Trésor (SCT) 20230036,,,,
PC PPU 067,Backcountry use permits,Permis d’excursion dans l’arrière-pays,PC PPU 067,PC PPU 067,"This bank contains information used to identify persons, vehicles and missing persons. Personal information may include name, contact information, emergency contact information, date of birth, safety information, aircraft owners /operators, aircraft crew, type of aircraft, model, registration number, company name, date of activities, vehicle information, license plate number, trip detail itinerary and signature.","Ce fichier contient des renseignements servant à identifier les personnes, les véhicules et les personnes manquant à l’appel. Les renseignements personnels peuvent inclure le nom, les coordonnées, les contacts en cas d’urgence, date de naissance, informations sur la sécurité, propriétaires/opérateurs d'aéronefs, équipage d'aéronefs, type d'aéronef, modèle, numéro d'immatriculation, nom de la société, date des activités, informations sur les véhicules, numéro de plaque d’immatriculation, itinéraire détaillé du voyage et signature.",National parks visitors,Visiteurs des parcs nationaux.,,,,,To issue a permit and to provide records for monitoring Park use and identifying vehicles left at trail heads or roadsides in emergency cases such as missing persons or bear problems; to control backcountry sites and facilities; to protect visitors. Personal information is collected pursuant to section 8 of the Parks Canada Agency Act.,"Pour l’émission de permis et fournir des renseignements permettent de surveiller l’utilisation des parcs et d’identifier les véhicules laissés aux départs de sentiers ou en bordure des routes dans les cas d’urgence tel que; personne manquant à l’appel, problèmes avec des ours. Ils servent également au contrôle des sites et des installations de l’arrière-pays et facilitent la protection des visiteurs. Les renseignements personnels sont recueillis en vertu de l’article 8 de la Loi sur l’Agence Parcs Canada.","Provides an analysis of use of the backcountry, statistics, planning and rehabilitation.","Il permet d’analyser l’utilisation de l’arrière-pays, d’établir des statistiques, de planifier et d’assurer la restauration.",Under development Records disposition authority number 2017/001,En cours d’élaboration. Autorisation de disposition de documents (ADD) 2017/001,,,PC VE NP VPR 009 Treasury Board Secretariat registration number 001751,PC VE NP VPR 009 Enregistrement Secrétariat du Conseil du Trésor (SCT) 001751,,,,
PC PPU 040,Claims and Litigation Program,Programme de réclamations et de litiges,PC PPU 040,PC PPU 040,"This bank describes information collected, managed, and maintained by Parks Canada in connection with incidents involving property damage or personal injury that occur in places under its jurisdiction. This includes information provided by individuals (for example, park visitors, motorists) who submit a claim or report an incident involving Parks Canada’s infrastructure or property. Personal information collected may include name, contact information, driver’s license number and province of issue, vehicle information (make, model, color, year), license plate number and issuing province, insurance provider and policy details, description of the incident or claim, witness statements or supporting documentation, and photographs, video, or other recordings provided by claimants.","Ce fichier décrit l’information recueillie, gérée et conservée par Parcs Canada en lien avec les incidents mettant en cause des dommages matériels ou des blessures corporelles qui surviennent dans les endroits relevant de sa compétence. Cela comprend l’information fournie par des individus (comme les visiteurs du parc ou les automobilistes) qui soumettent une réclamation ou signalent un incident relatif à l’infrastructure ou à la propriété de Parcs Canada. Voici certains des renseignements personnels qui peuvent être recueillis : nom, coordonnées, numéro de permis du conducteur et province émettrice, renseignements sur le véhicule (marque, modèle, couleur, année), numéro de plaque d’immatriculation et province émettrice, assureur et détails de la politique, description de l’incident ou de la réclamation, déclarations des témoins ou documents à l’appui, ainsi que les photos, les vidéos ou les autres enregistrements fournis par les demandeurs.","Motorists, highway users, park visitors, and any individuals involved in or reporting a personal injury or property damage incident in Parks Canada’s administered places.","Automobilistes, usagers de la route, visiteurs du parc et toute personne impliquée dans un incident mettant en cause des dommages matériels ou des blessures corporelles sur les lieux administrés par Parcs Canada.",,,,,"Personal information is collected to document personal injury or property damage in anticipation of litigation and may be used by the Agency to make administrative decisions on claims by/against the Crown. The personal information is collected pursuant to section 8 (1) of the Canada National Parks Act and relevant Regulations found under the Act (such as the Highway Traffic Regulations) as well as the Crown Liability and Proceedings Act (R.S.C., 1985, c. C-50); decisions are made in accordance with Parks Canada Agency’s financial delegation instrument.","Les renseignements personnels sont recueillis pour documenter les blessures corporelles ou les dommages matériels en prévision d’un litige et peuvent être utilisés par l’Agence pour prendre des décisions administratives concernant les réclamations de la Couronne ou contre elle. Les renseignements personnels sont recueillis conformément au paragraphe 8(1) de la Loi sur les parcs nationaux du Canada et aux règlements pertinents pris en vertu de cette loi (comme le Règlement sur la circulation routière dans les parcs nationaux) ainsi que la Loi sur la responsabilité civile de l’État et le contentieux administratif (L.R.C., 1985, ch. C-50), et les décisions sont prises conformément à l’instrument de délégation financière de l’Agence Parcs Canada.","This information will be used to determine liability in property damage or personal injury incidences, to approve settlement payment for losses or to resolve claims pursued by the Crown against third parties.","On s’appuiera sur ces renseignements pour déterminer la responsabilité en cas de dommages matériels ou de blessures corporelles, pour approuver le paiement de règlement pour les pertes ou pour régler les réclamations intentées par la Couronne contre des tiers.","Personal information will be retained for a minimum of two (2) years after the last administrative action, except where individual consent has been provided and legislation allows for immediate disposal. The disposition standards set out by Library and Archives Canada will be followed after this retention period has ended. Records disposition authority number Under development","Les renseignements personnels seront conservés pendant une période minimale de deux (2) ans suivant la dernière mesure administrative, sauf lorsque le consentement de la personne concernée a été obtenu et que la législation autorise leur élimination immédiate. À l’issue de cette période de conservation, les normes de disposition établies par Bibliothèque et Archives Canada seront appliquées. Autorisation de disposition de documents (ADD) En cours d’élaboration.",,,PC TTI THM CP 001 Treasury Board Secretariat registration number 20260004,PC TTI THM CP 001 Enregistrement Secrétariat du Conseil du Trésor (SCT) 20260004,,,,
PC PPU 202,Compliance with marine activities in the Saguenay–St. Lawrence Marine Park,Conformité des activités en mer dans le parc marin du Saguenay–Saint-Laurent,PC PPU 202,PC PPU 202,"This bank contains information on visitors navigating within the Saguenay–St. Lawrence Marine Park. Information may include the name and registration number of the vessel, type of vessel, and the date, location, and nature of the intervention.","Ce fichier contient de l’information sur les visiteurs naviguant dans le parc marin du Saguenay–Saint-Laurent. Les renseignements peuvent inclure le nom et l’immatriculation de l’embarcation, le type d’embarcation, la date, le lieu et la nature de l’intervention.",Individuals navigating within the Saguenay–St. Lawrence Marine Park.,Les personnes qui naviguent dans le parc marin du Saguenay–Saint-Laurent.,,,,,"This bank serves as a registry of interventions to document and track interactions with visitors in order to ensure compliance with the regulations. De-identified information may also be used for research, planning, evaluation, statistical purposes, and reporting.","Ce fichier sert de registre des interventions pour documenter et faire le suivi des interventions auprès des visiteurs afin d’assurer la conformité au règlement. Des renseignements dépersonnalisés peuvent également être utilisés à des fins de recherche, de planification, d’évaluation, des statistiques et de l’établissement de rapports.","Personal information is shared with park wardens to ensure compliance with the Marine Activities in the Saguenay–St. Lawrence Marine Park Regulations and may be used for investigations and, where applicable, to issue a notice of violation.",Les renseignements personnels sont partagés aux gardes de parc pour assurer la conformité au Règlement sur les activités en mer dans le parc marin du Saguenay–Saint-Laurent et pourraient être utilisés pour une enquête et éventuellement remettre un avis d’infraction.,"Personal information will be retained for a minimum period of two (2) years following the last administrative action, except where the individual’s consent has been obtained and legislation permits immediate disposal. At the end of the retention period, records will be disposed of in accordance with the disposition authorities established by Library and Archives Canada. Records disposition authority number 2017/001","Les renseignements personnels seront conservés pendant une période minimale de deux (2) ans suivant la dernière mesure administrative, sauf dans les cas où le consentement de la personne a été obtenu et où la législation permet une élimination immédiate. À l’issue de cette période de conservation, les normes de disposition établies par Bibliothèque et Archives Canada seront respectées. Autorisation de disposition de documents (ADD) 2017/001",,,"PC HRC NMC CM 002 Treasury Board Secretariat registration number Pending review, approval, and registration by the Treasury Board of Canada Secretariat.","PC HRC NMC CM 002 Enregistrement Secrétariat du Conseil du Trésor (SCT) En attente de l'examen, de l'approbation et de l'enregistrement par le Secrétariat du Conseil du Trésor du Canada.",,,,
PC PPU 075,Ecological Monitoring Program remote cameras image,Initiative de caméras à distance du Programme de surveillance écologique,PC PPU 075,PC PPU 075,This bank describes personal information collected through cameras installed in Parks Canada parks and trails for the purpose of monitoring wildlife and habitat use. Photos captured may occasionally include identifiable individuals. Personal information includes photos of individuals.,Cette banque décrit les renseignements personnels recueillis au moyen de caméras installées dans les parcs et sur les sentiers de Parcs Canada aux fins de surveillance de la faune et de l’utilisation de l’habitat. Les photos captées peuvent occasionnellement inclure des personnes identifiables. Les renseignements personnels comprennent les photos de personnes.,Visitors (general public).,Visiteurs (grand public).,,,,,"The personal information is collected to support studies, surveys, and wildlife monitoring activities within Parks Canada’s mandate. Images are used for ecological monitoring and research purposes and will not typically result in any administrative decision about an individual. Personal information is collected pursuant to section 8 of the Canada National Parks Act.","Les renseignements personnels sont recueillis pour appuyer les études, les enquêtes et les activités de suivi de la faune menées dans le cadre du mandat de Parcs Canada. Les images sont utilisées à des fins de surveillance écologique et de recherche et ne mèneront généralement à aucune décision administrative concernant une personne. Les renseignements personnels sont recueillis conformément à l’article 8 de la Loi sur les parcs nationaux du Canada.","Photos may be shared with Parks Canada’s Law Enforcement Branch for the purpose of enforcing the Canada National Parks Act and other statutes that support the Agency’s mandate. This sharing occurs only when illegal activity within Parks Canada is detected, which may lead to an investigation and law enforcement actions against the individual.","Les photos peuvent être partagées avec la Direction de l’application de la loi de Parcs Canada aux fins de l’application de la Loi sur les parcs nationaux du Canada et d’autres lois qui appuient le mandat de l’Agence. Ce partage a lieu uniquement lorsqu’une activité illégale est détectée dans les lieux administrés par Parcs Canada, ce qui peut mener à une enquête et à des mesures d’application de la loi visant la personne.","(2016/001) Wildlife photos containing images of wildlife and/or humans (personal information) are deleted from the third-party Computer vision and Machine learning software solution servers by Parks Canada staff. (2017/001) When human’s photos are disclosed to law enforcement branch for investigation of illegal activities, Parks Canada is required to retain these records. Parks Canada received a new disposition authority from Library and Archives Canada (LAC). Records disposition authority number 2016/001-2017/001","(2016/001) Les photos de la faune contenant des images d’animaux et/ou d’êtres humains (renseignements personnels) sont supprimées des serveurs de la solution logicielle tierce de vision par ordinateur et d’apprentissage automatique par le personnel de Parcs Canada. (2017/001) Lorsque des photos de personnes sont communiquées à la Direction de l’application de la loi aux fins d’enquêter sur des activités illégales, Parcs Canada est tenu de conserver ces dossiers. Parcs Canada a reçu une nouvelle autorisation de disposition de Bibliothèque et Archives Canada (BAC). Autorisation de disposition de documents (ADD) 2016/001-2017/001",,,PC-HRC-NP-NRM-005 Treasury Board Secretariat registration number Waiting for TBS approval and registration,"PC-HRC-NP-NRM-005 Enregistrement Secrétariat du Conseil du Trésor (SCT) En attente de l'examen, de l'approbation et de l'enregistrement par le TBS",,,,
PC PPU 051,Fishing licenses and other permits,Permis de pêche et autres permis,PC PPU 051,PC PPU 051,"This bank identifies license holders. Personal information may include name, contact information, date of birth, vehicle and or vessel, watercraft information (type and make/model, license plate number), physical attributes, and emergency contact information (name and contact information).","Ce fichier identifie les détenteurs de permis. Les renseignements personnels peuvent comprendre le nom, les coordonnées, la date de naissance, les renseignements relatifs au véhicule ou au navire (type et marque/modèle, numéro de plaque d’immatriculation), les attributs physiques et les coordonnées en cas d’urgence (nom et coordonnées).",National parks visitors,Visiteurs des parcs nationaux,,,,,"Information in this bank relates to the issuing of fishing licenses and other licences. It is used to identify license holders, to control the number of individuals fishing in the park, to restrict fishing to authorized areas, to support fish management, and to ensure revenue accountability.","Les renseignements contenus dans ce fichier concernent la délivrance de permis de pêche. Ils servent à identifier les détenteurs de permis, à contrôler le nombre de personnes qui pêchent dans le parc, à restreindre la pêche aux zones autorisées, à soutenir la gestion des poissons et à assurer la responsabilité en matière de recettes. Les renseignements personnels sont recueillis conformément à l’article 6 de la Loi sur les espèces en péril et à l’article 8 de la Loi sur les parcs nationaux du Canada.","Control use, set limits, set seasons, statistical purposes and creel census and surveys.","Contrôler l’utilisation, fixer des limites et les saisons, établir des statistiques, et réaliser le recensement des paniers de pêches.","Under development Records disposition authority number 2017/001 Related records numbers PC VE NP VPR 009, PC HRC NMC RM 003, PC HRC NMC CM 002 Treasury Board Secretariat registration number 001745",En cours d’élaboration. Autorisation de disposition de documents (ADD) 2017/001,,,,PC VE NP VPR 009 Enregistrement Secrétariat du Conseil du Trésor (SCT) 001745,,,,
PC PPU 054,General Class Grants and Contributions Program,Programme de subventions et de contributions de catégorie générale,PC PPU 054,PC PPU 054,"This bank describes information used to support the delivery and management of the Parks Canada General Class Grants and Contributions Program. Personal information may include name, contact information, financial information, employment equity information, biographical information, educational information, signature banking information, project details, and other personal identifiers required for program delivery.","Ce fichier de renseignements personnels décrit les renseignements utilisés pour appuyer la prestation et la gestion du Programme de subventions et de contributions de catégorie générale de Parcs Canada. Les renseignements personnels peuvent comprendre le nom, les coordonnées, les renseignements financiers, les renseignements sur l’équité en matière d’emploi, les renseignements biographiques, les renseignements sur la scolarité, la signature, les renseignements bancaires, les détails du projet ainsi que d’autres identificateurs personnels requis pour la prestation du programme.",Grants and contributions applicants and recipients,Demandeurs et bénéficiaires de subventions et de contributions,,,,,"Personal information is used to administer the General Class Grants and Contributions Program including program monitoring, accountability and evaluation reporting. Personal information is collected pursuant to section 8 of the Parks Canada Agency Act, section 7 of the Financial Administration Act. The information will be used for the following activities: monitoring, assessing and evaluating the effectiveness of government funding.","Les renseignements personnels sont utilisés pour administrer le Programmes de subventions et de contributions de catégorie générale, y compris la surveillance des programmes, la reddition de comptes et la production de rapports d’évaluation. Les renseignements personnels sont recueillis en vertu de l’article 8 de la Loi sur l’Agence Parcs Canada et de l’article 7 de la Loi sur la gestion des finances publiques. Les renseignements seront utilisés aux fins suivantes : la surveillance, l’évaluation et l’appréciation de l’efficacité du financement gouvernemental.","The information may be used or disclosed for the following purposes: enforcement, reporting to senior management, evaluation, internal audit and operating the program. The information may also be posted on proactive disclosure site.","Les renseignements peuvent être utilisés ou communiqués aux fins suivantes : l’application de la loi, la production de rapports à la haute direction, l’évaluation, la vérification interne et l’exploitation du programme. Les renseignements peuvent également être affichés sur le site de divulgation proactive.","Personal information will be retained for a minimum period of two (2) years following the last administrative action, except where the individual’s consent has been obtained and legislation permits immediate disposal. At the end of the retention period, records will be disposed of in accordance with the disposition authorities established by Library and Archives Canada Records disposition authority number Under development","Les renseignements personnels seront conservés pendant une période minimale de deux (2) ans suivant la dernière mesure administrative, sauf dans les cas où le consentement de la personne a été obtenu et où la législation permet une élimination immédiate. À l’issue de cette période de conservation, les normes de disposition établies par Bibliothèque et Archives Canada seront respectées. Autorisation de disposition de documents (ADD) En cours d’élaboration.",,,PCA IS CFOD 001 Treasury Board Secretariat registration number 20260045,PCA IS CFOD 001 Enregistrement Secrétariat du Conseil du Trésor (SCT) 20250045,,,,
PC PPU 052,Heritage Lighthouse Program,Programmes des phares patrimoniaux,PC PPU 052,PC PPU 052,"This bank describes information about the Heritage Lighthouse Program. Personal information may include name, contact information, signature, and self-identification of age (18 years or older).","Cette banque contient de l’information sur le Programme des phares patrimoniaux. Les renseignements personnels peuvent inclure le nom, les coordonnées, la signature, la déclaration volontaire de l’âge (18 ans et plus).","Residents of Canada 18 years and older such as individuals, representatives of other levels of government or community-based groups who submit a nomination for the heritage designation of a lighthouse, as well as individuals who have signed an accompanying petition.","Résidents du Canada de 18 ans et plus, personnes ; représentants d’autres ordres de gouvernement ou de groupes communautaires qui soumettent une candidature visant la désignation d’un phare à titre de phare patrimonial ; personnes qui ont signé une pétition jointe à la candidature, etc.",,,,,Personal information is used in commemoration decisions and is collected under the authority of the Heritage Lighthouse Protection Act.,"Les renseignements personnels sont utilisés dans les décisions liées à la commémoration, conformément à la Loi sur la protection des phares patrimoniaux.","Name, contact information and signature may be shared with the Department of Fisheries and Oceans Canada. Information may also be used for program evaluation and/or reporting purposes.","Le nom, les coordonnées et la signature peuvent être transmis au ministère des Pêches et des Océans du Canada. L’information peut aussi être utilisée aux fins d’évaluation de programmes ou de production de rapports.",Under development Records disposition authority number Under development,En cours d’élaboration. Autorisation de disposition de documents (ADD) En cours d’élaboration.,,,PC HRC OHP CP 001 Treasury Board Secretariat registration number 20100275,PC HRC OHP CP 001 Enregistrement Secrétariat du Conseil du Trésor (SCT) 20100275,,,,
PC PPU 069,High risk activities,Activités à risque élevé,PC PPU 069,PC PPU 069,"This bank contains information on persons involved in activities that have been assessed as having a higher level of risk, defines location, activity, number in group, etc. Personal information may include name, contact information, emergency contact information, date of birth, trip purpose, flight schedule, vehicle information, vessel information such as port of origin, name of vessel, type/size/colour of sailing vessel, landing craft, license plate number, medical information, in some cases individuals' level of experience in activity is also collected.","Ce fichier contient de l’information sur les personnes participant à des activités qui ont été évaluées comme étant à un niveau élevé de risque, il précise l’endroit, l’activité, le nombre de personnes, etc. Les renseignements personnels peuvent inclure le nom, les coordonnées, les coordonnées sur contact en cas d’urgence, date de naissance, le but du voyage, l’horaire du vol, les informations sur le véhicule, les informations sur le navire, tel que le port d’origine, le nom du navire, le type /la taille /la couleur du voilier, la péniche du débarquement, numéro de plaque d’immatriculation, renseignements médicaux, et dans certains cas, le niveau d’expérience dans l’activité est aussi demandé.",Parks Canada visitors,Visiteurs de Parcs Canada,,,,,To provide a record of visitors in case of overdue registration. Personal information is collected pursuant to section 8 of the Parks Canada Agency Act.,Ce fichier sert de registre des visiteurs pour les cas où un visiteur dépasse les limites de son séjour. Les renseignements personnels sont recueillis en vertu de l’article 8 de la loi sur l’Agence de Parcs Canada.,"Provides up-to-date information on use, locations, frequency, accidents, lost, or missing persons.","Fournir de l’information à jour sur l’utilisation, les emplacements, la fréquence, les accidents et les personnes égarées ou manquant à l’appel.","Under development Records disposition authority number 2017/001 Related records numbers PC HRC NMC CM 002, PC VE NP VPR 009 Treasury Board Secretariat registration number 001753","En cours d’élaboration. Autorisation de disposition de documents (ADD) 2017/001 Numéros de renvoi aux documents PC HRC NMC CM 002, PC VE NP VPR 009 Enregistrement Secrétariat du Conseil du Trésor (SCT) 001753",,,,,,,,
PC PPU 066,Huts permits,Permis pour hutte,PC PPU 066,PC PPU 066,This bank contains information used to identify permit holders and verify reservations. Personal information may include name and contact information.,Ce fichier contient des renseignements qui servent à identifier les détenteurs de permis et à vérifier les réservations. Les renseignements personnels peuvent inclure le nom et les coordonnées.,Parks visitors,Visiteurs des parcs,,,,,"To maintain information relating to use, periods of stay, numbers of visitors and length of season.","Le but du fichier est de consigner des renseignements sur l’utilisation, la durée des visites, le nombre de visiteurs et la durée de la saison.","To support decisions for maintenance, monitor and control use, and ensure the safety of visitors.",Étayer les décisions relatives à l’entretien ; surveiller et contrôler l’utilisation ; assurer la sécurité des visiteurs.,Under development Records disposition authority number 2017/001,En cours d’élaboration. Autorisation de disposition de documents (ADD) 2017/001,,,PC VE NP VPR 009 Treasury Board Secretariat registration number 001750,PC VE NP VPR 009 Enregistrement Secrétariat du Conseil du Trésor (SCT) 001750,,,,
PC PPU 003,Impact Assessment Environmental Surveillance Program,Surveillance environnementale des évaluations d’impact,PC PPU 003,PC PPU 003,"This bank contains personal information collected and used to support the evaluation and monitoring of proposed actions, projects, or policies that may have environmental effects. Impact assessment is a key tool that enables Parks Canada to identify, mitigate, and manage potential adverse environmental impacts in support of its legislated mandate. As part of this process, Environmental Surveillance activities are conducted by Parks Canada surveillance officers to verify, during project construction / implementation that mitigation measures are implemented as required. The Parks Canada Impact Assessment Environmental Surveillance System is used to record observations made during these site visits. Personal information collected may include names, contact information, and identification numbers such as photographs and license plate numbers. This information is collected from individuals associated with project sites and is used to support follow-up, compliance verification and the implementation of any corrective actions required to minimize environmental impacts.","Ce fichier de renseignements personnels contient des informations recueillies et utilisées pour appuyer l’évaluation et la surveillance d’activités, de projets ou de politiques proposés susceptibles d’avoir des effets sur l’environnement. L’évaluation d’impact est un outil clé qui permet à Parcs Canada de cerner, d’atténuer et de gérer les effets environnementaux négatifs potentiels, conformément à son mandat législatif. Dans le cadre de ce processus, des activités de surveillance environnementale sont menées par les agents de surveillance de Parcs Canada afin de vérifier, durant la construction ou la mise en œuvre des projets, que les mesures d’atténuation sont appliquées comme requis. Le Système de surveillance environnementale des évaluations d’impact de Parcs Canada est utilisé pour consigner les observations faites lors de ces visites sur le terrain. Les renseignements personnels recueillis peuvent inclure des noms, des coordonnées et des identificateurs comme des photographies et des numéros de plaque d’immatriculation. Ces informations sont obtenues auprès des personnes associées aux sites de projet et sont utilisées pour appuyer le suivi, la vérification de la conformité et la mise en œuvre de mesures correctives visant à réduire les impacts environnementaux.","On site Contractors, third-party proponents.","Entrepreneurs sur les sites, promoteurs tiers.",,,,,"The personal information is collected for the purpose of administering the Parks Canada Impact Assessment Program and supporting the protection and conservation of natural and cultural resources on lands administered by Parks Canada. Personal information is used to enable Parks Canada to meet its legal obligations under the Impact Assessment Act, including verifying compliance with applicable legislation, policies and conditions of project approvals, and to prevent adverse environmental effects. As part of this compliance function, Parks Canada surveillance officers may conduct inspections of project sites during the construction or implementation phases of approved projects to verify that required mitigation measures are implemented effectively. Personal information is collected pursuant to sections 8, 16 and 18 of the Canada National Parks Act and section 84 of the Impact Assessment Act.","Les renseignements personnels sont recueillis afin d’administrer le programme d’évaluation d’impact de Parcs Canada et de soutenir la protection et la conservation des ressources naturelles et culturelles sur les terres administrées par Parcs Canada. Ils sont utilisés pour permettre à Parcs Canada de respecter ses obligations légales en vertu de la Loi sur l’évaluation d’impact, notamment pour vérifier la conformité aux lois, politiques et conditions d’approbation des projets applicables, et prévenir les effets environnementaux négatifs. Dans le cadre de cette fonction de conformité, les agents de surveillance de Parcs Canada peuvent effectuer des inspections des sites de projet pendant les phases de construction ou de mise en œuvre des projets approuvés, afin de vérifier l’efficacité des mesures d’atténuation exigées. Les renseignements personnels sont recueillis conformément aux articles 8, 16 et 18 de la Loi sur les parcs nationaux du Canada et à l’article 84 de la Loi sur l’évaluation d’impact.",Personal information collected during Environmental Surveillance activities may be used for internal briefing and reporting related to Parks Canada’s Impact Assessment and Environmental Surveillance program. Personal information may also be disclosed to law enforcement branch for the purpose of enforcing Parks Canada legislation and responding to potential contraventions identified during the Environmental Surveillance activities.,Les renseignements personnels recueillis dans le cadre des activités de surveillance environnementale peuvent être utilisés à des fins de breffage interne et de production de rapports liés au programme d’évaluation d’impact et de surveillance environnementale de Parcs Canada. Ils peuvent également être communiqués à la branche d’application de la loi afin d’assurer l’application de la législation de Parcs Canada et de donner suite à toute infraction potentielle relevée lors des activités de surveillance environnementale.,"Personal information will be retained for a minimum of two (2) years after the last administrative action, except where individual consent has been provided and legislation allows for immediate disposal. The disposition standards set out by Library and Archives Canada will be followed after this retention period has ended. Records disposition authority number 2016/001","Les renseignements personnels seront conservés pendant une période minimale de deux (2) ans suivant la dernière mesure administrative, sauf dans les cas où le consentement de la personne a été obtenu et où la législation permet une élimination immédiate. À l’issue de cette période de conservation, les normes de disposition établies par Bibliothèque et Archives Canada seront respectées. Autorisation de disposition de documents (ADD) 2016/001",,,PC HRC NP EA 001 Treasury Board Secretariat registration number 20260048,PC HRC NP EA 001 Enregistrement Secrétariat du Conseil du Trésor (SCT) 20260048,,,,
PC PPU 100,Land use planning activities,Activités de planification de l’aménagement du territoire,PC PPU 100,PC PPU 100,"This bank contains information related to the management of Parks Canada properties, specifically regarding application forms submitted by applicants and/or lessees or licensees. The purpose of the collection is to review and process land use planning proposals and applications for the issuance of planning permits and authorizations on leased or licensed lands under the control of Parks Canada. Personal information may include name, contact information, financial information, company information, credit information, and signature.","Ce fichier contient des renseignements liés à la gestion des propriétés de Parcs Canada, plus particulièrement concernant les formulaires de demande soumis par les demandeurs et/ou les locataires ou titulaires de licence. La collecte a pour but d’examiner et de traiter les propositions et demandes d’aménagement du territoire en vue de la délivrance de permis et d’autorisations sur des terrains loués ou concédés sous le contrôle de Parcs Canada. Les renseignements personnels peuvent inclure le nom, les coordonnées, les renseignements financiers, les renseignements sur l’entreprise, les renseignements de crédit et la signature.","Applicants, lessee or licensee, contractors and commercial operators.","Demandeurs, locataires, titulaire de licence, entrepreneurs et exploitants commerciaux",,,,,Personal information is collected to review and process land use planning proposals and applications towards the issuance of planning permits and authorizations located on leased or licensed lands under the control and management of Parks Canada. The authority to collect personal information is under subsection 8 (1) of the Canada National Parks Act and section 7 of the National Parks of Canada Land Use Planning Regulations. The information you provide may be matched to the land use agreement record in the Parks Canada National Integrated Realty System to verify the land use agreement holder and project consistency with the terms of the land use agreement.,"Les renseignements personnels sont recueillis afin d’examiner et de traiter les propositions et demandes d’aménagement du territoire en vue de la délivrance de permis et d’autorisations pour des terrains loués ou concédés sous le contrôle et la gestion de Parcs Canada. L’autorité de recueillir ces renseignements personnels est prévue au paragraphe 8(1) de la Loi sur les parcs nationaux du Canada et à l’article 7 du Règlement sur la planification de l’utilisation des terres des parcs nationaux du Canada. Les renseignements que vous fournissez peuvent être utilisés dans le cadre d’un couplage de données avec le dossier de l’entente d’utilisation des terres dans le système national intégré de gestion immobilière de l’Agence Parcs Canada, afin de vérifier que le titulaire de l’entente et votre projet sont conformes aux modalités de celle-ci.",Personal information will be used and shared with finance administration for the purpose of service fee collection and remission in accordance with the Service Fees Act. The information may also be used and shared with the Law Enforcement Branch in the event of a non-compliance matter for enforcing Canada National Parks Act to resolve administrative issues. The information may also be shared with provincial authorities for the purpose of land assessment and tax collection. Your personal information may be shared with Third Party Safety Code to ensure safety code compliance.,"Les informations personnelles seront utilisées et partagées avec l'administration financière aux fins de perception et de remise des frais de service conformément à la Loi sur les frais de service. Ces informations peuvent également être utilisées et partagées avec la Direction de l’application de la loi (DAL) en cas de non-conformité, afin de faire respecter la Loi sur les parcs nationaux du Canada et de résoudre des questions administratives. Les informations peuvent également être partagées avec les autorités provinciales aux fins d'évaluation foncière et de perception des taxes. Vos renseignements personnels peuvent être communiqués à un tiers responsable du code de sécurité afin d’assurer la conformité au code de sécurité.",Personal information will be retained for a minimum of two (2) years after the last administrative action and will follow the disposition standards set out by Library and Archives Canada. Records disposition authority number 2017/001,Les renseignements personnels seront conservés pendant un minimum de deux (2) ans après la dernière mesure administrative et seront éliminés conformément aux normes de disposition établies par Bibliothèque et Archives Canada. Autorisation de disposition de documents (ADD) 2017/001,,,PC HPCP RPAD LUPS 001 Treasury Board Secretariat registration number 20260033,PC HPCP RPAD LUPS 001 Enregistrement Secrétariat du Conseil du Trésor (SCT) 20260033,,,,
PC PPU 072,Law Enforcement Program,Programme d’application de la loi,PC PPU 072,PC PPU 072,"This bank contains personal information about individuals that were implicated in an incident or investigation undertaken by Parks Canada Park wardens in enforcing the laws of Canada as they relate to the Agency mandate. The personal information collected as a result of an incident or investigation may include names; contact information; physical attributes; date of birth; vehicle information, vessel information, identification numbers; criminal history; company name; the date and nature of the alleged incident or investigation; and the law enforcement action (charged, fined, warned, evicted).","Ce fichier contient des renseignements personnels sur des personnes qui ont été impliquées dans un incident ou une enquête menée par les gardiens de parc de l’Agence Parcs Canada dans le cadre de l’application des lois du Canada en lien avec le mandat de l’Agence Parcs Canada. Les renseignements personnels recueillis à la suite d’un incident ou d’une enquête peuvent inclure les noms, les coordonnées, les caractéristiques physiques, la date de naissance, les renseignements sur le véhicule et le navire tels que la couleur, le type, la taille, le numéro de plaque, les numéros d’identification tels que le permis de conduire, le passeport, le nom de la société, la date et la nature de l’incident ou de l’enquête présumé et la mesure d’application de la loi.",Visitors and businesses within the jurisdiction of Parks Canada.,Les visiteurs et les entreprises qui relèvent de la compétence de Parcs Canada.,,,,,"Information collected as part of an incident or investigation may be used by the Agency for the purpose of enforcing the Canada National Parks Act and its regulations and other complementary legislation such as the Criminal Code, the Species at Risk Act, and other federal and provincial legislation for the purpose of protection and conservation of natural and cultural resources and protecting the quality of the visitor experience. Information collected as a result of an incident or investigation is entered into the Agency’s Incident and Event Management system for Law Enforcement (IEM-LE).","Les renseignements recueillis dans le cadre d’un incident ou d’une enquête peuvent être utilisés par l’Agence pour appliquer la Loi sur les parcs nationaux du Canada et son règlement, ainsi que d’autres lois complémentaires comme le Code criminel, la Loi sur les espèces en péril, et d’autres lois fédérales et provinciales, dans le but de protéger et de conserver les ressources naturelles et culturelles et de préserver la qualité de l’expérience du visiteur. Les renseignements recueillis à la suite d’un incident ou d’une enquête sont saisis dans le système de gestion des incidents et des événements de l’Agence. Les renseignements personnels sont recueillis conformément à l’article 18 de la Loi sur les parcs nationaux du Canada et au paragraphe 6.1(2) de la Loi sur l’Agence Parcs Canada.","Information within IEM-LE may be used to report critical incidents to senior management, produce year-end reports and to develop law enforcement policies or guidelines. Pursuant to section 8(2)(a), (e) and (f) of the Privacy Act, personal information may also be disclosed to an investigative body as listed in the Privacy Regulations or to a municipal, provincial/territorial, or other policing service, under certain circumstances as described in those sections of the Act.","Les renseignements contenus dans le système de gestion des incidents et des événements peuvent être utilisés pour signaler des incidents critiques à la haute direction, produire des rapports de fin d’année et élaborer des politiques ou des directives en matière d’application de la loi. Conformément aux alinéas 8(2) (a) et (e) de la Loi sur la protection des renseignements personnels, les renseignements personnels peuvent également être divulgués à un organisme d’enquête tel que la Gendarmerie Royale du Canada (GRC) ou un autre service de police provincial, sur demande écrite, dans le but d’appliquer toute loi du Canada ou d’une province ou de mener une enquête licite, si la demande précise le but et décrit les renseignements à divulguer.","Records will be retained for five years or until they no longer have operational value, after which they will be destroyed. Records disposition authority number 2016/001 Related records numbers PC VE UP PLE 001, PC VE NHS VS 005, PC HRC NP SAR 006, PC PAEC LEB 001. Treasury Board Secretariat registration number 20230035","Les dossiers seront conservés pendant cinq ans après la dernière action expiration du laissez-passer ou du permis pour répondre à un remboursement, puis seront détruits. Autorisation de disposition de documents (ADD) 2016/001 Numéros de renvoi aux documents PC VE UP PLE 001, PC VE NHS VS 005, PC HRC NP SAR 006, PC PAEC LEB 001. Enregistrement Secrétariat du Conseil du Trésor (SCT) 20230035",,,,,,,,
PC PPU 095,Learn-to Camp,Initiation au camping,PC PPU 095,PC PPU 095,"This bank contains lists of events that took place at Parks Canada administered sites and on occasion, events organised on partners’ sites. The personal information may include name, contact information, specific requirements (allergies or food intolerances, specific medical conditions, disabilities), information pertaining to a credit card (type of credit card and the last four digits of the card), contact information in case of emergency, date of birth, language preference, medical information and physical attributes.","Le fichier contient des listes d’événements ayant lieu sur des sites gérés par Parcs Canada et, à l’occasion, des évènements ayant lieu sur des sites de partenaires. Les renseignements personnels peuvent inclure le nom, les coordonnées, des besoins particuliers (allergies ou intolérances alimentaires, conditions médicales particulières, handicaps), certaines informations de relatives à une carte de crédits (type de carte de crédit et les quatre derniers chiffres du numéro de la carte.), les coordonnées des contacts en cas d’urgence, la date de naissance, la langue de préférence, des renseignements médicaux et des attributs physiques.",Visitors,Visiteurs,,,,,"Information contained in this file is used to monitor participation to Learn-to Camp events, account for revenue, compile statistics, as well as facilitate future planning and visitor support.","Les renseignements de ce fichier servent à contrôler la participation aux événements d’initiation au camping, à comptabiliser les revenus, à établir des statistiques, ainsi qu’à faciliter la planification future et l’aide aux visiteurs.","Compile statistics, monitor revenue, support decisions pertaining to maintenance and facilitate planning.","Établir des statistiques, contrôler les recettes, étayer les décisions relatives à l’entretien et faciliter la planification.","The personal information collected is purged from the database 31 days following the end of the camping activity. Records disposition authority number 2017/001 Related records numbers PC VE NP VPR 009, PC ERVE LTC 001 Treasury Board Secretariat registration number 20230010","Les renseignements personnels recueillis sont purgés de la base de données 31 jours suivant la fin de l’activité de camping. Autorisation de disposition de documents (ADD) 2017/001 Numéros de renvoi aux documents PC VE NP VPR 009, PC ERVE LTC 001 Enregistrement Secrétariat du Conseil du Trésor (SCT) 20230010",,,,,,,,
PC PPU 200,Marine activity certification,Attestation d’activités en mer,PC PPU 200,PC PPU 200,"This bank contains information on boat pilots and guides who carry out activities covered by a permit. Personal information may include name, contact information, certification number, certification status, and, in some cases, biographical information.","Ce fichier contient de l’information sur les pilotes de bateau et les guides qui exercent une activité visée par un permis. Les renseignements personnels peuvent inclure le nom, les coordonnées, le numéro de l’attestation, le statut de l’attestation, et dans certains cas, des renseignements biographiques.",Boat captains and excursion guides.,Capitaines de bateau et guides d’excursions.,,,,,"This bank serves as a registry of pilot and marine activity guide certifications. The information will be used for the administration of certifications related to activities conducted in the marine park. Personal information is collected under section 8 of the Saguenay–St. Lawrence Marine Park Act. De-identified information may also be used for research, planning, evaluation, statistical purposes, and reporting.","Ce fichier sert de registre des attestations de pilote et de guide d’activité en mer. Les renseignements seront utilisés dans le cadre la gestion des attestations liées aux activités menées dans le parc marin. Les renseignements personnels sont recueillis en vertu de l’article 8 de la Loi sur le parc marin du Saguenay — Saint-Laurent. Des renseignements dépersonnalisés peuvent également être utilisés à des fins de recherche, de planification, d’évaluation, des statistiques et de l’établissement de rapports.","Personal information is shared with park wardens to ensure compliance with the Marine Activities in the Saguenay–St. Lawrence Marine Park Regulations and may be used for investigations, to issue notices of violation, or to suspend a certification.","Les renseignements personnels sont partagés aux gardes de parc pour assurer la conformité au Règlement sur les activités en mer dans le parc marin du Saguenay–Saint-Laurent et pourraient être utilisés pour une enquête, pour émettre un avis d’infraction ou pour suspendre une attestation.","Personal information will be retained for a minimum period of two (2) years following the last administrative action, except where the individual’s consent has been obtained and legislation permits immediate disposal. At the end of the retention period, records will be disposed of in accordance with the disposition authorities established by Library and Archives Canada. Records disposition authority number 2017/001","Les renseignements personnels seront conservés pendant une période minimale de deux (2) ans suivant la dernière mesure administrative, sauf dans les cas où le consentement de la personne a été obtenu et où la législation permet une élimination immédiate. À l’issue de cette période de conservation, les normes de disposition établies par Bibliothèque et Archives Canada seront respectées. Autorisation de disposition de documents (ADD) 2017/001",,,"PC HRC NMC CM 002 Treasury Board Secretariat registration number Pending review, approval, and registration by the Treasury Board of Canada Secretariat.","PC HRC NMC CM 002 Enregistrement Secrétariat du Conseil du Trésor (SCT) En attente de l'examen, de l'approbation et de l'enregistrement par le Secrétariat du Conseil du Trésor du Canada.",,,,
PC PPU 097,Mi’kmaw Youth Archaeology Camp Program,Programme de camp d’archéologie pour les jeunes Mi’kmaq,PC PPU 097,PC PPU 097,"This bank contains lists of events that took place at Parks Canada administered sites in collaboration with Indigenous councillors and mentored by Indigenous Elders and Knowledge Holders. The personal information may include name, contact information, home community or First Nation affiliation, equity information, other information such as applicant personal desire for participation, contact information in case of emergency, date of birth, language preference, medical information, signature.","Le dossier contient des listes d’événements qui ont eu lieu dans des lieux administrés par Parcs Canada, en collaboration avec des conseillers autochtones et sous le mentorat d’aînés et de détenteurs du savoir autochtones. Les renseignements personnels peuvent inclure le nom, les coordonnées, la communauté d’origine ou l’affiliation à une Première Nation, les renseignements liés à l’équité, d’autres renseignements tels que le désir personnel de participer, les coordonnées en cas d’urgence, la date de naissance, la préférence linguistique, les renseignements médicaux et la signature",Indigenous parents and youth participants,Parents et jeunes participants autochtones,,,,,"Information contained in this file is used to determine participation in Indigenous Youth Camp events, to compile statistics and feedback on the program, as well as facilitate future planning regarding the camp.","Les renseignements contenus dans ce dossier servent à déterminer la participation aux activités du Camp jeunesse autochtone, à compiler des statistiques et des commentaires sur le programme, ainsi qu’à faciliter la planification future liée au camp.","Compile statistics, support decisions pertaining to maintenance and facilitate planning.","Compiler des statistiques, appuyer les décisions relatives à l’entretien et faciliter la planification.",Personal information will be retained for a minimum of two (2) years after the last administrative action and will follow the disposition standards set out by Library and Archives Canada. Records disposition authority number 2017/001,Les renseignements personnels seront conservés pendant un minimum de deux (2) ans après la dernière mesure administrative et suivront les normes de disposition établies par Bibliothèque et Archives Canada. Autorisation de disposition de documents (ADD) 2017/001,,,PC HPCP OPS 001 Treasury Board Secretariat registration number 20260046,PC HPCP OPS 001 Enregistrement Secrétariat du Conseil du Trésor (SCT) 20260046,,,,
PC PPU 085,National historic sites and the National Program of Historical Commemoration,Lieux historiques nationaux et le programme national de commémoration historique,PC PPU 085,PC PPU 085,"This bank describes information about the commemoration and conservation of historic places of national and international significance, as well as a funding program, the National Cost-Sharing Program for Heritage Places. Personal information may include name, contact information, financial information, language of communication, personal views and opinions of the individual, other personal data which may be contained in the project proposal, and signature. For historical commemoration, this includes personal information such as name and contact information of persons who nominate a topic for national historic designation to the National Program of Historical Commemoration, as well as information about external readers of historical research reports, reviews of designations and plaque texts. Expert analysis and personal opinions related to designations are included.","La présente banque renferme des renseignements sur la commémoration et la conservation des lieux historiques, des personnes et des évènements ayant une importance nationale ainsi que les renseignements liés à un programme de financement, soit le Programme national de partage des frais des lieux patrimoniaux. Les renseignements personnels peuvent comprendre : le nom, les coordonnées, les renseignements financiers, la langue de communication, les opinions ou les idées personnelles, la signature et d’autres renseignements personnels pouvant figurer au projet. Pour la commémoration historique, ceci comprend des informations personnelles telles que le nom et les coordonnées des personnes qui proposent un sujet en vue d’une désignation historique national dans le cadre du Programme national de commémoration historique, ainsi que des informations sur les lecteurs externes des rapports de recherche historique les examens de désignations et les textes des plaques commémoratives. Des analyses d’experts et des opinions personnelles liées aux désignations sont incluses.","Owners, lessees and operators of historic sites or their representatives, and representatives of private sector businesses, provincial, territorial, and local governments, heritage stakeholder groups, Indigenous groups and other non-profit organizations, and provincial or territorial Crown corporations that provide funding or are otherwise involved in the commemoration or conservation of Canada's historic places. All individuals involved in the commemoration process including members of the public, academics, heritage experts, Indigenous readers and representatives of communities and organizations.","Les propriétaires, preneurs à bail et exploitants des lieux historiques ou leurs représentants, ainsi que les représentants d’entreprises du secteur privé, des gouvernements provinciaux, territoriaux et locaux, des groupes d’intérêts patrimoniaux, des groupes autochtones et d’autres organismes sans but lucratif, ainsi que des sociétés d’État provinciales et territoriales qui accordent des fonds ou participent autrement à la commémoration ou à la conservation des lieux historiques au Canada. Toutes les personnes impliquées dans le processus de commémoration, y compris les membres du public, les universitaires, les experts en patrimoine, les lecteurs autochtones et les représentants des communautés et des organisations.",,,,,"Information is used in commemoration decisions, to maintain a register of owners and lessees of national historic sites, and to process applications for funding and assistance under related programs. Personal information is collected pursuant to section 8 of the Parks Canada Agency Act. Information is used to support public involvement in the commemoration process to confirm and broaden historical content developed for each designation.","Les renseignements personnels recueillis servent à la prise de décisions en matière de commémoration, à la tenue d’un registre des propriétaires et preneurs à bail de lieux historiques nationaux, et au traitement des demandes de financement et d’aide déposées en vertu de programmes connexes. Les renseignements personnels sont recueillis en vertu de la section 8 de la Loi sur l’Agence Parcs Canada. L’information est utilisée pour soutenir la participation du public au processus de commémoration afin de confirmer et d’élargir le contenu historique élaboré pour chaque désignation.","The Canadian Register of Historic Places and the Directory of Federal Heritage Designations are publicly accessible on the Parks Canada website. Information may also be used for program evaluation and/or reporting purposes. The National Program of Historical Commemoration is based on public nominations and members of the public (referring to experts, local groups, relevant Indigenous communities) are involved in every phase of the designation and commemoration process.","Le Registre canadien des lieux patrimoniaux et l’Annuaire des désignations patrimoniales fédérales sont accessibles à tous depuis le site Web de Parcs Canada. Les renseignements peuvent aussi servir à l’évaluation des programmes ou à la préparation de rapports. Le programme national de commémoration historique est basé sur des nominations publiques et les membres du public (c’est-à-dire les experts, les groupes locaux, les communautés autochtones concernées) participent à chaque phase du processus de désignation et de commémoration.","Personal information will be retained for a minimum of two (2) years after the last administrative action and will follow the disposition standards set out by Library and Archives Canada through MIDA 2015/023 and RDA 2017/001. Records disposition authority number Multi Institutional Disposition Authorization 2015/023 Records Disposition Authorization 2017/001 Related records numbers PC HRC NHS CP 002, PC HRC OHP CP 001 Treasury Board Secretariat registration number 20091652",Les renseignements personnels seront conservés pendant un minimum de deux (2) ans après la dernière utilisation administrative et suivront les normes de disposition établies par Bibliothèque et Archives Canada conformément à MIDA 2015/023 et RDA 2017/001. Autorisation de disposition de documents (ADD) Autorisation de disposition pluri-institutionnelle 2015/023 Autorisation de disposition des documents 2017/001,,,,"PC HRC NHS CP 002, PC HRC OHP CP 001 Enregistrement Secrétariat du Conseil du Trésor (SCT) 20091652",,,,
PC PPU 092,National Information Services,Service national d’information,PC PPU 092,PC PPU 092,"This bank described personal information collected by Parks Canada Agency (PCA) from visitors who request a refund for daily entry fees incurred when they did not present their previously purchased Discovery Pass during a visit to a PCA-administered location. Refunds are available within 30 days of purchasing the daily pass and are processed exclusively by phone through the National Information Service, with assistance from designated PCA staff. Personal information collected may include the individual's name, contact information, and financial information. Credit card details are confirmed verbally during the call and used solely to process the refund transaction in real time. Credit card information is not recorded or retained by PCA.","Cette banque décrit les renseignements personnels recueillis par l’Agence Parcs Canada (APC) auprès des visiteurs qui demandent un remboursement des frais d’entrée quotidiens lorsqu’ils n’ont pas présenté leur carte d’entrée Découverte achetée préalablement lors de leur visite dans un lieu administré par l’APC. Les remboursements sont traités exclusivement par téléphone avec l’aide du personnel désigné de l’APC. Les renseignements personnels recueillis peuvent inclure le nom, les coordonnées et les informations financières de la personne. Les détails de la carte de crédit sont confirmés verbalement pendant l’appel et utilisés uniquement pour traiter la transaction de remboursement. Les informations de carte de crédit ne sont ni enregistrées ni conservées par l’APC.",Visitors,Visiteurs,,,,,"Personal information is collected to confirm the identity of visitors requesting an independent refund and to allow individuals to get refunded extra costs incurred through their own error as a customer service gesture. The personal information is collected pursuant to section 8 (1) of the Canada National Parks Act, section 8 of the Parks Canada Agency Act and the Financial Administration Act. Information is used by PCA to provide refunds to the visitors, revenue accountability, statistics, future planning, and to make administrative decisions such as refund eligibility. Personal information may be shared with other Parks Canada programs or third-party tourism partners for who may process refunds of linked to Discovery Passes purchased in person or through their services. This information is held by the Contractor on behalf of PCA.","Les renseignements personnels sont recueillis pour confirmer l’identité des visiteurs demandant un remboursement indépendant et permettre aux individus d’être remboursés des coûts supplémentaires encourus par leur propre erreur, à titre de geste de service à la clientèle. Les renseignements personnels sont recueillis conformément au paragraphe 8(1) de la Loi sur les parcs nationaux du Canada, à l’article 8 de la Loi sur l’Agence Parcs Canada et à l’article 7 de la Loi sur la gestion des finances publiques. Les renseignements sont utilisés par l’APC pour fournir des remboursements aux visiteurs, assurer la reddition de comptes sur les revenus, produire des statistiques, planifier l’avenir et prendre des décisions administratives telles que l’admissibilité au remboursement. Les renseignements personnels peuvent être partagés avec d’autres programmes de Parcs Canada ou des partenaires touristiques tiers qui peuvent traiter les remboursements liés aux cartes Découverte achetées en personne ou par l’intermédiaire de leurs services. Ces renseignements sont conservés par le contractant au nom de l’APC.","Personal information may be shared with law enforcement branch for enforcing the Canada National Parks Act, the National Marine Conservation Areas Act, the Saguenay-St. Lawrence Marine Parks Act, and the Rouge National Urban Park Act and provisions of various other statutes that support the Agency’s mandate. Depersonalized information may be used by PCA for statistics, reporting to senior management, revenue, maintenance decisions and future planning purposes.","Les renseignements personnels peuvent être partagés avec les services d’application de la loi pour faire respecter la Loi sur les parcs nationaux du Canada, la Loi sur les aires marines nationales de conservation, la Loi sur le parc marin du Saguenay–Saint-Laurent, la Loi sur le parc urbain national de la Rouge et les dispositions de diverses autres lois qui soutiennent le mandat de l’Agence. Les renseignements dépersonnalisés peuvent être utilisés par l’APC à des fins statistiques, de rapports à la haute direction, de revenus, de décisions d’entretien et de planification future.","Information may be destroyed once it is no longer needed, provided it is not subject to an audit, litigation, or an ATIP request. The information will be destroyed, in accordance with the Government of Canada’s information management requirements. Records disposition authority number 2016/001","Les renseignements peuvent être détruits lorsqu’ils ne sont plus nécessaires, à condition qu’ils ne fassent pas l’objet d’un audit, d’un litige ou d’une demande d’AIPRP. Les renseignements seront détruits conformément aux exigences de gestion de l’information du gouvernement du Canada. Les renseignements personnels seront conservés pendant un minimum de deux (2) ans après la dernière action administrative et suivront les normes de disposition établies par Bibliothèque et Archives Canada Autorisation de disposition de documents (ADD) 2016/001",,,PC VEP OS 001 Treasury Board Secretariat registration number 20250442,PC VEP OS 001 Enregistrement Secrétariat du Conseil du Trésor (SCT) 20250442,,,,
PC PPU 074,National Program of Historical Commemoration,Programme national de commémoration historique,PC PPU 074,PC PPU 074,"This bank describes information about the commemoration of historic places of national and international significance. Personal information may include the name and contact information of persons who nominate a topic for national historic designation to the National Program of Historical Commemoration, as well as information about external readers of historical research reports, reviews of designations, and plaque texts. Expert analyses and personal opinions related to designations are also included.","Cette banque décrit les renseignements relatifs à la commémoration de lieux historiques d'importance nationale et internationale. Les renseignements personnels peuvent comprendre, notamment, le nom et les coordonnées des personnes qui proposent un sujet en vue d'une désignation historique nationale dans le cadre du Programme national de commémoration historique, ainsi que des renseignements concernant les lecteurs externes des rapports de recherche historique, les examens des désignations et les textes des plaques commémoratives. Elle comprend également les analyses d'experts et les opinions personnelles liées aux désignations.","All individuals involved in the commemoration process, including members of the public, academics, heritage experts, Indigenous readers, and representatives of communities and organizations.","Toutes les personnes participant au processus de commémoration, y compris les membres du public, les universitaires, les experts en patrimoine, les lecteurs autochtones ainsi que les représentants des collectivités et des organisations.",,,,,Personal information is used in commemoration decisions. Personal information is collected pursuant to section 8 of the Parks Canada Agency Act and sections 3 and 8 of the Historic Sites and Monuments Act. Information is used to support public involvement in the commemoration process to confirm and broaden historical content developed for each designation.,"Les renseignements sont utilisés pour appuyer les décisions relatives à la commémoration. Les renseignements personnels sont recueillis en vertu de l'article 8 de la Loi sur l'Agence Parcs Canada, ainsi que des articles 3 et 8 de la Loi sur les lieux et monuments historiques. Ils servent également à favoriser la participation du public au processus de commémoration afin de valider et d'enrichir le contenu historique élaboré pour chaque désignation.","The Canadian Register of Historic Places and the Directory of Federal Heritage Designations are publicly accessible on the Parks Canada website. Personal information may also be used for program evaluation and/or reporting purposes. The National Program of Historical Commemoration is based on public nominations, and members of the public, including experts, local groups, and relevant Indigenous communities, are involved in every phase of the designation and commemoration process.","Le Répertoire canadien des lieux patrimoniaux et le Répertoire des désignations patrimoniales fédérales sont accessibles au public sur le site Web de Parcs Canada. Les renseignements peuvent également être utilisés à des fins d'évaluation de programmes et de production de rapports. Le Programme national de commémoration historique repose sur des propositions soumises par le public, et des membres du public (notamment des experts, des groupes locaux et des collectivités autochtones concernées) participent à chacune des étapes du processus de désignation et de commémoration.",Personal information will be retained for a minimum of two (2) years after the last administrative action and will be disposed of in accordance with the disposition standards established by Library and Archives Canada through Multi-Institutional Disposition Authorization (MIDA) 2015-023 and Records Disposition Authority (RDA) 2017-001. Records disposition authority number Multi-Institutional Disposition Authorization 2015/023 Records Disposition Authority 2017/001,Les renseignements personnels seront conservés pendant un minimum de deux (2) ans après la dernière utilisation administrative et suivront les normes de disposition établies par Bibliothèque et Archives Canada conformément à MIDA 2015/023 et RDA 2017/001. Autorisation de disposition de documents (ADD) Autorisation de disposition pluri-institutionnelle 2015/023 Autorisation de disposition des documents 2017/001,,,PC HPE NHS EP 001 Treasury Board Secretariat registration number 20260036,PC HPE NHS EP 001 Enregistrement Secrétariat du Conseil du Trésor (SCT) 20260036,,,,
PC PPU 081,National Volunteer Program,Programme national de bénévolat,PC PPU 081,PC PPU 081,"This bank describes information that is about individuals, groups or organizations who volunteer in a variety of activities at the various national parks, national historic sites, national marine conservation areas, national urban parks and Parks Canada offices across Canada. The personal information may include name, contact information, emergency contact information, criminal checks/history, and signature. Medical information and date of birth may be collected if an incident occurs.","Ce fichier décrit des renseignements personnels à propos d'individus, de groupes ou d’organismes qui participent à une diversité d’activités de bénévolat dans les parcs nationaux, les lieux historiques nationaux, les aires marines nationales de conservation, des parcs urbains nationaux et des bureaux de Parcs Canada à travers le pays. Les renseignements personnels peuvent inclure le nom, les coordonnées, coordonnées d’une personne à contacter en cas d’urgence, les vérifications de casier judiciaire / antécédents criminels, et signature. Des renseignements médicaux et la date de naissance peuvent être recueillis en cas d’incident.",General public,Grand public,,,,,"The personal information is used to administer the National Volunteer Program. Personal information is collected pursuant to section 8 of the Parks Canada Agency Act, the section 5 of the Canada National Marine Conservation Act and section 18 of the Canada National Parks Act.","Les renseignements personnels sont recueillis pour administrer le programme. Les renseignements personnels sont recueillis en vertu, de l’article 8 de la Loi sur l’Agence Parcs Canada, de l’article 5 de la Loi sur les aires marines nationales de conservation du Canada et de l’article 18 de la Loi sur les parcs nationaux du Canada.",Information may be shared with Insurance Broker provider in case of an incident. This will be with the consent of the individual.,Certaines informations peuvent être partagées avec le courtier d’assurance en cas d’incident.,"Personal information be kept in a locked cabinet for 36 months (3 years) from the last volunteer day. After that time has expired, the forms must be shredded. Records disposition authority number 2017/001 Related records numbers PC PAU SPE 002, PC ERVE VEMD 001 Treasury Board Secretariat registration number 20120059","Les renseignements personnels doivent être conservés dans une armoire verrouillée pendant 30 mois (2,5 ans) à compter de la dernière journée de bénévolat. Une fois ce délai écoulé, les formulaires doivent être déchiquetés. Autorisation de disposition de documents (ADD) 2017/001. Numéros de renvoi aux documents PC PAU SPE 002, PC ERVE VEMD 001 Enregistrement Secrétariat du Conseil du Trésor (SCT) 20120059",,,,,,,,
PC PPU 090,Online sales of passes and permits,Vente en ligne de laissez-passer et de permis,PC PPU 090,PC PPU 090,"This bank describes information that Parks Canada Agency (PCA) visitors provide to obtain visitor passes or permits. The transaction can be done online or through the assistance of Parks Canada Agency staff at the National Information Service. Personal information may include name, contact information, Vessel registration ID or vessel name.","Ce fichier décrit les renseignements que les visiteurs de l’Agence Parcs Canada (APC) fournissent pour obtenir des laissez-passer ou des permis. La transaction peut être effectuée en ligne ou avec l’aide du personnel de l’APC au service d’information national. Les renseignements personnels peuvent comprendre le nom, les coordonnées, le numéro d’immatriculation du navire ou le nom du navire.",Visitors,Visiteurs,,,,,"Personal information is collected to allow individuals to purchase passes and permits for admission, lockage or mooring to National Parks, National Historic Sites and National Marine Conservation Areas. The personal information is collected pursuant to section 8 (1) of the Canada National Parks Act and section 8 of the Parks Canada Agency Act. Information is used by Parks Canada Agency to provide passes and permits to the visitors, revenue accountability, statistics, future planning, and to make administrative decisions such as refund eligibility and determining eligibility for fulfilling early-bird requirements. Personal information may be shared with other Parks Canada programs for administrative decisions, such as verifying pass and permit validity and eligibility for early bird promotions. This information is held by the Contractor on behalf of Parks Canada Agency.","Les renseignements personnels sont recueillis pour permettre aux personnes d’acheter des laissez-passer et des permis d’entrée, d’éclusage ou d’amarrage dans les parcs nationaux, les lieux historiques nationaux et les aires marines nationales de conservation. Les renseignements personnels sont recueillis conformément au paragraphe 8(1) de la Loi sur les parcs nationaux du Canada. Les renseignements sont utilisés par l’APC pour fournir des laissez-passer et des permis aux visiteurs, pour rendre compte des recettes, pour établir des statistiques, pour planifier l’avenir et pour prendre des décisions administratives telles que l’admissibilité au remboursement et la détermination de l’admissibilité aux conditions d’offre anticipée. Les renseignements personnels peuvent être communiqués à d’autres programmes de Parcs Canada pour des décisions administratives, telles que la vérification de la validité des laissez-passer et des permis et l’admissibilité aux promotions anticipées. Ces renseignements sont détenus par l’entrepreneur au nom de l’APC.","Personal information may be shared with the Law Enforcement branch for enforcing the Canada National Parks Act, the National Marine Conservation Areas Act, the Saguenay-St. Lawrence Marine Parks Act, and the Rouge National Urban Park Act and provisions of various other statutes that support the Agency’s mandate. Information may be shared with the Contractor(s) responsible to provide the services of behalf of Parks Canada Agency. Shipping name, address and contact information may be shared with FedEx for the purpose of delivering orders. Personal contact information may be shared with Outreach Products and Initiatives program for the administration and management of the National Newsletter. In this case the personal information is only shared with the program if the individual consents via the opt-in option that they wish to add their contact information to the National Newsletter database. Depersonalized information may be used by Parks Canada Agency for statistics, reporting to senior management, revenue, maintenance decisions and future planning purposes.","Les renseignements personnels peuvent être communiqués à la Direction générale de l’application de la loi pour l’application de la Loi sur les parcs nationaux du Canada, de la Loi sur les aires marines nationales de conservation, de la Loi sur le parc marin du Saguenay - Saint-Laurent et de la Loi sur le parc urbain national de la Rouge et des dispositions de diverses autres lois qui appuient le mandat de l’Agence. Les renseignements peuvent être communiqués aux entrepreneurs chargés de fournir les services au nom de l’APC. Les coordonnées personnelles peuvent être communiquées au programme Produits et initiatives en diffusions externes pour l’administration et la gestion du bulletin d’information national. Dans ce cas, les renseignements personnels ne sont communiqués au programme que si la personne concernée consent, par le biais de l’option d’adhésion, à ce que ses coordonnées soient ajoutées à la base de données du bulletin d’information national. Les renseignements agrégés peuvent être utilisés par l’APC pour les statistiques, les rapports à la haute direction, les recettes, les décisions de maintenance et la planification future.","Records will be retained for five years after information is collected and then are destroyed. Records disposition authority number 2016/001 Related records numbers PC VE NHSVM 004, PC VE NP VPR 009. Treasury Board Secretariat registration number 20220040","Les dossiers seront conservés pendant cinq ans après l’expiration du laissez-passer ou du permis pour répondre à un remboursement, puis seront détruits. Autorisation de disposition de documents (ADD) 2016/001 Numéros de renvoi aux documents PC VE NHS VM 004, PC VE NP VPR 009. Enregistrement Secrétariat du Conseil du Trésor (SCT) 202200040",,,,,,,,
PC PPU 073,Park warden administrative and relational database,Base de données administrative des agents de parc,PC PPU 073,PC PPU 073,"This bank provides a chronological overview of the individual's service as a park warden for Parks Canada. The Park Warden Administrative Relational Database (PWARD) is an automated management system used by human resources professionals, law enforcement managers and employees. The personal information captured includes the employee name, user name, contact information, emergency contact information, date of birth, tenure type, employee identification number, park warden employment information, employee personnel information, prohibitions (for example, firearms and driving), reporting relationship (supervisor's position number and title), photographs, medical information, employment equity information, grievances, health and safety and accident reporting, honours and awards, licences and certifications, prior work experience.","Ce fichier contient une base de données personnelles qui donne un aperçu chronologique des états de service de la personne en tant que gardien de parc pour l’Agence Parcs Canada. L’administration des dossiers des ressources humaines (RH) des gardiens de parc est différente du système des autres employés de Parcs Canada et les renseignements personnels sont conservés dans la base de données administratives et relationnelles et sont utilisés pour un système automatisé de gestion des ressources humaines de nos employés gardiens de parc dont se servent les professionnels des RH, les gestionnaires et les employés. Les renseignements personnels saisis comprennent le nom, les coordonnées, sa date de naissance, son identification en tant que gardien de parc (date d’expiration de la carte d’identité, numéro d’écusson), les renseignements sur l’emploi et le poste occupé, les coordonnées d’un individu en cas d’urgence, ses certifications et compétences en matière de formation, numéro d’identification de l’employé, les interdictions (par exemple, armes à feu et conduite automobile), les renseignements médicaux, les renseignements sur l’équité en matière d’emploi, des photographies, les antécédents professionnels, la santé et la sécurité et le signalement des accidents, les permis et certifications, l’état civil, les cours suivis et les résultats obtenus ainsi que les dates de début et de fin d’intérim, les situations de détachement et d’affectation, les résultats du Test d’aptitudes physiques essentielles, et les résultats obtenus aux épreuves (promotions et conditionnement physique).","Applicants, permanent employees (includes active, retired employees) of Parks Canada, term, casual and part-time employees, agency personnel, students, contractors, training, and human resource personnel.","Postulants, employés permanents (y compris les employés actifs ou retraités) de l’APC, employés nommés pour une période déterminée, employés occasionnels et à temps partiel, personnel d’agence, étudiants, fournisseurs, personnel des ressources d’instruction.",,,,,"This information is used for the administration of human resources, such as compensation, employment equity, grievances, human resources planning and development, labour relations, occupational health and safety, official languages, organizational design, payroll and attendance, reliability checks, issue of identification cards, building passes and parking permits, relocation, staffing, training, to conduct internal surveys and for the processing of complaints against the Agency. Employee training information is used by managers and/or supervisors to formulate departmental training plans, verify training courses and to meet the requirements of the Canada Labour Code. Emergency contact information is used by managers and/or supervisors for notification purposes in the event of an emergency. Personal information is collected pursuant to section 13(1) and 13(3) of the Parks Canada Agency Act.","Ce fichier sert à l’administration des ressources humaines, notamment la rémunération, la discipline, l’équité en matière d’emploi, les griefs, la planification et le développement des ressources humaines, les relations de travail, la santé et la sécurité au travail, les langues officielles, la conception organisationnelle, la paye et les présences, les vérifications de la fiabilité, l’émission de cartes d’identité, de cartes d’accès aux bâtiments et les permis de stationnement, la réinstallation, la dotation et la formation; à mener des sondages auprès des employés de l’APC et à traiter les plaintes déposées contre l’APC. Les renseignements relatifs à la formation des employés permettent aux gestionnaires et aux superviseurs d’élaborer des plans ministériels de formation, de vérifier les cours de formation et de satisfaire aux exigences du Code canadien du travail. Les renseignements sur les personnes à contacter en cas d’urgence permettent aux gestionnaires et aux superviseurs d’aviser ces personnes en cas de nécessité. Les renseignements personnels sont recueillis conformément aux paragraphes 13(1) et 13(3) de la Loi sur l’Agence Parcs Canada.","This information is also used to produce management reports as well as research, planning, evaluation and audit, statistical analysis, and mandatory legislative reporting.","Ces renseignements peuvent également être utilisés pour produire des rapports de gestion et aux fins de la recherche, de la planification, de l’évaluation, des statistiques et de l’établissement de rapports exigés par la loi.","Records will be retained for five years or until they no longer have operational value, after which they will be destroyed. Records disposition authority number 2016/001","Les dossiers seront conservés pendant cinq ans ou jusqu’à ce qu’ils n’aient plus de valeur opérationnelle, après quoi ils seront détruits. Autorisation de disposition de documents (ADD) 2016/001",,,PC PAEC LEB HR 001 Treasury Board Secretariat registration number 20230032,PC PAEC HR 001 Enregistrement Secrétariat du Conseil du Trésor (SCT) 20230032,,,,
PC PPU 096,Parks Canada Employee Uniform Program,Programme de l’uniforme pour les employés de Parcs Canada,PC PPU 096,PC PPU 096,"This bank describes personal information collected and maintained in records and related correspondence concerning the acquisition and distribution of uniforms for employees of the Parks Canada Agency. Personal information collected may include the employee's name, physical attributes, personal record identifier, medical information, and opinions provided by employees participating as uniform testers.","Ce fichier renferme des dossiers et de la correspondance connexe sur l'acquisition et la distribution de l’uniforme pour les employés de l’Agence Parcs Canada. Les renseignements personnels recueillis comprennent le nom, les attributs physiques, le code d’identification de dossier personnel, les renseignements médicaux, la sollicitation et la récolte des opinions sur les items évaluer par les testeurs.",Parks Canada employees.,Employé-es de Parcs Canada,,,,,"This bank is intended to record personal information used in the administration of the uniform program for Parks Canada employees. The information is also used for the allocation of uniform allowances, the production of custom-sized clothing, the facilitation of returns or exchanges with the supplier, and the processing of uniform-related invoice payments. Additionally, the information is used to track shipments, monitor program expenditures, and generate reports. It also supports the selection of clothing sizes from the catalogue. Personal information is collected pursuant to section 13 of the Parks Canada Agency Act and section 7 of the Financial Administration Act.","Ce fichier a pour but de consigner des renseignements personnels qui sont utilisés au niveau de l'administration du programme de l’uniforme pour les employés de Parcs Canada. Les renseignements sont aussi utilisés pour l’attribution de l’allocation pour l’uniforme, la fabrication des vêtements de taille spéciale, la facilitation des retours ou des échanges avec le fournisseur, émettre le paiement des factures relatives à l’uniforme. Les renseignements seront également utilisés pour le suivi des expéditions, le contrôle des dépenses du programme et l'établissement de rapports. Ces informations permettent aussi la sélection des différentes grandeurs de vêtements du catalogue. Les renseignements personnels sont recueillis conformément à l’article 13 de la Loi sur l’Agence Parcs Canada et à l’article 7 de la Loi sur la gestion des finances publiques.","Personal information may be used to identify and solicit employees to participate as uniform testers. Information may also be used for research, planning, evaluation, auditing, and statistical analysis purposes.","Ces renseignements peuvent servir à la sollicitation d’employé testeurs pour l’uniforme. Les informations peuvent servir à des fins de la recherche, de la planification, de l'évaluation et de la vérification et des analyses statistiques.","Personal information is retained for seven (7) years after the last administrative action or until the employee leaves the Agency, whichever is applicable. Records disposition authority number 2017/001",Les renseignements personnels recueillis sont conservés 7 ans après la dernière action et ou lorsque l’employé quitte l’Agence. Autorisation de disposition de documents (ADD) 2017/001,,,PC ERVE SSA UP 001 Treasury Board Secretariat registration number 20260005,PC REEV SSA PU 001 Enregistrement Secrétariat du Conseil du Trésor (SCT) 20260005,,,,
PC PPU 004,"Parks Canada partnering, sponsorships and donations activities","Partenariats, les commandites et les dons de Parcs Canada",PC PPU 004,PC PPU 004,"This bank describes personal information collected and used by Parks Canada in the administration of partnering, sponsorship, and donation activities. These activities support Parks Canada's mandate by facilitating collaborative relationships with external organizations and individuals. Parks Canada also maintains records of relationships and engagement activities with partners and stakeholders. Program activities may include providing policy guidance, assessing partnership or sponsorship proposals, conducting due diligence reviews, evaluating potential risks and benefits, negotiating agreements, and managing ongoing collaborative relationships. Personal information may be collected and used in the assessment of proposals, the administration of agreements, and the maintenance of records related to partnerships, sponsorships, and donations. Personal information may include an individual's name, business owner name, legal business name, contact information, organizational affiliation, biographical information, credit history, financial information, criminal record check information, business registration number, signature, and other identifying information.","Ce fichier de renseignements personnels décrit les renseignements personnels recueillis et utilisés par Parcs Canada dans le cadre de l’administration des activités de partenariats, de commandites et de dons. Ces activités appuient le mandat de Parcs Canada en facilitant des relations de collaboration avec des organisations et des particuliers externes. Parcs Canada conserve également des dossiers sur les relations et les activités d’engagement avec les partenaires et les intervenants. Les activités du programme peuvent inclure l’élaboration d’orientations stratégiques et opérationnelles, l’évaluation de propositions de partenariat ou de commandite, la réalisation d’examens de diligence raisonnable, l’évaluation des risques et des avantages potentiels, la négociation d’ententes et la gestion continue des relations de collaboration. Les renseignements personnels peuvent être recueillis et utilisés dans le cadre de l’évaluation de propositions, de l’administration d’ententes et du maintien de dossiers liés aux partenariats, aux commandites et aux dons. Les renseignements personnels peuvent comprendre le nom, le nom du propriétaire d’entreprise, le nom légal de l’entreprise, les coordonnées, l’affiliation organisationnelle, des renseignements biographiques, des renseignements sur l’historique de crédit, des renseignements financiers, des vérifications ou antécédents criminels, d’autres numéros d’identification tels qu’un numéro d’enregistrement d’entreprise, ainsi que la signature.","Individuals, stakeholders, donors, partners, agreement holders, business operators, and representatives of partner organizations, sponsors, donors, corporations, non-profit organizations, and academic institutions.","Particuliers, intervenants, donateurs, partenaires, titulaires d’ententes, exploitants d’entreprises, représentants de partenaires, commanditaires, donateurs, entreprises, organismes sans but lucratif, établissements universitaires.",,,,,"Personal information is collected and used to evaluate partnership, sponsorship, and donation proposals; conduct due diligence and risk assessments; support decision-making related to collaborative agreements; administer and manage approved partnerships, sponsorships, and donations; and maintain records related to program activities. Personal information is collected pursuant to section 8 of the Parks Canada Agency Act, section 7 of the Financial Administration Act, and the Canada Revenue Agency Act.","Les renseignements personnels sont recueillis et utilisés afin d’évaluer les propositions de partenariats, de commandites et de dons, de réaliser des examens de diligence raisonnable et des évaluations des risques, de soutenir la prise de décisions liées aux ententes de collaboration, d’administrer et de gérer les partenariats, commandites et dons approuvés, ainsi que de tenir des dossiers relatifs aux activités du programme. Les renseignements personnels sont recueillis en vertu de l’article 8 de la Loi sur l’Agence Parcs Canada, de l’article 7 de la Loi sur la gestion des finances publiques et de la Loi de l’Agence du revenu du Canada.","Personal information may be used for program administration and decision-making, including conducting due diligence, financial and legal reviews of proposed or existing arrangements, verifying eligibility, assessing potential risks or conflicts of interest, supporting program integrity activities, and contributing to internal reporting, analysis, and program evaluation using aggregated or anonymized information where appropriate.","Les renseignements personnels peuvent être utilisés à des fins d’administration du programme et de prise de décisions, notamment pour la réalisation d’examens de diligence raisonnable, d’analyses financières et juridiques des ententes proposées ou existantes, la vérification de l’admissibilité, l’évaluation des risques potentiels ou des conflits d’intérêts, le soutien aux activités visant l’intégrité du programme, ainsi que pour appuyer la production de rapports internes, l’analyse et l’évaluation sous forme agrégée ou anonymisée.",Personal information will be retained for a minimum of two (2) years after the last administrative use and will be disposed of in accordance with the disposition standards established by Library and Archives Canada. Records disposition authority number 2017/001,Les renseignements personnels seront conservés pendant un minimum de deux (2) ans après la dernière utilisation administrative et suivront les normes de disposition établies par Bibliothèque et Archives Canada. Autorisation de disposition de documents (ADD) 2017/001,,,PC PAU SPE 002 Treasury Board Secretariat registration number 20260038,PC PAU SPE 002 Enregistrement Secrétariat du Conseil du Trésor (SCT) 20260038,,,,
PC PPU 068,Parks Canada Reservations Services,Services de réservation de Parcs Canada,PC PPU 068,PC PPU 068,"This bank contains information related to the visitor’s reservation, registration and user profile. The user profile can be created online by user themselves, or through the assistance of Parks Canada/Contractor staff. Personal information may include name, contact information, emergency contact, date of birth, other identification number and language preference.","Ce fichier contient des renseignements relatifs à la réservation, à l’enregistrement et au profil d’utilisateur du visiteur. Le profil d’utilisateur peut être créé en ligne par l’utilisateur lui-même, ou avec l’aide du personnel de Parcs Canada ou de l’entrepreneur. Les renseignements personnels peuvent comprendre le nom, les coordonnées, les coordonnées d’une personne à contacter en cas d’urgence, la date de naissance, un autre numéro d’identification ainsi que la préférence linguistique.",Visitors,Visiteurs,,,,,"Personal information is collected to allow individuals to reserve campsites, parking spots, shuttle seats and activities in National Parks, National Historic Sites, National Urban Parks, and National Marine Conservation Areas. Information is used by Parks Canada Agency, to control campground allocation, and provide revenue accountability, review visitor statistics, future planning and aid to visitors. Personal information is collected under the authority section 8 of the Parks Canada Agency Act.","Les renseignements personnels sont recueillis afin de permettre aux personnes de réserver des emplacements de camping, des places de stationnement, des sièges de navette et des activités dans les parcs nationaux, les lieux historiques nationaux, les parcs urbains nationaux et les aires marines nationales de conservation. Les renseignements sont utilisés par l’Agence Parcs Canada pour gérer l’attribution des emplacements de camping, assurer la reddition de comptes relativement aux revenus, analyser les statistiques sur les visiteurs, appuyer la planification future et fournir de l’aide aux visiteurs. Les renseignements personnels sont recueillis en vertu de l’article 8 de la Loi sur l’Agence Parcs Canada.","Personal information may be shared with the Law Enforcement branch for enforcing the Canada National Parks Act, the National Marine Conservation Areas Act, the Saguenay-St. Lawrence Marine Park Act, Rouge National Urban Park Act and provisions of various other statutes that support the Agency’s mandate. Information may be shared between the Contractor and Parks Canada Agency for the purpose of fulfilling the Contractor’s contractual obligations. Personal contact information may be shared with to PCA employees responsible for the administration and management of the National Newsletter. In this case, the personal information is only shared if the person concerned agrees, through the opt-in option, to have his or her contact details to the national newsletter. Aggregate information may be used by PCA statistics, revenue, maintenance decisions and future planning.","Les renseignements personnels peuvent être communiqués à la Direction générale de l’application de la loi pour l’application de la Loi sur les parcs nationaux du Canada, de la Loi sur les aires marines nationales de conservation, de la Loi sur le parc marin du Saguenay - Saint-Laurent, de la Loi sur le parc urbain national de la Rouge et des dispositions de diverses autres lois qui appuient le mandat de l’Agence. Les renseignements peuvent être échangés entre l’entrepreneur et l’Agence Parcs Canada afin de permettre à l’entrepreneur de s’acquitter de ses obligations contractuelles. Les coordonnées personnelles peuvent être communiquées aux employés de l’APC responsables de l’administration et de la gestion de l’infolettre national. Dans ce cas, les renseignements personnels ne sont partagés que si la personne concernée consent, par le biais de l’option d’adhésion, à ce que ses coordonnées soient utilisées pour l’infolettre nationale. Des renseignements agrégés peuvent être utilisés par l’Agence Parcs Canada à des fins statistiques, pour la gestion des revenus, la prise de décisions relatives à l’entretien et la planification future.","Reservation information remains in the system for 5 years after the trip to respond to refund requests. Reservation Call Centre recordings are retained for 180 days for ensuring compliance on the Contractor's contractual obligations. At the end of the 180-day retention period the recordings are purged from the Contractor's system. Retention of user account information is currently stored indefinitely in the system; and Contact information transmitted to the National Newsletter database (upon opt in by an individual), is currently stored indefinitely in the system. Records disposition authority number 2017/001","Les renseignements relatifs aux réservations restent dans le système pendant cinq ans après le voyage afin de répondre aux demandes de remboursement. Les enregistrements du Centre d’appels des réservations sont conservés pendant 180 jours afin de vérifier le respect des obligations contractuelles de l’entrepreneur. À la fin de cette période de conservation de 180 jours, les enregistrements sont supprimés du système de l’entrepreneur. Les renseignements relatifs aux comptes d’utilisateur sont actuellement conservés indéfiniment dans le système. Les coordonnées transmises à la base de données de l’infolettre nationale (à la suite du consentement de la personne concernée) sont également conservées indéfiniment dans le système. Autorisation de disposition de documents (ADD) 2017/001",,,PC VE NP VPR 009 Treasury Board Secretariat registration number 001752,PC VE NP VPR 009 Enregistrement Secrétariat du Conseil du Trésor (SCT) 001752,,,,
PC PPU 091,Point of Sales Services,Services de point de vente,PC PPU 091,PC PPU 091,"This bank describes information that Parks Canada Agency (PCA) visitors provide to purchase visitor entry fees and annual passes, camping services, activity permits, service packages, heritage presentation programs, rental equipment, transportation services, lockage and mooring as well as merchandise and utilitarian products. These transactions are done on site with the assistance of Parks Canada Agency staff at entrance gate kiosks, campgrounds, visitor centres, administrative buildings, historic sites facilities, World Heritage Sites, canal lock stations, hot springs facilities and gift shops. Personal information may include the type and colour of the vessel, journey information, name, mailing address, contact information, and vessel registration number or vessel name for boaters using canals operated by Parks Canada Agency in Quebec and Ontario.","Ce fichier décrit les renseignements que les visiteurs de l’Agence Parcs Canada (APC) fournissent pour acheter des droits d’entrée et des laissez-passer annuels, des services de camping, des permis d’activités, des forfaits de services, des programmes de mise en valeur du patrimoine, du matériel de location, des services de transport, d’éclusage et d’amarrage ainsi que des marchandises et des produits utilitaires. Ces transactions sont effectuées sur place avec l’aide du personnel de l’APC dans les kiosques des portes d’entrée, les terrains de camping, les centres d’accueil, les bâtiments administratifs, les installations des lieux historiques, les sites du patrimoine mondial, les postes d’éclusage des canaux, les installations de sources thermales et les boutiques de souvenirs. Type et couleur du navire, renseignements sur le voyage. Les renseignements personnels peuvent comprendre le nom, l’adresse postale, les coordonnées ainsi que le numéro d’enregistrement du navire ou le nom du navire pour les plaisanciers qui utilisent les canaux exploités par l’APC au Québec et en Ontario.",Visitors,Visiteurs,,,,,"Personal information is collected to allow individuals to purchase visitor entry fees, annual passes and permits for services and activity at National Historic Sites, National Parks, National Urban Parks, and National Marine Conservation Areas. The personal information is collected pursuant to section 8 (1) of the Canada National Parks Act. Information is used by Parks Canada Agency to make administrative decisions such as refund eligibility. Personal information may be shared with other Parks Canada programs for administrative decisions, such as verifying pass and permit validity.","Les renseignements personnels sont recueillis pour permettre aux personnes d’acheter des droits d’entrée, des laissez-passer annuels, des permis pour les services et activités sur les lieux historiques nationaux, les parcs nationaux, les parcs urbains nationaux et les aires marines nationales de conservation. Les renseignements personnels sont recueillis conformément au paragraphe 8(1) de la Loi sur les parcs nationaux du Canada. Les renseignements sont utilisés par l’APC pour prendre des décisions administratives telles que l’admissibilité au remboursement. Les renseignements personnels peuvent être communiqués à d’autres programmes de Parcs Canada pour des décisions administratives, comme la vérification de la validité des laissez-passer et des permis.","Personal information may be shared with the Law Enforcement branch for enforcing the Canada National Parks Act, the National Marine Conservation Areas Act, the Saguenay-St. Lawrence Marine Parks Act, and the Rouge National Urban Park Act and provisions of various other statutes that support the Agency’s mandate. Personal contact information may be shared with Outreach Products and Initiatives program for the administration and management of Parks Canada Agency’s National Newsletter. In this case the personal information is only shared with the program if the individual consents via the opt-in option that they wish to add their contact information to the National Newsletter database. Aggregate information may be used by Parks Canada Agency for statistics, reporting to senior management, revenue, maintenance decisions and future planning purposes.","Les renseignements personnels peuvent être communiqués à la Direction générale de l’application de la loi pour l’application de la Loi sur les parcs nationaux du Canada, de la Loi sur les aires marines nationales de conservation, de la Loi sur le parc marin du Saguenay — Saint-Laurent et de la Loi sur le parc urbain national de la Rouge et des dispositions de diverses autres lois qui appuient le mandat de l’Agence. Les coordonnées personnelles peuvent être communiquées au programme produits et initiatives en diffusions externes pour l’administration et la gestion du bulletin d’information national de l’APC. Dans ce cas, les renseignements personnels ne sont communiqués au programme que si la personne concernée consent, par le biais de l’option d’adhésion, à ce que ses coordonnées soient ajoutées à la base de données du bulletin d’information national. Les renseignements agrégés peuvent être utilisés par l’APC pour les statistiques, les rapports à la haute direction, les recettes, les décisions de maintenance et la planification future.","Records will be retained for 5 years after and then are destroyed. Records disposition authority number 2017/001 Related records numbers PC ERVE POS 001, PC VE NP VPR 009 Treasury Board Secretariat registration number 20230033","Les dossiers seront conservés pendant cinq ans après puis seront détruits. Autorisation de disposition de documents (ADD) 2017/001 Numéros de renvoi aux documents PC ERVE POS 001, PC VE NP VPR 009 Enregistrement Secrétariat du Conseil du Trésor (SCT) 20230033",,,,,,,,
PC PPU 002,Public content sharing,Partage de contenu public,PC PPU 002,PC PPU 002,"This bank identifies information that visitors may be required to submit and that they may voluntarily place on the Parks Canada website. The personal information may include name, age, email address, postal code, and may also include stories, photographs, videos and audio.","Ce fichier décrit des renseignements personnels à propos de visiteurs qui pourraient-être demandés de soumettre et qui pourraient soumettre volontairement sur notre site web. Les renseignements personnels peuvent inclure nom, âge, adresse courriel et code postal, et peuvent aussi inclure des histoires, des photos, des vidéos et des audios.","General public, (family members).","Grand public, membres de la famille.",Parks Canada will require visitors who wish to register for content sharing to agree to an acceptable use policy and to Parks Canada’s posting their shared content; parents or legal guardians will need to indicate their acceptance of registrations for minors. Visitors must release copyright to content and declare that permission to posting has been obtained from each person depicted in photographs.,"Parcs Canada exigera que les visiteurs qui souhaitent s'inscrire pour le partage de contenus, acceptent une politique d'utilisation de Parcs Canada et l'affichage de leur contenu partagé ; les parents ou les tuteurs légaux devront signifier leur acceptation des enregistrements pour les mineurs. Le visiteur doit libérer le droit d'auteur au contenu et de déclarer que l'autorisation d'imputation a été obtenue à partir de chaque personne représentée dans les photographies.",,,Personal information is used to share visitor experiences. Personal information is collected pursuant to section 8 of the Canada National Parks Act.,Les renseignements personnels sont recueillis aux fins suivantes : partager de l’expérience des visiteurs. Les renseignements personnels sont recueillis en vertu de la Loi canadienne des parcs nationaux.,The information may be used or disclosed for the following purposes: inventory of visitor experiences. Information is used or disclosed for mailing list purposes.,Les renseignements peuvent être utilisés ou divulgués pour les raisons suivantes : inventaire de l’expérience des visiteurs. Les renseignements sont utilisés ou communiqués pour établir des listes de correspondance.,Information resides on the website until visitor requests removal or Parks Canada removes it. Records disposition authority number Under development,L’information réside sur le site jusqu'à ce qu’une demande de suppression du visiteur soit déposée ou que Parcs Canada le supprime. Autorisation de disposition de documents (ADD) En cours d’élaboration.,,,PC PPS HPP VER 001 Treasury Board Secretariat registration number 20220014,PC PPS HPP VER 001 Enregistrement Secrétariat du Conseil du Trésor (SCT) 20220014,,,,
PC PPU 101,Realty activities,Activités de la gestion immobilière,PC PPU 101,PC PPU 101,"This bank describes personal information related to the management of real property owned, administered, or acquired by Parks Canada. Real property refers to any right, interest, or benefit in land, including mines, minerals, and improvements on, above, or below the surface of the land. Personal information may include an individual's name, business owner name, legal business name, guide name, contact information, biographical information, credit history, financial information, insurance information, education information, date of birth, business registration number and other identifying numbers, and property appraisal information.","Cette banque décrit les renseignements liés à la gestion des biens immobiliers des lieux administrés par Parcs Canada qui sont utilisés ou acquis par l’Agence. Les biens immobiliers comprennent tout droit, intérêt ou avantage relatif à un bien-fonds, y compris les mines, les minéraux et les améliorations situées sur, au-dessus ou au-dessous de la surface du terrain. Les renseignements personnels peuvent inclure : nom, nom du propriétaire de l’entreprise, raison sociale légale, nom de guide, coordonnées, renseignements biographiques, antécédents de crédit, renseignements financiers, renseignements d’assurance, renseignements sur la formation, date de naissance, autre numéro d’identification (par exemple, numéro d’enregistrement d’entreprise) et évaluations.","Former or current tenants, applicants for tenancy of Parks Canada property, landlords, licensees, lessees, holders of real property agreements, property appraisers, and business operators.","Anciens ou actuels locataires ou demandeurs de location de biens de Parcs Canada, propriétaires, titulaires de licence, preneurs à bail, titulaires d’ententes immobilières, évaluateurs immobiliers et exploitants d’entreprises.",,,,,"Personal information is collected and used to administer Parks Canada real property activities related to the planning, acquisition, use, and disposal of real property, as well as the issuance and administration of business licences. The information is also used to monitor and control activities at Parks Canada administered places to ensure compliance with applicable legislation, policies, guidelines, procedures, and corporate priorities. Personal information is collected pursuant to the Privacy Act, section 8 of the Parks Canada Agency Act, the Federal Real Property and Federal Immovables Act, the Federal Real Property Regulations, the National Parks of Canada Lease and Licence of Occupation Regulations, the National Parks of Canada Businesses Regulations, the National Parks General Regulations, the Rouge National Urban Park Act, the Saguenay–St. Lawrence Marine Park Act, the Financial Administration Act, the Historic Sites and Monuments Act, and the Dominion Water Power Act.","Les renseignements personnels sont utilisés pour administrer les activités immobilières de Parcs Canada, lesquelles sont liées à la planification, à l’acquisition, à l’utilisation et à l’aliénation de biens immobiliers, ainsi qu’à la délivrance de licences commerciales. Ils servent également à surveiller et à contrôler les activités dans les lieux administrés par Parcs Canada afin de s’assurer que celles-ci respectent les lignes directrices et procédures conformes aux lois, politiques et priorités organisationnelles applicables. Les renseignements personnels sont recueillis conformément à la Loi sur la protection des renseignements personnels; à l’article 8 de la Loi sur l’Agence Parcs Canada; à la Loi sur les immeubles fédéraux et les biens réels fédéraux; au Règlement sur les biens réels fédéraux; au Règlement sur les baux et permis d’occupation dans les parcs nationaux du Canada; au Règlement sur les entreprises dans les parcs nationaux du Canada; au Règlement général sur les parcs nationaux; à la Loi sur le parc urbain national de la Rouge; à la Loi sur le parc marin du Saguenay–Saint-Laurent; à la Loi sur la gestion des finances publiques; à la Loi sur les lieux et monuments historiques; et à la Loi sur l’énergie hydraulique du Dominion.","Personal information may be used or disclosed to collect debts owed by tenants as a result of their tenancy, conduct credit checks, administer property tax assessments and the Payments in Lieu of Taxes (PILT) program with municipalities in which Parks Canada properties are located, and support program evaluation, reporting, and decision-making. Personal information may also be shared with the Department of Justice to obtain legal advice, interpret legislation, and assist in the negotiation and interpretation of real property agreements. It may be shared with Public Services and Procurement Canada to conduct property appraisals or business valuations and to administer the Payments in Lieu of Taxes (PILT) program.","Les renseignements peuvent être utilisés ou communiqués aux fins suivantes : Recouvrement des dettes dues par les locataires découlant de leur location; vérifications de crédit; paiements de taxes foncières, c’est-à-dire que l’information peut être communiquée aux municipalités où sont situés les biens pour les évaluations fiscales et l’administration du Programme de paiements versés en remplacement d’impôts; évaluations ou rapports destinés à la haute direction. L’information peut être partagée avec ou décrite dans les banques de renseignements personnels ordinaires du Secrétariat du Conseil du Trésor : Comptes créditeurs (PSU 931) et Comptes débiteurs (PSU 932).",Personal information will be retained for a minimum of two (2) years after the last administrative use and will be disposed of in accordance with the disposition standards established by Library and Archives Canada. Records disposition authority number 2017/001,Les renseignements personnels seront conservés pendant un minimum de deux (2) ans après la dernière utilisation administrative et suivront les normes de disposition établies par Bibliothèque et Archives Canada. Autorisation de disposition de documents (ADD) 2017/001,,,PC IS RPAD 005 Treasury Board Secretariat registration number 20260032,PC IS RPAD 005 Enregistrement Secrétariat du Conseil du Trésor (SCT) 202600032,,,,
PC PPU 061,Research and collection permit system,Programme de demande de permis de recherche et de collecte,PC PPU 061,PC PPU 061,"The Research and Collection Permit System is an online system for the administration and management of research applications, permitting, tracking, storage and reporting in national historic sites, national parks, national marine conservation areas and urban park that enables all research to be conducted under standardized and harmonized rules, regulations and procedures, and facilitates storage of research information in a single multidisciplinary database. Personal information may include Nature of research; Heritage Area name; Additional Heritage Areas; type of application; Duration of research; contact information of principal investigator; principal investigator affiliation; principal investigator conducting field work contact information; qualifications; sponsoring institutions; Proposed field work start date and end date; name, contractor, contact information, location of work site, lot number, lot and registered plan, project type.","Le programme de demande de permis de recherche et de collecte permet la réalisation des activités de recherche selon des règles, des règlements et des procédures uniformisés et harmonisés, tout en tenant compte de certaines variations liées aux exigences, aux politiques et aux ententes locales ou régionales. Un système en ligne administré à l’échelle nationale est utilisé pour la gestion et le traitement des demandes de recherche ainsi que pour la délivrance des permis. Il permet également la saisie, le suivi, le stockage de l’information liées aux activités de recherche dans une base de données unique. Ce système sert aussi au suivi interne et à la production de rapports pour les lieux historiques nationaux, les parcs nationaux, les aires marines nationales de conservation et les parcs urbains. Il favorise ainsi la réalisation de recherches selon des règles, des règlements et des procédures harmonisés à l’échelle nationale, tout en facilitant le stockage et la production de rapports au moyen d’une base de données multidisciplinaire centralisée. Les renseignements personnels peuvent inclure la nature de la recherche, le nom de l’aire patrimoniale, autres aires patrimoniale supplémentaires, type de demande, durée de la recherche, les coordonnées du chercheur principal, l’affiliation du chercheur principal, les coordonnées du chercheur principal effectuant les travaux sur le terrain ; les qualifications ; les institutions commanditaires ; la date proposée pour le début et la fin des travaux sur le terrain ; le nom, l'entrepreneur, les coordonnées, l'emplacement du site de travail, le numéro de lot, le plan du lot et le plan enregistré, le type de projet et des renseignements biographiques, tel que curriculum vitae.","Natural and Social Science, and Archaeological researchers who require permits to conduct research in Parks Canada's heritage areas.","Universitaires, chercheurs qui œuvrent dans le domaine des sciences naturelles, des sciences sociales, et de l’archéologie et qui demande un permis de recherche et collecte afin de mener des activités de recherche dans les aires patrimoniales de Parcs Canada.",,,,,"Personal information is collected pursuant to subsections 11 (3); 14 (2); 15(2) of the Historic Canals Regulations to issue a work permit. It is used to identify projects to ensure that research and collection activities are conducted under nationally consistent guidelines and procedures, by qualified people, using methods that are scientifically sound and which comply with applicable legislation, policies and corporate priorities.","L’article 8 de la Loi sur l’Agence Parcs Canada; aux articles 8, 16(3) et 18 de la Loi sur les parcs nationaux du Canada; aux articles 7, 7.1, 11 et 14 du Règlement général sur les parcs nationaux; à l’article 15(1) du Règlement sur la faune des parcs nationaux; aux articles 3(2), 4(2) et 12(3) du Règlement général sur les parcs historiques nationaux; aux articles 18 et 20(2)b) de la Loi sur le parc urbain national de la Rouge; aux articles 8(3) et 15(1) de la Loi sur les aires marines nationales de conservation du Canada; aux articles 8(2), 10(1) et 11 de la Loi sur le parc marin du Saguenay–Saint-Laurent; à l’article 6 du Règlement sur les activités en mer dans le parc marin du Saguenay–Saint-Laurent; aux articles 6, 73 et 74 de la Loi sur les espèces en péril; aux alinéas 11(3)a) et 11(4) du Règlement sur les canaux historiques; et à l’article 5(1) du Règlement sur la faune et les animaux domestiques dans les parcs historiques nationaux, ainsi qu’aux paragraphes 11(3), 14(2) et 15(2) du Règlement sur les canaux historiques aux fins de la délivrance d’un permis de recherche et de collecte. Les informations sont utilisées pour identifier les parties responsables des projets pour veiller à ce que les activités de recherche et de collecte présentent un risque limité pour les ressources naturelles et culturelles, qu’elles soient menées conformément à des lignes directrices et des procédures nationales uniformes qu’elles soient réalisées par des personnes qualifiées, qu’elles utilisent des méthodes rigoureusement scientifiques et qu’elles respectent la législation applicable ainsi que les politiques et les priorités de Parcs Canada.","Consistent uses include program review, reporting, and statistical and trends analysis. Personal information may be shared with the Law Enforcement Branch for compliance with terms and conditions of the research and collection permit, or with public safety staff in case of emergencies.","Les utilisations compatibles comprennent l’examen des programmes, l’établissement de rapports ainsi que l’analyse statistique et des tendances. Les renseignements personnels peuvent être communiqués à la Direction de l’application de la loi aux fins de la conformité aux modalités du permis de recherche et de collecte, ou au personnel chargé de la sécurité publique en cas de situation d’urgence.","Personal information will be retained for a minimum of two (2) years after the last administrative action, except where individual consent has been provided and legislation allows for immediate disposal. The disposition standards set out by Library and Archives Canada will be followed this retention period has ended. Records disposition authority number 72/010 Related records numbers PC HRC NP CRM 007, PC HRC NMC CM 002, PC HRC NHS RM 005 Treasury Board Secretariat registration number 001749","Les renseignements personnels seront conservés pendant une période minimale de deux (2) ans suivant la dernière mesure administrative, sauf lorsque le consentement de l’individu a été obtenu et que la législation permet leur élimination immédiate. À l’issue de cette période de conservation, les normes de disposition établies par Bibliothèque et Archives Canada seront appliquées. Autorisation de disposition de documents (ADD) 2017/001",,,,PC HPCP OCES 001 Enregistrement Secrétariat du Conseil du Trésor (SCT) 001749,,,,
PC PPU 071,Resource use permits,Permis d’utilisation des ressources,PC PPU 071,PC PPU 071,"This bank identifies resource use and harvest activities and harvest activities permitted under regulation. Personal information may include name, contact information, date of birth and signature.","Ce fichier précise l’utilisation des ressources, les activités traditionnelles et les récoltes permises en vertu des règlements. Les renseignements personnels peuvent inclure, le nom, les coordonnées, la date de naissance et la signature.","Visitors, researchers and residents.","Visiteurs, chercheurs, résidents du parc.",,,,,"To identify the permit holders using park resources, and set restrictions. Examples include water catches, hunting, wood cutting and grazing. Personal information is collected pursuant to section 8 of the Parks Canada Agency Act, to subsection 8 (1) of the Gros Morne National Parks of Canada Timber Harvesting Regulations the section 4 of the National Parks of Canada Fishing Regulations.","Les renseignements de ce fichier indiquent les détenteurs de permis qui utilisent les ressources des parcs et précisent les restrictions (par exemple, les captures d’eau, la chasse, la coupe de bois et les pâturages). Les informations personnelles sont recueillies en vertu de l’article 8 de la Loi sur l’Agence Parcs Canada, paragraphe 8(1) du Règlement sur la récolte du bois dans le parc national du Gros-Morne du Canada, et l’article 4 du Règlement sur la pêche dans les parcs nationaux du Canada.","Monitor and control activities, compile statistics, survey use, and plan future changes.","Surveiller et contrôler les activités, compiler des statistiques, utilisation de sondage et planifier les changements à venir.",Under development Records disposition authority number 2017/001,En cours d’élaboration. Autorisation de disposition de documents (ADD) 2017/001,,,PC VE NP VPR 009 Treasury Board Secretariat registration number 001754,PC VE NP VPR 009 Enregistrement Secrétariat du Conseil du Trésor (SCT) 001754,,,,
PC PPU 203,"Visitor safety, human wildlife coexistence activities",Activités liées à la sécurité des visiteurs et à la coexistence humains-faune,PC PPU 203,PC PPU 203,"This bank describes personal information about individuals involved in incidents related to visitor safety and human–wildlife coexistence at Parks Canada administered places. The information is used to identify, manage, and respond to risks associated with visitor use, including prevention, incident response, coordination with emergency partners, and the management of interactions between visitors and wildlife through education, monitoring, and targeted management measures. Personal information may include an individual's name, contact information, emergency contact information, preferred language, date of birth, gender, identifying information related to their role in the incident (such as reporting person, witness, patient, or behavioural response), medical information (including injuries, illnesses, and allergies), vehicle or vessel information, licence and vehicle registration numbers, and insurance provider information.","Ce fichier contient des renseignements personnels concernant des personnes impliquées dans un incident lié à la sécurité des visiteurs ainsi qu’à la coexistence entre les humains et la faune. Ces renseignements sont utilisés pour cerner, gérer et atténuer les risques associés à l’utilisation par les visiteurs, y compris la prévention, l’intervention en cas d’incident et la coordination avec les partenaires d’urgence, ainsi que pour traiter les risques liés aux interactions entre les visiteurs et la faune au moyen de l’éducation, de la surveillance et de mesures de gestion ciblées. Les renseignements personnels comprennent notamment : le nom, les coordonnées, le nom d’une personne à contacter en cas d’urgence, la langue, la date de naissance, le genre, d’autres informations d’identification (personne déclarante, témoin, patient et intervention comportementale), des renseignements médicaux (blessures, maladies, allergies), la langue, des informations sur le véhicule et/ou l’embarcation, d’autres numéros d’identification (numéro de permis, immatriculation du véhicule) ainsi que le fournisseur d’assurance.","Visitors, witnesses, involved third parties, and first responders interacting with Parks Canada.",Visiteurs; témoins; tiers impliqués; premiers intervenants en interaction avec Parcs Canada.,,,,,"Personal information is collected and used to assess, investigate, and respond to incidents affecting visitor safety, security, human–wildlife coexistence, and property at Parks Canada administered places. The information supports coordination with appropriate authorities, implementation of corrective actions, and trend analysis. Information collected as part of an incident or investigation is entered into the Agency's Incident and Event Management (IEM) system for Visitor Safety and Human–Wildlife Conflict. Personal information is collected pursuant to section 8 of the Canada National Parks Act, section 8 of the Parks Canada Agency Act, section 8 of the Canada National Marine Conservation Areas Act, section 8 of the Saguenay–St. Lawrence Marine Park Act, and section 5 of the Rouge National Urban Park Act.","Ces informations sont utilisées pour l’évaluation, l’enquête et la gestion des incidents ayant une incidence sur la sécurité, la sûreté, la coexistence avec la faune et les biens dans les lieux administrés par Parcs Canada, y compris la coordination avec les autorités compétentes, ainsi que pour la mise en œuvre de mesures correctives et l’analyse des tendances. Les autorités pertinentes comprennent la Loi sur les parcs nationaux du Canada ainsi que les pouvoirs associés aux programmes du Ministère. Les renseignements recueillis à la suite d’un incident ou d’une enquête sont consignés dans le système de gestion des incidents et des événements (SGIE) de l’Agence, utilisé pour la sécurité des visiteurs et les conflits entre humains et faune. Les renseignements personnels sont recueillis conformément à l’article 8 de la Loi sur les parcs nationaux du Canada, à l’article 8 de la Loi sur l’Agence Parcs Canada, à l’article 8 de la Loi sur les aires marines nationales de conservation du Canada, à l’article 8 de la Loi sur le parc marin du Saguenay–Saint-Laurent et à l’article 5 de la Loi sur le parc urbain national de la Rouge.","Personal information may be used to produce management and year-end reports, support research, report critical incidents to senior management, and develop policies and guidelines. Information may also be disclosed to law enforcement authorities for the administration and enforcement of the Canada National Parks Act and other legislation supporting Parks Canada's mandate. Where authorized by law, information may be shared with local authorities or the police of jurisdiction to support emergency response or continuity of care. Where necessary, personal information may also be shared with medical professionals or organizations providing emergency medical services, search and rescue partners, or insurance providers in relation to an incident.","Ces renseignements sont également utilisés pour produire des rapports de gestion ainsi qu’à des fins de recherche. L’information contenue dans le système SGIE peut servir à signaler des incidents critiques à la haute direction, à produire des rapports de fin d’exercice et à élaborer des politiques ou des lignes directrices. Les renseignements peuvent également être communiqués aux organismes d’application de la loi afin de faire respecter la Loi sur les parcs nationaux du Canada ainsi que d’autres lois appuyant le mandat de l’Agence. Ils peuvent aussi être partagés, en vertu d’une autorité légale, avec les autorités locales ou le service de police compétent afin de soutenir les interventions d’urgence ou la continuité des soins, lorsque nécessaire. Les renseignements personnels peuvent être communiqués uniquement lorsque requis aux organisations professionnelles du domaine médical pour les services médicaux d’urgence, aux partenaires de recherche et de sauvetage, ainsi qu’aux fournisseurs d’assurance en cas d’incident. Enfin, l’information contenue dans le système SGIE peut être utilisée pour signaler des incidents critiques à la haute direction, produire des rapports de fin d’exercice et élaborer des politiques ou des lignes directrices.","Personal information will be retained for a minimum of two (2) years after the last administrative action, except where the individual has provided consent and applicable legislation permits earlier disposal. After the retention period has expired, the information will be disposed of in accordance with the disposition standards established by Library and Archives Canada. Records disposition authority number Under development Related records numbers PC HRC NP NRM 005; PC VE NHS VS 005 Treasury Board Secretariat registration number 20260049","Les renseignements personnels seront conservés pendant une période minimale de deux (2) ans suivant la dernière mesure administrative, sauf dans les cas où le consentement de la personne a été obtenu et où la législation permet une élimination immédiate. À l’issue de cette période de conservation, les normes de disposition établies par Bibliothèque et Archives Canada seront respectées. Autorisation de disposition de documents (ADD) En cours d’élaboration Numéros de renvoi aux documents PC HRC NP NRM 005, PC VE NHS VS 005 Enregistrement Secrétariat du Conseil du Trésor (SCT) 20260049",,,,,,,,
PC PPU 001,Wildland fire management,Gestion des incendies de forêt,PC PPU 001,PC PPU 001,"This bank describes personal information relating to an individual's service history as a Parks Canada employee involved in fire management or as a member of an Incident Management Team, including deployments to partner agencies through the Canadian Interagency Forest Fire Centre (CIFFC). The information is stored electronically in the National Fire Information Management System (NFIMS) and is used by Parks Canada fire program personnel for administrative, operational, and reporting purposes. The National Fire Management Program collaborates with the Canadian Interagency Forest Fire Centre (CIFFC) to support resource sharing, mutual aid, and information exchange among federal, provincial, and territorial fire management agencies. Personal information may include name, emergency contact information, date of birth, tenure type, employee identification number, supervisor information, medical and occupational health and safety information, employment equity information, licences, certifications, awards, and previous work experience.","Ce fichier de renseignements personnels contient des renseignements sur les employés de Parcs Canada qui participent à la gestion des feux de forêt ou qui sont membres d’une Équipe nationale de gestion des incidents, y compris lorsqu’ils sont déployés auprès d’un organisme partenaire par l’entremise du Centre interservices des feux de forêt du Canada (CIFFC). Les renseignements, conservés sous forme électronique dans le Système national de gestion de l’information sur les feux (SNGIF), sont utilisés par le personnel du programme de gestion des feux de Parcs Canada à des fins administratives et opérationnelles. Le Programme national de gestion des feux collabore avec le CIFFC afin de soutenir le partage des ressources, l’entraide mutuelle et l’échange d’information entre les organismes fédéraux, provinciaux et territoriaux responsables de la gestion des feux. Les renseignements personnels comprennent des renseignements personnels et des renseignements liés à l’emploi, tels que le nom, les coordonnées, le code d’identification de dossier personnel, les signes distinctifs, le genre, ainsi que des renseignements sur l’emploi de l’employé, tels que la classification du poste, les antécédents de formation et l’expérience de travail. Ils peuvent également comprendre la langue parlée, ainsi que des renseignements médicaux, notamment les allergies et les restrictions alimentaires.","Employees of agencies that are signatories to the CIFFC Mutual Aid Resource Sharing Agreement, term, casual, and part-time employees, agency personnel, students, contractors, trainees, and human resources personnel.","Les pompiers de Parcs Canada et les autres membres du personnel de gestion des feux, ainsi que les membres des Équipes nationales de gestion des incidents. Les employés des organismes signataires de l’Entente d’entraide et de partage des ressources (MARS) du Centre interservices des feux de forêt du Canada (CIFFC).",,,,,"Personal information is collected and used to administer the National Fire Management Program and related human resources activities, including compensation, employment equity, grievances, human resources planning and development, labour relations, occupational health and safety, official languages, organizational design, payroll and attendance, reliability checks, the issuance of identification cards, building passes and parking permits, relocation, staffing, training, internal surveys, and the processing of complaints against the Agency. Employee training information is used by managers and supervisors to develop departmental training plans, verify training qualifications, and meet the requirements of the Canada Labour Code. Emergency contact information is used by managers and supervisors to notify designated contacts in the event of an emergency. Personal information is collected pursuant to sections 8, 10, and 18 of the Canada National Parks Act and sections 6.1 and 13 of the Parks Canada Agency Act.","La collecte, l’utilisation et la communication de renseignements personnels concernant les pompiers et autres membres du personnel de gestion des feux sont effectuées à des fins administratives et opérationnelles. Ces renseignements sont recueillis afin d’assurer le respect des normes opérationnelles et des exigences liées au déploiement. Les renseignements personnels sont recueillis conformément aux articles 8, 10 et 18 de la Loi sur les parcs nationaux du Canada ainsi qu’aux articles 6.1 et 13 de la Loi sur l’Agence Parcs Canada.","Personal information may also be used to produce management reports and to support research, planning, program evaluation, auditing, statistical analysis, and mandatory legislative reporting.","Les renseignements personnels seront utilisés uniquement aux fins administratives et opérationnelles pour lesquelles ils ont été initialement recueillis, notamment afin d’assurer le respect des normes opérationnelles et des exigences liées au déploiement. Cela peut comprendre la communication limitée de renseignements personnels, à des fins précises et restreintes, avec des partenaires dans le cadre de l’Entente d’entraide et de partage des ressources (MARS), ou avec Santé Canada ou une commission des accidents du travail, selon les besoins.","Personal information will be retained for five (5) years or until it no longer has operational value, after which it will be disposed of in accordance with Government of Canada information management requirements. Records disposition authority number 2017/001","Les dossiers seront conservés jusqu’à ce qu’ils n’aient plus de valeur opérationnelle, après quoi ils seront détruits. Autorisation de disposition de documents (ADD) 2017/001",,,PC HPCP PAEC FM 001 Treasury Board Secretariat registration number 20260035,PC HPCP PAEC FM 001 Enregistrement Secrétariat du Conseil du Trésor (SCT) 20260035,,,,
PC PPU 082,Youth Employment and Skills Strategy at Parks Canada,Stratégie emploi et compétences jeunesse à Parcs Canada,PC PPU 082,PC PPU 082,"This bank describes information used in support of the Youth Employment and Skills Strategy at Parks Canada. Personal information collected include: name; date of birth; contact information; citizenship status; employee personnel information; biographical information; education information; job information; official language preference, signature and employment equity information including 2SLGBTQI+ which are provided on a voluntary basis.",Ce fichier décrit les renseignements utilisés à l’appui de la Stratégie emploi et compétences jeunesse à Parcs Canada. Les renseignements personnels recueillis comprennent : le nom; la date de naissance; les coordonnées; le statut de citoyenneté; les renseignements personnels de l’employé; les renseignements biographiques; les renseignements sur les études; les renseignements sur l’emploi; la préférence en matière de langue officielle; la signature et les renseignements sur l’équité en matière d’emploi incluant les renseignements 2SLGBTQI+ qui sont fournis sur une base volontaire.,Youth between the ages of 15 and 30.,Jeunes âgés de 15 à 30 ans.,,,,,Personal information is used for reporting and evaluation purposes. The information you provide is collected under the authority of subsection 12.1 of the Financial Administration Act and subsection 13 (1) (b) and 13 (3) (b) of the Parks Canada Agency Act for the purpose of establishing governing staffing of youth employees within the Agency.,Les renseignements personnels sont utilisés à des fins de rapport et d’évaluation. Les renseignements que vous fournissez sont recueillis en vertu du paragraphe 12.1 de la Loi sur la gestion des finances publiques et des alinéas 13(1)(b) et 13(3)(b) de la Loi sur l’Agence Parcs Canada dans le but d’établir la dotation en personnel des jeunes employés au sein de l’Agence.,"The information you provided may be used and/or disclosed for the purposes of policy analysis, research, audit, evaluation and statistics.","Les renseignements que vous fournissez peuvent être utilisés ou divulgués aux fins d’analyse des politiques, de recherche, d’évaluation et de statistiques. Cependant, l’utilisation et la communication de vos renseignements personnels à ces fins ne donneront jamais lieu à une décision administrative vous concernant personnellement.","In April 2017, Parks Canada received a new disposition authority from Library and Archives Canada. Library and Archives Canada archivist needs to analyse each function of Parks Canada's operations to determine the information resources of archival value. Once the information resources of archival value have been determined, retention schedules and structures for the organization of information resources will be developed. In the meantime, Parks Canada is required to retain all records in their current format and with their complete content. Records disposition authority number 2017/001","En avril 2017, Parcs Canada a reçu une nouvelle autorisation de disposition de la part de Bibliothèque et Archives Canada (BAC). L’archiviste de BAC doit analyser chaque fonction des activités de Parcs Canada afin de déterminer les ressources d’information ayant une valeur archivistique. Une fois que les ressources d’information à valeur archivistique ont été déterminées, des calendriers de conservation et des structures pour l’organisation des ressources d’information seront élaborés. Entre-temps, Parcs Canada est tenu de conserver tous les dossiers dans leur format actuel et avec leur contenu complet. Autorisation de disposition de documents (ADD) 2017/001",,,PC HR YES 001 Treasury Board Secretariat registration number 20230007,PC HR YES 001 Enregistrement Secrétariat du Conseil du Trésor (SCT) 20230007,,,,
