gc_orgID,pib_count,date_captured,date_removed,status_statut,gc_orgID_conflict,harmonized_name,nom_harmonise,abbreviation,abreviation,institution_name_en,institution_name_fr,infosource_url_en,infosource_status_en,infosource_url_fr,infosource_status_fr,website,site_web,open_gov_ouvert,infobaseID,rg,pop,phoenix,match_method_en,match_score_en,match_method_fr,match_score_fr,row_key,url_key_en,url_key_fr
2222,0,2026-03-11,,a,False,Agriculture and Agri-Food Canada,Agriculture et Agroalimentaire Canada,AAFC,AAC,Agriculture and Agri-Food Canada,Agriculture et Agroalimentaire Canada,http://agriculture.canada.ca/eng/about-us/offices-and-locations/access-to-information-and-privacy-services/info-source-2016/?id=1347308413430,200.0,http://agriculture.canada.ca/fra/a-propos-de-nous/bureaux-et-emplacements/services-dacces-a-linformation-et-de-protection-des-renseignements-personnels/sources-de-renseignements-du-gouvernement-federal-et-sur-les-fonctionnaires-federaux-2016/?id=1347308413430,200.0,www.agr.gc.ca,www.agr.gc.ca,aafc-aac,1.0,1.0,AGR,AGR00,exact,,exact,,gc:2222,https://agriculture.canada.ca/about-us/offices-and-locations/access-to-information-and-privacy-services/info-source-2016?id=1347308413430,https://agriculture.canada.ca/a-propos-de-nous/bureaux-et-emplacements/services-dacces-a-linformation-et-de-protection-des-renseignements-personnels/sources-de-renseignements-du-gouvernement-federal-et-sur-les-fonctionnaires-federaux-2016?id=1347308413430
2223,7,2026-03-11,,a,False,Canadian Heritage,Patrimoine canadien,PCH,PCH,Canadian Heritage,Patrimoine canadien,https://www.canada.ca/en/canadian-heritage/corporate/publications/general-publications/information-programs-holdings.html,200.0,https://www.canada.ca/fr/patrimoine-canadien/organisation/publications/publications-generales/renseignements-programmes-fonds.html,200.0,https://www.canada.ca/en/canadian-heritage.html,https://www.canada.ca/fr/patrimoine-canadien.html,pch,122.0,135.0,PCH,PCH00,exact,,exact,,gc:2223,https://canada.ca/canadian-heritage/corporate/publications/general-publications/information-programs-holdings.html,https://canada.ca/patrimoine-canadien/organisation/publications/publications-generales/renseignements-programmes-fonds.html
2224,0,2026-03-11,,a,False,"Immigration, Refugees and Citizenship Canada","Immigration, Réfugiés et Citoyenneté Canada",IRCC,IRCC,"Immigration, Refugees and Citizenship Canada",Immigration Réfugiés et Citoyenneté Canada,https://www.canada.ca/en/immigration-refugees-citizenship/corporate/transparency/access-information-privacy/info-source/sources-information.html,200.0,https://www.canada.ca/fr/immigration-refugies-citoyennete/organisation/transparence/acces-information-protection/info-source/sources-renseignements.html,200.0,www.cic.gc.ca,www.cic.gc.ca,cic,123.0,50.0,IMC,IMC00,exact,,exact,,gc:2224,https://canada.ca/immigration-refugees-citizenship/corporate/transparency/access-information-privacy/info-source/sources-information.html,https://canada.ca/immigration-refugies-citoyennete/organisation/transparence/acces-information-protection/info-source/sources-renseignements.html
2225,3,2026-03-11,,a,False,Department of Finance Canada,Ministère des Finances Canada,FIN,FIN,Department of Finance Canada,Ministère des Finances Canada,https://www.canada.ca/en/department-finance/corporate/transparency/access-information-privacy/info-source.html,200.0,https://www.canada.ca/fr/ministere-finances/organisation/transparence/acces-information-protection-renseignements-personnels/info-source.html,200.0,https://www.canada.ca/en/department-finance.html,https://www.canada.ca/fr/ministere-finances.html,fin,124.0,6.0,FIN,FIN00,exact,,exact,,gc:2225,https://canada.ca/department-finance/corporate/transparency/access-information-privacy/info-source.html,https://canada.ca/ministere-finances/organisation/transparence/acces-information-protection-renseignements-personnels/info-source.html
2226,0,2026-03-11,,a,False,Fisheries and Oceans Canada,Pêches et Océans Canada,DFO,MPO,Fisheries and Oceans Canada,Pêches et Océans Canada,https://www.dfo-mpo.gc.ca/transparency-transparence/atip-aiprp/infosource/index-eng.html,200.0,https://www.dfo-mpo.gc.ca/transparency-transparence/atip-aiprp/infosource/index-fra.html,200.0,www.dfo-mpo.gc.ca,www.dfo-mpo.gc.ca,dfo-mpo,125.0,86.0,DFO,DFO00,exact,,exact,,gc:2226,https://dfo-mpo.gc.ca/transparency-transparence/atip-aiprp/infosource/index-eng.html,https://dfo-mpo.gc.ca/transparency-transparence/atip-aiprp/infosource/index-fra.html
2227,16,2026-03-11,,a,False,Global Affairs Canada,Affaires mondiales Canada,GAC,AMC,Global Affairs Canada,Affaires mondiales Canada,https://www.international.gc.ca/transparency-transparence/infosource/index.aspx?lang=eng,200.0,https://www.international.gc.ca/transparency-transparence/infosource/index.aspx?lang=fra,200.0,www.international.gc.ca,www.international.gc.ca,dfatd-maecd,126.0,5.0,EXT,EXT00,exact,,exact,,gc:2227,https://international.gc.ca/transparency-transparence/infosource/index.aspx,https://international.gc.ca/transparency-transparence/infosource/index.aspx
2228,67,2026-03-11,,a,False,Health Canada,Santé Canada,HC,SC,Health Canada,Santé Canada,https://www.canada.ca/en/health-canada/corporate/about-health-canada/activities-responsibilities/access-information-privacy/info-source-federal-government-employee-information.html,200.0,https://www.canada.ca/fr/sante-canada/organisation/a-propos-sante-canada/activites-responsabilites/acces-information-protection-renseignements-personnels/info-source-renseignements-gouvernement-federal-fonctionnaires-federaux.html#a21,200.0,www.canada.ca/en/health-canada.html,www.canada.ca/fr/sante-canada.html,hc-sc,127.0,22.0,SHC,NHW00,exact,,exact,,gc:2228,https://canada.ca/health-canada/corporate/about-health-canada/activities-responsibilities/access-information-privacy/info-source-federal-government-employee-information.html,https://canada.ca/sante-canada/organisation/a-propos-sante-canada/activites-responsabilites/acces-information-protection-renseignements-personnels/info-source-renseignements-gouvernement-federal-fonctionnaires-federaux.html
2229,0,2026-03-11,,a,False,Employment and Social Development Canada,Emploi et Développement social Canada,ESDC,EDSC,Employment and Social Development Canada,Emploi et Développement social Canada,https://www.canada.ca/en/employment-social-development/corporate/transparency/access-information/reports/infosource.html,200.0,https://www.canada.ca/fr/emploi-developpement-social/ministere/transparence/aai/rapports/infosource.html,200.0,www.canada.ca/en/employment-social-development.html,www.canada.ca/fr/emploi-developpement-social.html,esdc-edsc,128.0,14.0,CSD,CSD00,exact,,exact,,gc:2229,https://canada.ca/employment-social-development/corporate/transparency/access-information/reports/infosource.html,https://canada.ca/emploi-developpement-social/ministere/transparence/aai/rapports/infosource.html
2230,18,2026-03-11,,a,False,Crown-Indigenous Relations and Northern Affairs Canada,Relations Couronne-Autochtones et Affaires du Nord Canada,CIRNAC,RCAANC,Crown Indigenous and Northern Affairs Canada,Relations Couronne-Autochtones et Affaires du Nord Canada,https://www.rcaanc-cirnac.gc.ca/eng/1638307261809/1638307285229,404.0,https://www.rcaanc-cirnac.gc.ca/fra/1638307261809/1638307285229,404.0,https://www.canada.ca/en/crown-indigenous-relations-northern-affairs.html,https://www.canada.ca/fr/relations-couronne-autochtones-affaires-nord.html,aandc-aadnc,129.0,42.0,IAN,IAN00,historical_exact,,exact,,gc:2230,https://rcaanc-cirnac.gc.ca/1638307261809/1638307285229,https://rcaanc-cirnac.gc.ca/1638307261809/1638307285229
2231,16,2026-03-11,,a,False,"Innovation, Science and Economic Development Canada","Innovation, Sciences et Développement économique Canada",ISED,ISDE,"Innovation, Science and Economic Development Canada","Innovation, sciences et développement économique Canada",https://ised-isde.canada.ca/site/ised/en/atip-services/info-source-2026-update,200.0,https://ised-isde.canada.ca/site/isde/fr/services-laiprp/mise-jour-dinfo-source-2026,200.0,www.ic.gc.ca,www.ic.gc.ca,ic,130.0,33.0,DUS,DUS00,exact,,exact,,gc:2231,https://ised-isde.canada.ca/site/ised/atip-services/info-source-2026-update,https://ised-isde.canada.ca/site/isde/services-laiprp/mise-jour-dinfo-source-2026
2232,0,2026-03-11,,a,False,Department of Justice Canada,Ministère de la Justice Canada,JUS,JUS,Department of Justice Canada,Ministère de la Justice Canada,https://www.justice.gc.ca/eng/trans/atip-aiprp/infosource/toc-tdm.html,200.0,https://www.justice.gc.ca/fra/trans/aiprp-atip/infosource/tdm-toc.html,200.0,www.justice.gc.ca,www.justice.gc.ca,jus,132.0,13.0,JUS,JUS00,exact,,exact,,gc:2232,https://justice.gc.ca/trans/atip-aiprp/infosource/toc-tdm.html,https://justice.gc.ca/trans/aiprp-atip/infosource/tdm-toc.html
2233,80,2026-03-11,,a,False,National Defence,Défense nationale,DND,MDN,National Defence,Défense nationale,https://www.canada.ca/en/department-national-defence/corporate/transparency/access-information-privacy/info-source-sources-of-federal-government-and-employee-information.html,200.0,https://www.canada.ca/fr/ministere-defense-nationale/organisation/transparence/acces-information-protection-renseignements-personnels/info-source-sources-de-renseignements-du-gouvernement-federal-et-sur-les-fonctionnaires-federaux.html,200.0,www.forces.gc.ca,www.forces.gc.ca,dnd-mdn,133.0,18.0,DND,DND00,exact,,exact,,gc:2233,https://canada.ca/department-national-defence/corporate/transparency/access-information-privacy/info-source-sources-of-federal-government-and-employee-information.html,https://canada.ca/ministere-defense-nationale/organisation/transparence/acces-information-protection-renseignements-personnels/info-source-sources-de-renseignements-du-gouvernement-federal-et-sur-les-fonctionnaires-federaux.html
2234,0,2026-03-11,,a,False,Natural Resources Canada,Ressources naturelles Canada,NRCan,RNCan,Natural Resources Canada,Ressources naturelles Canada,https://natural-resources.canada.ca/transparency/access-information-and-privacy/21403,200.0,https://ressources-naturelles.canada.ca/transparence/acces-linformation-et-protection-des-renseignements-personnels/21404,200.0,www.nrcan-rncan.gc.ca,www.nrcan-rncan.gc.ca,nrcan-rncan,134.0,41.0,RSN,RSN00,exact,,exact,,gc:2234,https://natural-resources.canada.ca/transparency/access-information-and-privacy/21403,https://ressources-naturelles.canada.ca/transparence/acces-linformation-et-protection-des-renseignements-personnels/21404
2235,10,2026-03-11,,a,False,Public Safety Canada,Sécurité publique Canada,PS,SP,Public Safety Canada,Sécurité publique du Canada,http://www.publicsafety.gc.ca/cnt/trnsprnc/nfsrc-eng.aspx,200.0,http://www.securitepublique.gc.ca/cnt/trnsprnc/nfsrc-fra.aspx,200.0,www.publicsafety.gc.ca,www.securitepublique.gc.ca,ps-sp,135.0,88.0,PSP,PSP00,exact,,exact,,gc:2235,https://publicsafety.gc.ca/cnt/trnsprnc/nfsrc-eng.aspx,https://securitepublique.gc.ca/cnt/trnsprnc/nfsrc-fra.aspx
2236,0,2026-03-11,,a,False,Public Services and Procurement Canada,Services publics et Approvisionnement Canada,PSPC,SPAC,Public Services and Procurement Canada,Services publics et Approvisionnement Canada,http://www.tpsgc-pwgsc.gc.ca/aiprp-atip/infosource-eng.html,,http://www.tpsgc-pwgsc.gc.ca/aiprp-atip/infosource-fra.html,,www.tpsgc-pwgsc.gc.ca,www.tpsgc-pwgsc.gc.ca,pwgsc-tpsgc,136.0,127.0,SVC,SVC00,exact,,exact,,gc:2236,https://tpsgc-pwgsc.gc.ca/aiprp-atip/infosource-eng.html,https://tpsgc-pwgsc.gc.ca/aiprp-atip/infosource-fra.html
2237,14,2026-03-11,,a,False,Environment and Climate Change Canada,Environnement et Changement climatique Canada,ECCC,ECCC,Environment and Climate Change Canada,Environnement et Changement climatique Canada,https://www.canada.ca/en/environment-climate-change/corporate/transparency/access-information-privacy/info-source.html,200.0,https://www.canada.ca/fr/environnement-changement-climatique/organisation/transparence/acces-information-protection-renseignements-personnels/info-source.html,200.0,www.canada.ca/en/environment-climate-change.html,www.canada.ca/fr/environnement-changement-climatique.html,ec,137.0,7.0,DOE,DOE00,exact,,exact,,gc:2237,https://canada.ca/environment-climate-change/corporate/transparency/access-information-privacy/info-source.html,https://canada.ca/environnement-changement-climatique/organisation/transparence/acces-information-protection-renseignements-personnels/info-source.html
2238,0,2026-03-11,,a,False,Transport Canada,Transports Canada,TC,TC,Transport Canada,Transport Canada,http://www.tc.gc.ca/eng/corporate-services/atip-infosource-934.htm,200.0,http://www.tc.gc.ca/fra/services-generaux/aiprp-infosource-934.htm,200.0,www.tc.gc.ca,www.tc.gc.ca,tc,138.0,34.0,MOT,MOT00,exact,,fuzzy,0.9697,gc:2238,https://tc.gc.ca/corporate-services/atip-infosource-934.htm,https://tc.gc.ca/services-generaux/aiprp-infosource-934.htm
2239,0,2026-03-11,,a,False,Veterans Affairs Canada,Anciens Combattants Canada,VAC,ACC,Veterans Affairs Canada,Anciens Combattants Canada,http://www.veterans.gc.ca/eng/about-us/organization/access-to-information-privacy/info-source,200.0,http://www.veterans.gc.ca/fra/about-us/organization/access-to-information-privacy/info-source,200.0,www.veterans.gc.ca,www.veterans.gc.ca,vac-acc,139.0,21.0,DVA,DVA00,exact,,exact,,gc:2239,https://veterans.gc.ca/about-us/organization/access-to-information-privacy/info-source,https://veterans.gc.ca/about-us/organization/access-to-information-privacy/info-source
2240,0,2026-08-15,,a,False,Prairies Economic Development Canada,Développement économique Canada pour les Prairies,PrairiesCan,PrairiesCan,Prairies Economic Development Canada (PrairiesCan),Développement économique Canada pour les Prairies,https://www.canada.ca/en/prairies-economic-development/corporate/transparency/information-holdings.html,200.0,https://www.canada.ca/fr/developpement-economique-prairies/organisation/transparence/fonds-renseignements.html,200.0,https://www.canada.ca/en/prairies-economic-development.html,https://www.canada.ca/fr/developpement-economique-prairies.html,prairiescan,140.0,44.0,WCO,WCO00,exact,,exact,,gc:2240,https://canada.ca/prairies-economic-development/corporate/transparency/information-holdings.html,https://canada.ca/developpement-economique-prairies/organisation/transparence/fonds-renseignements.html
2242,43,2026-03-11,,a,False,Treasury Board of Canada Secretariat,Secrétariat du Conseil du Trésor du Canada,TBS,SCT,Treasury Board of Canada Secretariat,Secrétariat du Conseil du Trésor du Canada,https://www.canada.ca/en/treasury-board-secretariat/corporate/transparency/treasury-board-secretariat-sources-federal-government-employee-information-info-source.html,200.0,https://www.canada.ca/fr/secretariat-conseil-tresor/organisation/transparence/secretariat-conseil-tresor-sources-renseignements-gouvernement-federal-fonctionnaires-federaux-info-source.html,200.0,www.canada.ca/en/treasury-board-secretariat/index.html,www.canada.ca/fr/secretariat-conseil-tresor/index.html,tbs-sct,326.0,56.0,TBD,TBD00,exact,,exact,,gc:2242,https://canada.ca/treasury-board-secretariat/corporate/transparency/treasury-board-secretariat-sources-federal-government-employee-information-info-source.html,https://canada.ca/secretariat-conseil-tresor/organisation/transparence/secretariat-conseil-tresor-sources-renseignements-gouvernement-federal-fonctionnaires-federaux-info-source.html
2243,34,2026-03-11,,a,False,Indigenous Services Canada,Services aux Autochtones Canada,ISC,SAC,Indigenous Services Canada,Services aux Autochtones Canada,https://www.sac-isc.gc.ca/eng/1639748667069/1639748703555,404.0,https://www.sac-isc.gc.ca/fra/1639748667069/1639748703555,404.0,www.canada.ca/en/indigenous-services-canada.html,www.canada.ca/fr/services-autochtones-canada.html,isc-sac,348.0,191.0,DIS,DIS00,exact,,exact,,gc:2243,https://sac-isc.gc.ca/1639748667069/1639748703555,https://sac-isc.gc.ca/1639748667069/1639748703555
2244,7,2026-03-11,,a,False,Atlantic Canada Opportunities Agency,Agence de promotion économique du Canada atlantique,ACOA,APECA,Atlantic Canada Opportunities Agency,Agence de promotion économique du Canada atlantique,https://www.canada.ca/en/atlantic-canada-opportunities/corporate/transparency/info-source-introduction1.html,200.0,https://www.canada.ca/fr/promotion-economique-canada-atlantique/organisation/transparence/introduction-a-infosource1.html,200.0,https://www.canada.ca/en/atlantic-canada-opportunities.html,https://www.canada.ca/fr/promotion-economique-canada-atlantique.html,acoa-apeca,12.0,23.0,ACO,ACO00,exact,,exact,,gc:2244,https://canada.ca/atlantic-canada-opportunities/corporate/transparency/info-source-introduction1.html,https://canada.ca/promotion-economique-canada-atlantique/organisation/transparence/introduction-a-infosource1.html
2245,0,2026-03-11,,a,False,Impact Assessment Agency of Canada,Agence d'évaluation d'impact du Canada,IAAC,AEIC,Impact Assessment Agency of Canada,Agence d’évaluation d’impact du Canada,https://www.canada.ca/en/impact-assessment-agency/corporate/transparency/info-source.html,200.0,https://www.canada.ca/fr/agence-evaluation-impact/organisation/transparence/info-source.html,200.0,https://www.canada.ca/en/impact-assessment-agency.html,https://www.canada.ca/fr/agence-evaluation-impact.html,iaac-aeic,63.0,,IAA,DOE01,exact,,exact,,gc:2245,https://canada.ca/impact-assessment-agency/corporate/transparency/info-source.html,https://canada.ca/agence-evaluation-impact/organisation/transparence/info-source.html
2246,2,2026-03-11,,a,False,Canadian Grain Commission,Commission canadienne des grains,CGC,CCG,Canadian Grain Commission,Commission canadienne des grains,https://www.grainscanada.gc.ca/en/transparency/info/info-eng.html,200.0,https://www.grainscanada.gc.ca/fr/transparence/info/info-fra.html,200.0,www.grainscanada.gc.ca,www.grainscanada.gc.ca,cgc-ccg,69.0,133.0,CGC,CGC00,exact,,exact,,gc:2246,https://grainscanada.gc.ca/transparency/info/info-eng.html,https://grainscanada.gc.ca/transparence/info/info-fra.html
2247,0,2026-03-11,,a,False,Canadian Human Rights Commission,Commission canadienne des droits de la personne,CHRC,CCDP,Canadian Human Rights Commission,Commission canadienne des droits de la personne,https://www.chrc-ccdp.gc.ca/sites/default/files/2022-09/OTTAWAITI7-%233111281-v1-Info_Source__Sources_of_Federal_Government_and_Employee_Information_2022_FINAL.pdf,404.0,https://www.chrc-ccdp.gc.ca/sites/default/files/2022-09/OTTAWAITI7-%233111276-v1-Info_Source___Sources_de_renseignements_sur_le_gouvernement_et_les_employes_federaux_2022_FINAL.pdf,404.0,www.chrc-ccdp.gc.ca,www.ccdp-chrc.gc.ca,chrc-ccdp,71.0,75.0,HRC,HRC00,exact,,exact,,gc:2247,https://chrc-ccdp.gc.ca/sites/default/files/2022-09/OTTAWAITI7-%233111281-v1-Info_Source__Sources_of_Federal_Government_and_Employee_Information_2022_FINAL.pdf,https://chrc-ccdp.gc.ca/sites/default/files/2022-09/OTTAWAITI7-%233111276-v1-Info_Source___Sources_de_renseignements_sur_le_gouvernement_et_les_employes_federaux_2022_FINAL.pdf
2249,0,2026-03-11,,a,False,Canadian Northern Economic Development Agency,Agence canadienne de développement économique du Nord,CanNor,CanNor,Canadian Northern Economic Development Agency,Agence canadienne de développement économique du Nord,http://www.cannor.gc.ca/eng/1395919965310/1395920043963,404.0,http://www.cannor.gc.ca/fra/1395919965310/1395920043963,404.0,www.CanNor.gc.ca,www.CanNor.gc.ca,cannor,86.0,78.0,NED,NED00,exact,,exact,,gc:2249,https://cannor.gc.ca/1395919965310/1395920043963,https://cannor.gc.ca/1395919965310/1395920043963
2250,15,2026-03-11,,a,False,Canadian Security Intelligence Service,Service canadien du renseignement de sécurité,CSIS,SCRS,Canadian Security Intelligence Service,Service canadien du renseignement de sécurité,https://www.canada.ca/en/security-intelligence-service/corporate/transparency/access-to-information-and-privacy/info-source.html,200.0,https://www.canada.ca/fr/service-renseignement-securite/organisation/transparence/acces-a-linformation-et-protection-des-renseignements-personnels/info-source.html,200.0,https://www.canada.ca/en/security-intelligence-service.html,https://www.canada.ca/fr/service-renseignement-securite.html,csis-scrs,94.0,95.0,CSI,PAY00,exact,,exact,,gc:2250,https://canada.ca/security-intelligence-service/corporate/transparency/access-to-information-and-privacy/info-source.html,https://canada.ca/service-renseignement-securite/organisation/transparence/acces-a-linformation-et-protection-des-renseignements-personnels/info-source.html
2251,9,2026-03-11,,a,False,Canadian Space Agency,Agence spatiale canadienne,CSA,ASC,Canadian Space Agency,Agence spatiale canadienne,http://asc-csa.gc.ca/eng/transparency/aipa/info-source.asp,200.0,http://asc-csa.gc.ca/fra/transparence/aiprp/info-source.asp,200.0,www.asc-csa.gc.ca,www.asc-csa.gc.ca,csa-asc,95.0,119.0,CSA,CSA00,exact,,exact,,gc:2251,https://asc-csa.gc.ca/transparency/aipa/info-source.asp,https://asc-csa.gc.ca/transparence/aiprp/info-source.asp
2252,5,2026-03-11,,a,False,Canadian Transportation Agency,Office des transports du Canada,CTA,OTC,Canadian Transportation Agency,Office des transports du Canada,https://www.otc-cta.gc.ca/eng/publication/sources-federal-government-and-employee-information,200.0,https://www.otc-cta.gc.ca/fra/publication/sources-de-renseignements-du-gouvernement-federal-et-sur-les-fonctionnaires-federaux-201,200.0,https://www.otc-cta.gc.ca/eng,https://www.otc-cta.gc.ca/fra,cta-otc,99.0,40.0,ATN,ATN00,exact,,exact,,gc:2252,https://otc-cta.gc.ca/publication/sources-federal-government-and-employee-information,https://otc-cta.gc.ca/publication/sources-de-renseignements-du-gouvernement-federal-et-sur-les-fonctionnaires-federaux-201
2253,3,2026-03-11,,a,False,Communications Security Establishment Canada,Centre de la sécurité des télécommunications Canada,CSE,CST,Communications Security Establishment Canada,Centre de la sécurité des télécommunications Canada,https://www.cse-cst.gc.ca/en/transparency-transparence/atip-aiprp/infosource,200.0,https://www.cse-cst.gc.ca/fr/transparency-transparence/atip-aiprp/infosource,200.0,www.cse-cst.gc.ca,www.cse-cst.gc.ca,csec-cstc,110.0,165.0,CSE,CSE00,exact,,exact,,gc:2253,https://cse-cst.gc.ca/transparency-transparence/atip-aiprp/infosource,https://cse-cst.gc.ca/transparency-transparence/atip-aiprp/infosource
2254,0,2026-03-11,,a,False,Copyright Board Canada,Commission du droit d'auteur Canada,CB,CDA,Copyright Board of Canada,Commission du droit d’auteur du Canada,https://cb-cda.gc.ca/en/transparency/access-to-information-and-privacy-acts/how-to-file-a-request,200.0,https://cb-cda.gc.ca/fr/transparence/acces-information-et-protection-des-renseignements-personnels/comment-deposer-une-demande,200.0,https://cb-cda.gc.ca/en,https://cb-cda.gc.ca/fr,cb-cda,114.0,116.0,COP,COP00,exact,,exact,,gc:2254,https://cb-cda.gc.ca/transparency/access-to-information-and-privacy-acts/how-to-file-a-request,https://cb-cda.gc.ca/transparence/acces-information-et-protection-des-renseignements-personnels/comment-deposer-une-demande
2255,26,2026-03-11,,a,False,Correctional Service Canada,Service correctionnel Canada,CSC,SCC,Correctional Service of Canada,Service correctionnel Canada,https://www.canada.ca/en/correctional-service/corporate/transparency/info-source.html,200.0,https://www.canada.ca/fr/service-correctionnel/organisation/transparence/info-source.html,200.0,www.canada.ca/correctional-service,www.canada.ca/service-correctionnel,csc-scc,117.0,53.0,PEN,PEN00,exact,,exact,,gc:2255,https://canada.ca/correctional-service/corporate/transparency/info-source.html,https://canada.ca/service-correctionnel/organisation/transparence/info-source.html
2257,1,2026-03-11,,a,False,Canada Economic Development for Quebec Regions,Développement économique Canada pour les régions du Québec,CED,DEC,Canada Economic Development for Quebec Regions,Développement économique Canada pour les régions du Québec,https://www.canada.ca/en/economic-development-quebec-regions/about/transparency-proactive-disclosure/infosource.html,200.0,https://www.canada.ca/fr/developpement-economique-regions-quebec/a-propos/transparence-divulgations-proactives/infosource.html,200.0,https://www.canada.ca/en/economic-development-quebec-regions.html,https://www.canada.ca/fr/developpement-economique-regions-quebec.html,ced-dec,141.0,12.0,FRD,FRD00,exact,,exact,,gc:2257,https://canada.ca/economic-development-quebec-regions/about/transparency-proactive-disclosure/infosource.html,https://canada.ca/developpement-economique-regions-quebec/a-propos/transparence-divulgations-proactives/infosource.html
2258,0,2026-03-11,,a,False,Federal Economic Development Agency for Southern Ontario,Agence fédérale de développement économique pour le Sud de l'Ontario,FedDev Ontario,FedDev Ontario,Federal Economic Development Agency for Southern Ontario,Agence fédérale de développement économique pour le Sud de l’Ontario,http://www.feddevontario.gc.ca/eic/site/723.nsf/eng/01754.html,,http://www.feddevontario.gc.ca/eic/site/723.nsf/fra/01754.html,,www.feddevontario.gc.ca,www.feddevontario.gc.ca,feddevontario,150.0,62.0,ESO,ESO00,exact,,exact,,gc:2258,https://feddevontario.gc.ca/eic/site/723.nsf/01754.html,https://feddevontario.gc.ca/eic/site/723.nsf/01754.html
2259,0,2026-03-11,,a,False,Financial Consumer Agency of Canada,Agence de la consommation en matière financière du Canada,FCAC,ACFC,Financial Consumer Agency of Canada,Agence de la consommation en matière financière du Canada,https://www.canada.ca/en/financial-consumer-agency/corporate/transparency/infosource.html,200.0,https://www.canada.ca/fr/agence-consommation-matiere-financiere/organisation/transparence/infosource.html,200.0,www.fcac.gc.ca,www.acfc.gc.ca,fcac-acfc,151.0,141.0,FNA,FNA00,exact,,exact,,gc:2259,https://canada.ca/financial-consumer-agency/corporate/transparency/infosource.html,https://canada.ca/agence-consommation-matiere-financiere/organisation/transparence/infosource.html
2260,0,2026-03-11,,a,False,Financial Transactions and Reports Analysis Centre of Canada,Centre d'analyse des opérations et déclarations financières du Canada,FINTRAC,CANAFE,Financial Transactions and Reports Analysis Centre of Canada,Centre d’analyse des opérations et déclarations financières du Canada,http://www.fintrac-canafe.gc.ca/atip-aiprp/infosource-eng.asp,404.0,http://www.canafe-fintrac.gc.ca/atip-aiprp/infosource-fra.asp,404.0,www.fintrac-canafe.gc.ca,www.canafe-fintrac.gc.ca,fintrac-canafe,152.0,139.0,CFC,CFC00,exact,,exact,,gc:2260,https://fintrac-canafe.gc.ca/atip-aiprp/infosource-eng.asp,https://canafe-fintrac.gc.ca/atip-aiprp/infosource-fra.asp
2261,7,2026-03-11,,a,False,Immigration and Refugee Board of Canada,Commission de l'immigration et du statut de réfugié du Canada,IRB,CISR,Immigration and Refugee Board of Canada,Commission de l’immigration et du statut de réfugié du Canada,https://irb-cisr.gc.ca/en/transparency/atip/Pages/infosource.aspx,200.0,https://irb-cisr.gc.ca/fr/transparence/efvp/Pages/infosource.aspx,200.0,www.irb-cisr.gc.ca,www.cisr-irb.gc.ca,irb-cisr,174.0,32.0,IRB,IRB00,exact,,exact,,gc:2261,https://irb-cisr.gc.ca/transparency/atip/Pages/infosource.aspx,https://irb-cisr.gc.ca/transparence/efvp/Pages/infosource.aspx
2262,0,2026-03-11,,a,False,Library and Archives Canada,Bibliothèque et Archives Canada,LAC,BAC,Library and Archives Canada,Bibliothèque et Archives Canada,http://www.bac-lac.gc.ca/eng/transparency/atip/info-source/Pages/infosource.aspx,,http://www.bac-lac.gc.ca/fra/transparence/aiprp/info-source/Pages/infosource.aspx,,library-archives.canada.ca,bibliotheque-archives.canada.ca,lac-bac,199.0,145.0,BAL,BAL00,exact,,exact,,gc:2262,https://bac-lac.gc.ca/transparency/atip/info-source/Pages/infosource.aspx,https://bac-lac.gc.ca/transparence/aiprp/info-source/Pages/infosource.aspx
2263,1,2026-03-11,,a,False,Military Grievances External Review Committee,Comité externe d'examen des griefs militaires,MGERC,CEEGM,Military Grievances External Review Committee,Comité externe d’examen des griefs militaires,https://www.canada.ca/en/military-grievances-external-review/corporate/transparency/info-source-sources-federal-government-employee-information.html,200.0,https://www.canada.ca/fr/externe-examen-griefs-militaires/organisation/transparence/info-source-sources-renseignements-gouvernement-federal-fonctionnaires-federaux.html,200.0,www.canada.ca/en/military-grievances-external-review.html,www.canada.ca/fr/externe-examen-griefs-militaires.html,mgerc-ceegm,209.0,138.0,FCG,FCG00,exact,,exact,,gc:2263,https://canada.ca/military-grievances-external-review/corporate/transparency/info-source-sources-federal-government-employee-information.html,https://canada.ca/externe-examen-griefs-militaires/organisation/transparence/info-source-sources-renseignements-gouvernement-federal-fonctionnaires-federaux.html
2264,0,2026-03-11,,a,False,Military Police Complaints Commission of Canada,Commission d'examen des plaintes concernant la police militaire du Canada,MPCC,CPPM,Military Police Complaints Commission,Commission d’examen des plaintes concernant la police militaire,https://www.mpcc-cppm.gc.ca/corporate-organisation/transparency-transparence/infosource-eng.aspx,403.0,https://www.mpcc-cppm.gc.ca/corporate-organisation/transparency-transparence/infosource-fra.aspx,403.0,www.mpcc-cppm.gc.ca,www.mpcc-cppm.gc.ca,mpcc-cppm,210.0,137.0,CPM,CPM00,exact,,fuzzy,0.9402,gc:2264,https://mpcc-cppm.gc.ca/corporate-organisation/transparency-transparence/infosource-eng.aspx,https://mpcc-cppm.gc.ca/corporate-organisation/transparency-transparence/infosource-fra.aspx
2265,0,2026-03-11,,a,False,Farm Products Council of Canada,Conseil des produits agricoles du Canada,FPCC,CPAC,Farm Products Council of Canada,Conseil des produits agricoles du Canada,http://fpcc-cpac.gc.ca/index.php/en-GB/proactive-disclosures,,http://fpcc-cpac.gc.ca/index.php/fr-FR/divulgations-proactive,,www.fpcc-cpac.gc.ca,www.fpcc-cpac.gc.ca,fpcc-cpac,222.0,,FPN,,exact,,exact,,gc:2265,https://fpcc-cpac.gc.ca/index.php/en-GB/proactive-disclosures,https://fpcc-cpac.gc.ca/index.php/fr-FR/divulgations-proactive
2266,0,2026-03-11,,a,False,National Film Board,Office national du film,NFB,ONF,National Film Board of Canada,Office national du film du Canada,http://onf-nfb.gc.ca/en/about-the-nfb/publications/info-source/,,http://onf-nfb.gc.ca/fr/a-propos-de-lonf/publications/info-source/,,www.canada.ca/en/national-film-board.html,www.canada.ca/fr/office-national-film.html,nfb-onf,223.0,39.0,NFB,NFB00,exact,,historical_exact,,gc:2266,https://onf-nfb.gc.ca/about-the-nfb/publications/info-source,https://onf-nfb.gc.ca/a-propos-de-lonf/publications/info-source
2267,3,2026-03-11,,a,False,Parole Board of Canada,Commission des libérations conditionnelles du Canada,PBC,CLCC,Parole Board of Canada,Commission des libérations conditionnelles du Canada,https://www.canada.ca/en/parole-board/corporate/transparency/access-to-information-and-privacy/infosource.html,200.0,https://www.canada.ca/fr/commission-liberations-conditionnelles/organisation/transparence/access-a-information-et-protection-des-renseignements-personnels/infosource.html,200.0,www.canada.ca/en/parole-board.html,www.canada.ca/fr/commission-liberations-conditionnelles.html,pbc-clcc,227.0,57.0,NPB,NPB00,exact,,exact,,gc:2267,https://canada.ca/parole-board/corporate/transparency/access-to-information-and-privacy/infosource.html,https://canada.ca/commission-liberations-conditionnelles/organisation/transparence/access-a-information-et-protection-des-renseignements-personnels/infosource.html
2268,0,2026-03-11,,a,False,Northern Pipeline Agency Canada,Administration du pipe-line du Nord Canada,NPA,APN,Northern Pipeline Agency Canada,Administration du pipe-line du Nord Canada,http://npa.gc.ca/177?wb48617274=03F2D5A0,404.0,http://apn.gc.ca/180?wb48617274=0F1523F5,404.0,https://northern-pipeline.canada.ca/home,https://pipe-line-nord.canada.ca/accueil,npa-apn,235.0,66.0,NPA,,exact,,exact,,gc:2268,https://npa.gc.ca/177?wb48617274=03F2D5A0,https://apn.gc.ca/180?wb48617274=0F1523F5
2270,0,2026-03-11,,a,False,Office of the Auditor General of Canada,Bureau du vérificateur général du Canada,,,Office of the Auditor General of Canada,Bureau du vérificateur général du Canada,http://www.oag-bvg.gc.ca/internet/English/acc_fs_e_38857.html,200.0,http://www.oag-bvg.gc.ca/internet/Francais/acc_fs_f_38857.html,200.0,www.oag-bvg.gc.ca,www.oag-bvg.gc.ca,oag-bvg,238.0,2.0,AUD,AUD00,exact,,exact,,gc:2270,https://oag-bvg.gc.ca/internet/English/acc_fs_e_38857.html,https://oag-bvg.gc.ca/internet/Francais/acc_fs_f_38857.html
2271,0,2026-03-11,,a,False,Elections Canada,Élections Canada,elections,elections,Elections Canada,Élections Canada,http://www.elections.ca/content.aspx?section=abo&dir=atip/info&document=index&lang=e,200.0,http://www.elections.ca/content.aspx?section=abo&dir=atip/info&document=index&lang=f,200.0,www.elections.ca,www.elections.ca,elections,239.0,15.0,CEO,CEO00,exact,,exact,,gc:2271,https://elections.ca/content.aspx?dir=atip%2Finfo&document=index&section=abo,https://elections.ca/content.aspx?dir=atip%2Finfo&document=index&section=abo
2273,3,2026-03-11,,a,False,Office of the Commissioner of Lobbying of Canada,Commissariat au lobbying du Canada,OCL,CAL,Office of the Commissioner of Lobbying of Canada,Commissariat au lobbying du Canada,https://lobbycanada.gc.ca/en/info-source/,403.0,https://lobbycanada.gc.ca/fr/info-source/,403.0,https://lobbycanada.gc.ca/en,https://lobbycanada.gc.ca/fr,ocl-cal,241.0,154.0,LOB,LOB00,exact,,exact,,gc:2273,https://lobbycanada.gc.ca/info-source,https://lobbycanada.gc.ca/info-source
2274,0,2026-03-11,,a,False,Office of the Commissioner of Official Languages,Commissariat aux langues officielles,OCOL,CLO,Office of the Commissioner of Official Languages,Commissariat aux langues officielles,https://www.clo-ocol.gc.ca/en/publications/other/2021/info-source-2021,,https://www.clo-ocol.gc.ca/fr/publications/autres/2021/info-source-2021,,www.officiallanguages.gc.ca/en,www.officiallanguages.gc.ca/fr,ocol-clo,242.0,76.0,COL,COL00,exact,,exact,,gc:2274,https://clo-ocol.gc.ca/publications/other/2021/info-source-2021,https://clo-ocol.gc.ca/publications/autres/2021/info-source-2021
2276,0,2026-03-11,,a,False,The Correctional Investigator Canada,L'Enquêteur correctionnel Canada,OCI,BEC,Office of the Correctional Investigator,Bureau de l’enquêteur correctionnel,http://www.oci-bec.gc.ca/cnt/disc-div/atip-aiprp/infosource/infosource2018-1-eng.aspx,404.0,http://www.oci-bec.gc.ca/cnt/disc-div/atip-aiprp/infosource/infosource2018-1-fra.aspx,404.0,www.oci-bec.gc.ca,www.oci-bec.gc.ca,oci-bec,247.0,,OCI,,fuzzy,0.9014,historical_exact,,gc:2276,https://oci-bec.gc.ca/cnt/disc-div/atip-aiprp/infosource/infosource2018-1-eng.aspx,https://oci-bec.gc.ca/cnt/disc-div/atip-aiprp/infosource/infosource2018-1-fra.aspx
2277,0,2026-03-11,,a,False,Public Prosecution Service of Canada,Service des poursuites pénales du Canada,PPSC,SPPC,Public Prosecution Service of Canada,Service des poursuites pénales du Canada,http://www.ppsc-sppc.gc.ca/eng/tra/is/index.html,,https://www.ppsc-sppc.gc.ca/fra/tra/is/index.html,200.0,www.ppsc-sppc.gc.ca/,www.ppsc-sppc.gc.ca,ppsc-sppc,248.0,19.0,PPD,PPD00,exact,,exact,,gc:2277,https://ppsc-sppc.gc.ca/tra/is/index.html,https://ppsc-sppc.gc.ca/tra/is/index.html
2279,2,2026-03-11,,a,False,Office of the Public Sector Integrity Commissioner of Canada,Commissariat à l'intégrité du secteur public du Canada,PSIC,ISPC,Office of the Public Sector Integrity Commissioner of Canada,Commissariat à l’intégrité du secteur public du Canada,https://www.psic-ispc.gc.ca/en/info-source-sources-federal-government-and-employee-information,200.0,https://www.psic-ispc.gc.ca/fr/info-source-sources-de-renseignements-du-gouvernement-federal-et-sur-les-fonctionnaires-federaux,200.0,www.psic-ispc.gc.ca,www.psic-ispc.gc.ca,psic-ispc,250.0,46.0,INT,INT00,exact,,exact,,gc:2279,https://psic-ispc.gc.ca/info-source-sources-federal-government-and-employee-information,https://psic-ispc.gc.ca/info-source-sources-de-renseignements-du-gouvernement-federal-et-sur-les-fonctionnaires-federaux
2280,3,2026-03-11,,a,False,Office of the Superintendent of Financial Institutions Canada,Bureau du surintendant des institutions financières Canada,OSFI,BSIF,Office of the Superintendent of Financial Institutions Canada,Bureau du surintendant des institutions financières Canada,http://www.osfi-bsif.gc.ca/Eng/trp/atip-aiprp/Pages/fin.aspx,200.0,http://www.osfi-bsif.gc.ca/Fra/trp/atip-aiprp/Pages/fin.aspx,200.0,https://www.osfi-bsif.gc.ca/en,https://www.osfi-bsif.gc.ca/fr,osfi-bsif,253.0,11.0,SIF,SIF00,exact,,exact,,gc:2280,https://osfi-bsif.gc.ca/trp/atip-aiprp/Pages/fin.aspx,https://osfi-bsif.gc.ca/trp/atip-aiprp/Pages/fin.aspx
2281,1,2026-03-11,,a,False,Office of the Information Commissioner of Canada,Commissariat à l'information au Canada,OIC,CI,Office of the Information Commissioner of Canada,Commissariat à l’information du Canada,https://www.oic-ci.gc.ca/en/info-source,200.0,https://www.oic-ci.gc.ca/fr/info-source,200.0,https://www.oic-ci.gc.ca/en,https://www.oic-ci.gc.ca/fr,oic-ci,256.0,96.0,IPC,IPC00,exact,,fuzzy,0.9577,gc:2281,https://oic-ci.gc.ca/info-source,https://oic-ci.gc.ca/info-source
2282,12,2026-03-11,,a,False,Office of the Privacy Commissioner of Canada,Commissariat à la protection de la vie privée du Canada,OPC,CPVP,Office of the Privacy Commissioner of Canada,Commissariat à la protection de la vie privée du Canada,https://www.priv.gc.ca/en/about-the-opc/opc-access-to-information-and-privacy/infosource/,200.0,https://www.priv.gc.ca/fr/a-propos-du-commissariat/acces-a-l-information-et-protection-des-renseignements-personnels-au-commissariat/infosource/,200.0,https://www.priv.gc.ca/en/,https://www.priv.gc.ca/fr/,opc-cpvp,256.0,96.0,OPC,IPC00,exact,,exact,,gc:2282,https://priv.gc.ca/about-the-opc/opc-access-to-information-and-privacy/infosource,https://priv.gc.ca/a-propos-du-commissariat/acces-a-l-information-et-protection-des-renseignements-personnels-au-commissariat/infosource
2283,0,2026-03-11,,a,False,Patented Medicine Prices Review Board Canada,Conseil d'examen du prix des médicaments brevetés Canada,PMPRB,CEPMB,Patented Medicine Prices Review Board,Conseil d’examen du prix des médicaments brevetés,http://www.pmprb-cepmb.gc.ca/en/view.asp?ccid=1093,200.0,http://www.pmprb-cepmb.gc.ca/view.asp?ccid=1093,200.0,https://www.canada.ca/en/patented-medicine-prices-review.html,https://www.canada.ca/en/patented-medicine-prices-review.html,pmprb-cepmb,266.0,109.0,PXR,PXR00,exact,,fuzzy,0.9213,gc:2283,https://pmprb-cepmb.gc.ca/view.asp?ccid=1093,https://pmprb-cepmb.gc.ca/view.asp?ccid=1093
2284,5,2026-03-11,,a,False,Privy Council Office,Bureau du Conseil privé,PCO,BCP,Privy Council Office,Bureau du Conseil privé,https://www.canada.ca/en/privy-council/services/publications/info-source-federal-government-employee-information.html,200.0,https://www.canada.ca/fr/conseil-prive/services/publications/info-source-renseignements-gouvernement-federal-fonctionnaires-federaux.html,200.0,www.pco-bcp.gc.ca,www.pco-bcp.gc.ca,pco-bcp,278.0,25.0,PCO,PCO00,exact,,exact,,gc:2284,https://canada.ca/privy-council/services/publications/info-source-federal-government-employee-information.html,https://canada.ca/conseil-prive/services/publications/info-source-renseignements-gouvernement-federal-fonctionnaires-federaux.html
2285,22,2026-03-11,,a,False,Public Health Agency of Canada,Agence de la santé publique du Canada,PHAC,ASPC,Public Health Agency of Canada,Agence de la santé publique du Canada,https://www.canada.ca/en/public-health/corporate/mandate/about-agency/access-information-privacy/info-source-federal-government-employee-information.html,200.0,https://www.canada.ca/fr/sante-publique/organisation/mandat/a-propos-agence/acces-a-information-protection-renseignements-personnels/info-source-renseignements-gouvernement-federal-fonctionnaires-federaux.html,200.0,www.phac-aspc.gc.ca,www.phac-aspc.gc.ca,phac-aspc,280.0,148.0,AHS,AHS00,exact,,exact,,gc:2285,https://canada.ca/public-health/corporate/mandate/about-agency/access-information-privacy/info-source-federal-government-employee-information.html,https://canada.ca/sante-publique/organisation/mandat/a-propos-agence/acces-a-information-protection-renseignements-personnels/info-source-renseignements-gouvernement-federal-fonctionnaires-federaux.html
2286,22,2026-03-11,,a,False,Public Service Commission of Canada,Commission de la fonction publique du Canada,PSC,CFP,Public Service Commission of Canada,Commission de la fonction publique du Canada,https://www.canada.ca/en/public-service-commission/corporate/about-us/access-information-privacy-office/info-source-sources-federal-government-employee-information.html,200.0,https://www.canada.ca/fr/commission-fonction-publique/organisation/propos-nous/bureau-acces-information-protection-renseignements-personnels/info-source.html,200.0,https://www.canada.ca/en/public-service-commission.html,https://www.canada.ca/fr/commission-fonction-publique.html,psc-cfp,282.0,4.0,PSC,PSC00,exact,,exact,,gc:2286,https://canada.ca/public-service-commission/corporate/about-us/access-information-privacy-office/info-source-sources-federal-government-employee-information.html,https://canada.ca/commission-fonction-publique/organisation/propos-nous/bureau-acces-information-protection-renseignements-personnels/info-source.html
2288,0,2026-03-11,,a,False,Royal Canadian Mounted Police,Gendarmerie royale du Canada,RCMP,GRC,Royal Canadian Mounted Police,Gendarmerie royale du Canada,https://rcmp.ca/en/corporate-information/access-information-and-privacy/info-source,200.0,https://grc.ca/fr/renseignements-organisationnels/acces-linformation-et-protection-renseignements-personnels/info-source,200.0,www.rcmp-grc.gc.ca,www.rcmp-grc.gc.ca,rcmp-grc,295.0,30.0,RCM,RCM00,exact,,exact,,gc:2288,https://rcmp.ca/corporate-information/access-information-and-privacy/info-source,https://grc.ca/renseignements-organisationnels/acces-linformation-et-protection-renseignements-personnels/info-source
2289,5,2026-03-11,,a,False,RCMP External Review Committee,Comité externe d'examen de la GRC,ERC,CEE,Royal Canadian Mounted Police External Review Committee,,https://www.canada.ca/en/rcmp-external-review-committee/corporate/transparency/access-information-privacy/info-source-sources-federal-government-employee-information.html,200.0,,,www.erc-cee.gc.ca,www.erc-cee.gc.ca,erc-cee,296.0,,REC,,exact,,,,gc:2289,https://canada.ca/rcmp-external-review-committee/corporate/transparency/access-information-privacy/info-source-sources-federal-government-employee-information.html,
2290,0,2026-03-11,,a,False,Civilian Review and Complaints Commission for the RCMP,Commission civile d'examen et de traitement des plaintes relatives à la GRC,CRCC,CCETP,Civilian Review and Complaints Commission for the RCMP,Commission civile d’examen et de traitement des plaintes relatives à la GRC,http://www.crcc-ccetp.gc.ca/en/info-source-sources-federal-government-and-employee-information,,http://www.crcc-ccetp.gc.ca/fr/info-source-sources-de-renseignements-du-gouvernement-f-d-ral-et-sur-les-fonctionnaires-f-d-raux,,www.crcc-ccetp.gc.ca/,www.crcc-ccetp.gc.ca/fr,cpc-cpp,297.0,,RPP,,exact,,exact,,gc:2290,https://crcc-ccetp.gc.ca/info-source-sources-federal-government-and-employee-information,https://crcc-ccetp.gc.ca/info-source-sources-de-renseignements-du-gouvernement-f-d-ral-et-sur-les-fonctionnaires-f-d-raux
2292,5,2026-03-11,,a,False,Shared Services Canada,Services partagés Canada,SSC,SPC,Shared Services Canada,Services partagés Canada,https://www.canada.ca/en/shared-services/corporate/transparency/access-information-privacy/sources-federal-government-employee-information-2021-info-source.html,200.0,https://www.canada.ca/fr/services-partages/organisation/transparence/acces-information-protection-renseignements-personnels/sources-renseignements-gouvernement-federal-fonctionnaires-federaux-2021-info-source.html,200.0,https://www.canada.ca/en/shared-services.html,https://www.canada.ca/fr/services-partages.html,ssc-spc,305.0,163.0,GSS,GSS00,exact,,exact,,gc:2292,https://canada.ca/shared-services/corporate/transparency/access-information-privacy/sources-federal-government-employee-information-2021-info-source.html,https://canada.ca/services-partages/organisation/transparence/acces-information-protection-renseignements-personnels/sources-renseignements-gouvernement-federal-fonctionnaires-federaux-2021-info-source.html
2293,0,2026-03-11,,a,False,Statistics Canada,Statistique Canada,StatCan,StatCan,Statistics Canada,Statistique Canada,https://www.statcan.gc.ca/eng/public/ipih/index,200.0,https://www.statcan.gc.ca/fra/publique/rpfr/index,200.0,www.statcan.gc.ca,www.statcan.gc.ca,statcan,313.0,54.0,STC,STC00,exact,,exact,,gc:2293,https://statcan.gc.ca/public/ipih/index,https://statcan.gc.ca/publique/rpfr/index
2294,0,2026-03-11,,a,False,Veterans Review and Appeal Board,Tribunal des anciens combattants (révision et appel),VRAB,TACRA,Veterans Review and Appeal Board,Tribunal des anciens combattants (révision et appel),http://www.vrab-tacra.gc.ca/Plans/Info-Source-eng.cfm,404.0,http://www.vrab-tacra.gc.ca/Plans/Info-Source-fra.cfm,404.0,www.vrab-tacra.gc.ca,www.vrab-tacra.gc.ca,vrab-tacra,333.0,,AVC,AVC00,exact,,exact,,gc:2294,https://vrab-tacra.gc.ca/Plans/Info-Source-eng.cfm,https://vrab-tacra.gc.ca/Plans/Info-Source-fra.cfm
2297,0,2026-03-11,,a,False,Administrative Tribunals Support Service of Canada,Service canadien d'appui aux tribunaux administratifs,ATSSC,SCDATA,Administrative Tribunals Support Services of Canada,Service canadien d’appui aux tribunaux administratifs,https://www.canada.ca/en/administrative-tribunals-support-service/transparency/info-source.html,200.0,https://www.canada.ca/fr/service-canadien-appui-tribunaux-administratifs/transparence/info-source.html,200.0,www.canada.ca/en/administrative-tribunals-support-service.html,www.canada.ca/fr/service-canadien-appui-tribunaux-administratifs.html,atssc-scdata,539.0,170.0,ATS,ATS00,fuzzy,0.9895,exact,,gc:2297,https://canada.ca/administrative-tribunals-support-service/transparency/info-source.html,https://canada.ca/service-canadien-appui-tribunaux-administratifs/transparence/info-source.html
2298,0,2026-08-15,,a,False,Pacific Economic Development Canada,Développement économique Canada pour le Pacifique,PacifiCan,PacifiCan,Pacific Economic Development Canada,Développement économique Canada pour le Pacifique,https://www.canada.ca/en/pacific-economic-development/corporate/transparency/information-holdings.html,200.0,https://www.canada.ca/fr/developpement-economique-pacifique/organisation/transparence/fonds-renseignements.html,200.0,https://www.canada.ca/en/pacific-economic-development.html,https://www.canada.ca/fr/developpement-economique-pacifique.html,pacifican,560.0,240.0,PED,,exact,,exact,,gc:2298,https://canada.ca/pacific-economic-development/corporate/transparency/information-holdings.html,https://canada.ca/developpement-economique-pacifique/organisation/transparence/fonds-renseignements.html
2299,1,2026-08-15,,a,False,Federal Economic Development Agency for Northern Ontario,Agence fédérale de développement économique pour le Nord de l'Ontario,FedNor,FedNor,Federal Economic Development Agency for Northern Ontario,Agence fédérale de développement économique pour le Nord de l’Ontario,https://fednor.canada.ca/en/transparency/info-source-2025,200.0,https://fednor.canada.ca/fr/transparence/info-source-2025,200.0,http://fednor.gc.ca/eic/site/fednor-fednor.nsf/eng/home,http://fednor.gc.ca/eic/site/fednor-fednor.nsf/fra/accueil,fednor,561.0,200.0,NOR,,exact,,exact,,gc:2299,https://fednor.canada.ca/transparency/info-source-2025,https://fednor.canada.ca/transparence/info-source-2025
2300,40,2026-03-11,,a,False,Canada Border Services Agency,Agence des services frontaliers du Canada,CBSA,ASFC,Canada Border Services Agency,Agence des services frontaliers du Canada,http://www.cbsa-asfc.gc.ca/agency-agence/reports-rapports/pia-efvp/atip-aiprp/infosource-eng.html,200.0,http://www.cbsa-asfc.gc.ca/agency-agence/reports-rapports/pia-efvp/atip-aiprp/infosource-fra.html,200.0,www.cbsa.gc.ca,www.asfc.gc.ca,cbsa-asfc,26.0,85.0,BSF,BSF00,exact,,exact,,gc:2300,https://cbsa-asfc.gc.ca/agency-agence/reports-rapports/pia-efvp/atip-aiprp/infosource-eng.html,https://cbsa-asfc.gc.ca/agency-agence/reports-rapports/pia-efvp/atip-aiprp/infosource-fra.html
2303,0,2026-03-11,,a,False,Canada Revenue Agency,Agence du revenu du Canada,CRA,ARC,Canada Revenue Agency,Agence du revenu du Canada,https://www.canada.ca/en/revenue-agency/corporate/about-canada-revenue-agency-cra/access-information-privacy-canada-revenue-agency/info-source-sources-federal-government-employee-information.html,200.0,https://www.canada.ca/fr/agence-revenu/organisation/a-propos-agence-revenu-canada-arc/acces-a-information-protection-renseignements-personnels-a-agence-revenu-canada/fonds-renseignements-agence-revenu-canada-info-source.html,200.0,www.canada.ca/en/revenue-agency.html,www.canada.ca/fr/agence-revenu.html,cra-arc,46.0,130.0,NAR,NAR00,exact,,exact,,gc:2303,https://canada.ca/revenue-agency/corporate/about-canada-revenue-agency-cra/access-information-privacy-canada-revenue-agency/info-source-sources-federal-government-employee-information.html,https://canada.ca/agence-revenu/organisation/a-propos-agence-revenu-canada-arc/acces-a-information-protection-renseignements-personnels-a-agence-revenu-canada/fonds-renseignements-agence-revenu-canada-info-source.html
2304,0,2026-03-11,,a,False,Canada School of Public Service,École de la fonction publique du Canada,CSPS,EFPC,Canada School of Public Service,École de la fonction publique du Canada,https://csps-efpc.gc.ca/About_Us/currentreport/programs-holdings-eng.aspx,200.0,https://csps-efpc.gc.ca/about_us/currentreport/programs-holdings-fra.aspx,200.0,www.csps-efpc.gc.ca,www.csps-efpc.gc.ca,csps-efpc,47.0,52.0,CES,CES00,exact,,exact,,gc:2304,https://csps-efpc.gc.ca/About_Us/currentreport/programs-holdings-eng.aspx,https://csps-efpc.gc.ca/about_us/currentreport/programs-holdings-fra.aspx
2305,1,2026-03-11,,a,False,Canadian Centre for Occupational Health and Safety,Centre canadien d’hygiène et de sécurité au travail,CCOHS,CCHST,Canadian Centre for Occupational Health and Safety,Centre canadien d’hygiène et de sécurité au travail,http://www.ccohs.ca/ccohs/reports/transparency.html,200.0,http://www.cchst.ca/ccohs/reports/transparency.html,200.0,www.ccohs.ca,www.cchst.ca,ccohs-cchst,55.0,100.0,OCC,OCC00,exact,,exact,,gc:2305,https://ccohs.ca/ccohs/reports/transparency.html,https://cchst.ca/ccohs/reports/transparency.html
2306,5,2026-03-11,,a,False,Canadian Food Inspection Agency,Agence canadienne d'inspection des aliments,CFIA,ACIA,Canadian Food Inspection Agency,Agence canadienne d’inspection des aliments,http://www.inspection.gc.ca/about-the-cfia/accountability/other-activities/atip/info-source/eng/1388355218800/1388355393470,200.0,http://www.inspection.gc.ca/au-sujet-de-l-acia/responsabilisation/autres-activites/aiprp/info-source/fra/1388355218800/1388355393470,200.0,www.inspection.gc.ca,www.inspection.gc.ca,cfia-acia,65.0,136.0,ICA,ICA00,exact,,exact,,gc:2306,https://inspection.gc.ca/about-the-cfia/accountability/other-activities/atip/info-source/1388355218800/1388355393470,https://inspection.gc.ca/au-sujet-de-l-acia/responsabilisation/autres-activites/aiprp/info-source/1388355218800/1388355393470
2307,8,2026-03-11,,a,False,Canadian Institutes of Health Research,Instituts de recherche en santé du Canada,CIHR,IRSC,Canadian Institutes of Health Research,Instituts de recherche en santé du Canada,http://www.cihr-irsc.gc.ca/e/47695.html,,http://www.cihr-irsc.gc.ca/f/47695.html,,www.cihr-irsc.gc.ca,www.irsc-cihr.gc.ca,cihr-irsc,74.0,61.0,CRI,CRI00,exact,,exact,,gc:2307,https://cihr-irsc.gc.ca/e/47695.html,https://cihr-irsc.gc.ca/f/47695.html
2308,21,2026-03-11,,a,False,Canadian Nuclear Safety Commission,Commission canadienne de sûreté nucléaire,CNSC,CCSN,Canadian Nuclear Safety Commission,Commission canadienne de sûreté nucléaire,http://www.nuclearsafety.gc.ca/eng/resources/publications/reports/access-to-information-and-privacy/info-source/index.cfm,404.0,http://www.nuclearsafety.gc.ca/fra/resources/publications/reports/access-to-information-and-privacy/info-source/index.cfm,404.0,https://www.cnsc-ccsn.gc.ca/eng/,https://www.cnsc-ccsn.gc.ca/fra/,cnsc-ccsn,87.0,47.0,CSN,CSN00,exact,,exact,,gc:2308,https://nuclearsafety.gc.ca/resources/publications/reports/access-to-information-and-privacy/info-source/index.cfm,https://nuclearsafety.gc.ca/resources/publications/reports/access-to-information-and-privacy/info-source/index.cfm
2309,0,2026-03-11,,a,False,Transportation Safety Board of Canada,Bureau de la sécurité des transports du Canada,TSB,BST,Transportation Safety Board of Canada,Bureau de la sécurité des transports du Canada,http://tsb-bst.gc.ca/eng/divulgation-disclosure/infosource/index.asp,200.0,http://tsb-bst.gc.ca/fra/divulgation-disclosure/infosource/index.asp,200.0,www.tsb-bst.gc.ca,www.bst-tsb.gc.ca,tsb-bst,98.0,101.0,TSB,TSB00,exact,,exact,,gc:2309,https://tsb-bst.gc.ca/divulgation-disclosure/infosource/index.asp,https://tsb-bst.gc.ca/divulgation-disclosure/infosource/index.asp
2311,2,2026-03-11,,a,False,The National Battlefields Commission,Commission des champs de bataille nationaux,NBC,CCBN,National Battlefields Commission,Commission des champs de bataille nationaux,http://www.ccbn-nbc.gc.ca/en/access-information-and-privacy/info-source-2018/,200.0,http://www.ccbn-nbc.gc.ca/fr/acces-information-protection-des-renseignements-personnels/info-source-2018/,200.0,www.ccbn-nbc.gc.ca,www.ccbn-nbc.gc.ca,nbc-ccbn,218.0,102.0,NBC,NBC00,exact,,exact,,gc:2311,https://ccbn-nbc.gc.ca/access-information-and-privacy/info-source-2018,https://ccbn-nbc.gc.ca/acces-information-protection-des-renseignements-personnels/info-source-2018
2312,4,2026-03-11,,a,False,Canada Energy Regulator,Régie de l'énergie du Canada,CER,REC,Canada Energy Regulator,Office national de l’énergie,https://www.cer-rec.gc.ca/en/about/open-government/transparency/completed-access-information-requests/info-source.html,200.0,https://www.cer-rec.gc.ca/fr/regie/gouvernement-ouvert/transparence/demandes-acces-information-completees/info-source.html,200.0,https://www.cer-rec.gc.ca/index-eng.html,https://www.cer-rec.gc.ca/index-fra.html,cer-rec,221.0,195.0,ERG,ENR00,exact,,historical_exact,,gc:2312,https://cer-rec.gc.ca/about/open-government/transparency/completed-access-information-requests/info-source.html,https://cer-rec.gc.ca/regie/gouvernement-ouvert/transparence/demandes-acces-information-completees/info-source.html
2313,7,2026-03-11,,a,False,National Research Council Canada,Conseil national de recherches Canada,NRC,CNRC,National Research Council Canada,Conseil national de recherches Canada,https://nrc.canada.ca/en/corporate/transparency/access-information-privacy-acts-info-source,200.0,https://nrc.canada.ca/fr/organisation/transparence/lois-lacces-linformation-protection-renseignements-personnels-info-source,200.0,https://nrc.canada.ca/en,https://nrc.canada.ca/fr,nrc-cnrc,228.0,35.0,NRC,NRC00,exact,,exact,,gc:2313,https://nrc.canada.ca/corporate/transparency/access-information-privacy-acts-info-source,https://nrc.canada.ca/organisation/transparence/lois-lacces-linformation-protection-renseignements-personnels-info-source
2314,2,2026-03-11,,a,False,Natural Sciences and Engineering Research Council of Canada,Conseil de recherches en sciences naturelles et en génie du Canada,NSERC,CRSNG,Natural Sciences and Engineering Research Council of Canada,Conseil de recherches en sciences naturelles et en génie du Canada,http://www.nserc-crsng.gc.ca/ATIP-AIPRP/InfoSource-InfoSource/index_eng.asp,200.0,http://www.nserc-crsng.gc.ca/ATIP-AIPRP/InfoSource-InfoSource/index_fra.asp,200.0,www.nserc-crsng.gc.ca,www.nserc-crsng.gc.ca,nserc-crsng,230.0,27.0,NSE,NSE00,exact,,exact,,gc:2314,https://nserc-crsng.gc.ca/ATIP-AIPRP/InfoSource-InfoSource/index_eng.asp,https://nserc-crsng.gc.ca/ATIP-AIPRP/InfoSource-InfoSource/index_fra.asp
2315,0,2026-03-11,,a,False,Parks Canada,Parcs Canada,PC,PC,Parks Canada Agency,Agence Parcs Canada,https://parks.canada.ca/agence-agency/dp-pd/infosource,200.0,https://parcs.canada.ca/agence-agency/dp-pd/infosource,200.0,www.pc.gc.ca,www.pc.gc.ca,pc,263.0,124.0,CAP,CAP00,exact,,historical_exact,,gc:2315,https://parks.canada.ca/agence-agency/dp-pd/infosource,https://parcs.canada.ca/agence-agency/dp-pd/infosource
2316,0,2026-03-11,,a,False,Social Sciences and Humanities Research Council of Canada,Conseil de recherches en sciences humaines du Canada,SSHRC,CRSH,Social Sciences and Humanities Research Council of Canada,Conseil de recherches en science humaines,http://www.sshrc-crsh.gc.ca/transparency-transparence/atip-aiprp/infosource-eng.aspx,404.0,http://www.sshrc-crsh.gc.ca/transparency-transparence/atip-aiprp/infosource-fra.aspx,404.0,www.sshrc-crsh.gc.ca,www.sshrc-crsh.gc.ca,sshrc-crsh,306.0,63.0,SSH,SSH00,exact,,fuzzy,0.9048,gc:2316,https://sshrc-crsh.gc.ca/transparency-transparence/atip-aiprp/infosource-eng.aspx,https://sshrc-crsh.gc.ca/transparency-transparence/atip-aiprp/infosource-fra.aspx
2318,0,2026-03-11,,a,False,Polar Knowledge Canada,Savoir polaire Canada,POLAR,POLAIRE,Polar Knowledge Canada,Savoir polaire Canada,https://www.canada.ca/en/polar-knowledge/proactivedisclosure.html,200.0,https://www.canada.ca/fr/savoir-polaire/divulgationproactive.html,200.0,www.canada.ca/en/polar-knowledge.html,www.canada.ca/fr/savoir-polaire.html,polar-polaire,552.0,171.0,CHR,CHR00,exact,,exact,,gc:2318,https://canada.ca/polar-knowledge/proactivedisclosure.html,https://canada.ca/savoir-polaire/divulgationproactive.html
2319,0,2026-08-15,,a,False,Accessibility Standards Canada,Normes d'accessibilité Canada,ASC,NAC,Accessibility Standards Canada,Normes d’accessibilité Canada,https://accessible.canada.ca/transparency/ATIP/info-source-sources-federal-government-and-employee-information,200.0,https://accessibilite.canada.ca/transparence/AIPRP/info-source-sources-de-renseignements-du-gouvernement-federal-et-sur-les-fonctionnaires-federaux,200.0,https://accessible.canada.ca/,https://accessibilite.canada.ca/,casdo-ocena,558.0,199.0,CAQ,CAQ00,exact,,exact,,gc:2319,https://accessible.canada.ca/transparency/ATIP/info-source-sources-federal-government-and-employee-information,https://accessibilite.canada.ca/transparence/AIPRP/info-source-sources-de-renseignements-du-gouvernement-federal-et-sur-les-fonctionnaires-federaux
2396,20,2026-03-11,,a,False,Canadian Radio-television and Telecommunications Commission,Conseil de la radiodiffusion et des télécommunications canadiennes,CRTC,CRTC,Canadian Radio-television and Telecommunications Commission,Conseil de la radiodiffusion et des télécommunications canadiennes,http://www.crtc.gc.ca/eng/about/sources.htm,200.0,http://www.crtc.gc.ca/fra/about/sources.htm,200.0,www.crtc.gc.ca,www.crtc.gc.ca,crtc,93.0,16.0,RTC,RTC00,exact,,exact,,gc:2396,https://crtc.gc.ca/about/sources.htm,https://crtc.gc.ca/about/sources.htm
3437,0,2026-03-11,,a,False,Asia-Pacific Foundation of Canada,Fondation Asie-Pacifique du Canada,,,Asia Pacific Foundation of Canada,Fondation Asie Pacifique du Canada,https://www.asiapacific.ca/about-us/transparency/info-source,200.0,https://www.asiapacific.ca/fr/about-us/transparency/info-source,200.0,www.asiapacific.ca,www.asiapacific.ca,apfc-fapc,9.0,,,,exact,,exact,,gc:3437,https://asiapacific.ca/about-us/transparency/info-source,https://asiapacific.ca/about-us/transparency/info-source
3439,0,2026-03-11,,a,False,Belledune Port Authority,Administration portuaire de Belledune,,,Belledune Port Authority,Administration portuaire de Belledune,http://www.portofbelledune.ca/infoSource.php,400.0,http://www.portofbelledune.ca/infoSource.php?lang=1,400.0,www.portofbelledune.ca,www.portofbelledune.ca,pb,16.0,,,,exact,,exact,,gc:3439,https://portofbelledune.ca/infoSource.php,https://portofbelledune.ca/infoSource.php
3443,0,2026-03-11,,a,False,Canada Foundation for Innovation,Fondation canadienne pour l’innovation,,,Canada Foundation for Innovation,Fondation canadienne pour l’innovation,https://www.innovation.ca/access-information-privacy/information-holdings,200.0,https://www.innovation.ca/fr/acces-linformation-protection-renseignements-personnels/fonds-renseignements,200.0,www.innovation.ca,www.innovation.ca,innovation,35.0,,,,exact,,exact,,gc:3443,https://innovation.ca/access-information-privacy/information-holdings,https://innovation.ca/acces-linformation-protection-renseignements-personnels/fonds-renseignements
3444,0,2026-03-11,,a,False,Canada Foundation for Sustainable Development Technology,Fondation du Canada pour l’appui technologique au développement durable,,,Sustainable Development Technology Canada,Technologies du développement durable du Canada,https://www.sdtc.ca/en/about/accountability/info-source/,,https://www.sdtc.ca/fr/a-propos/responsabilite/info-source/,,www.sdtc.ca,www.sdtc.ca,,36.0,,,,exact,,historical_exact,,gc:3444,https://sdtc.ca/about/accountability/info-source,https://sdtc.ca/a-propos/responsabilite/info-source
3448,0,2026-03-11,,a,False,Canada-Newfoundland and Labrador Offshore Energy Regulator,Régie Canada-Terre-Neuve et Labrador de l'énergie extracôtière,,,Canada-Newfoundland and Labrador Offshore Petroleum Board,Office Canada–Terre-Neuve-et-Labrador des hydrocarbures extracôtiers,https://www.cnlopb.ca/information/infosource/,200.0,https://www.cnlopb.ca/wp-content/uploads/infosourcefr.pdf,404.0,https://www.cnloer.ca/,https://www.rctnlee.ca/,cnlopb,48.0,,CFO,,exact,,historical_exact,,gc:3448,https://cnlopb.ca/information/infosource,https://cnlopb.ca/wp-content/uploads/infosourcefr.pdf
3449,0,2026-03-11,,a,False,Canada-Nova Scotia Offshore Energy Regulator,Régie Canada-Nouvelle-Écosse de l'énergie extracôtière,,,Canada-Nova Scotia Offshore Petroleum Board,Office Canada – Nouvelle-Écosse des hydrocarbures extracôtiers,https://www.cnsopb.ns.ca/sites/default/files/resource/infosource_self_publishing_eng.pdf,404.0,https://www.ocnehe.ca/sites/default/files/resource/infosource_self_publishing_french.pdf,,https://cnsoer.ca/,https://rcneee.ca/,,49.0,,CNO,,exact,,historical_exact,,gc:3449,https://cnsopb.ns.ca/sites/default/files/resource/infosource_self_publishing_eng.pdf,https://ocnehe.ca/sites/default/files/resource/infosource_self_publishing_french.pdf
3468,0,2026-03-11,,a,False,Halifax Port Authority,Administration portuaire d'Halifax,,,Halifax Port Authority,Administration portuaire de Halifax,https://www.portofhalifax.ca/about-us/,403.0,https://www.portofhalifax.ca/a-propos-de-nous/administration-portuaire/info-source/?lang=fr,403.0,www.portofhalifax.ca,www.portofhalifax.ca,halpa-aphal,168.0,,,,exact,,fuzzy,0.9846,gc:3468,https://portofhalifax.ca/about-us,https://portofhalifax.ca/a-propos-de-nous/administration-portuaire/info-source
3469,0,2026-03-11,,a,False,Hamiton-Oshawa Port Authority (HOPA),Administration portuaire de Hamilton-Oshawa (APHO),,,,Administration portuaire de Hamilton,,,https://www.hopaports.ca/wp-content/uploads/2020/06/2018-Hamilton-Port-Authority-InfoSource-FR.pdf,200.0,https://www.hopaports.ca/,https://www.aphoports.ca/,hampa-apham,169.0,,,,,,fuzzy,0.9041,gc:3469,,https://hopaports.ca/wp-content/uploads/2020/06/2018-Hamilton-Port-Authority-InfoSource-FR.pdf
3477,0,2026-03-11,,a,False,Montréal Port Authority,Administration portuaire de Montréal,,,Montreal Port Authority,Administration portuaire de Montréal,https://www.port-montreal.com/images/pdf/2015-03-10_Info-Source-en.pdf,200.0,https://www.port-montreal.com/fr/centre-de-documentation/acces-a-l-information,403.0,www.port-montreal.com,www.port-montreal.com,mpa-apm,212.0,,,,exact,,exact,,gc:3477,https://port-montreal.com/images/pdf/2015-03-10_Info-Source-en.pdf,https://port-montreal.com/centre-de-documentation/acces-a-l-information
3478,0,2026-03-11,,a,False,Nanaimo Port Authority,Administration portuaire de Nanaimo,,,Nanaimo Port Authority,Administration portuaire de Nanaimo,https://portauthority.npa.ca/en/info-source/,403.0,https://portauthority.npa.ca/fr/info-source/,403.0,www.npa.ca,www.npa.ca,nnpa-apn,214.0,,,,exact,,exact,,gc:3478,https://portauthority.npa.ca/info-source,https://portauthority.npa.ca/info-source
3481,0,2026-03-11,,a,False,Oshawa Port Authority,Administration portuaire d’Oshawa,,,Oshawa Port Authority,,https://www.hopaports.ca/wp-content/uploads/2018/12/2018-Hamilton-Port-Authority-InfoSource.pdf,200.0,,,www.portofoshawa.ca,www.portofoshawa.ca,opa-apd,258.0,,,,exact,,,,gc:3481,https://hopaports.ca/wp-content/uploads/2018/12/2018-Hamilton-Port-Authority-InfoSource.pdf,
3484,0,2026-03-11,,a,False,"Pierre Elliott Trudeau Foundation, The","Fondation Pierre Elliott Trudeau, La",,,"Pierre Elliott Trudeau Foundation, The",Fondation Pierre Elliott Trudeau,http://www.trudeaufoundation.ca/en/about/publications/info-source,404.0,https://www.fondationtrudeau.ca/activites/nouvelles/covid-19-ressources-pour-la-communaute-de-la-fondation-pierre-elliott-trudeau,404.0,www.trudeaufoundation.ca,www.fondationtrudeau.ca,petf-fpet,269.0,,,,exact,,exact,,gc:3484,https://trudeaufoundation.ca/about/publications/info-source,https://fondationtrudeau.ca/activites/nouvelles/covid-19-ressources-pour-la-communaute-de-la-fondation-pierre-elliott-trudeau
3486,0,2026-03-11,,a,False,Port Alberni Port Authority,Administration portuaire de Port Alberni,,,Port Alberni Port Authority,Administration portuaire de Port Alberni,http://www.portalberniportauthority.ca/en/info-source,,http://www.portalberniportauthority.ca/fr/sources-de-renseignements,,www.portalberniportauthority.ca,www.portalberniportauthority.ca,papa-appa,271.0,,,,exact,,exact,,gc:3486,https://portalberniportauthority.ca/info-source,https://portalberniportauthority.ca/sources-de-renseignements
3490,0,2026-03-11,,a,False,Québec Port Authority,Administration portuaire de Québec,,,Quebec Port Authority,Administration portuaire de Québec,http://www.portquebec.ca/en/infosource-9a8f2afa-f22c-4c73-8684-3b4613d65aa9,200.0,http://www.portquebec.ca/infosource,404.0,www.portquebec.ca,www.portquebec.ca,qpa-apq,286.0,,,,exact,,exact,,gc:3490,https://portquebec.ca/infosource-9a8f2afa-f22c-4c73-8684-3b4613d65aa9,https://portquebec.ca/infosource
3493,6,2026-03-11,,a,False,Saguenay Port Authority,Administration portuaire du Saguenay,,,Saguenay Port Authority,Administration portuaire du Saguenay,http://www.portsaguenay.ca/en/page/info-source,200.0,http://www.portsaguenay.ca/fr/page/info-source,200.0,www.portsaguenay.ca,www.portsaguenay.ca,spa-aps,298.0,,,,exact,,exact,,gc:3493,https://portsaguenay.ca/page/info-source,https://portsaguenay.ca/page/info-source
3497,22,2026-03-11,,a,False,Sept-Îles Port Authority,Administration portuaire de Sept-Îles,,,Sept-Îles Port Authority,Administration portuaire de Sept-Îles,http://www.portsi.com/access-information/info-source/?lang=en,200.0,http://www.portsi.com/acces-a-linformation/info-source/,200.0,www.portsi.com,www.portsi.com,psi,304.0,,,,exact,,exact,,gc:3497,https://portsi.com/access-information/info-source,https://portsi.com/acces-a-linformation/info-source
3500,0,2026-03-11,,a,False,St. John’s Port Authority,Administration portuaire de St. John’s,,,St. John's Port Authority,Administration portuaire de St. John’s,https://sjpa-apsj.com/uploads/images/pages/2022-SJPA-Info-Source.pdf,200.0,https://sjpa.com/fr/administration-portuaire/rapports-dinformation/,200.0,,,,310.0,,,,exact,,exact,,gc:3500,https://sjpa-apsj.com/uploads/images/pages/2022-SJPA-Info-Source.pdf,https://sjpa.com/administration-portuaire/rapports-dinformation
3504,0,2026-03-11,,a,False,Thunder Bay Port Authority,Administration portuaire de Thunder Bay,,,Thunder Bay Port Authority,Administration portuaire de Thunder Bay,https://www.portofthunderbay.ca/wp-content/uploads/2020/04/Infosource-Thunder-Bay-Port-Authority-20.pdf,200.0,https://www.portofthunderbay.ca/wp-content/uploads/2020/04/Infosource-Administration-portuaire-de-Thunder-Bay-20.pdf,200.0,www.portofthunderbay.com,www.portofthunderbay.com,tbpa-aptb,319.0,,,,exact,,exact,,gc:3504,https://portofthunderbay.ca/wp-content/uploads/2020/04/Infosource-Thunder-Bay-Port-Authority-20.pdf,https://portofthunderbay.ca/wp-content/uploads/2020/04/Infosource-Administration-portuaire-de-Thunder-Bay-20.pdf
3506,0,2026-03-11,,a,False,Toronto Port Authority,Administration portuaire de Toronto,,,Toronto Port Authority,Administration portuaire de Toronto,https://www.portstoronto.com/Media/PortsToronto/PortsToronto/Toronto-Port-Authority-InfoSource-Chapter-(2016)-March-2017ENG.pdf,404.0,https://www.portstoronto.com/portstoronto/responsabilite.aspx,404.0,www.portstoronto.com,www.portstoronto.com,tpa-apt,321.0,,,,exact,,exact,,gc:3506,https://portstoronto.com/Media/PortsToronto/PortsToronto/Toronto-Port-Authority-InfoSource-Chapter-(2016)-March-2017ENG.pdf,https://portstoronto.com/portstoronto/responsabilite.aspx
3507,0,2026-03-11,,a,False,Trois-Rivières Port Authority,Administration portuaire de Trois-Rivières,,,Trois-Rivières Port Authority,Administration portuaire de Trois-Rivières,https://porttr.com/en/port-authority/governance/info-source/,200.0,http://www.porttr.com/communications-medias/info-source,200.0,www.porttr.com,www.porttr.com,ptr,327.0,,,,exact,,exact,,gc:3507,https://porttr.com/port-authority/governance/info-source,https://porttr.com/communications-medias/info-source
3514,0,2026-03-11,,a,False,Windsor Port Authority,Administration portuaire de Windsor,,,Windsor Port Authority,Administration portuaire de Windsor,https://www.portwindsor.com/wp-content/uploads/2018/02/Port-of-Windsor-Info-Source-2018-1.pdf,404.0,https://www.portwindsor.com/wp-content/uploads/2018/02/Port-of-Windsor-Info-Source-2018-fr-2.pdf,404.0,www.portwindsor.com,www.portwindsor.com,wpa-apw,338.0,,,,exact,,exact,,gc:3514,https://portwindsor.com/wp-content/uploads/2018/02/Port-of-Windsor-Info-Source-2018-1.pdf,https://portwindsor.com/wp-content/uploads/2018/02/Port-of-Windsor-Info-Source-2018-fr-2.pdf
3524,0,2026-03-11,,d,False,First Nations Financial Management Board,Conseil de gestion financière des premières nations,,,First Nations Financial Management Board,Conseil de gestion financière des Premières nations,https://fnfmb.com/en/privacy-and-disclosure/info-source,404.0,https://fnfmb.com/fr/protection-et-communication-des-renseignements/info-source,404.0,,,fnfmb-cgfpn,153.0,,,,exact,,exact,,gc:3524,https://fnfmb.com/privacy-and-disclosure/info-source,https://fnfmb.com/protection-et-communication-des-renseignements/info-source
3525,0,2026-03-11,,d,False,First Nations Tax Commission,Commission de la fiscalité des premières nations,,,First Nations Tax Commission,Commission de la fiscalité des Premières nations,http://fntc.ca/access-and-privacy/,404.0,http://fntc.ca/access-and-privacy/?lang=fr,404.0,,,fntc-cfpn,155.0,,,,exact,,exact,,gc:3525,https://fntc.ca/access-and-privacy,https://fntc.ca/access-and-privacy
3561,0,2026-03-11,,,False,Canadian War Museum,Musée canadien de la guerre,,,Canadian Museum of History and Canadian War Museum,,https://www.historymuseum.ca/about/the-corporation/corporate-reports/access-information-privacy/#info-source,200.0,,,,,,,,,,exact,,,,gc:3561,https://historymuseum.ca/about/the-corporation/corporate-reports/access-information-privacy,
3572,0,2026-03-11,,,False,Historic Sites and Monuments Board of Canada,Commission des lieux et monuments historiques du Canada,,,Historic Sites and Monuments Board of Canada,Commission des lieux et monuments historiques du Canada,https://www.canada.ca/en/treasury-board-secretariat/services/access-information-privacy/access-information/information-about-programs-information-holdings/historic-sites-monuments-board-canada.html,200.0,https://www.canada.ca/fr/secretariat-conseil-tresor/services/acces-information-protection-reseignements-personnels/acces-information/renseignements-programmes-fonds-renseignements/commission-lieux-monuments-historiques-canada.html,200.0,,,hsmbc-clmhc,,,,,exact,,exact,,gc:3572,https://canada.ca/treasury-board-secretariat/services/access-information-privacy/access-information/information-about-programs-information-holdings/historic-sites-monuments-board-canada.html,https://canada.ca/secretariat-conseil-tresor/services/acces-information-protection-reseignements-personnels/acces-information/renseignements-programmes-fonds-renseignements/commission-lieux-monuments-historiques-canada.html
3579,0,2026-03-11,,a,False,National Security and Intelligence Review Agency,Office de surveillance des activités en matière de sécurité nationale et de renseignement,,,National Security Intelligence Review Agency,Comité de surveillance des activités de renseignement de sécurité,http://www.sirc-csars.gc.ca/prddpr/index-eng.html,200.0,http://www.sirc-csars.gc.ca/prddpr/index-fra.html,200.0,,,nsira-ossnr,302.0,,,,exact,,historical_exact,,gc:3579,https://sirc-csars.gc.ca/prddpr/index-eng.html,https://sirc-csars.gc.ca/prddpr/index-fra.html
3613,1,2026-03-11,,,False,Ship-source Oil Pollution Fund,Caisse d'indemnisation des dommages dus à la pollution par les hydrocarbures causée par les navires,,,Ship Source Oil Pollution Fund,Caisse d’indemnisation des dommages dus a la pollution par les hydrocarbures causée par les navires,https://sopf.gc.ca/?page_id=3123,200.0,https://sopf.gc.ca/?page_id=3128&lang=fr,200.0,,,sopf-cidp,,,,,exact,,exact,,gc:3613,https://sopf.gc.ca?page_id=3123,https://sopf.gc.ca?page_id=3128
3615,0,2026-03-11,,a,False,Canadian Dairy Commission,Commission canadienne du lait,,,Canadian Dairy Commission,Commission canadienne du lait,http://www.cdc-ccl.gc.ca/CDC/index-eng.php?id=4141,200.0,http://www.cdc-ccl.gc.ca/CDC/index-fra.php?id=4141,200.0,www.cdc-ccl.gc.ca,www.cdc-ccl.gc.ca,,61.0,134.0,CDC,,exact,,exact,,gc:3615,https://cdc-ccl.gc.ca/CDC/index-eng.php?id=4141,https://cdc-ccl.gc.ca/CDC/index-fra.php?id=4141
3616,0,2026-03-11,,a,False,Farm Credit Canada,Financement agricole Canada,,,Farm Credit Canada,Financement agricole Canada,https://www.fcc-fac.ca/en/about-fcc/governance/transparency/info-source.html,200.0,https://www.fcc-fac.ca/fr/a-propos-de-fac/gouvernance/transparence/info-source.html,200.0,www.fcc-fac.ca,www.fcc-fac.ca,,147.0,,FCC,,exact,,exact,,gc:3616,https://fcc-fac.ca/about-fcc/governance/transparency/info-source.html,https://fcc-fac.ca/a-propos-de-fac/gouvernance/transparence/info-source.html
3618,13,2026-03-11,,a,False,Canada Council for the Arts,Conseil des Arts du Canada,,,Canada Council for the Arts,Conseil des Arts du Canada,http://canadacouncil.ca/about/public-accountability/info-source,200.0,http://conseildesarts.ca/a-propos/responsabilite-publique/info-source,200.0,www.canadacouncil.ca,www.conseildesarts.ca,,29.0,,CCL,,exact,,exact,,gc:3618,https://canadacouncil.ca/about/public-accountability/info-source,https://conseildesarts.ca/a-propos/responsabilite-publique/info-source
3619,0,2026-03-11,,a,False,Canadian Broadcasting Corporation,Société Radio-Canada,,,Canadian Broadcasting Corporation,Société Radio-Canada (CBC/Radio-Canada),https://cbc.radio-canada.ca/en/impact-and-accountability/access-to-information/infosource,200.0,https://cbc.radio-canada.ca/fr/transparence-et-engagement/acces-a-linformation/infosource,200.0,www.cbc.radio-canada.ca,www.cbc.radio-canada.ca,,53.0,,,,exact,,exact,,gc:3619,https://cbc.radio-canada.ca/impact-and-accountability/access-to-information/infosource,https://cbc.radio-canada.ca/transparence-et-engagement/acces-a-linformation/infosource
3620,0,2026-03-11,,a,False,Canadian Museum for Human Rights,Musée canadien pour les droits de la personne,,,Canadian Museum for Human Rights,Musée canadien pour les droits de la personne,https://humanrights.ca/about/transparency/access-information-and-privacy/info-source,200.0,https://droitsdelapersonne.ca/propos/transparence/acces-linformation-et-protection-des-renseignements-personnels/info-source,200.0,www.humanrights.ca,www.droitsdelapersonne.ca,,81.0,,,,exact,,exact,,gc:3620,https://humanrights.ca/about/transparency/access-information-and-privacy/info-source,https://droitsdelapersonne.ca/propos/transparence/acces-linformation-et-protection-des-renseignements-personnels/info-source
3622,0,2026-03-11,,a,False,Canadian Museum of Immigration at Pier 21,Musée canadien de l’immigration du Quai 21,,,Canadian Museum of Immigration at Pier 21,Musée canadien de l’immigration du Quai 21,https://pier21.ca/sites/default/files/corporate-reports/2019_Info_Source_EN.pdf,200.0,https://quai21.ca/sites/default/files/rapports-corporatifs/2019_Info_Source_FR_CMIP21.pdf,200.0,www.pier21.ca,www.quai21.ca,,84.0,,,,exact,,exact,,gc:3622,https://pier21.ca/sites/default/files/corporate-reports/2019_Info_Source_EN.pdf,https://quai21.ca/sites/default/files/rapports-corporatifs/2019_Info_Source_FR_CMIP21.pdf
3623,0,2026-03-11,,a,False,Canadian Museum of Nature,Musée canadien de la nature,,,Canadian Museum of Nature,Musée canadien de la nature,https://nature.ca/en/about-the-museum/governance/corporate-reports/transparency-and-accountability/,200.0,https://nature.ca/fr/au-sujet-du-musee/gouvernance/rapports-dentreprise/transparence-et-responsabilisation/,200.0,www.nature.ca,www.nature.ca,,85.0,,,,exact,,exact,,gc:3623,https://nature.ca/about-the-museum/governance/corporate-reports/transparency-and-accountability,https://nature.ca/au-sujet-du-musee/gouvernance/rapports-dentreprise/transparence-et-responsabilisation
3624,0,2026-03-11,,a,False,Canadian Race Relations Foundation,Fondation canadienne des relations raciales,,,Canadian Race Relations Foundation,Fondation canadienne des relations raciales,http://www.crrf-fcrr.ca/en/infosource2,404.0,http://www.crrf-fcrr.ca/fr/la-fcrr/transparence/24898-info-source-sources-de-renseignements-du-gouvernement-federal-et-sur-les-fonctionnaires-federaux,404.0,www.crr.ca,www.crrf-fcrr.ca/fr,,92.0,,,,exact,,exact,,gc:3624,https://crrf-fcrr.ca/infosource2,https://crrf-fcrr.ca/la-fcrr/transparence/24898-info-source-sources-de-renseignements-du-gouvernement-federal-et-sur-les-fonctionnaires-federaux
3625,7,2026-03-11,,a,False,National Arts Centre Corporation,Société du Centre national des Arts,,,National Arts Centre,Centre national des Arts,http://nac-cna.ca/en/legal/infosource,200.0,http://nac-cna.ca/fr/legal/infosource,200.0,www.nac-cna.ca,www.cna-nac.ca,,217.0,,NAC,,exact,,historical_exact,,gc:3625,https://nac-cna.ca/legal/infosource,https://nac-cna.ca/legal/infosource
3626,0,2026-03-11,,a,False,National Gallery of Canada,Musée des beaux-arts du Canada,,,National Gallery of Canada,Musée des beaux-arts du Canada,https://www.gallery.ca/sites/default/files/upload/2020_-_info_source_update_-_eng_-_final_-_december_11_2020.pdf,403.0,https://www.beaux-arts.ca/sites/default/files/upload/2020_-_info_source_update_-_fra_-_final_-_december_11_2020.pdf,403.0,www.gallery.ca,www.beaux-arts.ca,,224.0,,,,exact,,exact,,gc:3626,https://gallery.ca/sites/default/files/upload/2020_-_info_source_update_-_eng_-_final_-_december_11_2020.pdf,https://beaux-arts.ca/sites/default/files/upload/2020_-_info_source_update_-_fra_-_final_-_december_11_2020.pdf
3627,0,2026-03-11,,a,False,National Museum of Science and Technology,Musée national des sciences et de la technologie,,,Ingenium – Canada’s Museums of Science and Innovation,,https://ingeniumcanada.org/info-sources-report,403.0,,,https://ingeniumcanada.org/scitech,https://ingeniumcanada.org/fr/scitech,,226.0,,,,exact,,,,gc:3627,https://ingeniumcanada.org/info-sources-report,
3629,7,2026-03-11,,a,False,Telefilm Canada,Téléfilm Canada,,,Telefilm Canada,Téléfilm Canada,https://telefilm.ca/en/transparency/info-source,200.0,https://telefilm.ca/fr/transparence/info-source,200.0,www.telefilm.ca,www.telefilm.ca,,315.0,37.0,,,exact,,exact,,gc:3629,https://telefilm.ca/transparency/info-source,https://telefilm.ca/transparence/info-source
3631,0,2026-03-11,,a,False,Canada Mortgage and Housing Corporation,Société canadienne d’hypothèques et de logement,,,Canada Mortgage and Housing Corporation,Société canadienne d’hypothèques et de logement,https://assets.cmhc-schl.gc.ca/sites/cmhc/about-cmhc/corporate-reporting/transparency/access-to-information-and-privacy-protection/info-source-2021-en.pdf?rev=142d8e70-828e-48ef-8df7-f8f3098fbe4c,200.0,https://assets.cmhc-schl.gc.ca/sites/cmhc/about-cmhc/corporate-reporting/transparency/access-to-information-and-privacy-protection/info-source-2021-fr.pdf?rev=8ab763a9-e5bb-4338-a0cb-881c4463f5c6,200.0,www.cmhc.ca,www.schl.ca,,42.0,91.0,,,exact,,exact,,gc:3631,https://assets.cmhc-schl.gc.ca/sites/cmhc/about-cmhc/corporate-reporting/transparency/access-to-information-and-privacy-protection/info-source-2021-en.pdf?rev=142d8e70-828e-48ef-8df7-f8f3098fbe4c,https://assets.cmhc-schl.gc.ca/sites/cmhc/about-cmhc/corporate-reporting/transparency/access-to-information-and-privacy-protection/info-source-2021-fr.pdf?rev=8ab763a9-e5bb-4338-a0cb-881c4463f5c6
3633,43,2026-03-11,,a,False,Bank of Canada,Banque du Canada,,,Bank of Canada,Banque du Canada,http://www.bankofcanada.ca/about/contact-information/atip/info-source/,200.0,http://www.banqueducanada.ca/sujet-banque/pour-renseignements/acces-information-protection/info-source/,200.0,www.bankofcanada.ca,www.bank-banque-canada.ca,,15.0,,,,exact,,exact,,gc:3633,https://bankofcanada.ca/about/contact-information/atip/info-source,https://banqueducanada.ca/sujet-banque/pour-renseignements/acces-information-protection/info-source
3634,0,2026-03-11,,a,False,Canada Deposit Insurance Corporation,Société d’assurance-dépôts du Canada,,,Canada Deposit Insurance Corporation,Société d’assurance-dépôts du Canada,http://www.cdic.ca/en/about-cdic/policies-reports/atip/Pages/infosource.aspx,404.0,http://www.cdic.ca/fr/qui-nous-sommes/politiques-rapports/acces-a-information/Pages/infosource.aspx,404.0,www.cdic.ca,www.sadc.ca,,30.0,,,,exact,,exact,,gc:3634,https://cdic.ca/about-cdic/policies-reports/atip/Pages/infosource.aspx,https://cdic.ca/qui-nous-sommes/politiques-rapports/acces-a-information/Pages/infosource.aspx
3635,0,2026-03-11,,a,False,Canada Development Investment Corporation,Corporation de développement des investissements du Canada,,,Canada Development Investment Corporation,Corporation de développement des investissements du Canada,https://www.cdev.gc.ca/info-source/canada-development-investment-corporation/,200.0,https://www.cdev.gc.ca/fr/info-source-2/corporation-de-developpement-des-investissements-du-canada/,404.0,www.cdev.gc.ca,www.cdev.gc.ca,,31.0,,,,exact,,exact,,gc:3635,https://cdev.gc.ca/info-source/canada-development-investment-corporation,https://cdev.gc.ca/info-source-2/corporation-de-developpement-des-investissements-du-canada
3637,4,2026-03-11,,a,False,Royal Canadian Mint,Monnaie royale canadienne,,,Royal Canadian Mint,Monnaie royale canadienne,https://www.mint.ca/en/privacy-charter/info-source-en,200.0,https://www.mint.ca/fr/charte-de-confidentialite/info-source-fr,200.0,www.mint.ca,www.monnaie.ca,,294.0,,,,exact,,exact,,gc:3637,https://mint.ca/privacy-charter/info-source-en,https://mint.ca/charte-de-confidentialite/info-source-fr
3638,0,2026-03-11,,a,False,Freshwater Fish Marketing Corporation,Office de commercialisation du poisson d’eau douce,,,Freshwater Fish Marketing Corporation,Office de commercialisation du poisson d’eau douce,http://www.freshwaterfish.com/content/pages/introduction-info-source,404.0,http://www.freshwaterfish.com/content/pages/pr%C3%A9sentation-dinfo-source,404.0,www.freshwaterfish.com/,www.freshwaterfish.com/fr,,157.0,,,,exact,,exact,,gc:3638,https://freshwaterfish.com/content/pages/introduction-info-source,https://freshwaterfish.com/content/pages/pr%C3%A9sentation-dinfo-source
3639,0,2026-03-11,,a,False,Canadian Commercial Corporation,Corporation commerciale canadienne,,,Canadian Commercial Corporation,Corporation commerciale canadienne,https://www.ccc.ca/wp-content/uploads/2021/12/InfoSource-2021-FINAL_EN.pdf,200.0,https://www.ccc.ca/wp-content/uploads/2021/12/InfoSource-2021-FINAL_FR.pdf,200.0,www.ccc.ca,www.ccc.ca,,58.0,,,,exact,,exact,,gc:3639,https://ccc.ca/wp-content/uploads/2021/12/InfoSource-2021-FINAL_EN.pdf,https://ccc.ca/wp-content/uploads/2021/12/InfoSource-2021-FINAL_FR.pdf
3640,11,2026-03-11,,a,False,Export Development Canada,Exportation et développement Canada,,,Export Development Canada,Exportation et développement Canada,https://www.edc.ca/en/about-us/corporate/disclosure/info-source.html,200.0,https://www.edc.ca/fr/a-propos-de-nous/entreprise/divulgation/source-info.html,200.0,www.edc.ca,www.edc.ca,,146.0,123.0,,,exact,,exact,,gc:3640,https://edc.ca/about-us/corporate/disclosure/info-source.html,https://edc.ca/a-propos-de-nous/entreprise/divulgation/source-info.html
3641,6,2026-03-11,,a,False,International Development Research Centre,Centre de recherches pour le développement international,,,International Development Research Centre,Centre de recherches pour le développement international,https://www.idrc.ca/en/about-idrc/transparency/info-source,200.0,https://www.idrc.ca/fr/propos-du-crdi/transparence/info-source,200.0,www.idrc.ca,www.crdi.ca,,186.0,,,,exact,,exact,,gc:3641,https://idrc.ca/about-idrc/transparency/info-source,https://idrc.ca/propos-du-crdi/transparence/info-source
3642,0,2026-03-11,,a,False,Canada Infrastructure Bank,Banque de l’infrastructure du Canada,,,Canada Infrastructure Bank,Banque de l’infrastructure du Canada,https://cdn.cib-bic.ca/files/Governance/Info-Source-CIB-2021.pdf,200.0,https://cdn.cib-bic.ca/files/Governance/Info-Source-BIC-2021.pdf,200.0,www.infrastructure.gc.ca/CIB-BIC/index-eng.html,www.infrastructure.gc.ca/CIB-BIC/index-fra.html,,344.0,,,,exact,,exact,,gc:3642,https://cdn.cib-bic.ca/files/Governance/Info-Source-CIB-2021.pdf,https://cdn.cib-bic.ca/files/Governance/Info-Source-BIC-2021.pdf
3643,0,2026-03-11,,a,False,The Jacques-Cartier and Champlain Bridges Inc.,Les Ponts Jacques-Cartier et Champlain Inc.,,,"Jacques Cartier and Champlain Bridges Incorporated, The","Ponts Jacques Cartier et Champlain Incorporée, Les",https://jacquescartierchamplain.ca/en/the-corporation/reports-and-publications/info-source/,200.0,https://jacquescartierchamplain.ca/fr/la-societe/rapports-et-publications/info-source/,200.0,www.jacquescartierchamplain.ca,www.jacquescartierchamplain.ca,,194.0,,,,exact,,fuzzy,0.9091,gc:3643,https://jacquescartierchamplain.ca/the-corporation/reports-and-publications/info-source,https://jacquescartierchamplain.ca/la-societe/rapports-et-publications/info-source
3644,0,2026-03-11,,a,False,Windsor-Detroit Bridge Authority,Autorité du pont Windsor-Détroit,,,Windsor-Detroit Bridge Authority,Autorité du pont Windsor-Detroit,https://www.wdbridge.com/en/info-source,200.0,https://www.wdbridge.com/fr/info-source,200.0,https://www.gordiehoweinternationalbridge.com/en,https://www.gordiehoweinternationalbridge.com/fr,,339.0,,,,exact,,exact,,gc:3644,https://wdbridge.com/info-source,https://wdbridge.com/info-source
3646,0,2026-03-11,,a,False,Business Development Bank of Canada,Banque de développement du Canada,,,Business Development Bank of Canada,Banque de développement du Canada,http://www.bdc.ca/en/transparency/Pages/infosource.aspx,200.0,http://www.bdc.ca/FR/transparence/Pages/infosource.aspx,200.0,www.bdc.ca,www.bdc.ca,,20.0,,,,exact,,exact,,gc:3646,https://bdc.ca/transparency/Pages/infosource.aspx,https://bdc.ca/transparence/Pages/infosource.aspx
3647,0,2026-08-15,,a,False,Destination Canada,Destination Canada,,,,Destination Canada (anciennement Commission canadienne du tourisme),,,https://www.destinationcanada.com/sites/default/files/2021-03/PIBS%20-%20Information%20Holdings%20FR_Feb%202021%20%281%29.pdf,200.0,en-corporate.canada.travel,fr-corporate.canada.travel,,97.0,,TRC,,,,exact,,gc:3647,,https://destinationcanada.com/sites/default/files/2021-03/PIBS%20-%20Information%20Holdings%20FR_Feb%202021%20%281%29.pdf
3648,0,2026-03-11,,a,False,Standards Council of Canada,Conseil canadien des normes,,,Standards Council of Canada,Conseil canadien des normes,http://www.scc.ca/en/info-source,403.0,http://www.scc.ca/fr/notre-organisme/transparence/info-source,404.0,www.scc.ca,www.ccn.ca,,312.0,,,,exact,,exact,,gc:3648,https://scc.ca/info-source,https://scc.ca/notre-organisme/transparence/info-source
3649,0,2026-03-11,,a,False,Atomic Energy of Canada Limited,Énergie atomique du Canada limitée,,,Atomic Energy of Canada Limited,Énergie atomique du Canada Limitée,https://www.aecl.ca/access-to-information-and-privacy-acts/info-source/,200.0,https://www.aecl.ca/fr/loi-sur-l-acces-a-l-information-et-sur-la-protection-des-renseignements-personnels/info-source/,200.0,www.aecl.ca,www.aecl.ca,,14.0,,AEC,,exact,,exact,,gc:3649,https://aecl.ca/access-to-information-and-privacy-acts/info-source,https://aecl.ca/loi-sur-l-acces-a-l-information-et-sur-la-protection-des-renseignements-personnels/info-source
3650,0,2026-03-11,,a,False,Canada Lands Company Limited,Société immobilière du Canada limitée,,,Canada Lands Company Limited,Société immobilière du Canada limitée,https://www.clc-sic.ca/info-source,200.0,https://www.clc-sic.ca/francais/info-source,200.0,https://www.clc-sic.ca/,https://www.clc-sic.ca/francais,,40.0,,,,exact,,exact,,gc:3650,https://clc-sic.ca/info-source,https://clc-sic.ca/francais/info-source
3651,0,2026-03-11,,a,False,Canada Post,Postes Canada,,,Canada Post,Postes Canada,https://www.canadapost.ca/cpc/en/our-company/about-us/transparency-and-trust/access-to-information.page,200.0,https://www.canadapost-postescanada.ca/scp/fr/notre-entreprise/a-notre-sujet/transparence-et-confiance/centre-de-protection-de-la-vie-privee/info-source/introduction-a-info-source.page,200.0,www.canadapost.ca,www.postescanada.ca,,44.0,,,,exact,,exact,,gc:3651,https://canadapost.ca/cpc/our-company/about-us/transparency-and-trust/access-to-information.page,https://canadapost-postescanada.ca/scp/notre-entreprise/a-notre-sujet/transparence-et-confiance/centre-de-protection-de-la-vie-privee/info-source/introduction-a-info-source.page
3652,0,2026-03-11,,a,False,Defence Construction Canada,Construction de Défense Canada,,,Defence Construction Canada,Construction de Défense Canada,https://www.dcc-cdc.gc.ca/documents/reports/Info_Source_E.pdf,200.0,https://www.dcc-cdc.gc.ca/documents/reports/Info_Source_F.pdf,200.0,https://www.dcc-cdc.gc.ca/,https://www.cdc-dcc.gc.ca/,,119.0,,DCL,,exact,,exact,,gc:3652,https://dcc-cdc.gc.ca/documents/reports/Info_Source_E.pdf,https://dcc-cdc.gc.ca/documents/reports/Info_Source_F.pdf
3653,0,2026-03-11,,a,False,National Capital Commission,Commission de la capitale nationale,,,National Capital Commission,Commission de la capitale nationale,http://ncc-ccn.gc.ca/transparency,200.0,https://ccn-ncc.gc.ca/transparence,200.0,www.ncc-ccn.gc.ca,www.ccn-ncc.gc.ca,,219.0,,NCC,,exact,,exact,,gc:3653,https://ncc-ccn.gc.ca/transparency,https://ccn-ncc.gc.ca/transparence
3654,7,2026-03-11,,a,False,Atlantic Pilotage Authority Canada,Administration de pilotage de l’Atlantique,,,Atlantic Pilotage Authority,Administration de pilotage de l’Atlantique,https://www.atlanticpilotage.com/reports/access-to-information-and-privacy/info-source/,200.0,https://www.pilotagedelatlantique.com/rapports/acces-a-linformation-et-protection-des-renseignements-personnels/info-source/,404.0,www.atlanticpilotage.com,www.atlanticpilotage.com,,13.0,,,,historical_exact,,exact,,gc:3654,https://atlanticpilotage.com/reports/access-to-information-and-privacy/info-source,https://pilotagedelatlantique.com/rapports/acces-a-linformation-et-protection-des-renseignements-personnels/info-source
3655,0,2026-03-11,,a,False,Canadian Air Transport Security Authority,Administration canadienne de la sûreté du transport aérien,,,Canadian Air Transport Security Authority,Administration canadienne de la sûreté du transport aérien,https://www.catsa-acsta.gc.ca/sites/default/files/2021_infosourcechapter.pdf,404.0,https://www.catsa-acsta.gc.ca/sites/default/files/2021_infosourcechapter_fr.pdf,404.0,www.catsa.gc.ca,www.acsta.gc.ca,,51.0,,,,exact,,exact,,gc:3655,https://catsa-acsta.gc.ca/sites/default/files/2021_infosourcechapter.pdf,https://catsa-acsta.gc.ca/sites/default/files/2021_infosourcechapter_fr.pdf
3656,0,2026-03-11,,a,False,Great Lakes Pilotage Authority Canada,Administration de pilotage des Grands Lacs Canada,,,Great Lakes Pilotage Authority,Administration de pilotage des Grands Lacs,https://www.glpa-apgl.com/reports/information-sources/information-source-2013-eng.pdf,200.0,http://www.glpa-apgl.com/fr/reports-and-documents/information-source/,200.0,www.glpa-apgl.com,www.glpa-apgl.com,,163.0,,,,exact,,fuzzy,0.9091,gc:3656,https://glpa-apgl.com/reports/information-sources/information-source-2013-eng.pdf,https://glpa-apgl.com/reports-and-documents/information-source
3657,0,2026-03-11,,a,False,Laurentian Pilotage Authority Canada,Administration de pilotage des Laurentides Canada,,,Laurentian Pilotage Authority,Administration de pilotage des Laurentides,http://www.pilotagestlaurent.gc.ca/en/information-sources.html,200.0,http://www.pilotagestlaurent.gc.ca/fr/sources-de-renseignements.html,200.0,www.pilotagestlaurent.gc.ca,www.pilotagestlaurent.gc.ca,,197.0,,,,historical_exact,,fuzzy,0.9091,gc:3657,https://pilotagestlaurent.gc.ca/information-sources.html,https://pilotagestlaurent.gc.ca/sources-de-renseignements.html
3658,0,2026-03-11,,a,False,Marine Atlantic Inc.,Marine Atlantique S.C.C.,,,Marine Atlantic Inc.,Marine Atlantique S.C.C.,https://www.marineatlantic.ca/en/about-us/corporate-information/Reports/,200.0,https://www.marineatlantique.ca/sites/default/files/2019-03/Marine_Atlantique_Info_Source_2017.pdf,200.0,www.marine-atlantic.ca,www.marine-atlantic.ca,,202.0,,,,exact,,exact,,gc:3658,https://marineatlantic.ca/about-us/corporate-information/Reports,https://marineatlantique.ca/sites/default/files/2019-03/Marine_Atlantique_Info_Source_2017.pdf
3659,0,2026-03-11,,a,False,Pacific Pilotage Authority Canada,Administration de pilotage du Pacifique Canada,,,Pacific Pilotage Authority,Administration de pilotage du Pacifique,https://ppa.gc.ca/other-reports,200.0,http://www.ppa.gc.ca/text/publications/Info%20Source%202017%20Administration%20de%20pilotage%20du%20Pacifique%20French.pdf,404.0,www.ppa.gc.ca,www.ppa.gc.ca,,261.0,,,,historical_exact,,fuzzy,0.9041,gc:3659,https://ppa.gc.ca/other-reports,https://ppa.gc.ca/text/publications/Info%20Source%202017%20Administration%20de%20pilotage%20du%20Pacifique%20French.pdf
3660,0,2026-03-11,,t,False,Ridley Terminals Inc.,Ridley Terminals Inc.,,,,Ridley Terminals Inc.,,,http://www.rti.ca/fr/pour-nous-joindre,,www.rti.ca,www.rti.ca,,292.0,,,,,,exact,,gc:3660,,https://rti.ca/pour-nous-joindre
3661,6,2026-03-11,,a,False,Federal Bridge Corporation,Société des ponts fédéraux,,,"Federal Bridge Corporation Limited, The",Société des ponts fédéraux Limitée,https://www.federalbridge.ca/transparency/info-source-sources-of-federal-government-and-employee-information/,200.0,https://www.pontsfederaux.ca/sources/spfl/,200.0,www.federalbridge.ca,www.federalbridge.ca,,148.0,,,,exact,,historical_exact,,gc:3661,https://federalbridge.ca/transparency/info-source-sources-of-federal-government-and-employee-information,https://pontsfederaux.ca/sources/spfl
3662,0,2026-03-11,,a,False,VIA Rail Canada Inc.,VIA Rail Canada inc.,,,VIA Rail Canada Inc.,VIA Rail Canada Inc.,https://corpo.viarail.ca/en/company/governance-ethics#info-source-en,200.0,https://corpo.viarail.ca/fr/entreprise/gouvernance-ethique#info-source-fr,200.0,www.viarail.ca/en,www.viarail.ca/fr,,334.0,,,,exact,,exact,,gc:3662,https://corpo.viarail.ca/company/governance-ethics,https://corpo.viarail.ca/entreprise/gouvernance-ethique
3663,0,2026-03-11,,a,False,Public Sector Pension Investment Board,Office d’investissement des régimes de pensions du secteur public,,,Public Sector Pension Investment Board,Office d’investissement des régimes de pensions du secteur public,http://www.investpsp.com/en/privacy-statement.html,404.0,http://www.investpsp.com/fr/privacy-statement.html,404.0,www.investpsp.ca,www.investpsp.ca,,281.0,,,,exact,,exact,,gc:3663,https://investpsp.com/privacy-statement.html,https://investpsp.com/privacy-statement.html
3689,0,2026-03-11,,t,False,Old Port of Montreal Corporation Inc.,Société du Vieux-Port de Montréal Inc.,,,Old Port of Montreal Corporation Inc,,https://www.oldportcorporation.com/sites/default/files/inline-files/opmc-infosource-updated-2020.pdf,200.0,,,,,,257.0,,,,exact,,,,gc:3689,https://oldportcorporation.com/sites/default/files/inline-files/opmc-infosource-updated-2020.pdf,
3690,0,2026-03-11,,a,False,Parc Downsview Park Inc.,Parc Downsview Park Inc,,,Parc Downsview Park Inc.,Parc Downsview Park Inc.,https://en.downsviewpark.ca/reporting,200.0,https://parcdownsview.ca/acces-linformation-et-info-source,200.0,https://downsviewpark.ca/,https://parcdownsview.ca/,,262.0,,,,exact,,exact,,gc:3690,https://en.downsviewpark.ca/reporting,https://parcdownsview.ca/acces-linformation-et-info-source
,,2026-03-11,,,False,,,,,British Columbia Treaty Commission,Commission des traités de la Colombie Britannique,https://www.canada.ca/en/treasury-board-secretariat/services/access-information-privacy/access-information/information-about-programs-information-holdings/british-columbia-treaty-commission.html,404.0,https://www.canada.ca/fr/secretariat-conseil-tresor/services/acces-information-protection-reseignements-personnels/acces-information/renseignements-programmes-fonds-renseignements/commission-traites-colombie-britannique.html,404.0,,,,,,,,unmatched,,unmatched,,manual:bc_treaty,https://canada.ca/treasury-board-secretariat/services/access-information-privacy/access-information/information-about-programs-information-holdings/british-columbia-treaty-commission.html,https://canada.ca/secretariat-conseil-tresor/services/acces-information-protection-reseignements-personnels/acces-information/renseignements-programmes-fonds-renseignements/commission-traites-colombie-britannique.html
,,2026-03-11,,,False,,,,,Canada Eldor Inc.,Canada Eldor Inc.,https://www.cdev.gc.ca/info-source/canada-eldor-inc/,200.0,https://www.cdev.gc.ca/fr/info-source-2/canada-eldor-inc/,200.0,,,,,,,,unmatched,,unmatched,,manual:cdev_eldor,https://cdev.gc.ca/info-source/canada-eldor-inc,https://cdev.gc.ca/info-source-2/canada-eldor-inc
,,2026-03-11,,,False,,,,,Canada Hibernia Holding Corporation,Société de gestion Canada Hibernia,https://www.cdev.gc.ca/info-source/canada-hibernia-holding-corporation/,200.0,https://www.cdev.gc.ca/fr/info-source-2/societe-de-gestion-canada-hibernia/,200.0,,,,,,,,unmatched,,unmatched,,manual:cdev_hibernia,https://cdev.gc.ca/info-source/canada-hibernia-holding-corporation,https://cdev.gc.ca/info-source-2/societe-de-gestion-canada-hibernia
,,2026-03-11,,,False,,,,,Canada TMP Finance Ltd.,Trans Mountain Corporation,https://www.cdev.gc.ca/info-source/,404.0,https://www.cdev.gc.ca/info-source/,404.0,,,,,,,,unmatched,,unmatched,,url:https://cdev.gc.ca/info-source,https://cdev.gc.ca/info-source,https://cdev.gc.ca/info-source
,,2026-03-11,,,False,,,,,Federal Public Service Health Care Plan Administration Authority,Administration du Régime de soins de santé de la fonction publique fédérale,http://www.pshcp.ca/about-the-pshcp/atip/infosourceen.aspx,200.0,https://www.rssfp.ca/a-propos-du-rssfp/aiprp/infosourcefr/,200.0,,,,,,,,unmatched,,unmatched,,url:https://rssfp.ca/a-propos-du-rssfp/aiprp/infosourcefr,https://pshcp.ca/about-the-pshcp/atip/infosourceen.aspx,https://rssfp.ca/a-propos-du-rssfp/aiprp/infosourcefr
,,2026-08-15,,,False,,,,,FinDev Canada,FinDev Canada,https://www.findevcanada.ca/en/info-source,200.0,https://www.findevcanada.ca/fr/info-source,200.0,,,,,,,,unmatched,,unmatched,,url:https://findevcanada.ca/info-source,https://findevcanada.ca/info-source,https://findevcanada.ca/info-source
,,2026-03-11,,,False,,,,,Fund for Railway Accidents Involving Designated Goods,,https://fraidg.gc.ca/en/info-source-2/,200.0,,,,,,,,,,unmatched,,,,url:https://fraidg.gc.ca/info-source-2,https://fraidg.gc.ca/info-source-2,
,,2026-03-11,,,False,,,,,Gwich'in Land and Water Board,Office Gwich’in des terres et des eaux,https://glwb.com/our-board/access-information-requests-2,,https://www.canada.ca/fr/secretariat-conseil-tresor/services/acces-information-protection-reseignements-personnels/acces-information/renseignements-programmes-fonds-renseignements/office-gwichin-terres-eaux.html,200.0,,,,,,,,unmatched,,unmatched,,manual:gwichin_lwb,https://glwb.com/our-board/access-information-requests-2,https://canada.ca/secretariat-conseil-tresor/services/acces-information-protection-reseignements-personnels/acces-information/renseignements-programmes-fonds-renseignements/office-gwichin-terres-eaux.html
,,2026-03-11,,,False,,,,,Infrastructure Canada,Infrastructure Canada,https://www.infrastructure.gc.ca/infosource/infosource-eng.html,,https://www.infrastructure.gc.ca/infosource/infosource-fra.html,,,,,,,,,unmatched,,unmatched,,manual:infrastructure,https://infrastructure.gc.ca/infosource/infosource-eng.html,https://infrastructure.gc.ca/infosource/infosource-fra.html
,,2026-03-11,,,False,,,,,Mackenzie Valley Environmental Impact Review Board,Office d’examen des répercussions environnementales de la vallée du Mackenzie,http://reviewboard.ca/about/access_information_requests.php,200.0,http://www.reviewboard.ca/about/access_information_requests.php,,,,,,,,,unmatched,,unmatched,,url:https://reviewboard.ca/about/access_information_requests.php,https://reviewboard.ca/about/access_information_requests.php,https://reviewboard.ca/about/access_information_requests.php
,,2026-03-11,,,False,,,,,Mackenzie Valley Land and Water Board,,https://mvlwb.com/our-board/access-information-requests,429.0,,,,,,,,,,unmatched,,,,url:https://mvlwb.com/our-board/access-information-requests,https://mvlwb.com/our-board/access-information-requests,
,,2026-03-11,,,False,,,,,Nunavut Water Board,Office des eaux du Nunavut,https://www.nwb-oen.ca/content/info-source-annual-report-2013-2014,200.0,http://www.nwb-oen.ca/fr/content/transparence,200.0,,,,,,,,unmatched,,unmatched,,manual:nunavut_water,https://nwb-oen.ca/content/info-source-annual-report-2013-2014,https://nwb-oen.ca/content/transparence
,,2026-03-11,,,False,,,,,"Office of the Ombudsman, National Defence and Canadian Forces",,https://www.ombudsman.forces.gc.ca/en/ombudsman-ati/info-source.page,,,,,,,,,,,unmatched,,,,url:https://ombudsman.forces.gc.ca/ombudsman-ati/info-source.page,https://ombudsman.forces.gc.ca/ombudsman-ati/info-source.page,
,,2026-03-11,,,False,,,,,Port of Vancouver,Port de Vancouver,https://www.portvancouver.com/transparency/info-source/,403.0,https://view.officeapps.live.com/op/view.aspx?src=https%3A%2F%2Fwww.portvancouver.com%2Fwp-content%2Fuploads%2F2015%2F07%2F2017-Sources-de-renseignements-du-gouvernement-f%25C3%25A9d%25C3%25A9ral.docx&wdOrigin=BROWSELINK,200.0,,,,,,,,unmatched,,unmatched,,manual:port_vancouver,https://portvancouver.com/transparency/info-source,https://view.officeapps.live.com/op/view.aspx?src=https%3A%2F%2Fwww.portvancouver.com%2Fwp-content%2Fuploads%2F2015%2F07%2F2017-Sources-de-renseignements-du-gouvernement-f%25C3%25A9d%25C3%25A9ral.docx&wdOrigin=BROWSELINK
,,2026-03-11,,,False,,,,,Sahtu Land Use Planning Board,,https://slwb.com/our-board/access-information-requests-0,429.0,,,,,,,,,,unmatched,,,,url:https://slwb.com/our-board/access-information-requests-0,https://slwb.com/our-board/access-information-requests-0,
,,2026-03-11,,,False,,,,,Sahtu Land and Water Board,Office des terres et des eaux du Sahtu,https://slwb.com/our-board/access-information-requests-0,429.0,https://wlwb.ca/sites/default/files/mvlwb_-_info_source_-_may_14_19.pdf?_gl=1*1qsdw3z*_ga*ODE3NjYzOTEwLjE2NjYyMDQwNTQ.*_ga_1YN4RQ50MS*MTY2NjIwNDA1My4xLjEuMTY2NjIwNDQ1Ny4wLjAuMA..*_ga_DM4CTC801Y*MTY2NjIwNDA1My4xLjEuMTY2NjIwNDQ1Ny4wLjAuMA..*_ga_WH73GNZLKK*MTY2NjIwNDA1My4xLjEuMTY2NjIwNDQ1Ny4wLjAuMA..*_ga_FFVRERZXBW*MTY2NjIwNDA1My4xLjEuMTY2NjIwNDQ1Ny4wLjAuMA..,200.0,,,,,,,,unmatched,,unmatched,,manual:sahtu_lwb,https://slwb.com/our-board/access-information-requests-0,https://wlwb.ca/sites/default/files/mvlwb_-_info_source_-_may_14_19.pdf?_gl=1%2A1qsdw3z%2A_ga%2AODE3NjYzOTEwLjE2NjYyMDQwNTQ.%2A_ga_1YN4RQ50MS%2AMTY2NjIwNDA1My4xLjEuMTY2NjIwNDQ1Ny4wLjAuMA..%2A_ga_DM4CTC801Y%2AMTY2NjIwNDA1My4xLjEuMTY2NjIwNDQ1Ny4wLjAuMA..%2A_ga_WH73GNZLKK%2AMTY2NjIwNDA1My4xLjEuMTY2NjIwNDQ1Ny4wLjAuMA..%2A_ga_FFVRERZXBW%2AMTY2NjIwNDA1My4xLjEuMTY2NjIwNDQ1Ny4wLjAuMA..
,,2026-03-11,,,False,,,,,Seaway International Bridge Corporation Limited,"Corporation du Pont international de la Voie maritime, Limitée",https://www.federalbridge.ca/transparency/info-source-sources-of-federal-government-and-employee-information/,200.0,https://www.pontsfederaux.ca/sources/cpivm/,200.0,,,,,,,,unmatched,,unmatched,,manual:seaway_bridge,https://federalbridge.ca/transparency/info-source-sources-of-federal-government-and-employee-information,https://pontsfederaux.ca/sources/cpivm
,,2026-03-11,,,False,,,,,St. Mary's River Bridge Company,,https://www.federalbridge.ca/transparency/info-source-sources-of-federal-government-and-employee-information/,200.0,,,,,,,,,,unmatched,,,,url:https://federalbridge.ca/transparency/info-source-sources-of-federal-government-and-employee-information,https://federalbridge.ca/transparency/info-source-sources-of-federal-government-and-employee-information,
,,2026-03-11,,,False,,,,,Wek’eezhii Land and Water Board,Office des terres et des eaux de la vallée du Mackenzie,https://wlwb.ca/sites/default/files/mvlwb_-_info_source_-_may_14_19.pdf,429.0,https://wlwb.ca/sites/default/files/mvlwb_-_info_source_-_may_14_19.pdf,429.0,,,,,,,,unmatched,,unmatched,,url:https://wlwb.ca/sites/default/files/mvlwb_-_info_source_-_may_14_19.pdf,https://wlwb.ca/sites/default/files/mvlwb_-_info_source_-_may_14_19.pdf,https://wlwb.ca/sites/default/files/mvlwb_-_info_source_-_may_14_19.pdf
,,2026-03-11,,,False,,,,,Women and Gender Equality,Femmes et de l’Ĕgalité des genres,https://www.canada.ca/en/women-gender-equality/transparency/annual-report-parliament-access-information-privacy/info-source-2023-2024.html,200.0,https://www.canada.ca/fr/femmes-egalite-genres/transparence/rapport-annuel-parlement-acces-information-protection-renseignements-personnels/info-source-2023-2024.html,200.0,,,,,,,,unmatched,,unmatched,,manual:wage,https://canada.ca/women-gender-equality/transparency/annual-report-parliament-access-information-privacy/info-source-2023-2024.html,https://canada.ca/femmes-egalite-genres/transparence/rapport-annuel-parlement-acces-information-protection-renseignements-personnels/info-source-2023-2024.html
,,2026-03-11,,,False,,,,,Yukon Environmental Socio-Economic Assessment Board,,http://www.yesab.ca/wp-content/uploads/2019/05/2019-InfoSource-Chapter.pdf,404.0,,,,,,,,,,unmatched,,,,url:https://yesab.ca/wp-content/uploads/2019/05/2019-InfoSource-Chapter.pdf,https://yesab.ca/wp-content/uploads/2019/05/2019-InfoSource-Chapter.pdf,
,,2026-03-11,,,False,,,,,,Bureau de l’Administrateur de la Caisse d’indemnisation des dommages dus à la pollution par les hydrocarbures causée par les navires,,,https://sopf.gc.ca/?page_id=3128&lang=fr,200.0,,,,,,,,,,unmatched,,url:https://sopf.gc.ca?page_id=3128,,https://sopf.gc.ca?page_id=3128
,,2026-03-11,,,False,,,,,,Bureau de l’Ombudsman du ministère de la Défense nationale et des Forces canadiennes,,,https://www.canada.ca/fr/ombudsman-defense-nationale-forces/informations-notre-bureau/acces-information-protection-renseignement-personnels/info-source.html,200.0,,,,,,,,,,unmatched,,url:https://canada.ca/ombudsman-defense-nationale-forces/informations-notre-bureau/acces-information-protection-renseignement-personnels/info-source.html,,https://canada.ca/ombudsman-defense-nationale-forces/informations-notre-bureau/acces-information-protection-renseignement-personnels/info-source.html
,,2026-03-11,2026-08-15,,False,,,,,,Bureau de l’enquêteur correctionnel,,,https://www.oci-bec.gc.ca/cnt/disc-div/atip-aiprp/infosource/infosource2018-2-fra.aspx,404.0,,,,0.0,,,,,,unmatched,,url:https://oci-bec.gc.ca/cnt/disc-div/atip-aiprp/infosource/infosource2018-2-fra.aspx,,https://oci-bec.gc.ca/cnt/disc-div/atip-aiprp/infosource/infosource2018-2-fra.aspx
,,2026-03-11,,,False,,,,,,Caisse d’indemnisation pour les accidents ferroviaires impliquant des marchandises désignées,,,https://fraidg.gc.ca/fr/info-source/,404.0,,,,,,,,,,unmatched,,url:https://fraidg.gc.ca/info-source,,https://fraidg.gc.ca/info-source
,,2026-03-11,,,False,,,,,,Comité externe d’examen de la Gendarmerie royale du Canada,,,https://www.canada.ca/fr/comite-externe-examen-grc/organisation/transparence/acces-information-protection-renseignements-personnels/info-source-sources-renseignements-gouvernement-federal-fonctionnaires-federaux.html,200.0,,,,,,,,,,unmatched,,url:https://canada.ca/rcmp-external-review-committee/corporate/transparency/access-information-privacy/info-source-sources-federal-government-employee-information.html,,https://canada.ca/comite-externe-examen-grc/organisation/transparence/acces-information-protection-renseignements-personnels/info-source-sources-renseignements-gouvernement-federal-fonctionnaires-federaux.html
,,2026-03-11,,,False,,,,,,Commission de témoignage et de réconciliation du Canada,,,http://www.infosource.gc.ca/inst/1678/1678-fedemp00-fra.asp,,,,,,,,,,,unmatched,,url:https://infosource.gc.ca/inst/1678/1678-fedemp00-fra.asp,,https://infosource.gc.ca/inst/1678/1678-fedemp00-fra.asp
,,2026-03-11,,,False,,,,,,Fiducie du Canada pour l’habitation,,,http://www.infosource.gc.ca/inst/1608/1608-fedemp00-fra.asp,,,,,,,,,,,unmatched,,url:https://infosource.gc.ca/inst/1608/1608-fedemp00-fra.asp,,https://infosource.gc.ca/inst/1608/1608-fedemp00-fra.asp
,,2026-03-11,,,False,,,,,,Ingenium – Musées des sciences et de l’innovation du Canada,,,https://ingeniumcanada.org/sites/default/files/2022-01/Ingenium-InfoSources-2021-french.pdf,403.0,,,,,,,,,,unmatched,,url:https://ingeniumcanada.org/sites/default/files/2022-01/Ingenium-InfoSources-2021-french.pdf,,https://ingeniumcanada.org/sites/default/files/2022-01/Ingenium-InfoSources-2021-french.pdf
,,2026-03-11,,,False,,,,,,Musée canadien de l’histoire et Musée canadien de la guerre,,,https://www.museedelhistoire.ca/a-propos/a-propos-de-la-societe/rapports-de-la-societe/acces-information-protection-renseignements-personnels/?_ga=2.133904717.2113690776.1628609136-1447206126.1612812778#info-source,200.0,,,,,,,,,,unmatched,,url:https://museedelhistoire.ca/a-propos/a-propos-de-la-societe/rapports-de-la-societe/acces-information-protection-renseignements-personnels?_ga=2.133904717.2113690776.1628609136-1447206126.1612812778,,https://museedelhistoire.ca/a-propos/a-propos-de-la-societe/rapports-de-la-societe/acces-information-protection-renseignements-personnels?_ga=2.133904717.2113690776.1628609136-1447206126.1612812778
,,2026-03-11,,,False,,,,,,Office Gwich’in d’aménagement territorial,,,https://www.canada.ca/fr/secretariat-conseil-tresor/services/acces-information-protection-reseignements-personnels/acces-information/renseignements-programmes-fonds-renseignements/office-gwichin-amenagement-territorial.html,200.0,,,,,,,,,,unmatched,,url:https://canada.ca/secretariat-conseil-tresor/services/acces-information-protection-reseignements-personnels/acces-information/renseignements-programmes-fonds-renseignements/office-gwichin-amenagement-territorial.html,,https://canada.ca/secretariat-conseil-tresor/services/acces-information-protection-reseignements-personnels/acces-information/renseignements-programmes-fonds-renseignements/office-gwichin-amenagement-territorial.html
,,2026-03-11,,,False,,,,,,Office des terres et des eaux du Wek’èezhìi,,,https://wlwb.ca/our-board/access-information-requests-2,429.0,,,,,,,,,,unmatched,,url:https://wlwb.ca/our-board/access-information-requests-2,,https://wlwb.ca/our-board/access-information-requests-2
,,2026-03-11,,,False,,,,,,Office d’aménagement territorial du Sahtu,,,https://sahtulanduseplan.org/sites/default/files/sahtu_land_use_planning_board-fr.pdf,429.0,,,,,,,,,,unmatched,,url:https://sahtulanduseplan.org/sites/default/files/sahtu_land_use_planning_board-fr.pdf,,https://sahtulanduseplan.org/sites/default/files/sahtu_land_use_planning_board-fr.pdf
,,2026-03-11,,,False,,,,,,Office d’évaluation environnementale et socioéconomique du Yukon,,,http://www.yesab.ca/about-yesab/demandes-de-communication-traitees/,404.0,,,,,,,,,,unmatched,,url:https://yesab.ca/about-yesab/demandes-de-communication-traitees,,https://yesab.ca/about-yesab/demandes-de-communication-traitees
,,2026-03-11,,,False,,,,,,Revera Inc.,,,https://www.investpsp.com/fr/confidentialite/,200.0,,,,,,,,,,unmatched,,url:https://investpsp.com/confidentialite,,https://investpsp.com/confidentialite
,,2026-03-11,,,False,,,,,,Société du pont de la rivière Ste Marie,,,https://www.pontsfederaux.ca/sources/smrbc/,200.0,,,,,,,,,,unmatched,,url:https://pontsfederaux.ca/sources/smrbc,,https://pontsfederaux.ca/sources/smrbc
