record_number,name_en,name_fr,document_types_en,document_types_fr
HICC HHB 010,Short-Term Rental Enforcement Fund,,"Agreement management records, analytical reports, annual progress reports, application reviews, application submissions, application summaries, briefing notes, correspondence, evaluation reports, financial claims and payments, funding agreements, grant agreements, guidelines, issues notes, key messages, legal advice, lessons learned reports, management control frameworks, media analyses, media lines, meeting agendas, ministerial recommendations, minutes and summaries, news releases, payment documentation, policies, policy analyses, presentations, procedures, progress reports, questions and answers, records of decision, reports, risk assessments, scenario notes, social media postings, speaking notes, statements, templates, terms of reference, Treasury Board submissions.",
HICC HHB 020,Policy Development for Federal Housing Programs,,"Briefing notes, Cabinet documents, committee notes, correspondence, datasets, evaluation reports, financial reports, issues notes, legal advice, media analyses, media lines, meeting agendas, ministerial recommendations, news releases, presentations, question period cards, questions and answers, records of decision, speaking notes, speeches, Treasury Board submissions.",
HICC HHB 120,Canada Rental Protection Fund,Fonds canadien de protection des loyers,"Application forms, applicant guides, application submissions, assessment tools, briefing notes, Cabinet documents, committee notes, contracts, correspondence, engagement materials, issues notes, media lines, news releases, presentations, question period cards, records of decision, statements of work, webpage material.","Formulaires de demande, guides de demandeur, présentations de demandes, outils d'évaluation, notes d'information, documents du Cabinet, notes de comité, contrats, correspondance, documents de mobilisation, notes sur les enjeux, infocapsules, communiqués de presse, présentations, fiches pour les périodes de questions, comptes rendus de décisions, énoncés de travail, contenu de page Web."
HICC HHB 100,"Federal Housing Policy Frameworks, Legislation and Regulation","Cadres stratégiques, législation et réglementation en matière de logement fédéral","Briefing notes, Cabinet documents, committee notes, correspondence, issues notes, legal advice, media analyses, media lines, meeting agendas, news releases, presentations, question period cards, questions and answers, records of decision, regulatory impact analysis statements, scenario notes, speaking notes, supporting regulatory materials.","Notes d'information, documents du Cabinet, notes de comité, correspondance, notes sur les enjeux, avis juridiques, analyses médiatiques, infocapsules, ordres du jour de réunions, communiqués de presse, présentations, fiches pour les période de questions, questions et réponses, comptes rendus de décisions, résumés de l'étude d'impact de la réglementation, notes de scénario, notes d'allocution, documents d'accompagnement réglementaires."
HICC HHB 110,Federal-Provincial-Territorial Relations on Housing,Relations fédérales-provinciales-territoriales en matière de logement,"Briefing notes, correspondence, issues notes, meeting agendas, presentations, records of decision.","Notes d'information, correspondance, notes sur les enjeux, ordres du jour de réunions, présentations, comptes rendus de décisions."
HICC CIP 300,Canada Housing Infrastructure Fund,Fonds canadien pour les infrastructures liées au logement,"Application forms, audit reports, briefing notes, Cabinet documents, contracts and scopes of work, correspondence, delegation of authority, environmental assessments and reports, evaluation reports, financial claims and payments, financial management reports, funding agreements and amendments, guidelines, Indigenous consultations, legal advice, media analyses, media lines, meeting agendas and minutes, memoranda of understanding, ministerial recommendations, monitoring reports, news releases, payment documentation, plans, presentations, procedures, program control frameworks, project and reporting data, project reviews, project submissions, question period cards, questions and answers, records of decision, risk and audit frameworks, risk assessments, social media postings, speaking notes, speeches, templates, terms of reference, Treasury Board submissions.","Formulaires de demande, rapports de vérification, notes d'information, documents du Cabinet, contrats et portées des travaux, correspondance, délégation de pouvoirs, évaluations et rapports environnementaux, rapports d'évaluation, créances et paiements, rapports sur la gestion financière, ententes de contribution et modifications, lignes directrices, consultations auprès des autochtones, avis juridiques, analyses médiatiques, infocapsules, ordres du jour et procès-verbaux de réunions, protocoles d'entente, recommandations ministérielles, rapports de suivi, communiqués de presse, documents de paiement, plans, présentations, procédures, cadres de gestion de programme, données relatives aux projets et aux rapports, examens de projet, présentations de projets, fiches pour les périodes de questions, questions et réponses, comptes rendus de décisions, cadres de risques et de vérification, évaluations des risques, affichages dans les médias sociaux, notes d'allocution, discours, gabarits, mandats, présentations au Conseil du Trésor."
HICC PRB 020,Research and Knowledge Initiative,,"Agreement management committee terms of reference, application assessment and recommendation documents, audit reports, audited financial statements, briefing notes, calls for application documents, claims related invoices and backup documentation, communications strategies, contracts, contribution agreements, correspondence, delegation of authority, external communications documents, final reports, financial claims and payments, funding proposals, guidelines, legal advice, meeting agendas and minutes, memoranda, news releases, policies, presentations, procedures, progress reports, project summaries, question period cards, questions and answers, records of decision, studies, Treasury Board submissions, videos, web content, and workplans.",
HICC HHB 030,Reaching Home: Canada's Homelessness Strategy,,"Agreements, analytical reports, backgrounders, briefing notes, Cabinet documents, contracts and scopes of work, contribution agreements and amendments, correspondence, financial and activity reports, funding agreements, funding proposals, grant and contribution agreements, guidelines, Indigenous consultations, invoices, issues notes, key messages, media lines, meeting agenda and minutes, memoranda, ministerial recommendations, newsletters, plans, policies, presentations, project and reporting data, project reports, project reviews and evaluations, progress reports, project submissions, project summaries, publications, question period cards, questions and answers, records of contact and interaction with recipients, records of discussion, reports, scenario notes, speaking notes, speeches, statements, statistical analyses, studies, surveys, templates, videos.",
HICC HHB 090,Veteran Homelessness Program,Programme de lutte contre l'itinérance chez les vétérans,"Application forms, backgrounders, briefing notes, Cabinet documents, contribution agreements and amendments, correspondence, evaluation reports, financial and activity reports, financial claims and payments, funding proposals, guidelines, issues notes, key messages, legal advice, media analysis, media lines, meeting agenda and minutes, meeting summaries, memoranda, memoranda of understanding, ministerial recommendations, news releases, plans, policies, presentations, procedures, program control frameworks, project and reporting data, project listing for communications, question period cards, questions and answers, records of contact and interaction with recipients, records of discussion, scenario notes, social media postings, speaking notes, speeches, terms of reference, Treasury Board submissions.","Formulaires de demande, documents d'information, notes d'information, documents du Cabinet, ententes de contribution et modifications, correspondance, rapports d'évaluation, rapports financiers et d'activités, créances et paiements, propositions de financement, lignes directrices, notes sur les enjeux, messages clés, avis juridiques, analyses médiatiques, infocapsules, ordres du jour et procès-verbaux de réunions, résumés de réunions, notes de service, protocoles d'entente, recommandations ministérielles, communiqués de presse, plans, politiques, présentations, procédures, cadres de gestion de programme, données relatives aux projets et aux rapports, liste de projets pour les communications, fiches pour les périodes de questions, questions et réponses, enregistrements de contacts et d'interactions avec les destinataires, comptes rendus de discussions, notes de scénario, affichages dans les médias sociaux, notes d'allocution, discours, mandats, présentations au Conseil du Trésor."
HICC CIP 270,Public Transit Infrastructure Fund,Fonds pour l'infrastructure de transport en commun,"Audit reports, briefing notes, business cases, Cabinet documents, contribution agreements and amendments, correspondence, delegations of authority, environmental assessments and reports, financial claims and payments, financial management reports, guidelines, issues notes, legal advice, media analyses, media lines, meeting agendas and minutes, memoranda of understanding, monitoring reports, news releases, payment requisitions, plans, presentations, procedures, program control frameworks, project reviews, project risk analyses, question period cards, receipts and vouchers, records of decision, records of discussion, statements, terms and conditions, Treasury Board submissions.","Rapports de vérification, notes d'information, analyses de rentabilité, documents du Cabinet, ententes de contribution et modifications, correspondance, délégations de pouvoirs, évaluations et rapports environnementaux, créances et paiements, rapports sur la gestion financière, lignes directrices, notes sur les enjeux, avis juridiques, analyses médiatiques, infocapsules, ordres du jour et procès-verbaux de réunions, protocoles d'entente, rapports de suivi, communiqués de presse, demandes de paiement, plans, présentations, procédures, cadres de gestion de programme, examens de projet, analyses des risques liés aux projets, fiches pour les périodes de questions, reçus et récépissés, comptes rendus de décisions, comptes rendus de discussions, relevés, modalités, présentations au Conseil du Trésor."
HICC CIP 100,Canada Public Transit Fund,Fonds pour le transport en commun du Canada,"Agreements, applicant guides, audit reports, business cases, briefing notes, Cabinet documents, capital application forms, contribution agreements and amendments, correspondence, environmental and parliamentary petitions dashboards, environmental assessments, financial claims, financial management reports, grant agreements, guidelines, Indigenous consultations, issue briefs, legal advice, legislation tracker, management control frameworks, media tracker, meeting agendas, meeting minutes, memorandum of understanding, milestone tracker, ministerial recommendations, news releases, notes to file, payment documentation, performance measurement framework, planning application forms, presentations, process flow diagram, progress reports, project reviews and evaluations, project submissions, questions and answers, records of decision, reports, risk and audit frameworks, risk assessments, scenario notes, site visit reports, standard operating procedures, procurement tracker, statement of work, operational templates, question period cards, standard responses, summaries, terms and conditions, terms of reference, Treasury Board submissions.","Ententes, guides de demandeur, rapports de vérification, analyses de rentabilité, notes d'information, documents du Cabinet, formulaires de demandes de capitaux, ententes de contribution et modifications, correspondance, tableaux de bord des pétitions environnementales et parlementaires, évaluations environnementales, créances, rapports sur la gestion financière, ententes de subvention, lignes directrices, consultations auprès des autochtones, notes sur les enjeux, avis juridiques, suivi de législation, cadres de contrôle de gestion, suivi de médias, ordres du jour de réunions, procès-verbaux de réunions, protocoles d'entente, suivi de jalon, recommandations ministérielles, communiqués de presse, notes au dossier, documents de paiement, cadre de mesure du rendement, formulaires de demande de planification, présentations, diagrammes des opérations, rapports d'étape, examens et évaluations de projet, présentations de projets, questions et réponses, comptes rendus de décisions, rapports, cadres de risques et de vérification, évaluations des risques, notes de scénario, rapports de visite des lieux, procédures opérationnelles normalisées, suivi des achats, énoncés de travail, schémas d'opération, fiches pour les périodes de questions, réponses standards, résumés, modalités, mandats, présentations au Conseil du Trésor."
HICC CIP 060,Investing in Canada Infrastructure Program – Public Transit Infrastructure Stream,Programme d'infrastructure Investir dans le Canada – volet Infrastructures du transport en commun,"Audit reports, backgrounders, briefing notes, business cases, Cabinet documents, correspondence, delegation of authority, duty-to-consult determinations, environmental assessments, evaluation reports, financial management reports, guidelines, Integrated Bilateral Agreements and amendments, legal advice, media analyses, media lines, meeting agendas, meeting minutes, monitoring reports, news releases, payment documentation, plans, presentations, procedures, program policies, project and reporting data, project reviews and approvals, project submissions, questions and answers, records of decision, reports, risk assessments, statistical reports, templates, terms and conditions, terms of reference, training materials, Treasury Board submissions.","Rapports de vérification, documents d'information, notes d'information, analyses de rentabilité, documents du Cabinet, correspondance, délégations de pouvoirs, analyses sur l'obligation de consulter, évaluations environnementales, rapports d'évaluation, rapports sur la gestion financière, lignes directrices, ententes bilatérales intégrées et modifications, avis juridiques, analyses médiatiques, infocapsules, ordres du jour de réunions, procès-verbaux de réunions, rapports de suivi, communiqués de presse, documents de paiement, plans, présentations, procédures, politiques de programme, données relatives aux projets et aux rapports, examens et approbations de projet, présentations de projets, questions et réponses, comptes rendus de décisions, rapports, évaluations des risques, rapports statistiques, gabarits, modalités, mandats, matériels de formation, présentations au Conseil du Trésor."
HICC CIP 170,Clean Water and Wastewater Fund,Fonds pour l'eau potable et le traitement des eaux usées,"Audit reports, briefing notes, business cases, Cabinet documents, contribution agreements and amendments, correspondence, delegations of authority, environmental assessments and reports, financial claims and payments, financial management reports, guidelines, issues notes, legal advice, media analyses, media lines, meeting agendas and minutes, memoranda, monitoring reports, news releases, payment requisitions, plans, presentations, procedures, program control frameworks, project reviews, project risk analyses, question period cards, receipts and vouchers, records of decision, records of discussion, statements, terms and conditions, Treasury Board submissions.","Rapports de vérification, notes d'information, analyses de rentabilité, documents du Cabinet, ententes de contribution et modifications, correspondance, délégations de pouvoirs, évaluations et rapports environnementaux, créances et paiements, rapports sur la gestion financière, lignes directrices, notes sur les enjeux, avis juridiques, analyses médiatiques, infocapsules, ordres du jour et procès-verbaux de réunions, notes de service, rapports de suivi, communiqués de presse, demandes de paiement, plans, présentations, procédures, cadres de gestion de programme, examens de projet, analyses des risques liés aux projets, fiches pour les périodes de questions, reçus et récépissés, comptes rendus de décisions, comptes rendus de discussions, relevés, modalités, mandats, présentations au Conseil du Trésor."
HICC CIP 320,Investing in Canada Infrastructure Program – Green Infrastructure Stream,Programme d'infrastructure Investir dans le Canada – volet Infrastructures vertes,"Audit reports, backgrounders, briefing notes, business cases, Cabinet documents, correspondence, delegation of authority, duty-to-consult determinations, environmental assessments, evaluation reports, financial management reports, guidelines, Integrated Bilateral Agreements and amendments, legal advice, media analyses, media lines, meeting agendas, meeting minutes, monitoring reports, news releases, payment documentation, plans, presentations, procedures, program policies, project and reporting data, project reviews and approvals, project submissions, questions and answers, records of decision, reports, risk assessments, statistical reports, templates, terms and conditions, terms of reference, training materials, Treasury Board submissions.","Rapports de vérification, documents d'information, notes d'information, analyses de rentabilité, documents du Cabinet, correspondance, délégations de pouvoirs, analyses sur l'obligation de consulter, évaluations environnementales, rapports d'évaluation, rapports sur la gestion financière, lignes directrices, ententes bilatérales intégrées et modifications, avis juridiques, analyses médiatiques, infocapsules, ordres du jour de réunions, procès-verbaux de réunions, rapports de suivi, communiqués de presse, documents de paiement, plans, présentations, procédures, politiques de programme, données relatives aux projets et aux rapports, examens et approbations de projet, présentations de projets, questions et réponses, comptes rendus de décisions, rapports, évaluations des risques, rapports statistiques, gabarits, modalités, mandats, matériels de formation, présentations au Conseil du Trésor."
HICC CIP 180,Green Infrastructure Fund,Fonds pour l'infrastructure verte,"Audit reports, briefing notes, budget proposals, business cases, Cabinet documents, contribution agreements and amendments, correspondence, delegations of authority, duty to consult determinations, engineer certificates of work, environmental assessments, evaluation reports, financial claims and payments documents, financial management reports, guidelines, issues notes, legal advice, media analyses, media lines, meeting agendas and minutes, memoranda of understanding, milestone completion and declarations of substantial completion, monitoring reports (progress and final reports), news releases, plans, presentations, procedures, program control and risk frameworks, project and reporting data, project reviews, project risk analyses, question period cards, records of decision, records of discussion, scenario notes, site visit reports, speeches, statements, studies, terms and conditions, Treasury Board submissions.","Rapports de vérification, notes d'information, propositions budgétaires, analyses de rentabilité, documents du Cabinet, ententes de contribution et modifications, correspondance, délégations de pouvoirs, analyses sur l'obligation de consulter, certificats d'ingénieurs attestant de l'achèvement des travaux, évaluations environnementales, rapports d'évaluation, documents relatifs aux créances et paiements, rapports sur la gestion financière, lignes directrices, notes sur les enjeux, avis juridiques, analyses médiatiques, infocapsules, ordres du jour et procès-verbaux de réunions, protocoles d'entente, étapes clés et déclarations d'achèvement substantiel, rapports de suivi (rapports d'étape et rapports finaux), communiqués de presse, plans, présentations, procédures, cadres de contrôle et de risque de programmes, données relatives aux projets et aux rapports, examens de projet, analyses des risques liés aux projets, fiches pour les périodes de questions, comptes rendus de décisions, comptes rendus de discussions, notes de scénario, rapports de visite des lieux, discours, relevés, études, modalités, présentations au Conseil du Trésor."
HICC CIP 040,Disaster Mitigation and Adaptation Fund,,"Application forms, audit reports, briefing notes, Cabinet documents, contracts and scopes of work, contribution agreements and amendments, correspondence, delegation of authority, environmental assessments and reports, evaluation reports, financial claims and payments, guidelines, Indigenous consultations, legal advice, financial management reports, media analyses, media lines, meeting agendas and minutes, memoranda of understanding, ministerial recommendations, monitoring reports, news releases, payment documentation, plans, presentations, procedures, program control frameworks, project and reporting data, project submissions, project reviews, question period cards, questions and answers, records of decision, risk and audit frameworks, risk assessments, social media postings, speaking notes, speeches, templates, terms of reference, Treasury Board submissions.",
HICC PRB 030,Supporting Climate Resilient Infrastructure Initiative – Climate Toolkit,,"Backgrounders, briefing notes, Cabinet documents, contracts, correspondence, guidelines, invoices, issues notes, key messages, lessons learned reports, meeting agenda and minutes, memoranda, memoranda of understanding, news releases, plans, policies, presentations, publications, question period cards, records of decision, reports, scenario notes, speaking notes, terms of reference, Treasury Board submissions.",
HICC CIP 090,Natural Infrastructure Fund,Fonds pour l'infrastructure naturelle,"Application forms, audit reports, briefing notes, Cabinet documents, contracts and scopes of work, correspondence, delegations of authority, environmental assessments and reports, evaluation reports, financial claims and payments, financial management reports, funding agreements and amendments, guidelines, Indigenous consultations, legal advice, media analyses, media lines, meeting agendas and minutes, memoranda of understanding, ministerial recommendations, monitoring reports, news releases, payment documentation, plans, presentations, procedures, program control frameworks, project and reporting data, project reviews, project submissions, questions and answers, question period cards, records of decision, risk and audit frameworks, risk assessments, social media postings, speaking notes, speeches, templates, terms of reference, Treasury Board submissions.","Formulaires de demande, rapports de vérification, notes d'information, documents du Cabinet, contrats et portées des travaux, correspondance, délégations de pouvoirs, évaluations et rapports environnementaux, rapports d'évaluation, créances et paiements, rapports sur la gestion financière, ententes de contribution et modifications, lignes directrices, consultations auprès des autochtones, avis juridiques, analyses médiatiques, infocapsules, ordres du jour et procès-verbaux de réunions, protocoles d'entente, recommandations ministérielles, rapports de suivi, communiqués de presse, documents de paiement, plans, présentations, procédures, cadres de gestion de programme, données relatives aux projets et aux rapports, présentations de projets, examens de projet, questions et réponses, fiches pour les périodes de questions, comptes rendus de décisions, cadres de risques et de vérification, évaluations des risques, affichages dans les médias sociaux, notes d'allocution, discours, gabarits, mandats, présentations au Conseil du Trésor."
HICC HHB 130,Build Communities Strong Fund,Fonds pour bâtir des collectivités fortes,"Application forms, audit reports, briefing notes, Cabinet documents, contracts and scopes of work, correspondence, delegation of authority, environmental assessments and reports, evaluation reports, financial claims and payments, financial management reports, funding agreements and amendments, guidelines, Indigenous consultations, legal advice, media analyses, media lines, meeting agendas and minutes, memoranda of understanding, ministerial recommendations, monitoring reports, news releases, payment documentation, plans, presentations, procedures, program control frameworks, project and reporting data, project reviews, project submissions, question period cards, questions and answers, records of decision, risk and audit frameworks, risk assessments, social media postings, speaking notes, speeches, templates, terms of reference, Treasury Board submissions.","Formulaires de demande, rapports de vérification, notes d'information, documents du Cabinet, contrats et portées des travaux, correspondance, délégation de pouvoirs, évaluations et rapports environnementaux, rapports d'évaluation, créances et paiements, rapports sur la gestion financière, ententes de contribution et modifications, lignes directrices, consultations auprès des autochtones, avis juridiques, analyses médiatiques, infocapsules, ordres du jour et procès-verbaux de réunions, protocoles d'entente, recommandations ministérielles, rapports de suivi, communiqués de presse, documents de paiement, plans, présentations, procédures, cadres de gestion de programme, données relatives aux projets et aux rapports, examens de projet, présentations de projets, fiches pour les périodes de questions, questions et réponses, comptes rendus de décisions, cadres de risques et de vérification, évaluations des risques, affichages dans les médias sociaux, notes d'allocution, discours, gabarits, mandats, présentations au Conseil du Trésor."
HICC CIP 020,Canada Community-Building Fund,,"Administrative agreements, annual expenditure reports, audit statements, Briefing notes, Cabinet documents, correspondence, delegations of authority, financial management reports, funding agreements and amendments, guidelines, legal advice, media analyses, media lines, meeting agendas and minutes, memoranda, news releases, payment requisitions and payments, plans, presentations, procedures, program control frameworks, project listings for communications, questions and answers, records of decision, reports, risk assessments, speaking notes, statistical analyses, terms of reference, transfer payment, Treasury Board submissions.",
HICC CIP 140,Building Canada Fund – Major Infrastructure Component,Fonds Chantiers Canada – volet Grandes infrastructures,"Audit reports, briefing notes, business cases, Cabinet documents, contribution agreements, correspondence, delegations of authority, environmental assessments and reports, financial claims and payments, financial management reports, guidelines, issues notes, legal advice, media analyses, media lines, meeting agendas and minutes, memoranda, monitoring reports, news releases, payment requisitions, plans, presentations, procedures, program control frameworks, project reviews, project risk analyses, question period cards, records of decision, records of discussion, statements, terms and conditions, Treasury Board submissions.","Rapports de vérification, notes d'information, analyses de rentabilité, documents du Cabinet, ententes de contribution, correspondance, délégations de pouvoirs, évaluations et rapports environnementaux, créances et paiements, rapports sur la gestion financière, lignes directrices, notes sur les enjeux, avis juridiques, analyses médiatiques, infocapsules, ordres du jour et procès-verbaux de réunions, notes de service, rapports de suivi, communiqués de presse, demandes de paiement, plans, présentations, procédures, cadres de gestion de programme, examens de projet, analyses des risques liés aux projets, fiches pour les périodes de questions, comptes rendus de décisions, comptes rendus de discussions, relevés, modalités, présentations au Conseil du Trésor."
HICC CIP 130,Building Canada Fund – Communities Components,Fonds Chantiers Canada – volet Collectivités,"Audit reports, briefing notes, business cases, Cabinet documents, contribution agreements, correspondence, delegations of authority, environmental assessments and reports, financial claims and payments, financial management reports, guidelines, issues notes, legal advice, media analyses, media lines, meeting agendas and minutes, memoranda of understanding, monitoring reports, news releases, payment requisitions, plans, presentations, procedures, program control frameworks, project reviews, project risk analyses, question period cards, records of decision, records of discussion, receipts and vouchers, statements, terms and conditions, Treasury Board submissions.","Rapports de vérification, notes d'information, analyses de rentabilité, documents du Cabinet, ententes de contribution, correspondance, délégations de pouvoirs, évaluations et rapports environnementaux, créances et paiements, rapports sur la gestion financière, lignes directrices, notes sur les enjeux, avis juridiques, analyses médiatiques, infocapsules, ordres du jour et procès-verbaux de réunions, protocoles d'entente, rapports de suivi, communiqués de presse, demandes de paiement, plans, présentations, procédures, cadres de gestion de programme, examens de projet, analyses des risques liés aux projets, fiches pour les périodes de questions, comptes rendus de décisions, comptes rendus de discussions, reçus et récépissés, relevés, modalités, présentations au Conseil du Trésor."
HICC CIP 230,New Building Canada Fund – National Infrastructure Component,Nouveau Fonds Chantiers Canada – volet Infrastructures nationales,"Audit reports, briefing notes, business cases, Cabinet documents, contribution agreements, correspondence, delegations of authority, environmental assessments and reports, financial claims and payments, financial management reports, guidelines, issues notes, legal advice, media analyses, media lines, meeting agendas and minutes, memoranda, monitoring reports, payment requisitions, news releases, plans, presentations, procedures, program control frameworks, project reviews, project risk analyses, question period cards, statements, receipts and vouchers, records of decision, records of discussion, terms and conditions, Treasury Board submissions.","Rapports de vérification, notes d'information, analyses de rentabilité, documents du Cabinet, ententes de contribution, correspondance, délégations de pouvoirs, évaluations et rapports environnementaux, créances et paiements, rapports sur la gestion financière, lignes directrices, notes sur les enjeux, avis juridiques, analyses médiatiques, infocapsules, ordres du jour et procès-verbaux de réunions, notes de service, rapports de suivi, demandes de paiement, communiqués de presse, plans, présentations, procédures, cadres de gestion de programme, examens de projet, analyses des risques liés aux projets, fiches pour les périodes de questions, relevés, reçus et récépissés, comptes rendus de décisions, comptes rendus de discussions, modalités, présentations au Conseil du Trésor."
HICC CIP 240,New Building Canada Fund – Provincial–Territorial Infrastructure Component – National and Regional Projects,Nouveau Fonds Chantiers Canada – volet Infrastructures provinciales territoriales – projets nationaux et régionaux,"Audit reports, briefing notes, business cases, Cabinet documents, contribution agreements, correspondence, delegations of authority, environmental assessments and reports, financial claims and payments, financial management reports, guidelines, issues notes, legal advice, media analyses, media lines, meeting agendas and minutes, memoranda, monitoring reports, news releases, payment requisitions, plans, presentations, procedures, program control frameworks, project reviews, project risk analyses, question period cards, receipts and vouchers, records of decision, records of discussion, statements, terms and conditions, Treasury Board submissions.","Rapports de vérification, notes d'information, analyses de rentabilité, documents du Cabinet, ententes de contribution, correspondance, délégations de pouvoirs, évaluations et rapports environnementaux, créances et paiements, rapports sur la gestion financière, lignes directrices, notes sur les enjeux, avis juridiques, analyses médiatiques, infocapsules, ordres du jour et procès-verbaux de réunions, notes de service, rapports de suivi, communiqués de presse, demandes de paiement, plans, présentations, procédures, cadres de gestion de programme, examens de projet, analyses des risques liés aux projets, fiches pour les périodes de questions, reçus et récépissés, comptes rendus de décisions, comptes rendus de discussions, relevés, modalités, présentations au Conseil du Trésor."
HICC CIP 250,New Building Canada Fund – Provincial–Territorial Infrastructure Component – Small Communities Fund,Nouveau Fonds Chantiers Canada – volet Infrastructures provinciales territoriales – Fonds des petites collectivités,"Audit reports, briefing notes, business cases, Cabinet documents, contribution agreements, correspondence, delegations of authority, environmental assessments and reports, financial claims and payments, financial management reports, guidelines, issues notes, legal advice, media analyses, media lines, meeting agendas and minutes, memoranda, monitoring reports, news releases, payment requisitions, plans, presentations, procedures, program control frameworks, project reviews, project risk analyses, question period cards, receipts and vouchers, records of decision, records of discussion, statements, terms and conditions, Treasury Board submissions.","Rapports de vérification, notes d'information, analyses de rentabilité, documents du Cabinet, ententes de contribution, correspondance, délégations de pouvoirs, évaluations et rapports environnementaux, créances et paiements, rapports sur la gestion financière, lignes directrices, notes sur les enjeux, avis juridiques, analyses médiatiques, infocapsules, ordres du jour et procès-verbaux de réunions, notes de service, rapports de suivi, communiqués de presse, demandes de paiement, plans, présentations, procédures, cadres de gestion de programme, examens de projet, analyses des risques liés aux projets, fiches pour les périodes de questions, reçus et récépissés, comptes rendus de décisions, comptes rendus de discussions, relevés, modalités, présentations au Conseil du Trésor."
HICC CIP 310,Investing in Canada Infrastructure Program – Community Building Streams,Programme d'infrastructure Investir dans le Canada – volets concernant le développement des collectivités,"Audit reports, backgrounders, briefing notes, business cases, Cabinet documents, correspondence, delegation of authority, duty-to-consult determinations, environmental assessments, evaluation reports, financial management reports, guidelines, Integrated Bilateral Agreements and amendments, legal advice, media analyses, media lines, meeting agendas, meeting minutes, monitoring reports, news releases, payment documentation, plans, presentations, procedures, program policies, project and reporting data, project reviews and approvals, project submissions, questions and answers, records of decision, reports, risk assessments, statistical reports, templates, terms and conditions, terms of reference, training materials, Treasury Board submissions.","Rapports de vérification, documents d'information, notes d'information, analyses de rentabilité, documents du Cabinet, correspondance, délégations de pouvoirs, analyses sur l'obligation de consulter, évaluations environnementales, rapports d'évaluation, rapports sur la gestion financière, lignes directrices, ententes bilatérales intégrées et modifications, avis juridiques, analyses médiatiques, infocapsules, ordres du jour de réunions, procès-verbaux de réunions, rapports de suivi, communiqués de presse, documents de paiement, plans, présentations, procédures, politiques de programme, données relatives aux projets et aux rapports, examens et approbations de projet, présentations de projets, questions et réponses, comptes rendus de décisions, rapports, évaluations des risques, rapports statistiques, gabarits, modalités, mandats, matériels de formation, présentations au Conseil du Trésor."
HICC HHB 070,Smart Cities Challenge,Défi des villes intelligentes,"Applicant guides, applicant proposals, briefing notes, Cabinet documents, contribution agreements, correspondence, financial claims and payments, financial reports, legal advice, media analyses, media lines, meeting agendas, news releases, presentations, project reports, proposal assessments, questions and answers, records of decision, Treasury Board submissions.","Guides de demandeur, propositions du demandeur, notes d'information, documents du Cabinet, ententes de contribution, correspondance, créances et paiements, rapports financiers, avis juridiques, analyses médiatiques, infocapsules, ordres du jour de réunions, communiqués de presse, présentations, rapports de projet, évaluations de propositions, questions et réponses, comptes rendus de décisions, présentations au Conseil du Trésor."
HICC CIP 050,Green and Inclusive Community Buildings,,"Application forms, audit reports, briefing notes, Cabinet documents, claims and payments, contracts and scopes of work, correspondence, delegation of authority, environmental assessments and reports, evaluation reports, financial correspondence, financial management reports, funding agreements and amendments, guidelines, Indigenous consultations, legal advice, media analyses, media lines, meeting agendas and minutes, memoranda of understanding, ministerial recommendations, monitoring reports, news releases, payment documentation, plans, presentations, procedures, program control frameworks, project and reporting data, project reviews, project submissions, question period cards, questions and answers, records of decision, risk and audit frameworks, risk assessments, social media postings, speaking notes, speeches, templates, terms of reference, Treasury Board submissions.",
HICC CIP 160,Canada Strategic Infrastructure Fund,Fonds canadien sur l'infrastructure stratégique,"Audit reports, briefing notes, business cases, Cabinet documents, contribution agreements, correspondence, delegations of authority, environmental assessments and reports, financial claims and payments, financial management reports, guidelines, issues notes, legal advice, media analyses, media lines, meeting agendas and minutes, memoranda of understanding plans, monitoring reports, news releases, payment requisitions, presentations, procedures, program control frameworks, project reviews, project risk analyses, question period cards, records of decision, records of discussion, receipts and vouchers, statements, terms and conditions, Treasury Board submissions.","Rapports de vérification, notes d'information, analyses de rentabilité, documents du Cabinet, ententes de contribution, correspondance, délégations de pouvoirs, évaluations et rapports environnementaux, créances et paiements, rapports sur la gestion financière, lignes directrices, notes sur les enjeux, avis juridiques, analyses médiatiques, infocapsules, ordres du jour et procès-verbaux de réunions, protocoles d'entente, plans, rapports de suivi, communiqués de presse, demandes de paiement, présentations, procédures, cadres de gestion de programme, examens de projet, analyses des risques liés aux projets, fiches pour les périodes de questions, comptes rendus de décisions, comptes rendus de discussions, reçus et récépissés, relevés, modalités, présentations au Conseil du Trésor."
HICC IPI 070,Waterfront Toronto,Waterfront Toronto,"Briefing notes, Cabinet documents, contribution agreements, correspondence, delegations of authority, environmental assessments and reports, financial claims and payments, financial management reports, funding proposals, guidelines, legal advice, media analyses, media lines, meeting agendas and minutes, memoranda, monitoring reports, news releases, plans, presentations, procedures, project reviews, questions and answers, records of decision, Treasury Board submissions.","Notes d'information, documents du Cabinet, ententes de contribution, correspondance, délégations de pouvoirs, évaluations et rapports environnementaux, créances et paiements, rapports sur la gestion financière, propositions de financement, lignes directrices, avis juridiques, analyses médiatiques, infocapsules, ordres du jour et procès-verbaux de réunions, notes de service, rapports de suivi, communiqués de presse, plans, présentations, procédures, examens de projet, questions et réponses, comptes rendus de décisions, présentations au Conseil du Trésor."
HICC CIP 120,Border Infrastructure Fund,Fonds sur l'infrastructure frontalière,"Audit reports, briefing notes, business cases, Cabinet documents, contribution agreements, correspondence, delegations of authority, environmental assessments and reports, financial claims and payments, financial management reports, guidelines, issues notes, legal advice, media analyses, media lines, meeting agendas and minutes, memoranda, monitoring reports, news releases, payment requisitions, plans, presentations, procedures, program control frameworks, project reviews, project risk analyses, question period cards, receipts and vouchers, records of decision, records of discussion, statements, terms and conditions, Treasury Board submissions.","Rapports de vérification, notes d'information, analyses de rentabilité, documents du Cabinet, ententes de contribution, correspondance, délégations de pouvoirs, évaluations et rapports environnementaux, créances et paiements, rapports sur la gestion financière, lignes directrices, notes sur les enjeux, avis juridiques, analyses médiatiques, infocapsules, ordres du jour et procès-verbaux de réunions, notes de service, rapports de suivi, communiqués de presse, demandes de paiement, plans, présentations, procédures, cadres de gestion de programme, examens de projet, analyses des risques liés aux projets, fiches pour les périodes de questions, reçus et récépissés, comptes rendus de décisions, comptes rendus de discussions, relevés, modalités, présentations au Conseil du Trésor."
HICC HHB 050,Canada Healthy Communities Initiative,,"Agreement management records, analytical reports, annual expenditure reports, application forms, applications for funding, application reviews, application summaries, audit reports, backgrounders, briefing notes, business cases, claims and payments, contribution agreement management records, correspondence, evaluation reports, financial funding agreements, guidelines, issues notes, key messages, legal advice, lessons learned reports, management control frameworks, media analyses, media lines, meeting agendas and minutes, meeting summaries, ministerial recommendations, monitoring reports, newsletters, news releases, payment documentation, photographs, plans, policies, policy analyses, presentations, procedures, progress reports, project and reporting data, project listing for communications, project reports, project report reviews and assessments, project summaries, proposal risk analyses, publications, questions and answers, records of decision, reports, risk assessments, scenario notes, social media postings, speaking notes, statements, templates, terms of reference, Treasury Board submissions, videos.",
HICC HHB 060,Municipal Asset Management Program,Programme de gestion des actifs municipaux,"Briefing notes, Cabinet documents, contribution agreements, correspondence, financial claims and payments, financial reports, legal advice, media analyses, media lines, meeting agendas, news releases, presentations, project reports, questions and answers, records of decision, Treasury Board submissions.","Notes d'information, documents du Cabinet, ententes de contribution, correspondance, créances et paiements, rapports financiers, avis juridiques, analyses médiatiques, infocapsules, ordres du jour de réunions, communiqués de presse, présentations, rapports de projet, questions et réponses, comptes rendus de décisions, présentations au Conseil du Trésor."
HICC IPI 020,Samuel De Champlain Bridge Corridor Project – Policy,Projet de corridor du pont Samuel-De Champlain – Politique,"Accountability, administrative agreements, agreement management records, agreements, analytical reports, annual expenditure reports, application forms, audit reports, backgrounders, briefing notes, business cases, Cabinet documents, capital plans and/or expenditure reports, contracts and scopes of work, corporate plans, correspondence, Crown corporation annual reports, delegations of authority, engineering and survey drawings, environmental assessments and reports, evaluation reports, financial claims and payments, financial management reports, funding agreements, funding proposals, guidelines, Indigenous consultations, issues notes, key messages, lease agreements, legal advice, lessons learned reports, licensing agreements, media analyses, media lines, meeting agendas and minutes, meeting summaries, memoranda, memoranda of understanding, ministerial recommendations, monitoring reports, news releases, Orders in Council, payment documentation, payment requisitions and payments, photographs, plans, policies, presentations, procedures, program control frameworks, project and reporting data, project listing for communications, project reports, project reviews and evaluations, project risk analyses, project submissions, project summaries, project vignettes, proposal submissions, publications, question period cards, questions and answers, receipts and vouchers, records of decision, records of discussion, reports, result based management and accountability framework, risk and audit frameworks, risk assessments, scenario notes, social media postings, sound recordings, speaking notes, species at risk incident reports, speeches, statements, statistical analyses, strategies and progress reports, studies, surveys, templates, terms of reference, transfer payment, Treasury Board submissions, videos.","Cadres d'imputabilité, ententes administratives, dossiers de gestion des ententes, ententes, rapports analytiques, rapports annuels sur les dépenses, formulaires de demande, rapports de vérification, documents d'information, notes d'information, analyses de rentabilité, documents du Cabinet, plans d'immobilisations et/ou rapports de dépenses, contrats et portées des travaux, plans organisationnels, correspondance, rapports annuels de la société d'État, délégations de pouvoirs, relevés et dessins techniques, évaluations et rapports environnementaux, rapports d'évaluation, créances et paiements, rapports sur la gestion financière, ententes de financement, propositions de financement, lignes directrices, consultations auprès des autochtones, notes sur les enjeux, messages clés, ententes de location, avis juridiques, rapports sur les leçons apprises, ententes de licence, analyses médiatiques, infocapsules, ordres du jour et procès-verbaux de réunions, résumés de réunions, notes de service, protocoles d'entente, recommandations ministérielles, rapports de suivi, bulletins, communiqués de presse, décrets, documents de paiement, réquisitions et paiements, photographies, plans, politiques, analyses de politiques, présentations, procédures, rapports d'étape, données relatives aux projets et aux rapports, liste de projets pour les communications, rapports de projet, examens et évaluations de projet, analyses des risques liés aux projets, présentations de projets, résumés de projets, vignettes de projets, soumissions de propositions, publications, fiches pour les périodes de questions, questions et réponses, reçus et récépissés, comptes rendus de décisions, comptes rendus de discussions, rapports, cadres d'imputabilité et de gestion fondée sur les résultats, cadres de risques et de vérification, évaluations des risques, notes de scénario, affichages dans les médias sociaux, enregistrements sonores, notes d'allocution, rapports d'incidents sur les espèces en péril, discours, relevés, analyses statistiques, stratégies et rapports d'étape, études, sondages, gabarits, mandats, paiements de transfert, présentations au Conseil du Trésor, vidéos."
HICC IPI 030,Gordie Howe International Bridge Project – Policy,Projet du pont international Gordie Howe – Politique,"Accountability, agreement management records, agreements, agreements of purchase and sale, analytical reports, annual expenditure reports, audit reports, backgrounders, briefing notes, business cases, Cabinet documents, capital plans and/or expenditure reports, contracts and scopes of work, corporate plans, correspondence, Crown corporation annual reports, delegations of authority, engineering and survey drawings, environmental assessments and reports, evaluation reports, financial claims and payments, financial management reports, funding agreements, guidelines, Indigenous consultations, issues notes, key messages, lease agreements, legal advice, lessons learned reports, licensing agreements, media analyses, media lines, meeting agendas and minutes, meeting summaries, memoranda, memoranda of understanding, ministerial recommendations, monitoring reports, news releases, Orders in Council, payment documentation, photographs, plans, policies, presentations, project reports, project reviews, project risk analyses, question period cards, questions and answers, records of decision, records of discussion, reports, result-based management and accountability framework, risk and audit frameworks, risk assessments, scenario notes, social media postings, speaking notes, species at risk incident reports, speeches, statements, statistical analyses, strategies and studies, terms of reference, Treasury Board submissions.","Cadres d'imputabilité, dossiers de gestion des ententes, ententes, ententes d'achat et de vente, rapports analytiques, rapports annuels sur les dépenses, rapports de vérification, documents d'information, notes d'information, analyses de rentabilité, documents du Cabinet, plans d'immobilisations et/ou rapports de dépenses, contrats et portées des travaux, plans organisationnels, correspondance, rapports annuels de la société d'État, délégations de pouvoirs, relevés et dessins techniques, évaluations et rapports environnementaux, rapports d'évaluation, créances et paiements, rapports sur la gestion financière, ententes de financement, lignes directrices, consultations auprès des autochtones, notes sur les enjeux, messages clés, ententes de location, avis juridiques, rapports sur les leçons apprises, ententes de licence, analyses médiatiques, infocapsules, ordres du jour et procès-verbaux de réunions, résumés de réunions, notes de service, protocoles d'entente, recommandations ministérielles, rapports de suivi, communiqués de presse, décrets, documents de paiement, photographies, plans, politiques, présentations, rapports de projet, examens de projet, analyses des risques liés aux projets, fiches pour les périodes de questions, questions et réponses, comptes rendus de décisions, comptes rendus de discussions, rapports, cadres d'imputabilité et de gestion fondée sur les résultats, cadres de risques et de vérification, évaluations des risques, notes de scénario, affichages dans les médias sociaux, notes d'allocution, rapports d'incidents sur les espèces en péril, discours, relevés, analyses statistiques, stratégies et études, mandats, présentations au Conseil du Trésor."
HICC IPI 050,Samuel De Champlain Bridge Corridor Project – Investment,Projet de corridor du pont Samuel-De Champlain – Investissement,"Briefing notes, Cabinet documents, correspondence, delegation of authority, environmental assessments and reports, financial claims and payments, financial management reports, funding proposals, guidelines, legal advice, media analyses, media lines, meeting agendas and minutes, memoranda, monitoring reports, news releases, plans, presentations, procedures, project reviews, proposals submitted through the request for proposals, questions and answers, records of decision, Treasury Board submissions.","Notes d'information, documents du Cabinet, correspondance, délégations de pouvoirs, évaluations environnementales et rapports, créances et paiements, rapports sur la gestion financière, propositions de financement, lignes directrices, avis juridiques, analyses médiatiques, infocapsules, ordres du jour et procès-verbaux de réunions, notes de service, rapports de suivi, communiqués de presse, plans, présentations, procédures, examens de projets, propositions soumises dans le cadre de la demande de propositions, questions et réponses, comptes rendus de décisions, présentations au Conseil du Trésor."
HICC IPI 060,Gordie Howe International Bridge Project – Investment,Projet du pont international Gordie Howe – Investissement,"Agreements of purchase and sale, briefing notes, business cases, Cabinet documents, contracts and scopes of work, correspondence, corporate plans, Crown corporation annual reports, engineering and survey drawings, environmental assessments and reports, financial claims and payments, financial management reports, funding proposals, Indigenous consultations, lease agreements, legal advice, licensing agreements, media analyses, media lines, meeting agendas and minutes, memoranda, ministerial recommendations, news releases, Orders in Council, plans (e.g. environmental, species at risk, fisheries, navigation), presentations, questions and answers, records of decision, species at risk incident reports, studies, Treasury Board submissions.","Ententes d'achat et de vente, notes d'information, analyses de rentabilité, documents du Cabinet, contrats et portées des travaux, correspondance, plans organisationnels, rapports annuels de la société d'État, relevés et dessins techniques, évaluations environnementales et rapports, créances et paiements, rapports sur la gestion financière, propositions de financement, consultations auprès des autochtones, ententes de location, avis juridiques, ententes de licence, analyses médiatiques, infocapsules, ordres du jour et procès-verbaux de réunions, notes de service, recommandations ministérielles, communiqués de presse, décrets, plans (p. ex. environnement, espèces en péril, pêches, navigation), présentations, questions et réponses, comptes rendus de décisions, rapports d'incidents sur les espèces en péril, études, présentations au Conseil du Trésor."
HICC IPI 100,Samuel De Champlain Bridge Corridor Project – Oversight,Projet de corridor du pont Samuel-De Champlain – Surveillance,"Agreements, agreements of purchase and sale, analytical reports, annual expenditure reports, audit reports, backgrounders, briefing notes, business cases, Cabinet documents, contracts and scopes of work, correspondence, delegations of authority, engineering and survey drawings, environmental assessments and reports, financial claims and payments, financial management reports, guidelines, Indigenous consultations, issues notes, key messages, lease agreements, legal advice, lessons learned reports, letters, licensing agreements, media analyses, media lines, meeting agendas and minutes, meeting summaries, memoranda, memoranda of understanding, ministerial recommendations, monitoring reports, news releases, Orders in Council, payment documentation, payment requisitions and payments, photographs, placemats, plans, policies, presentations, procedures, project and reporting data, project reports, project risk analyses, proposals submitted through the request for proposals, question period cards, questions and answers, receipts and vouchers, records of decision, records of discussion, reports, risk assessments, scenario notes, social media postings, sound recordings, speaking notes, speeches, spreadsheets, statements, strategies and progress reports, studies, templates, terms of reference, Treasury Board submissions, videos.","Ententes, ententes d'achat et de vente, rapports analytiques, rapports annuels sur les dépenses, rapports de vérification, documents d'information, notes d'information, analyses de rentabilité, documents du Cabinet, contrats et portées des travaux, correspondance, délégations de pouvoirs, relevés et dessins techniques, évaluations environnementales et rapports, créances et paiements, rapports sur la gestion financière, lignes directrices, consultations auprès des autochtones, notes sur les enjeux, messages clés, ententes de location, avis juridiques, rapports sur les leçons apprises, lettres, ententes de licence, analyses médiatiques, infocapsules, ordres du jour et procès-verbaux de réunions, résumés de réunions, notes de service, protocoles d'entente, recommandations ministérielles, rapports de suivi, communiqués de presse, décrets, documents de paiement, réquisitions et paiements, photographies, napperons, plans, politiques, présentations, procédures, données relatives aux projets et aux rapports, rapports de projet, analyses des risques liés aux projets, propositions soumises dans le cadre de la demande de propositions, fiches pour les périodes de questions, questions et réponses, reçus et récépissés, comptes rendus de décisions, comptes rendus de discussions, rapports, évaluations des risques, notes de scénario, affichages dans les médias sociaux, enregistrements sonores, notes d'allocution, discours, feuilles de calcul, relevés, stratégies et rapports d'étape, études, gabarits, mandats, présentations au Conseil du Trésor, vidéos."
HICC IPI 110,Gordie Howe International Bridge Project – Oversight,Projet du pont international Gordie Howe – Surveillance,"Agreement management records, agreements, agreements of purchase and sale, analytical reports, annual expenditure reports, audit reports, backgrounders, briefing notes, business cases, Cabinet documents, capital plans and/or expenditure reports, contracts and scopes of work, corporate plans, correspondence, Crown corporation annual reports, delegations of authority, engineering and survey drawings, environmental assessments and reports, evaluation reports, financial claims and payments, financial management reports, funding agreements, guidelines, Indigenous consultations, issues notes, key messages, lease agreements, legal advice, lessons learned reports, letters, licensing agreements, media analyses, media lines, meeting agendas and minutes, meeting summaries, memoranda, memoranda of understanding, ministerial recommendations, monitoring reports, news releases, newsletters, Orders in Council, payment documentation, payment requisitions and payments, photographs, placemats, plans, policies, presentations, project reports, project reviews, project risk analyses, question period cards, questions and answers, records of decision, records of discussion, reports, result-based management and accountability frameworks, risk and audit frameworks, risk assessments, scenario notes, social media postings, speaking notes, species at risk incident reports, speeches, spreadsheets, statements, statistical analyses, strategies and progress reports, studies, terms of reference, Treasury Board submissions.","Dossiers de gestion des ententes, ententes, ententes d'achat et de vente, rapports analytiques, rapports annuels sur les dépenses, rapports de vérification, documents d'information, notes d'information, analyses de rentabilité, documents du Cabinet, plans d'immobilisations et/ou rapports de dépenses, plans organisationnels, correspondance, rapports annuels de la société d'État, délégations de pouvoirs, relevés et dessins techniques, évaluations environnementales et rapports, rapports d'évaluation, créances et paiements, rapports sur la gestion financière, ententes de financement, lignes directrices, consultations auprès des autochtones, notes sur les enjeux, messages clés, ententes de location, avis juridiques, rapports sur les leçons apprises, lettres, ententes de licence, analyses médiatiques, infocapsules, ordres du jour et procès-verbaux de réunions, résumés de réunions, notes de service, protocoles d'entente, recommandations ministérielles, rapports de suivi, communiqués de presse, bulletins, décrets, documents de paiement, réquisitions et paiements, photographies, napperons, plans, politiques, présentations, rapports de projet, examens de projet, analyses des risques liés aux projets, fiches pour les périodes de questions, questions et réponses, comptes rendus de décisions, comptes rendus de discussions, rapports, cadres d'imputabilité et de gestion fondée sur les résultats, cadres de risques et de vérification, évaluations des risques, notes de scénario, affichages dans les médias sociaux, notes d'allocution, rapports d'incidents sur les espèces en péril, discours, feuilles de calcul, relevés, analyses statistiques, stratégies et rapports d'étape, études, mandats, présentations au Conseil du Trésor."
HICC IPI 120,Jacques Cartier and Champlain Bridges Incorporated (JCCBI) Oversight,Surveillance de la société Les Ponts Jacques Cartier et Champlain Incorporée (PJCCI),"Agreements, annual expenditure reports, audit reports, backgrounders, briefing notes, business cases, Cabinet documents, capital plans and/or expenditure reports, corporate plans, correspondence, Crown corporation annual reports, financial claims and payments, financial management reports, issues notes, key messages, legal advice, letters, media lines, meeting agendas and minutes, memoranda, memoranda of understanding, ministerial recommendations, news releases, Orders in Council, payment documentation, payment requisitions and payments, photographs, placemats, plans, presentations, procedures, records submitted by JCCBI (includes information contained within proposals submitted through the request for proposals, expected results from the project and reporting requirements as stipulated in the *Financial Administration Act* (e.g., corporate plans, access to information and privacy annual reports)), scenario notes, speaking notes, speeches, spreadsheets, statements, Treasury Board submissions.","Ententes, rapports annuels sur les dépenses, rapports de vérification, documents d'information, notes d'information, analyses de rentabilité, documents du Cabinet, plans d'immobilisations et/ou rapports de dépenses, plans organisationnels, correspondance, rapports annuels de la société d'État, créances et paiements, rapports sur la gestion financière, notes sur les enjeux, messages clés, avis juridiques, lettres, infocapsules, ordres du jour et procès-verbaux de réunions, notes de service, protocoles d'entente, recommandations ministérielles, communiqués de presse, décrets, documents de paiement, réquisitions et paiements, photographies, napperons, plans, présentations, procédures, les dossiers soumis par PJCCI comprennent les renseignements contenus dans les propositions soumises dans le cadre de la demande de propositions, les résultats attendus du projet et les exigences en matière de rapports stipulées dans la *Loi sur la gestion des finances publiques* (p. ex. plans d'entreprise, rapports annuels, rapports d'accès à l'information, rapports sur la protection des renseignements personnels), notes de scénario, notes d'allocution, discours, feuilles de calcul, relevés, présentations au Conseil du Trésor."
HICC IPI 130,Alto High-Speed Rail,Train à grande vitesse Alto,"Agreement management records, agreements, agreements of purchase and sale, analytical reports, annual expenditure reports, backgrounders, briefing notes, business cases, Cabinet documents, capital plans and/or expenditure reports, contracts, correspondence, Crown corporation annual reports, dashboards, datasets, delegations of authority, environmental assessments and reports, evaluation reports, financial claims and payments, financial management reports, funding agreements, funding proposals, guidelines, Indigenous consultations, issues notes, key messages, legal advice, media analysis, media lines, meeting agenda and minutes, meeting summaries, memoranda, memoranda of understanding, ministerial recommendations, monitoring reports, news releases, newsletters, payment documentation, photographs, plans, policies, presentations, procedures, program control frameworks, project and reporting data, project evaluations, project listing for communications, project reports, project reviews, project risk analyses, project submissions, project summaries, publications, question period cards, questions and answers, receipts and vouchers, records of decision, records of discussion, reports, result-based management and accountability frameworks, risk and audit frameworks, risk assessments, scenario notes, scopes of work, speaking notes, strategies and progress reports, studies, templates, terms of reference, Treasury Board submissions.","Dossiers de gestion des ententes, ententes, ententes d'achat et de vente, rapports analytiques, rapports annuels sur les dépenses, documents d'information, notes d'information, analyses de rentabilité, documents du Cabinet, plans d'immobilisations et/ou rapports de dépenses, contrats, correspondance, rapports annuels de la société d'État, tableaux de bord, ensembles de données, délégations de pouvoirs, évaluations environnementales et rapports, rapports d'évaluation, créances et paiements, rapports sur la gestion financière, ententes de financement, propositions de financement, lignes directrices, consultations auprès des autochtones, notes sur les enjeux, messages clés, avis juridiques, analyses médiatiques, infocapsules, ordres du jour et procès-verbaux de réunions, résumés de réunions, notes de service, protocoles d'entente, recommandations ministérielles, rapports de suivi, communiqués de presse, bulletins, documents de paiement, photographies, plans, politiques, présentations, procédures, cadres de gestion de programme, données relatives aux projets et aux rapports, évaluations de projet, listes de projets pour les communications, rapports de projet, examens de projet, analyses des risques liés aux projets, présentations de projets, résumés de projets, publications, fiches pour les périodes de questions, questions et réponses, reçus et récépissés, comptes rendus de décisions, comptes rendus de discussions, rapports, cadres d'imputabilité et de gestion fondée sur les résultats, cadres de risques et de vérification, évaluations des risques, notes de scénario, portées des travaux, notes d'allocution, stratégies et rapports d'étape, études, gabarits, mandats, présentations au Conseil du Trésor."
HICC IPI 140,Quebec Bridge,Pont de Québec,"Agreements, agreements of purchase and sale, analytical reports, backgrounders, briefing notes, business cases, Cabinet documents, capital plans and/or expenditure reports, contracts, correspondence, delegations of authority, engineering and survey drawing, environmental assessments and reports, evaluation reports, financial claims and payments, financial management reports, funding agreements, funding proposals, guidelines, Indigenous consultations, issues notes, key messages, legal advice, licensing agreements, media lines, meeting agenda and minutes, memoranda, memoranda of understanding, ministerial recommendations, payment and administrative agreements, plans, presentations, procedures, project and reporting data, project evaluations, project reports, project reviews, question period cards, questions and answers, receipts and vouchers, records of discussion, reports, result-based management and accountability frameworks, risk and audit frameworks, risk assessments, scopes of work, speaking notes, strategies and progress reports, studies, surveys, terms of reference, transcripts, transfer, Treasury Board submissions.","Dossiers de gestion des ententes, ententes, ententes d'achat et de vente, rapports analytiques, documents d'information, notes d'information, analyses de rentabilité, documents du Cabinet, plans d'immobilisations et/ou rapports de dépenses, contrats, correspondance, délégations de pouvoirs, relevés et dessins techniques, évaluations environnementales et rapports, rapports d'évaluation, créances et paiements, rapports sur la gestion financière, ententes de financement, propositions de financement, lignes directrices, consultations auprès des autochtones, notes sur les enjeux, messages clés, avis juridiques, ententes de licence, infocapsules, ordres du jour et procès-verbaux de réunions, notes de service, protocoles d'entente, recommandations ministérielles, paiement et ententes administratives, plans, présentations, procédures, données relatives aux projets et aux rapports, évaluations de projet, rapports de projet, examens de projet, fiches pour les périodes de questions, questions et réponses, reçus et récépissés, comptes rendus de discussions, rapports, cadres d'imputabilité et de gestion fondée sur les résultats, cadres de risques et de vérification, évaluations des risques, portées des travaux, notes d'allocution, stratégies et rapports d'étape, études, sondages, mandats, transcriptions, transferts, présentations au Conseil du Trésor."
HICC IPI 010,Alternative Financing Policy,Politique de financement alternatif,"Agreements, analytical reports, application forms, audit reports, backgrounders, briefing notes, business cases, Cabinet documents, corporate plans, correspondence, Crown corporation annual reports, evaluation reports, guidelines, issues notes, key messages, legal advice, lessons learned reports, letters, media analyses, media lines, meeting agendas and minutes, meeting summaries, memoranda, memoranda of understanding, ministerial recommendations, monitoring reports, news releases, newsletters, one-pagers, Orders in Council, placemats, plans, policies, presentations, procedures, project and reporting data, project evaluations, project listing for communications, project reports, project reviews, project risk analyses, project submissions, project summaries, publications, question period cards, questions and answers, records of decision, records of discussion, reports, scenario notes, social media postings, speaking notes, speeches, spreadsheets, statements, statistical analyses, strategies and progress reports, studies, surveys, templates, terms of reference, Treasury Board submissions.","Ententes, rapports analytiques, formulaires de demande, rapports de vérification, documents d'information, notes d'information, analyses de rentabilité, documents du Cabinet, plans organisationnels, correspondance, rapports annuels de la société d'État, rapports d'évaluation, lignes directrices, notes sur les enjeux, messages clés, avis juridiques, rapports sur les leçons apprises, lettres, analyses médiatiques, infocapsules, ordres du jour et procès-verbaux de réunions, résumés de réunions, notes de service, protocoles d'entente, recommandations ministérielles, rapports de suivi, communiqués de presse, bulletins, fiches d'une page, décrets, napperons, plans, politiques, présentations, procédures, données relatives aux projets et aux rapports, évaluations de projet, listes de projets pour les communications, rapports de projet, examens de projet, analyses des risques liés aux projets, présentations de projets, résumés de projets, publications, fiches pour les périodes de questions, questions et réponses, reçus et récépissés, comptes rendus de décisions, comptes rendus de discussions, rapports, notes de scénario, affichages dans les médias sociaux, notes d'allocution, discours, feuilles de calcul, relevés, analyses statistiques, stratégies et rapports d'étape, études, sondages, gabarits, mandats, présentations au Conseil du Trésor."
HICC IPI 040,Alternative Financing Investment,Investissement de financement alternatif,"Agreements, analytical reports, application forms, audit reports, backgrounders, briefing notes, business cases, Cabinet documents, corporate plans, correspondence, Crown corporation annual reports, evaluation reports, funding agreements, funding proposals, grant and contribution agreements, guidelines, issues notes, key messages, legal advice, lessons learned reports, letters, media analyses, media lines, memoranda, meeting agendas and minutes, meeting summaries, memoranda of understanding, ministerial recommendations, monitoring reports, news releases, newsletters, one-pagers, Orders in Council, payment documentation, payment requisitions and payments, photographs, placemats, plans, policies, presentations, procedures, project and reporting data, project listing for communications, project reports, project reviews and evaluations, project risk analyses, project submissions, project summaries, publications, question period cards, questions and answers, records of decision, records of discussion, reports, scenario notes, social media postings, speaking notes, speeches, spreadsheets, statements, statistical analyses, strategies and progress reports, studies, surveys, templates, terms of reference, transfer payment and administrative agreements, Treasury Board submissions.","Ententes, rapports analytiques, formulaires de demande, rapports de vérification, documents d'information, notes d'information, analyses de rentabilité, documents du Cabinet, plans organisationnels, correspondance, rapports annuels de la société d'État, rapports d'évaluation, ententes de financement, propositions de financement, ententes de subvention et de contribution, lignes directrices, notes sur les enjeux, messages clés, avis juridiques, rapports sur les leçons apprises, lettres, analyses médiatiques, infocapsules, notes de service, ordres du jour et procès-verbaux de réunions, résumés de réunions, protocoles d'entente, recommandations ministérielles, rapports de suivi, communiqués de presse, bulletins, fiches d'une page, décrets, documents de paiement, réquisitions et paiements, photographies, napperons, plans, politiques, présentations, procédures, données relatives aux projets et aux rapports, listes de projets pour les communications, rapports de projet, examens et évaluations de projet, analyses des risques liés aux projets, présentations de projets, résumés de projets, publications, fiches pour les périodes de questions, questions et réponses, reçus et récépissés, comptes rendus de décisions, comptes rendus de discussions, rapports, notes de scénario, affichages dans les médias sociaux, notes d'allocution, discours, feuilles de calcul, relevés, analyses statistiques, stratégies et rapports d'étape, études, sondages, gabarits, mandats, ententes administratives et de paiement de transfert, présentations au Conseil du Trésor."
HICC IPI 090,Alternative Financing Oversight,Surveillance du financement alternatif,"Agreements, analytical reports, application forms, audit reports, backgrounders, briefing notes, business cases, Cabinet documents, corporate plans, correspondence, Crown corporation annual reports, evaluation reports, guidelines, issues notes, key messages, legal advice, lessons learned reports, letters, media analyses, media lines, meeting agendas and minutes, meeting summaries, memoranda, memoranda of understanding, ministerial recommendations, monitoring reports, news releases, newsletters, one-pagers, Orders in Council, placemats, plans, policies, presentations, procedures, project and reporting data, project evaluations, project listing for communications, project reports, project reviews, project risk analyses, project submissions, project summaries, publications, question period cards, questions and answers, records of decision, records of discussion, reports, scenario notes, social media postings, speaking notes, speeches, spreadsheets, statements, statistical analyses, strategies and progress reports, studies, surveys, templates, terms of reference, Treasury Board submissions.","Ententes, rapports analytiques, formulaires de demande, rapports de vérification, documents d'information, notes d'information, analyses de rentabilité, documents du Cabinet, plans organisationnels, correspondance, rapports annuels de la société d'État, rapports d'évaluation, lignes directrices, notes sur les enjeux, messages clés, avis juridiques, rapports sur les leçons apprises, lettres, analyses médiatiques, infocapsules, ordres du jour et procès-verbaux de réunions, résumés de réunions, notes de service, protocoles d'entente, recommandations ministérielles, rapports de suivi, communiqués de presse, bulletins, fiches d'une page, décrets, napperons, plans, politiques, présentations, procédures, données relatives aux projets et aux rapports, évaluations de projet, listes de projets pour les communications, rapports de projet, examens de projet, analyses des risques liés aux projets, présentations de projets, résumés de projets, publications, fiches pour les périodes de questions, questions et réponses, comptes rendus de décisions, comptes rendus de discussions, rapports, notes de scénario, affichages dans les médias sociaux, notes d'allocution, discours, feuilles de calcul, relevés, analyses statistiques, stratégies et rapports d'étape, études, sondages, gabarits, mandats, présentations au Conseil du Trésor."
HICC HHB 040,BC120 Operating Lease for Homelessness,,"Briefing notes, Cabinet documents, correspondence, grant agreements, payment documents, reporting data.",
HICC CIP 150,Building Canada Fund – Research and Planning Component,,"Audit reports, briefing notes, business cases, Cabinet documents, contribution agreements, correspondence, delegations of authority, environmental assessments and reports, financial claims and payments, financial management reports, guidelines, issues notes, legal advice, media analyses, media lines, meeting agendas and minutes, memoranda, monitoring reports, news releases, payment requisitions, plans, presentations, procedures, program control frameworks, project reviews, project risk analyses, question period cards, receipts and vouchers, records of decision, records of discussion, statements, terms and conditions, Treasury Board submissions.",
HICC CIP 190,Infrastructure Stimulus Fund,Fonds de stimulation de l'infrastructure,"Audit reports, briefing notes, business cases, Cabinet documents, contribution agreements, correspondence, delegations of authority, environmental assessments and reports, financial claims and payments, financial management reports, guidelines, issues notes, legal advice, media analyses, media lines, meeting agendas and minutes, memoranda, monitoring reports, news releases, payment requisitions, plans, presentations, procedures, program control frameworks, project reviews, project risk analyses, question period cards, receipts and vouchers, records of decision, records of discussion, statements, terms and conditions, Treasury Board submissions.","Rapports de vérification, notes d'information, analyses de rentabilité, documents du Cabinet, ententes de contribution, correspondance, délégations de pouvoirs, évaluations environnementales et rapports, créances et paiements, rapports sur la gestion financière, lignes directrices, notes sur les enjeux, avis juridiques, analyses médiatiques, infocapsules, ordres du jour et procès-verbaux de réunions, notes de service, rapports de suivi, communiqués de presse, demandes de paiement, plans, présentations, procédures, cadres de gestion de programme, examens de projet, analyses des risques liés aux projets, fiches pour les périodes de questions, reçus et récépissés, comptes rendus de décisions, comptes rendus de discussions, relevés, modalités, présentations au Conseil du Trésor."
HICC CIP 200,Inuvik to Tuktoyaktuk Highway Fund,Fonds pour la route entre Inuvik et Tuktoyaktuk,"Audit reports, briefing notes, business cases, Cabinet documents, contribution agreements, correspondence, delegations of authority, environmental assessments and reports, financial claims and payments, financial management reports, guidelines, issues notes, legal advice, media analyses, media lines, meeting agendas and minutes, memoranda, monitoring reports, news releases, payment requisitions, plans, presentations, procedures, program control frameworks, project reviews, project risk analyses, question period cards, receipts and vouchers, records of decision, records of discussion, statements, terms and conditions, Treasury Board submissions.","Rapports de vérification, notes d'information, analyses de rentabilité, documents du Cabinet, ententes de contribution, correspondance, délégations de pouvoirs, évaluations environnementales et rapports, créances et paiements, rapports sur la gestion financière, lignes directrices, notes sur les enjeux, avis juridiques, analyses médiatiques, infocapsules, ordres du jour et procès-verbaux de réunions, notes de service, rapports de suivi, communiqués de presse, demandes de paiement, plans, présentations, procédures, cadres de gestion de programme, examens de projet, analyses des risques liés aux projets, fiches pour les périodes de questions, reçus et récépissés, comptes rendus de décisions, comptes rendus de discussions, relevés, modalités, présentations au Conseil du Trésor."
HICC HHB 080,Municipalities for Climate Innovation Program,Programme Municipalités pour l'innovation climatique,"Briefing notes, Cabinet documents, contribution agreements, correspondence, financial claims and payments, financial reports, funding proposals, legal advice, media analyses, media lines, meeting agendas, news releases, presentations, project reports, questions and answers, records of decision, Treasury Board submissions.","Notes d'information, documents du Cabinet, ententes de contribution, correspondance, créances et paiements, rapports financiers, propositions de financement, avis juridiques, analyses médiatiques, infocapsules, ordres du jour de réunions, communiqués de presse, présentations, rapports de projet, questions et réponses, comptes rendus de décisions, présentations au Conseil du Trésor."
HICC CIP 210,Municipal-Rural Infrastructure Fund,Fonds sur l'infrastructure municipale – rurale,"Audit reports, briefing notes, business cases, Cabinet documents, contribution agreements, correspondence, delegations of authority, environmental assessments and reports, financial claims and payments, financial management reports, guidelines, issues notes, legal advice, media analyses, media lines, meeting agendas and minutes, memoranda of understanding, monitoring reports, news releases, payment requisitions, plans, presentations, procedures, program control frameworks, project reviews, project risk analyses, question period cards, receipts and vouchers, records of decision, records of discussion, statements, terms and conditions, Treasury Board submissions.","Rapports de vérification, notes d'information, analyses de rentabilité, documents du Cabinet, ententes de contribution, correspondance, délégations de pouvoirs, évaluations environnementales et rapports, créances et paiements, rapports sur la gestion financière, lignes directrices, notes sur les enjeux, avis juridiques, analyses médiatiques, infocapsules, ordres du jour et procès-verbaux de réunions, protocoles d'entente, rapports de suivi, communiqués de presse, demandes de paiement, plans, présentations, procédures, cadres de gestion de programme, examens de projet, analyses des risques liés aux projets, fiches pour les périodes de questions, reçus et récépissés, comptes rendus de décisions, comptes rendus de discussions, relevés, modalités, présentations au Conseil du Trésor."
HICC CIP 220,National Recreational Trails Program,Programme pour les sentiers récréatifs nationaux,"Audit reports, briefing notes, business cases, Cabinet documents, contribution agreements, correspondence, delegations of authority, environmental assessments and reports, financial claims and payments, financial management reports, guidelines, issues notes, legal advice, media analyses, media lines, meeting agendas and minutes, memoranda, monitoring reports, news releases, payment requisitions, plans, presentations, procedures, program control frameworks, project reviews, project risk analyses, question period cards, receipts and vouchers, records of decision, records of discussion, statements, Terms and conditions, Treasury Board submissions.","Rapports de vérification, notes d'information, analyses de rentabilité, documents du Cabinet, ententes de contribution, correspondance, délégations de pouvoirs, évaluations environnementales et rapports, créances et paiements, rapports sur la gestion financière, lignes directrices, notes sur les enjeux, avis juridiques, analyses médiatiques, infocapsules, ordres du jour et procès-verbaux de réunions, notes de service, rapports de suivi, communiqués de presse, demandes de paiement, plans, présentations, procédures, cadres de gestion de programme, examens de projet, analyses des risques liés aux projets, fiches pour les périodes de questions, reçus et récépissés, comptes rendus de décisions, comptes rendus de discussions, relevés, modalités, présentations au Conseil du Trésor."
HICC CIP 260,Provincial–Territorial Base Funding Program,Financement de base pour les infrastructures des provinces et des territoires,"Audit reports, briefing notes, business cases, Cabinet documents, contribution agreements, correspondence, delegations of authority, environmental assessments and reports, financial claims and payments, financial management reports, guidelines, issues notes, legal advice, media analyses, media lines, meeting agendas and minutes, memoranda, monitoring reports, news releases, payment requisitions, plans, presentations, procedures, program control frameworks, project reviews, project risk analyses, question period cards, receipts and vouchers, records of decision, records of discussion, statements, Terms and conditions, Treasury Board submissions.","Rapports de vérification, notes d'information, analyses de rentabilité, documents du Cabinet, ententes de contribution, correspondance, délégations de pouvoirs, évaluations environnementales et rapports, créances et paiements, rapports sur la gestion financière, lignes directrices, notes sur les enjeux, avis juridiques, analyses médiatiques, infocapsules, ordres du jour et procès-verbaux de réunions, notes de service, rapports de suivi, communiqués de presse, demandes de paiement, plans, présentations, procédures, cadres de gestion de programme, examens de projet, analyses des risques liés aux projets, fiches pour les périodes de questions, reçus et récépissés, comptes rendus de décisions, comptes rendus de discussions, relevés, modalités, présentations au Conseil du Trésor."
HICC CIP 280,Public Transit Fund,Fonds pour le transport en commun,"Audit reports, briefing notes, business cases, Cabinet documents, contribution agreements, correspondence, delegations of authority, environmental assessments and reports, financial claims and payments, financial management reports, guidelines, issues notes, legal advice, media analyses, media lines, meeting agendas and minutes, memoranda, monitoring reports, news releases, payment requisitions, plans, presentations, procedures, program control frameworks, project reviews, project risk analyses, question period cards, receipts and vouchers, records of decision, records of discussion, statements, Terms and conditions, Treasury Board submissions.","Rapports de vérification, notes d'information, analyses de rentabilité, documents du Cabinet, ententes de contribution, correspondance, délégations de pouvoirs, évaluations environnementales et rapports, créances et paiements, rapports sur la gestion financière, lignes directrices, notes sur les enjeux, avis juridiques, analyses médiatiques, infocapsules, ordres du jour et procès-verbaux de réunions, notes de service, rapports de suivi, communiqués de presse, demandes de paiement, plans, présentations, procédures, cadres de gestion de programme, examens de projet, analyses des risques liés aux projets, fiches pour les périodes de questions, reçus et récépissés, comptes rendus de décisions, comptes rendus de discussions, relevés, modalités, présentations au Conseil du Trésor."
HICC IPI 080,P3 Canada Fund,Fonds PPP Canada,"Agreements of purchase and sale, annual progress reports, audit reports, backgrounders, briefing notes, business cases, Cabinet documents, contracts and scopes of work, corporate plans, correspondence, Crown corporation annual reports, delegation of authority, environmental assessments and reports, evaluation reports, financial claims and payments, financial agreements and amendments, financial management reports, funding proposals, guidelines, Indigenous consultations, lease agreements, legal advice, lessons learned reports, licensing agreements, media analyses, media lines, meeting agendas and minutes, memoranda, ministerial recommendations, monitoring reports, news releases, Orders in Council, payment requisitions and payments, photographs, plans, policies, presentations, procedures, project agreements, project and reporting data, project reports, project reviews and evaluations, project summaries, publications, questions and answers, records of decision, risk assessments, sound recordings, speaking notes, studies, templates, terms of reference, transfer, Treasury Board submissions, videos.","Ententes d'achat et de vente, rapports annuels d'étape, rapports de vérification, documents d'information, notes d'information, analyses de rentabilité, documents du Cabinet, contrats et portées des travaux, plans organisationnels, correspondance, rapports annuels de la société d'État, délégations de pouvoirs, évaluations environnementales et rapports, rapports d'évaluation, créances et paiements, ententes et modifications financières, rapports sur la gestion financière, propositions de financement, lignes directrices, consultations auprès des autochtones, ententes de location, avis juridiques, rapports sur les leçons apprises, ententes de licence, analyses médiatiques, infocapsules, ordres du jour et procès-verbaux de réunions, notes de service, recommandations ministérielles, rapports de suivi, communiqués de presse, décrets, réquisitions et paiements, photographies, plans, politiques, présentations, procédures, ententes de projet, données relatives aux projets et aux rapports, rapports de projet, examens et évaluations de projet, résumés de projets, publications, questions et réponses, comptes rendus de décisions, évaluations des risques, enregistrements sonores, notes d'allocution, études, gabarits, mandats, transferts, présentations au Conseil du Trésor, vidéos."
HICC CIP 290,Rural Economic Development Policy,Politique de développement économique rural,"Analytical reports, backgrounders, briefing notes, correspondence, media analyses, media lines, meeting summaries, news releases, presentations, progress reports, project vignettes, question period cards, questions and answers, scenario notes, speaking notes, social media postings, strategies and videos.","Rapports analytiques, documents d'information, notes d'information, correspondance, analyses médiatiques, infocapsules, résumés de réunions, communiqués de presse, présentations, rapports d'étape, vignettes de projet, fiches pour les périodes de questions, questions et réponses, notes de scénario, notes d'allocution, affichages dans les médias sociaux, stratégies et vidéos."
LICC DGLI 010,,Fonds pour l'application des restrictions sur la location de courte durée,,"Dossiers de gestion des ententes, rapports analytiques, rapports annuels d'étape, examens de demandes, présentations de demandes, résumés de demandes, notes d'information, correspondance, rapports d'évaluation, créances et paiements, ententes de financement, ententes de subvention, lignes directrices, notes sur les enjeux, messages clés, avis juridiques, rapports sur les leçons apprises, cadres de contrôle de gestion, analyses médiatiques, infocapsules, ordres du jour de réunions, recommandations ministérielles, comptes rendus et résumés, communiqués de presse, documents de paiement, politiques, analyses de politiques, présentations, procédures, rapports d'étape, questions et réponses, comptes rendus de décisions, rapports, évaluations des risques, notes de scénario, affichages dans les médias sociaux, notes d'allocution, relevés, gabarits, mandats, présentations au Conseil du Trésor."
LICC DGLI 020,,Élaboration de politiques pour les programmes fédéraux de logement,,"Notes d'information, documents du Cabinet, notes de comité, correspondance, ensembles de données, rapports d'évaluation, rapports financiers, notes sur les enjeux, avis juridiques, analyses médiatiques, infocapsules, ordres du jour de réunions, recommandations ministérielles, communiqués de presse, présentations, fiches pour les périodes de questions, questions et réponses, comptes rendus de décisions, notes d'allocution, discours, présentations au Conseil du Trésor."
LICC DGPR 020,,Initiative de recherche et de connaissances,,"Mandats du comité de gestion des ententes, documents d'évaluation et de recommandation des demandes, rapports de vérification, états financiers vérifiés, notes d'information, documents d'appel de demandes, factures liées aux réclamations et documents justificatifs, stratégies de communication, contrats, ententes de contribution, correspondance, délégation de pouvoirs, documents de communication externe, rapports finaux, créances et paiements, propositions de financement, lignes directrices, avis juridiques, ordres du jour et procès-verbaux de réunions, notes de service, communiqués de presse, politiques, présentations, procédures, rapports d'étape, résumés de projets, fiches pour les périodes de questions, questions et réponses, comptes rendus de décisions, études, présentations au Conseil du Trésor, vidéos, contenu Web et plans de travail."
LICC DGLI 030,,Vers un chez-soi : La stratégie canadienne de lutte contre l'itinérance,,"Ententes, rapports analytiques, documents d'information, notes d'information, documents du Cabinet, contrats et portées des travaux, ententes de contribution et modifications, correspondance, rapports financiers et d'activités, ententes de financement, propositions de financement, ententes de subventions et de contributions, lignes directrices, consultations auprès des autochtones, factures, notes sur les enjeux, messages clés, infocapsules, ordres du jour et procès-verbaux de réunions, notes de service, recommandations ministérielles, bulletins, plans, politiques, présentations, données relatives aux projets et aux rapports, rapports de projet, examens et évaluations de projet, rapports d'étape, présentations de projets, résumés de projets, publications, fiches pour les périodes de questions, questions et réponses, enregistrements de contacts et d'interactions avec les destinataires, comptes rendus de discussions, rapports, notes de scénario, notes d'allocution, discours, relevés, analyses statistiques, études, sondages, gabarits, vidéos."
LICC DGPCI 040,,Fonds d'atténuation et d'adaptation en matière de catastrophes,,"Formulaires de demande, rapports de vérification, notes d'information, documents du Cabinet, contrats et portées des travaux, ententes de contribution et modifications, correspondance, délégations de pouvoirs, évaluations et rapports environnementaux, rapports d'évaluation, créances et paiements, lignes directrices, consultations auprès des autochtones, avis juridiques, rapports sur la gestion financière, analyses médiatiques, infocapsules, ordres du jour et procès-verbaux de réunions, protocoles d'entente, recommandations ministérielles, rapports de suivi, communiqués de presse, documents de paiement, plans, présentations, procédures, cadres de gestion de programme, données relatives aux projets et aux rapports, présentations de projets, examens de projet, fiches pour les périodes de questions, questions et réponses, comptes rendus de décisions, cadres de risques et de vérification, évaluations des risques, affichages dans les médias sociaux, notes d'allocution, discours, gabarits, mandats, présentations au Conseil du Trésor."
LICC DGPR 030,,Initiative de soutien aux infrastructures résilientes aux changements climatiques – Trousse sur le climat,,"Documents d'information, notes d'information, documents du Cabinet, contrats, correspondance, lignes directrices, factures, notes sur les enjeux, messages clés, rapports sur les leçons apprises, ordres du jour et procès-verbaux de réunions, notes de service, protocoles d'entente, communiqués de presse, plans, politiques, présentations, publications, fiches pour les périodes de questions, comptes rendus de décisions, rapports, notes de scénario, notes d'allocution, mandats, présentations au Conseil du Trésor."
LICC DGPCI 020,,Fonds pour le développement des collectivités du Canada,,"Ententes administratives, rapports annuels sur les dépenses, énoncés de vérification, notes d'information, documents du Cabinet, correspondance, délégations de pouvoirs, rapports sur la gestion financière, ententes de contribution et modifications, lignes directrices, avis juridiques, analyses médiatiques, infocapsules, ordres du jour et procès-verbaux de réunions, notes de service, communiqués de presse, réquisitions et paiements, plans, présentations, procédures, cadres de gestion de programme, listes de projets pour les communications, questions et réponses, comptes rendus de décisions, rapports, évaluations des risques, notes d'allocution, analyses statistiques, mandats, paiements de transfert, présentations au Conseil du Trésor."
LICC DGPCI 050,,Bâtiments communautaires verts et inclusifs,,"Formulaires de demande, rapports de vérification, notes d'information, documents du Cabinet, créances et paiements, contrats et portées des travaux, correspondance, délégations de pouvoirs, évaluations et rapports environnementaux, rapports d'évaluation, correspondance financière, rapports sur la gestion financière, ententes de contribution et modifications, lignes directrices, consultations auprès des autochtones, avis juridiques, analyses médiatiques, infocapsules, ordres du jour et procès-verbaux de réunions, protocoles d'entente, recommandations ministérielles, rapports de suivi, communiqués de presse, documents de paiement, plans, présentations, procédures, cadres de gestion de programme, données relatives aux projets et aux rapports, examens de projet, présentations de projets, fiches pour les périodes de questions, questions et réponses, comptes rendus de décisions, cadres de risques et de vérification, évaluations des risques, affichages dans les médias sociaux, notes d'allocution, discours, gabarits, mandats, présentations au Conseil du Trésor."
LICC DGLI 050,,Initiative canadienne pour des collectivités en santé,,"Dossiers de gestion des ententes, rapports analytiques, rapports annuels sur les dépenses, formulaires de demande, propositions de financement, examens de demandes, résumés de demandes, rapports de vérification, documents d'information, notes d'information, analyses de rentabilité, créances et paiements, dossiers de gestion des accords de contribution, correspondance, rapports d'évaluation, ententes de financement, lignes directrices, notes sur les enjeux, messages clés, avis juridiques, rapports sur les leçons apprises, cadres de contrôle de gestion, analyses médiatiques, infocapsules, ordres du jour et procès-verbaux de réunions, résumés de réunions, recommandations ministérielles, rapports de suivi, bulletins, communiqués de presse, documents de paiement, photographies, plans, politiques, analyses de politiques, présentations, procédures, rapports d'étape, données relatives aux projets et aux rapports, liste de projets pour les communications, rapports de projet, examens et évaluations des rapports de projet, résumés de projets, analyses des risques liés aux propositions, publications, questions et réponses, comptes rendus de décisions, rapports, évaluations des risques, notes de scénario, affichages dans les médias sociaux, notes d'allocution, relevés, gabarits, mandats, présentations au Conseil du Trésor, vidéos."
LICC DGLI 040,,C-B 120 Bail d'exploitation pour l'itinérance,,"Notes d'information, documents du Cabinet, correspondance, ententes de subvention, documents de paiement, données de rapport."
LICC DGPCI 150,,Fonds Chantiers Canada – volet Recherche et Planification,,"Rapports de vérification, notes d'information, analyses de rentabilité, documents du Cabinet, ententes de contribution, correspondance, délégations de pouvoirs, évaluations environnementales et rapports, créances et paiements, rapports sur la gestion financière, lignes directrices, notes sur les enjeux, avis juridiques, analyses médiatiques, infocapsules, ordres du jour et procès-verbaux de réunions, notes de service, rapports de suivi, communiqués de presse, demandes de paiement, plans, présentations, procédures, cadres de gestion de programme, examens de projet, analyses des risques liés aux projets, fiches pour les périodes de questions, reçus et récépissés, comptes rendus de décisions, comptes rendus de discussions, relevés, modalités, présentations au Conseil du Trésor."
LICC DGSM 030,,Carrefour de l'accessibilité,,"Notes d'information, listes de contrôle, contrats, correspondance, articles de bulletins d'information pour les employés et messages du personnel, notes de scénario d'événement, questionnaires de rétroaction, messages clés, lignes directrices, ordres du jour et procès-verbaux de réunions, présentations, procédures, matériel promotionnel, questions et réponses, comptes rendus de discussions, contenu des médias sociaux, points et notes d'allocution, portées des travaux, sondages, gabarits, mandats, plans triennaux sur l'accessibilité, contenu Web."
LICC IPI 150,,"Lutte contre le racisme, équité et inclusion",,"Rapports annuels d'étape, notes d'information, listes de contrôle, contrats, correspondance, articles de bulletins d'information pour les employés et messages du personnel, notes de scénario d'événement, lignes directrices, messages clés, ordres du jour et procès-verbaux de réunions, présentations, procédures, matériel promotionnel, questions et réponses, questionnaires, comptes rendus de discussions, contenu des médias sociaux, points et notes d'allocution, énoncés de travail, gabarits, mandats, contenu Web."
LICC DGPR 050,,Conseil canadien des infrastructures,,"Bibliographies annotées, demandes, lettres de nomination, rapports de présence, documents d'information, biographies, notes d'information, analyses de rentabilité, chartes, communications, formulaires de consentement, contrats, correspondance, rapports de dépenses, rapports sur la gestion financière, lignes directrices, documents de gouvernance, consultations auprès des autochtones, factures, messages clés, infocapsules, ordres du jour de réunions, notes de service et notes sur les enjeux, conseils et recommandations ministériels, procès-verbaux et comptes rendus de décisions, rapports de suivi, communiqués de presse, bulletins, avis d'intention, politiques opérationnelles, guides du participant, documents de paiement, demandes de paiement, présentations, procédures, propositions, annonces publiques, publications, questions et réponses, reçus et récépissés, rapports de recherche et d'analyse, guides de ressources, notes de scénario, notes d'allocution, mémoires écrits des intervenants, portées des travaux, sondages, gabarits, mandats, transcriptions, demandes de traduction, présentations au Conseil du Trésor, contenu Web, plans de travail."
LICC DGSM 010,,Science des données,,"Ententes, rapports analytiques, documents d'information, notes d'information, analyses de rentabilité, correspondance, rapports annuels de la société d'État, tableaux de bord, ensembles de données, délégations de pouvoirs, lignes directrices, ordres du jour et procès-verbaux de réunions, protocoles d'entente, plans, présentations, procédures, données relatives aux projets et aux rapports, listes de projets pour les communications, rapports de projet, examens et évaluations de projet, analyses des risques liés aux projets, résumés de projets, présentations de projets, publications, fiches pour les périodes de questions, questions et réponses, comptes rendus de décisions, comptes rendus de discussions, rapports, évaluations des risques, notes de scénario, portées des travaux, notes d'allocution, analyses statistiques, études, sondages, gabarits, mandats, transcriptions."
LICC DGSM 020,,Surveillance et rapports hybrides,,"Ententes, rapports analytiques, documents d'information, notes d'information, analyses de rentabilité, correspondance, tableaux de bord, ensembles de données, lignes directrices, plans, politiques, présentations, procédures, publications, fiches pour les périodes de questions, questions et réponses, évaluations des risques, notes de scénario, portées des travaux, analyses statistiques, stratégies et rapports d'étape."
LICC DGPR 040,,Conseil national du logement,,"Rapports annuels sur les dépenses, demandes, lettres de nomination, rapports de présence, documents d'information, biographies, notes d'information, analyses de rentabilité, chartes, communications, formulaires de consentement, contrats, correspondance, rapports de dépenses, rapports sur la gestion financière, documents de gouvernance, lignes directrices, plans d'audience, consultations auprès des autochtones, factures, notes sur les enjeux, messages clés, ordres du jour et procès-verbaux de réunions, documents de réunion, résumés de réunions, rapports de suivi, communiqués de presse, bulletins, avis d'intention, politiques opérationnelles, guides du participant, documents de paiement, demandes de paiement, présentations, procédures, propositions, annonces publiques, publications, questions et réponses, reçus et récépissés, recommandations au ministre, enregistrements, comptes rendus de décisions, rapports de recherche, guides de ressources, notes de scénario, contenu des médias sociaux, notes d'allocution, portées des travaux, sondages, gabarits, mandats, témoignages, transcriptions, vidéos, présentations écrites et orales des participants et ensembles de données connexes."
