record_id,scope,institution_id,institution_name_en,bank_number_key,title_en,reachability,primary_question_codes,candidate_question_codes,named_route,exclusive_route_required
standard:PSU 901,standard,,Government of Canada institutions,PSU 901,Access to Information Act and Privacy Act Requests,direct,q_access_privacy,q_access_privacy|q_civic_contact|q_complaint_appeal|q_justice_safety,true,false
standard:PSU 931,standard,,Government of Canada institutions,PSU 931,Accounts Payable,direct,q_government_work|q_money_programs,q_access_privacy|q_business_supplier|q_education_training|q_government_work|q_money_programs|q_tax_customs|q_travel_border,true,false
standard:PSU 932,standard,,Government of Canada institutions,PSU 932,Accounts Receivable,direct,q_money_programs,q_access_privacy|q_business_supplier|q_money_programs|q_tax_customs,false,false
standard:PSU 940,standard,,Government of Canada institutions,PSU 940,Acquisition Cards,direct,q_business_supplier|q_money_programs,q_access_privacy|q_business_supplier|q_justice_safety|q_money_programs|q_travel_border,false,false
standard:PSU 911,standard,,Government of Canada institutions,PSU 911,Applications for Employment,direct,,q_civic_contact|q_government_work|q_health_disability|q_immigration,true,false
standard:PSE 903,standard,,Government of Canada institutions,PSE 903,Attendance and Leave,direct,q_government_work,q_business_supplier|q_civic_contact|q_government_work,true,false
standard:PSU 904,standard,,Government of Canada institutions,PSU 904,"Automated Document, Records, and Information Management Systems",not_discoverable,,,false,false
standard:PSU 903,standard,,Government of Canada institutions,PSU 903,Business Continuity Planning,direct,q_emergency,q_access_privacy|q_business_supplier|q_emergency|q_government_work|q_health_disability|q_justice_safety,false,false
standard:PSU 933,standard,,Government of Canada institutions,PSU 933,Canadian Human Rights Act - Complaints,direct,q_complaint_appeal,q_business_supplier|q_complaint_appeal|q_government_work|q_health_disability|q_justice_safety,false,false
standard:PSE 911,standard,,Government of Canada institutions,PSE 911,Discipline,direct,q_government_work,q_access_privacy|q_business_supplier|q_complaint_appeal|q_government_work|q_health_disability|q_justice_safety,true,false
standard:PSU 906,standard,,Government of Canada institutions,PSU 906,Disclosure of Wrongdoing in the Workplace,possible_only,,q_government_work|q_justice_safety,false,false
standard:PSU 913,standard,,Government of Canada institutions,PSU 913,Disclosure to Investigative Bodies,possible_only,,q_access_privacy|q_justice_safety,false,false
standard:PSU 905,standard,,Government of Canada institutions,PSU 905,Electronic Network Monitoring Logs,possible_only,,q_business_supplier|q_education_training|q_government_work|q_justice_safety,false,false
standard:PSE 916,standard,,Government of Canada institutions,PSE 916,Employee Assistance,possible_only,,q_civic_contact|q_government_work|q_health_disability,false,false
standard:PSE 912,standard,,Government of Canada institutions,PSE 912,Employee Performance Management Program,direct,q_government_work,q_access_privacy|q_complaint_appeal|q_government_work|q_health_disability|q_justice_safety|q_money_programs,true,false
standard:PSE 901,standard,,Government of Canada institutions,PSE 901,Employee Personnel Record,direct,q_government_work,q_access_privacy|q_business_supplier|q_complaint_appeal|q_emergency|q_family_vital|q_government_work|q_health_disability|q_immigration|q_justice_safety|q_military_veterans|q_money_programs|q_tax_customs|q_travel_border,true,false
standard:PSE 918,standard,,Government of Canada institutions,PSE 918,Employment Equity and Diversity,direct,q_government_work,q_complaint_appeal|q_education_training|q_government_work|q_health_disability|q_indigenous_services|q_research_survey,true,false
standard:PSU 902,standard,,Government of Canada institutions,PSU 902,Executive Correspondence,direct,q_civic_contact,q_civic_contact,false,false
standard:PSU 942,standard,,Government of Canada institutions,PSU 942,Evaluation,possible_only,,q_access_privacy|q_business_supplier|q_civic_contact,false,false
standard:PSU 934,standard,,Government of Canada institutions,PSU 934,EX Talent Management,possible_only,,q_access_privacy|q_government_work,false,false
standard:PSU 918,standard,,Government of Canada institutions,PSU 918,Governor in Council Appointments,possible_only,,q_business_supplier|q_family_vital|q_government_work|q_health_disability|q_immigration|q_money_programs|q_tax_customs|q_travel_border,false,false
standard:PSE 910,standard,,Government of Canada institutions,PSE 910,Grievances,direct,q_complaint_appeal,q_access_privacy|q_complaint_appeal|q_government_work|q_health_disability,false,false
standard:PSE 919,standard,,Government of Canada institutions,PSE 919,Harassment and Violence,direct,,q_government_work|q_health_disability|q_justice_safety,true,false
standard:PSU 908,standard,,Government of Canada institutions,PSU 908,Hospitality,possible_only,,q_access_privacy|q_family_vital|q_government_work|q_money_programs,false,false
standard:PSU 935,standard,,Government of Canada institutions,PSU 935,Human Resources Planning,direct,q_government_work,q_access_privacy|q_business_supplier|q_complaint_appeal|q_education_training|q_family_vital|q_government_work|q_health_disability,false,false
standard:PSU 941,standard,,Government of Canada institutions,PSU 941,Internal Audit,possible_only,,q_business_supplier|q_government_work|q_justice_safety,false,false
standard:PSU 915,standard,,Government of Canada institutions,PSU 915,Internal Communications,possible_only,,q_access_privacy|q_civic_contact|q_government_work|q_research_survey,false,false
standard:PSU 936,standard,,Government of Canada institutions,PSU 936,Library Services,not_discoverable,,,false,false
standard:PSU 937,standard,,Government of Canada institutions,PSU 937,Lobbying Act Requirements,possible_only,,q_civic_contact|q_military_veterans,false,false
standard:PSU 919,standard,,Government of Canada institutions,PSU 919,"Members of Boards, Committees and Councils",possible_only,,q_access_privacy|q_business_supplier|q_civic_contact|q_culture_volunteer|q_family_vital|q_health_disability|q_immigration|q_money_programs|q_tax_customs|q_travel_border,false,false
standard:PSE 907,standard,,Government of Canada institutions,PSE 907,Occupational Health and Safety,direct,q_government_work|q_health_disability,q_business_supplier|q_civic_contact|q_complaint_appeal|q_emergency|q_family_vital|q_government_work|q_health_disability|q_justice_safety|q_money_programs,true,false
standard:PSE 906,standard,,Government of Canada institutions,PSE 906,Official Languages,direct,q_government_work,q_access_privacy|q_civic_contact|q_government_work,true,false
standard:PSU 938,standard,,Government of Canada institutions,PSU 938,Outreach Activities,possible_only,,q_access_privacy|q_civic_contact|q_family_vital|q_health_disability|q_research_survey,false,false
standard:PSE 914,standard,,Government of Canada institutions,PSE 914,Parking,direct,q_government_work,q_access_privacy|q_business_supplier|q_government_work|q_health_disability|q_housing_property|q_justice_safety|q_money_programs|q_travel_border,true,false
standard:PSE 904,standard,,Government of Canada institutions,PSE 904,Pay and Benefits,direct,,q_access_privacy|q_business_supplier|q_complaint_appeal|q_government_work|q_money_programs|q_tax_customs,true,false
standard:PSU 917,standard,,Government of Canada institutions,PSU 917,Personnel Security Screening,direct,q_business_supplier|q_government_work|q_justice_safety,q_access_privacy|q_business_supplier|q_complaint_appeal|q_culture_volunteer|q_education_training|q_family_vital|q_government_work|q_immigration|q_justice_safety|q_military_veterans,true,false
standard:PSU 907,standard,,Government of Canada institutions,PSU 907,Physical Access Controls,possible_only,,q_access_privacy|q_business_supplier|q_emergency|q_government_work|q_justice_safety,false,false
standard:PSU 912,standard,,Government of Canada institutions,PSU 912,Professional Services Contracts,direct,q_business_supplier,q_access_privacy|q_business_supplier|q_government_work|q_money_programs|q_tax_customs,true,false
standard:PSU 914,standard,,Government of Canada institutions,PSU 914,Public Communications,possible_only,,q_access_privacy|q_civic_contact|q_complaint_appeal|q_family_vital|q_government_work,false,false
standard:PSU 948,standard,,Government of Canada institutions,PSU 948,Real Property Management,possible_only,,q_business_supplier|q_culture_volunteer|q_housing_property|q_money_programs,false,false
standard:PSE 920,standard,,Government of Canada institutions,PSE 920,Recognition Program,direct,,q_access_privacy|q_government_work|q_money_programs,true,false
standard:PSU 910,standard,,Government of Canada institutions,PSU 910,Relocation,possible_only,,q_business_supplier|q_family_vital|q_health_disability|q_housing_property,false,false
standard:PSU 939,standard,,Government of Canada institutions,PSU 939,Security Incidents and Privacy Breaches,possible_only,,q_access_privacy|q_business_supplier|q_complaint_appeal|q_emergency|q_government_work|q_health_disability|q_justice_safety,false,false
standard:PSE 902,standard,,Government of Canada institutions,PSE 902,Staffing,direct,q_government_work,q_access_privacy|q_business_supplier|q_civic_contact|q_complaint_appeal|q_government_work|q_health_disability|q_immigration|q_justice_safety,true,false
standard:PSE 905,standard,,Government of Canada institutions,PSE 905,Training and Development,possible_only,,q_access_privacy|q_education_training|q_government_work|q_money_programs,false,false
standard:PSU 909,standard,,Government of Canada institutions,PSU 909,Travel,direct,q_travel_border,q_access_privacy|q_business_supplier|q_culture_volunteer|q_education_training|q_family_vital|q_government_work|q_immigration|q_justice_safety|q_money_programs|q_travel_border,false,false
standard:PSE 915,standard,,Government of Canada institutions,PSE 915,Values and Ethics Codes for the Public Sector and Organizational code(s) of Conduct,possible_only,,q_access_privacy|q_family_vital|q_government_work|q_justice_safety|q_money_programs,false,false
standard:PSE 908,standard,,Government of Canada institutions,PSE 908,"Vehicle, Ship, Boat and Aircraft Accidents",direct,q_business_supplier|q_government_work,q_business_supplier|q_civic_contact|q_government_work|q_health_disability,false,false
standard:PSE 930,standard,,Government of Canada institutions,PSE 930,Workplace Day Care,direct,q_government_work,q_family_vital|q_government_work|q_research_survey,false,false
institution:ati-schedule-i-department-of-agriculture-and-agri-food:AAFC PPU 231,institution,ati-schedule-i-department-of-agriculture-and-agri-food,Department of Agriculture and Agri-Food,AAFC PPU 231,AgriClient Personal Information Bank,possible_only,,q_business_supplier|q_civic_contact|q_emergency|q_government_work|q_health_disability|q_indigenous_services,false,false
institution:ati-schedule-i-department-of-agriculture-and-agri-food:AAFC PPU 140,institution,ati-schedule-i-department-of-agriculture-and-agri-food,Department of Agriculture and Agri-Food,AAFC PPU 140,Agricultural Marketing Programs Act Advance Payments Program Personal Information Bank,direct,q_money_programs,q_civic_contact|q_family_vital|q_justice_safety|q_money_programs,false,false
institution:ati-schedule-i-department-of-agriculture-and-agri-food:AAFC PPU 209,institution,ati-schedule-i-department-of-agriculture-and-agri-food,Department of Agriculture and Agri-Food,AAFC PPU 209,Agricultural Marketing Programs Act Price Pooling Program Personal Information Bank,possible_only,,q_business_supplier|q_money_programs,false,false
institution:ati-schedule-i-department-of-agriculture-and-agri-food:AAFC PPU 165,institution,ati-schedule-i-department-of-agriculture-and-agri-food,Department of Agriculture and Agri-Food,AAFC PPU 165,Canadian Agricultural Loans Act Personal Information Bank,direct,q_money_programs,q_money_programs,false,false
institution:ati-schedule-i-department-of-agriculture-and-agri-food:AAFC PPU 632,institution,ati-schedule-i-department-of-agriculture-and-agri-food,Department of Agriculture and Agri-Food,AAFC PPU 632,Hog Industry Loan Loss Reserve Program Personal Information Bank,direct,q_indigenous_services,q_indigenous_services|q_money_programs,false,false
institution:ati-schedule-i-department-of-agriculture-and-agri-food:AAFC PPU 247,institution,ati-schedule-i-department-of-agriculture-and-agri-food,Department of Agriculture and Agri-Food,AAFC PPU 247,Canada Brand Program Personal Information Bank,possible_only,,q_government_work|q_money_programs,false,false
institution:ati-schedule-i-department-of-agriculture-and-agri-food:AAFC PPU 248,institution,ati-schedule-i-department-of-agriculture-and-agri-food,Department of Agriculture and Agri-Food,AAFC PPU 248,Canadian Pari-Mutuel Agency Program Personal Information Bank,possible_only,,q_business_supplier|q_complaint_appeal|q_government_work|q_justice_safety,false,false
institution:ati-schedule-i-department-of-agriculture-and-agri-food:AAFC PPU 221,institution,ati-schedule-i-department-of-agriculture-and-agri-food,Department of Agriculture and Agri-Food,AAFC PPU 221,Recruitment and Staffing Personal Information Bank,possible_only,,q_business_supplier|q_civic_contact|q_complaint_appeal|q_government_work|q_health_disability|q_immigration|q_justice_safety,false,false
institution:ati-schedule-i-department-of-agriculture-and-agri-food:AAFC PPU 300,institution,ati-schedule-i-department-of-agriculture-and-agri-food,Department of Agriculture and Agri-Food,AAFC PPU 300,Youth Employment and Skills Program Personal Information Bank,possible_only,,q_business_supplier|q_education_training|q_indigenous_services|q_money_programs,false,false
institution:ati-schedule-i-department-of-agriculture-and-agri-food:AAFC PPU 245,institution,ati-schedule-i-department-of-agriculture-and-agri-food,Department of Agriculture and Agri-Food,AAFC PPU 245,AgriInsurance Personal Information Bank,possible_only,,q_money_programs,false,false
institution:ati-schedule-i-department-of-agriculture-and-agri-food:AAFC PPU 183,institution,ati-schedule-i-department-of-agriculture-and-agri-food,Department of Agriculture and Agri-Food,AAFC PPU 183,AgriStability Net Income Stabilization Account Personal Information Bank,possible_only,,q_business_supplier|q_complaint_appeal|q_health_disability|q_money_programs|q_tax_customs,false,false
institution:ati-schedule-i-department-of-agriculture-and-agri-food:AAFC PPU 141,institution,ati-schedule-i-department-of-agriculture-and-agri-food,Department of Agriculture and Agri-Food,AAFC PPU 141,Farm Level Data Services Personal Information Bank,possible_only,,q_business_supplier,false,false
institution:ati-schedule-i-department-of-agriculture-and-agri-food:AAFC PPU 636,institution,ati-schedule-i-department-of-agriculture-and-agri-food,Department of Agriculture and Agri-Food,AAFC PPU 636,Agricultural Disaster Relief Program (AgriRecovery Framework) Personal Information Bank,direct,q_emergency|q_money_programs,q_emergency|q_money_programs|q_research_survey,false,false
institution:ati-schedule-i-department-of-agriculture-and-agri-food:AAFC PPU 137,institution,ati-schedule-i-department-of-agriculture-and-agri-food,Department of Agriculture and Agri-Food,AAFC PPU 137,Visiting Fellowship in Canadian Government Laboratories Personal Information Bank,possible_only,,q_education_training|q_family_vital|q_money_programs|q_tax_customs,false,false
institution:ati-schedule-i-department-of-agriculture-and-agri-food:AAFC PPU 633,institution,ati-schedule-i-department-of-agriculture-and-agri-food,Department of Agriculture and Agri-Food,AAFC PPU 633,Internal and External Credential Management Services Personal Information Bank,possible_only,,q_access_privacy|q_justice_safety,false,false
institution:ati-schedule-i-department-of-agriculture-and-agri-food:AAFC PPU 253,institution,ati-schedule-i-department-of-agriculture-and-agri-food,Department of Agriculture and Agri-Food,AAFC PPU 253,Evaluations (AAFC),possible_only,,q_civic_contact,false,false
institution:ati-schedule-i-department-of-agriculture-and-agri-food:AAFC PPU 227,institution,ati-schedule-i-department-of-agriculture-and-agri-food,Department of Agriculture and Agri-Food,AAFC PPU 227,Farm Debt Mediation Service Personal Information Bank,direct,q_money_programs,q_business_supplier|q_money_programs,false,false
institution:ati-schedule-i-department-of-agriculture-and-agri-food:AAFC PPU 223,institution,ati-schedule-i-department-of-agriculture-and-agri-food,Department of Agriculture and Agri-Food,AAFC PPU 223,National Fleet Management Personal Information Bank,direct,q_business_supplier,q_access_privacy|q_business_supplier|q_education_training|q_government_work|q_health_disability|q_justice_safety,false,false
institution:ati-schedule-i-department-of-agriculture-and-agri-food:AAFC PPU 232,institution,ati-schedule-i-department-of-agriculture-and-agri-food,Department of Agriculture and Agri-Food,AAFC PPU 232,Security Incident Management Program Personal Information Bank,possible_only,,q_business_supplier|q_civic_contact|q_education_training|q_government_work|q_justice_safety|q_money_programs,false,false
institution:ati-schedule-i-department-of-agriculture-and-agri-food:AAFC PPU 410,institution,ati-schedule-i-department-of-agriculture-and-agri-food,Department of Agriculture and Agri-Food,AAFC PPU 410,Pest Management Centre Personal Information Bank,direct,q_money_programs,q_civic_contact|q_government_work|q_health_disability|q_money_programs,false,false
institution:ati-schedule-i-department-of-agriculture-and-agri-food:AAFC PPE 254,institution,ati-schedule-i-department-of-agriculture-and-agri-food,Department of Agriculture and Agri-Food,AAFC PPE 254,Prescribed Presence in the Workplace Monitoring Program (Personal Information Bank),possible_only,,q_business_supplier|q_education_training|q_government_work|q_justice_safety,false,false
institution:ati-schedule-i-department-of-canadian-heritage:PCH PPU 078,institution,ati-schedule-i-department-of-canadian-heritage,Department of Canadian Heritage,PCH PPU 078,Artists and Agents,direct,q_culture_volunteer,q_business_supplier|q_culture_volunteer,false,false
institution:ati-schedule-i-department-of-canadian-heritage:PCH PPU 070,institution,ati-schedule-i-department-of-canadian-heritage,Department of Canadian Heritage,PCH PPU 070,Volunteer Centre,direct,q_culture_volunteer,q_culture_volunteer|q_health_disability|q_immigration,true,false
institution:ati-schedule-i-department-of-canadian-heritage:PCH PPU 027,institution,ati-schedule-i-department-of-canadian-heritage,Department of Canadian Heritage,PCH PPU 027,Canada Day Challenge,direct,,q_business_supplier|q_culture_volunteer|q_education_training|q_family_vital|q_justice_safety|q_travel_border,true,false
institution:ati-schedule-i-department-of-canadian-heritage:PCH PPU 220,institution,ati-schedule-i-department-of-canadian-heritage,Department of Canadian Heritage,PCH PPU 220,Athlete Assistance Program,direct,q_culture_volunteer|q_money_programs,q_access_privacy|q_civic_contact|q_culture_volunteer|q_education_training|q_emergency|q_family_vital|q_health_disability|q_immigration|q_money_programs,false,false
institution:ati-schedule-i-department-of-canadian-heritage:PCH PPU 232,institution,ati-schedule-i-department-of-canadian-heritage,Department of Canadian Heritage,PCH PPU 232,Status of the High-Performance Athlete in Canada Study,direct,q_culture_volunteer,q_culture_volunteer,false,false
institution:ati-schedule-i-department-of-canadian-heritage:PCH PPU 071,institution,ati-schedule-i-department-of-canadian-heritage,Department of Canadian Heritage,PCH PPU 071,Youth Program,possible_only,,q_culture_volunteer|q_education_training,false,false
institution:ati-schedule-i-department-of-canadian-heritage:PCH PPU 233,institution,ati-schedule-i-department-of-canadian-heritage,Department of Canadian Heritage,PCH PPU 233,Young Canada Works,direct,q_government_work,q_culture_volunteer|q_education_training|q_government_work|q_immigration,false,false
institution:ati-schedule-i-department-of-citizenship-and-immigration:IRCC PPU 007,institution,ati-schedule-i-department-of-citizenship-and-immigration,Department of Citizenship and Immigration,IRCC PPU 007,Immigration Loans Program (PPU 007),direct,q_immigration,q_access_privacy|q_complaint_appeal|q_family_vital|q_health_disability|q_immigration|q_money_programs|q_travel_border,false,false
institution:ati-schedule-i-department-of-citizenship-and-immigration:IRCC PPU 008,institution,ati-schedule-i-department-of-citizenship-and-immigration,Department of Citizenship and Immigration,IRCC PPU 008,Refugee and Humanitarian Resettlement (PPU 008),direct,q_immigration,q_access_privacy|q_civic_contact|q_complaint_appeal|q_family_vital|q_health_disability|q_immigration|q_justice_safety|q_military_veterans|q_travel_border,false,false
institution:ati-schedule-i-department-of-citizenship-and-immigration:IRCC PPU 009,institution,ati-schedule-i-department-of-citizenship-and-immigration,Department of Citizenship and Immigration,IRCC PPU 009,In-Canada Asylum (PPU 009),direct,q_immigration,q_access_privacy|q_business_supplier|q_civic_contact|q_complaint_appeal|q_education_training|q_emergency|q_family_vital|q_health_disability|q_housing_property|q_immigration|q_justice_safety|q_military_veterans|q_money_programs|q_travel_border,false,false
institution:ati-schedule-i-department-of-citizenship-and-immigration:IRCC PPU 010,institution,ati-schedule-i-department-of-citizenship-and-immigration,Department of Citizenship and Immigration,IRCC PPU 010,Federal Immigrant Investors and Entrepreneurs (PPU 010),direct,q_business_supplier|q_immigration,q_access_privacy|q_business_supplier|q_civic_contact|q_complaint_appeal|q_family_vital|q_immigration|q_justice_safety,false,false
institution:ati-schedule-i-department-of-citizenship-and-immigration:IRCC PPU 013,institution,ati-schedule-i-department-of-citizenship-and-immigration,Department of Citizenship and Immigration,IRCC PPU 013,Sponsors of Foreign Nationals (PPU 013),direct,q_immigration,q_access_privacy|q_complaint_appeal|q_family_vital|q_immigration|q_justice_safety|q_money_programs|q_travel_border,false,false
institution:ati-schedule-i-department-of-citizenship-and-immigration:IRCC PPU 042,institution,ati-schedule-i-department-of-citizenship-and-immigration,Department of Citizenship and Immigration,IRCC PPU 042,Permanent Economic Residents (PPU 042),direct,q_immigration,q_access_privacy|q_business_supplier|q_civic_contact|q_complaint_appeal|q_education_training|q_family_vital|q_health_disability|q_immigration|q_justice_safety|q_military_veterans|q_research_survey|q_travel_border,false,false
institution:ati-schedule-i-department-of-citizenship-and-immigration:IRCC PPU 050,institution,ati-schedule-i-department-of-citizenship-and-immigration,Department of Citizenship and Immigration,IRCC PPU 050,Application and Assessment for Canadian Citizenship (PPU 050),direct,q_immigration,q_access_privacy|q_business_supplier|q_civic_contact|q_complaint_appeal|q_education_training|q_family_vital|q_immigration|q_justice_safety|q_tax_customs|q_travel_border,true,false
institution:ati-schedule-i-department-of-citizenship-and-immigration:IRCC PPU 051,institution,ati-schedule-i-department-of-citizenship-and-immigration,Department of Citizenship and Immigration,IRCC PPU 051,International Students (PPU 051),direct,q_education_training|q_immigration,q_access_privacy|q_business_supplier|q_civic_contact|q_complaint_appeal|q_culture_volunteer|q_education_training|q_family_vital|q_health_disability|q_immigration|q_justice_safety|q_military_veterans|q_travel_border,false,false
institution:ati-schedule-i-department-of-citizenship-and-immigration:IRCC PPU 052,institution,ati-schedule-i-department-of-citizenship-and-immigration,Department of Citizenship and Immigration,IRCC PPU 052,Migration Health Services (PPU 052),direct,q_health_disability|q_immigration|q_justice_safety|q_money_programs,q_access_privacy|q_business_supplier|q_complaint_appeal|q_health_disability|q_immigration|q_justice_safety|q_money_programs,false,false
institution:ati-schedule-i-department-of-citizenship-and-immigration:IRCC PPU 054,institution,ati-schedule-i-department-of-citizenship-and-immigration,Department of Citizenship and Immigration,IRCC PPU 054,International Mobility (PPU 054),direct,q_immigration,q_access_privacy|q_business_supplier|q_civic_contact|q_complaint_appeal|q_culture_volunteer|q_education_training|q_family_vital|q_health_disability|q_immigration|q_justice_safety|q_military_veterans|q_money_programs|q_travel_border,false,false
institution:ati-schedule-i-department-of-citizenship-and-immigration:IRCC PPU 055,institution,ati-schedule-i-department-of-citizenship-and-immigration,Department of Citizenship and Immigration,IRCC PPU 055,Visitor Case File (PPU 055),direct,,q_business_supplier|q_complaint_appeal|q_family_vital|q_health_disability|q_immigration|q_justice_safety|q_military_veterans,true,false
institution:ati-schedule-i-department-of-citizenship-and-immigration:IRCC PPU 062,institution,ati-schedule-i-department-of-citizenship-and-immigration,Department of Citizenship and Immigration,IRCC PPU 062,Settlement Services (PPU 062),direct,q_immigration,q_access_privacy|q_business_supplier|q_complaint_appeal|q_immigration|q_money_programs|q_research_survey,false,false
institution:ati-schedule-i-department-of-citizenship-and-immigration:IRCC PPU 065,institution,ati-schedule-i-department-of-citizenship-and-immigration,Department of Citizenship and Immigration,IRCC PPU 065,Resettlement Assistance (PPU 065),direct,q_immigration|q_money_programs|q_travel_border,q_access_privacy|q_business_supplier|q_complaint_appeal|q_emergency|q_immigration|q_justice_safety|q_money_programs|q_research_survey|q_tax_customs|q_travel_border,false,false
institution:ati-schedule-i-department-of-citizenship-and-immigration:IRCC PPU 066,institution,ati-schedule-i-department-of-citizenship-and-immigration,Department of Citizenship and Immigration,IRCC PPU 066,Protected Persons Status Documents (PPU 066),possible_only,,q_access_privacy|q_complaint_appeal|q_family_vital|q_health_disability|q_immigration|q_justice_safety|q_travel_border,false,false
institution:ati-schedule-i-department-of-citizenship-and-immigration:IRCC PPU 067,institution,ati-schedule-i-department-of-citizenship-and-immigration,Department of Citizenship and Immigration,IRCC PPU 067,Permanent Resident Card (PPU 067),direct,q_immigration|q_tax_customs,q_business_supplier|q_education_training|q_immigration|q_justice_safety|q_tax_customs|q_travel_border,true,false
institution:ati-schedule-i-department-of-citizenship-and-immigration:IRCC PPU 068,institution,ati-schedule-i-department-of-citizenship-and-immigration,Department of Citizenship and Immigration,IRCC PPU 068,Migration Control and Security Management (PPU 068),direct,q_immigration,q_access_privacy|q_business_supplier|q_complaint_appeal|q_education_training|q_emergency|q_family_vital|q_health_disability|q_immigration|q_justice_safety|q_military_veterans|q_research_survey|q_travel_border,false,false
institution:ati-schedule-i-department-of-citizenship-and-immigration:IRCC PPU 072,institution,ati-schedule-i-department-of-citizenship-and-immigration,Department of Citizenship and Immigration,IRCC PPU 072,Panel Member Management (PPU 072),possible_only,,q_access_privacy|q_complaint_appeal|q_health_disability|q_immigration,false,false
institution:ati-schedule-i-department-of-citizenship-and-immigration:IRCC PPU 080,institution,ati-schedule-i-department-of-citizenship-and-immigration,Department of Citizenship and Immigration,IRCC PPU 080,Certificates of Identity and Refugee Travel Documents (PPU 080),direct,q_immigration|q_travel_border,q_business_supplier|q_education_training|q_emergency|q_family_vital|q_health_disability|q_immigration|q_justice_safety|q_travel_border,false,false
institution:ati-schedule-i-department-of-citizenship-and-immigration:IRCC PPU 081,institution,ati-schedule-i-department-of-citizenship-and-immigration,Department of Citizenship and Immigration,IRCC PPU 081,Regular and Official Passports (PPU 081),direct,,q_business_supplier|q_education_training|q_emergency|q_family_vital|q_health_disability|q_immigration|q_justice_safety|q_money_programs|q_research_survey|q_travel_border,true,false
institution:ati-schedule-i-department-of-citizenship-and-immigration:IRCC PPU 082,institution,ati-schedule-i-department-of-citizenship-and-immigration,Department of Citizenship and Immigration,IRCC PPU 082,Security and Intelligence Case Management (PPU 082),direct,q_justice_safety|q_money_programs,q_business_supplier|q_civic_contact|q_family_vital|q_government_work|q_immigration|q_justice_safety|q_money_programs|q_travel_border,false,false
institution:ati-schedule-i-department-of-citizenship-and-immigration:IRCC PPU 083,institution,ati-schedule-i-department-of-citizenship-and-immigration,Department of Citizenship and Immigration,IRCC PPU 083,Council of Newcomers (PPU 083),direct,q_immigration,q_business_supplier|q_civic_contact|q_health_disability|q_immigration|q_travel_border,false,false
institution:ati-schedule-i-department-of-citizenship-and-immigration:IRCC PPU 084,institution,ati-schedule-i-department-of-citizenship-and-immigration,Department of Citizenship and Immigration,IRCC PPU 084,Prescribed Presence in the Workplace Monitoring Program (PPU 084),possible_only,,q_business_supplier|q_education_training|q_government_work|q_immigration|q_justice_safety,false,false
institution:ati-schedule-i-department-of-crown-indigenous-relations-and-northern-affairs:CIRNAC PPU 040,institution,ati-schedule-i-department-of-crown-indigenous-relations-and-northern-affairs,Department of Crown-Indigenous Relations and Northern Affairs,CIRNAC PPU 040,Management of Indian Residential Schools Records,direct,q_education_training,q_complaint_appeal|q_education_training|q_health_disability|q_indigenous_services|q_money_programs,false,false
institution:ati-schedule-i-department-of-crown-indigenous-relations-and-northern-affairs:CIRNAC PPU 010,institution,ati-schedule-i-department-of-crown-indigenous-relations-and-northern-affairs,Department of Crown-Indigenous Relations and Northern Affairs,CIRNAC PPU 010,Litigation Committee Records,direct,q_complaint_appeal,q_complaint_appeal|q_education_training|q_indigenous_services,false,false
institution:ati-schedule-i-department-of-crown-indigenous-relations-and-northern-affairs:CIRNAC PPU 030,institution,ati-schedule-i-department-of-crown-indigenous-relations-and-northern-affairs,Department of Crown-Indigenous Relations and Northern Affairs,CIRNAC PPU 030,Settlements,possible_only,,q_education_training|q_indigenous_services|q_money_programs,false,false
institution:ati-schedule-i-department-of-crown-indigenous-relations-and-northern-affairs:CIRNAC PPU 020,institution,ati-schedule-i-department-of-crown-indigenous-relations-and-northern-affairs,Department of Crown-Indigenous Relations and Northern Affairs,CIRNAC PPU 020,Nunavut Training,direct,q_indigenous_services,q_education_training|q_indigenous_services,false,false
institution:ati-schedule-i-department-of-crown-indigenous-relations-and-northern-affairs:CIRNAC PPU 050,institution,ati-schedule-i-department-of-crown-indigenous-relations-and-northern-affairs,Department of Crown-Indigenous Relations and Northern Affairs,CIRNAC PPU 050,Research Document Collections,possible_only,,q_complaint_appeal|q_education_training|q_indigenous_services|q_money_programs,false,false
institution:ati-schedule-i-department-of-crown-indigenous-relations-and-northern-affairs:CIRNAC PPU 170,institution,ati-schedule-i-department-of-crown-indigenous-relations-and-northern-affairs,Department of Crown-Indigenous Relations and Northern Affairs,CIRNAC PPU 170,On-the-Job Training,possible_only,,q_indigenous_services,false,false
institution:ati-schedule-i-department-of-crown-indigenous-relations-and-northern-affairs:CIRNAC PPU 136,institution,ati-schedule-i-department-of-crown-indigenous-relations-and-northern-affairs,Department of Crown-Indigenous Relations and Northern Affairs,CIRNAC PPU 136,Inuit Loan Fund,direct,q_indigenous_services,q_business_supplier|q_indigenous_services,false,false
institution:ati-schedule-i-department-of-crown-indigenous-relations-and-northern-affairs:CIRNAC PPU 140,institution,ati-schedule-i-department-of-crown-indigenous-relations-and-northern-affairs,Department of Crown-Indigenous Relations and Northern Affairs,CIRNAC PPU 140,Small Business Loan Fund,direct,q_money_programs,q_indigenous_services|q_money_programs,false,false
institution:ati-schedule-i-department-of-crown-indigenous-relations-and-northern-affairs:CIRNAC PPU 806,institution,ati-schedule-i-department-of-crown-indigenous-relations-and-northern-affairs,Department of Crown-Indigenous Relations and Northern Affairs,CIRNAC PPU 806,Northern Mining Royalty Management,possible_only,,q_business_supplier|q_family_vital|q_government_work|q_health_disability|q_indigenous_services|q_justice_safety|q_money_programs,false,false
institution:ati-schedule-i-department-of-crown-indigenous-relations-and-northern-affairs:CIRNAC PPU 155,institution,ati-schedule-i-department-of-crown-indigenous-relations-and-northern-affairs,Department of Crown-Indigenous Relations and Northern Affairs,CIRNAC PPU 155,Prospectors' Assistance,possible_only,,q_indigenous_services,false,false
institution:ati-schedule-i-department-of-crown-indigenous-relations-and-northern-affairs:CIRNAC PPU 300,institution,ati-schedule-i-department-of-crown-indigenous-relations-and-northern-affairs,Department of Crown-Indigenous Relations and Northern Affairs,CIRNAC PPU 300,Transfer Payments,direct,q_money_programs,q_indigenous_services|q_money_programs,false,false
institution:ati-schedule-i-department-of-crown-indigenous-relations-and-northern-affairs:CIRNAC PPU 250,institution,ati-schedule-i-department-of-crown-indigenous-relations-and-northern-affairs,Department of Crown-Indigenous Relations and Northern Affairs,CIRNAC PPU 250,Public Enquiries Contact Centre Call-Tracking System,possible_only,,q_indigenous_services|q_justice_safety,false,false
institution:ati-schedule-i-department-of-crown-indigenous-relations-and-northern-affairs:CIRNAC PPE 802,institution,ati-schedule-i-department-of-crown-indigenous-relations-and-northern-affairs,Department of Crown-Indigenous Relations and Northern Affairs,CIRNAC PPE 802,"Centre for Integrity, Values and Conflict Resolution Case Files",possible_only,,q_complaint_appeal|q_indigenous_services,false,false
institution:ati-schedule-i-department-of-crown-indigenous-relations-and-northern-affairs:CIRNAC PSU 941,institution,ati-schedule-i-department-of-crown-indigenous-relations-and-northern-affairs,Department of Crown-Indigenous Relations and Northern Affairs,CIRNAC PSU 941,Internal Audit,possible_only,,q_access_privacy|q_business_supplier|q_government_work|q_indigenous_services|q_justice_safety,false,false
institution:ati-schedule-i-department-of-crown-indigenous-relations-and-northern-affairs:CIRNAC PPU 151,institution,ati-schedule-i-department-of-crown-indigenous-relations-and-northern-affairs,Department of Crown-Indigenous Relations and Northern Affairs,CIRNAC PPU 151,Allegations and Complaints,direct,q_complaint_appeal,q_business_supplier|q_complaint_appeal|q_health_disability|q_indigenous_services,false,false
institution:ati-schedule-i-department-of-crown-indigenous-relations-and-northern-affairs:RCAANC PCU 941,institution,ati-schedule-i-department-of-crown-indigenous-relations-and-northern-affairs,Department of Crown-Indigenous Relations and Northern Affairs,RCAANC PCU 941,,possible_only,,q_access_privacy|q_business_supplier|q_education_training|q_government_work|q_indigenous_services|q_justice_safety,false,false
institution:ati-schedule-i-department-of-employment-and-social-development:ESDC PPU 291,institution,ati-schedule-i-department-of-employment-and-social-development,Department of Employment and Social Development,ESDC PPU 291,Canadian Benefit for Parents of Young Victims of Crime (PIB),direct,q_money_programs,q_family_vital|q_government_work|q_justice_safety|q_money_programs|q_tax_customs,false,false
institution:ati-schedule-i-department-of-employment-and-social-development:ESDC PPU 650,institution,ati-schedule-i-department-of-employment-and-social-development,Department of Employment and Social Development,ESDC PPU 650,Canada's Volunteer Awards (PIB),direct,q_culture_volunteer|q_money_programs,q_business_supplier|q_civic_contact|q_culture_volunteer|q_family_vital|q_immigration|q_justice_safety|q_money_programs|q_travel_border,false,false
institution:ati-schedule-i-department-of-employment-and-social-development:ESDC PPU 038,institution,ati-schedule-i-department-of-employment-and-social-development,Department of Employment and Social Development,ESDC PPU 038,Canada Disability Savings Program (PIB),direct,q_health_disability|q_money_programs,q_business_supplier|q_family_vital|q_health_disability|q_money_programs|q_tax_customs,false,false
institution:ati-schedule-i-department-of-employment-and-social-development:ESDC PPU 146,institution,ati-schedule-i-department-of-employment-and-social-development,Department of Employment and Social Development,ESDC PPU 146,Canada Pension Plan Program (PIB),direct,q_government_work|q_money_programs,q_access_privacy|q_business_supplier|q_complaint_appeal|q_culture_volunteer|q_emergency|q_family_vital|q_government_work|q_health_disability|q_justice_safety|q_military_veterans|q_money_programs|q_tax_customs,true,false
institution:ati-schedule-i-department-of-employment-and-social-development:ESDC PPU 140,institution,ati-schedule-i-department-of-employment-and-social-development,Department of Employment and Social Development,ESDC PPU 140,Canada Pension Plan - Record of Earnings (PIB),direct,q_government_work|q_money_programs,q_access_privacy|q_business_supplier|q_complaint_appeal|q_government_work|q_health_disability|q_justice_safety|q_military_veterans|q_money_programs|q_tax_customs,true,false
institution:ati-schedule-i-department-of-employment-and-social-development:ESDC PPU 649,institution,ati-schedule-i-department-of-employment-and-social-development,Department of Employment and Social Development,ESDC PPU 649,Canada Pension Plan Program Investigations and Reviews (PIB),direct,q_government_work|q_justice_safety|q_money_programs,q_business_supplier|q_family_vital|q_government_work|q_health_disability|q_immigration|q_indigenous_services|q_justice_safety|q_money_programs|q_travel_border,false,false
institution:ati-schedule-i-department-of-employment-and-social-development:ESDC PPU 116,institution,ati-schedule-i-department-of-employment-and-social-development,Department of Employment and Social Development,ESDC PPU 116,Old Age Security (PIB),direct,q_money_programs,q_access_privacy|q_business_supplier|q_complaint_appeal|q_emergency|q_family_vital|q_government_work|q_health_disability|q_immigration|q_justice_safety|q_military_veterans|q_money_programs|q_tax_customs,false,false
institution:ati-schedule-i-department-of-employment-and-social-development:ESDC PPU 336,institution,ati-schedule-i-department-of-employment-and-social-development,Department of Employment and Social Development,ESDC PPU 336,Old Age Security Program Investigations and Reviews (PIB),direct,q_justice_safety|q_money_programs,q_business_supplier|q_family_vital|q_government_work|q_health_disability|q_immigration|q_justice_safety|q_money_programs|q_travel_border,false,false
institution:ati-schedule-i-department-of-employment-and-social-development:ESDC PPU 102,institution,ati-schedule-i-department-of-employment-and-social-development,Department of Employment and Social Development,ESDC PPU 102,Universal Child Care Benefit (PIB),direct,q_money_programs,q_education_training|q_family_vital|q_government_work|q_health_disability|q_money_programs|q_tax_customs,false,false
institution:ati-schedule-i-department-of-employment-and-social-development:ESDC PPU 395,institution,ati-schedule-i-department-of-employment-and-social-development,Department of Employment and Social Development,ESDC PPU 395,Government Annuities (PIB),possible_only,,q_business_supplier|q_civic_contact|q_family_vital|q_government_work|q_money_programs|q_tax_customs,false,false
institution:ati-schedule-i-department-of-employment-and-social-development:ESDC PPU 171,institution,ati-schedule-i-department-of-employment-and-social-development,Department of Employment and Social Development,ESDC PPU 171,Employment Insurance Program Investigation (PIB),direct,q_justice_safety|q_money_programs|q_travel_border,q_business_supplier|q_government_work|q_health_disability|q_immigration|q_justice_safety|q_money_programs|q_travel_border,false,false
institution:ati-schedule-i-department-of-employment-and-social-development:ESDC PPU 118,institution,ati-schedule-i-department-of-employment-and-social-development,Department of Employment and Social Development,ESDC PPU 118,Social Insurance Number Investigations and Reviews (PIB),direct,q_justice_safety|q_money_programs|q_travel_border,q_business_supplier|q_family_vital|q_government_work|q_health_disability|q_immigration|q_justice_safety|q_money_programs|q_travel_border,false,false
institution:ati-schedule-i-department-of-employment-and-social-development:ESDC PPU 506,institution,ati-schedule-i-department-of-employment-and-social-development,Department of Employment and Social Development,ESDC PPU 506,Canada Education Savings Program (PIB),direct,q_education_training,q_access_privacy|q_business_supplier|q_education_training|q_family_vital|q_money_programs|q_tax_customs,false,false
institution:ati-schedule-i-department-of-employment-and-social-development:ESDC PPU 151,institution,ati-schedule-i-department-of-employment-and-social-development,Department of Employment and Social Development,ESDC PPU 151,Employment Insurance Claim Files (PIB),direct,q_government_work|q_money_programs,q_access_privacy|q_business_supplier|q_complaint_appeal|q_culture_volunteer|q_education_training|q_emergency|q_family_vital|q_government_work|q_health_disability|q_immigration|q_indigenous_services|q_justice_safety|q_money_programs|q_research_survey|q_tax_customs,true,false
institution:ati-schedule-i-department-of-employment-and-social-development:ESDC PPU 030,institution,ati-schedule-i-department-of-employment-and-social-development,Department of Employment and Social Development,ESDC PPU 030,Canada Student Financial Assistance Program (PIB),direct,q_education_training|q_money_programs,q_business_supplier|q_education_training|q_family_vital|q_government_work|q_health_disability|q_immigration|q_indigenous_services|q_justice_safety|q_military_veterans|q_money_programs,true,false
institution:ati-schedule-i-department-of-employment-and-social-development:ESDC PPU 709,institution,ati-schedule-i-department-of-employment-and-social-development,Department of Employment and Social Development,ESDC PPU 709,Canada Apprentice Loans (PIB),direct,q_education_training|q_money_programs,q_business_supplier|q_education_training|q_family_vital|q_health_disability|q_immigration|q_indigenous_services|q_justice_safety|q_military_veterans|q_money_programs,true,false
institution:ati-schedule-i-department-of-employment-and-social-development:ESDC PPU 297,institution,ati-schedule-i-department-of-employment-and-social-development,Department of Employment and Social Development,ESDC PPU 297,Apprenticeship Incentive Grant (PIB),direct,q_education_training|q_money_programs,q_education_training|q_immigration|q_money_programs|q_tax_customs,false,false
institution:ati-schedule-i-department-of-employment-and-social-development:ESDC PPU 299,institution,ati-schedule-i-department-of-employment-and-social-development,Department of Employment and Social Development,ESDC PPU 299,Apprenticeship Completion Grant (PIB),direct,q_education_training|q_money_programs,q_education_training|q_immigration|q_money_programs|q_tax_customs,false,false
institution:ati-schedule-i-department-of-employment-and-social-development:ESDC PPU 390,institution,ati-schedule-i-department-of-employment-and-social-development,Department of Employment and Social Development,ESDC PPU 390,Social Insurance Number Register (PIB),possible_only,,q_access_privacy|q_business_supplier|q_education_training|q_family_vital|q_government_work|q_health_disability|q_immigration|q_justice_safety|q_military_veterans|q_money_programs|q_tax_customs,false,false
institution:ati-schedule-i-department-of-employment-and-social-development:ESDC PPU 180,institution,ati-schedule-i-department-of-employment-and-social-development,Department of Employment and Social Development,ESDC PPU 180,Benefit and Overpayment File (PIB),direct,q_government_work|q_money_programs,q_business_supplier|q_culture_volunteer|q_education_training|q_government_work|q_money_programs|q_research_survey|q_tax_customs,true,false
institution:ati-schedule-i-department-of-employment-and-social-development:ESDC PPU 155,institution,ati-schedule-i-department-of-employment-and-social-development,Department of Employment and Social Development,ESDC PPU 155,Employment Insurance Bi-Weekly Claimant's Report (PIB),direct,q_money_programs,q_health_disability|q_justice_safety|q_money_programs,false,false
institution:ati-schedule-i-department-of-employment-and-social-development:ESDC PPU 385,institution,ati-schedule-i-department-of-employment-and-social-development,Department of Employment and Social Development,ESDC PPU 385,Record of Employment (PIB),direct,q_access_privacy,q_access_privacy|q_money_programs,false,false
institution:ati-schedule-i-department-of-employment-and-social-development:ESDC PPU 501,institution,ati-schedule-i-department-of-employment-and-social-development,Department of Employment and Social Development,ESDC PPU 501,Employment Insurance Databank (PIB),direct,q_government_work|q_money_programs,q_business_supplier|q_government_work|q_justice_safety|q_money_programs,true,false
institution:ati-schedule-i-department-of-employment-and-social-development:ESDC PPU 150,institution,ati-schedule-i-department-of-employment-and-social-development,Department of Employment and Social Development,ESDC PPU 150,Insurance Claim File (PIB),direct,q_government_work,q_access_privacy|q_complaint_appeal|q_culture_volunteer|q_education_training|q_emergency|q_family_vital|q_government_work|q_health_disability|q_justice_safety|q_money_programs|q_research_survey|q_tax_customs,false,false
institution:ati-schedule-i-department-of-employment-and-social-development:ESDC PPU 170,institution,ati-schedule-i-department-of-employment-and-social-development,Department of Employment and Social Development,ESDC PPU 170,Interstate Employment Insurance Claims (PIB),direct,q_money_programs,q_business_supplier|q_complaint_appeal|q_education_training|q_emergency|q_family_vital|q_government_work|q_health_disability|q_immigration|q_justice_safety|q_money_programs|q_research_survey|q_tax_customs,false,false
institution:ati-schedule-i-department-of-employment-and-social-development:ESDC PPU 281,institution,ati-schedule-i-department-of-employment-and-social-development,Department of Employment and Social Development,ESDC PPU 281,Listing of Employees by Nominal Roll (PIB),possible_only,,q_justice_safety|q_money_programs,false,false
institution:ati-schedule-i-department-of-employment-and-social-development:ESDC PPU 323,institution,ati-schedule-i-department-of-employment-and-social-development,Department of Employment and Social Development,ESDC PPU 323,Registration for the Employment Insurance Measure for Self-Employed People (PIB),direct,q_business_supplier|q_money_programs,q_access_privacy|q_business_supplier|q_civic_contact|q_complaint_appeal|q_family_vital|q_justice_safety|q_money_programs,false,false
institution:ati-schedule-i-department-of-employment-and-social-development:ESDC PPU 295,institution,ati-schedule-i-department-of-employment-and-social-development,Department of Employment and Social Development,ESDC PPU 295,Additional Labour Market Initiatives (PIB),possible_only,,q_business_supplier|q_government_work|q_money_programs,false,false
institution:ati-schedule-i-department-of-employment-and-social-development:ESDC PPU 302,institution,ati-schedule-i-department-of-employment-and-social-development,Department of Employment and Social Development,ESDC PPU 302,Employment Insurance Premium Reduction Program (PIB),direct,q_government_work|q_money_programs,q_business_supplier|q_government_work|q_money_programs,false,false
institution:ati-schedule-i-department-of-employment-and-social-development:ESDC PPU 717,institution,ati-schedule-i-department-of-employment-and-social-development,Department of Employment and Social Development,ESDC PPU 717,Indigenous Skills and Employment Training Program (PIB),direct,q_education_training|q_indigenous_services,q_education_training|q_family_vital|q_health_disability|q_indigenous_services|q_justice_safety|q_money_programs,false,false
institution:ati-schedule-i-department-of-employment-and-social-development:ESDC PPU 711,institution,ati-schedule-i-department-of-employment-and-social-development,Department of Employment and Social Development,ESDC PPU 711,Job Bank (PIB),possible_only,,q_government_work|q_health_disability|q_immigration|q_justice_safety|q_money_programs,false,false
institution:ati-schedule-i-department-of-employment-and-social-development:ESDC PPU 293,institution,ati-schedule-i-department-of-employment-and-social-development,Department of Employment and Social Development,ESDC PPU 293,"Employment Benefits, Support Measures and Other Programs (PIB)",possible_only,,q_education_training|q_immigration|q_indigenous_services|q_money_programs|q_tax_customs,false,false
institution:ati-schedule-i-department-of-employment-and-social-development:ESDC PPU 300,institution,ati-schedule-i-department-of-employment-and-social-development,Department of Employment and Social Development,ESDC PPU 300,Opportunities Fund for Persons with Disabilities (PIB),direct,q_health_disability,q_business_supplier|q_education_training|q_health_disability|q_indigenous_services|q_money_programs|q_tax_customs,false,false
institution:ati-schedule-i-department-of-employment-and-social-development:ESDC PPU 703,institution,ati-schedule-i-department-of-employment-and-social-development,Department of Employment and Social Development,ESDC PPU 703,Sectoral Workforce Solutions Program (PIB),possible_only,,q_business_supplier|q_civic_contact|q_money_programs,false,false
institution:ati-schedule-i-department-of-employment-and-social-development:ESDC PPU 710,institution,ati-schedule-i-department-of-employment-and-social-development,Department of Employment and Social Development,ESDC PPU 710,Skills and Partnership Fund (PIB),direct,q_indigenous_services,q_health_disability|q_indigenous_services|q_justice_safety|q_money_programs,false,false
institution:ati-schedule-i-department-of-employment-and-social-development:ESDC PPU 440,institution,ati-schedule-i-department-of-employment-and-social-development,Department of Employment and Social Development,ESDC PPU 440,Temporary Foreign Worker Program (PIB),direct,q_immigration,q_business_supplier|q_family_vital|q_government_work|q_health_disability|q_housing_property|q_immigration|q_travel_border,false,false
institution:ati-schedule-i-department-of-employment-and-social-development:ESDC PPU 715,institution,ati-schedule-i-department-of-employment-and-social-development,Department of Employment and Social Development,ESDC PPU 715,Temporary Foreign Worker Program Employer Compliance Reviews and Inspections (PIB),direct,q_business_supplier|q_immigration,q_business_supplier|q_family_vital|q_government_work|q_health_disability|q_immigration|q_justice_safety|q_travel_border,false,false
institution:ati-schedule-i-department-of-employment-and-social-development:ESDC PPU 303,institution,ati-schedule-i-department-of-employment-and-social-development,Department of Employment and Social Development,ESDC PPU 303,Workforce Development Agreements (PIB),possible_only,,q_immigration|q_money_programs,false,false
institution:ati-schedule-i-department-of-employment-and-social-development:ESDC PPU 706,institution,ati-schedule-i-department-of-employment-and-social-development,Department of Employment and Social Development,ESDC PPU 706,Youth Employment and Skills Strategy (PIB),possible_only,,q_business_supplier|q_culture_volunteer|q_education_training|q_government_work|q_health_disability|q_housing_property|q_immigration|q_indigenous_services|q_money_programs,false,false
institution:ati-schedule-i-department-of-employment-and-social-development:ESDC PPU 705,institution,ati-schedule-i-department-of-employment-and-social-development,Department of Employment and Social Development,ESDC PPU 705,Targeted Initiative for Older Workers (PIB),possible_only,,q_money_programs|q_research_survey,false,false
institution:ati-schedule-i-department-of-employment-and-social-development:ESDC PPU 730,institution,ati-schedule-i-department-of-employment-and-social-development,Department of Employment and Social Development,ESDC PPU 730,International Mobility Programs Inspections (PIB),direct,q_business_supplier|q_immigration,q_access_privacy|q_business_supplier|q_complaint_appeal|q_government_work|q_health_disability|q_immigration|q_justice_safety,false,false
institution:ati-schedule-i-department-of-employment-and-social-development:ESDC PPU 301,institution,ati-schedule-i-department-of-employment-and-social-development,Department of Employment and Social Development,ESDC PPU 301,Civil Service Insurance (PIB),possible_only,,q_family_vital|q_government_work|q_health_disability|q_money_programs|q_tax_customs,false,false
institution:ati-schedule-i-department-of-employment-and-social-development:ESDC PPU 716,institution,ati-schedule-i-department-of-employment-and-social-development,Department of Employment and Social Development,ESDC PPU 716,First Nations Job Fund (PIB),direct,q_indigenous_services,q_health_disability|q_indigenous_services|q_justice_safety,false,false
institution:ati-schedule-i-department-of-employment-and-social-development:ESDC PPU 032,institution,ati-schedule-i-department-of-employment-and-social-development,Department of Employment and Social Development,ESDC PPU 032,Federal Worker's Compensation (PIB),direct,q_money_programs,q_business_supplier|q_complaint_appeal|q_family_vital|q_government_work|q_health_disability|q_justice_safety|q_money_programs|q_tax_customs,false,false
institution:ati-schedule-i-department-of-employment-and-social-development:ESDC PPU 037,institution,ati-schedule-i-department-of-employment-and-social-development,Department of Employment and Social Development,ESDC PPU 037,Compensation Program for Survivors of Employees Slain on Duty (PIB),direct,q_money_programs,q_family_vital|q_government_work|q_health_disability|q_immigration|q_money_programs|q_tax_customs,false,false
institution:ati-schedule-i-department-of-employment-and-social-development:ESDC PPU 034,institution,ati-schedule-i-department-of-employment-and-social-development,Department of Employment and Social Development,ESDC PPU 034,Compensation Program for Inmates of Federal Penitentiaries (PIB),direct,q_justice_safety|q_money_programs,q_family_vital|q_health_disability|q_immigration|q_justice_safety|q_money_programs|q_tax_customs,false,false
institution:ati-schedule-i-department-of-employment-and-social-development:ESDC PPU 033,institution,ati-schedule-i-department-of-employment-and-social-development,Department of Employment and Social Development,ESDC PPU 033,Compensation Program for Merchant Seamen (PIB),direct,q_money_programs,q_family_vital|q_government_work|q_health_disability|q_immigration|q_justice_safety|q_money_programs|q_tax_customs,false,false
institution:ati-schedule-i-department-of-employment-and-social-development:ESDC PPU 036,institution,ati-schedule-i-department-of-employment-and-social-development,Department of Employment and Social Development,ESDC PPU 036,Conciliation Commissioner and Board Members Files (PIB),not_discoverable,,,false,false
institution:ati-schedule-i-department-of-employment-and-social-development:ESDC PPU 050,institution,ati-schedule-i-department-of-employment-and-social-development,Department of Employment and Social Development,ESDC PPU 050,Federal Mediation and Conciliation Service (PIB),possible_only,,q_business_supplier|q_civic_contact|q_complaint_appeal|q_culture_volunteer,false,false
institution:ati-schedule-i-department-of-employment-and-social-development:ESDC PPU 728,institution,ati-schedule-i-department-of-employment-and-social-development,Department of Employment and Social Development,ESDC PPU 728,"Workplace Information, Collective Bargaining and Labour Organization Contacts (PIB)",not_discoverable,,,false,false
institution:ati-schedule-i-department-of-employment-and-social-development:ESDC PPU 006,institution,ati-schedule-i-department-of-employment-and-social-development,Department of Employment and Social Development,ESDC PPU 006,"Canada Labour Code*, Part III - Labour Standards (PIB)",direct,q_complaint_appeal|q_government_work,q_business_supplier|q_complaint_appeal|q_government_work|q_immigration|q_justice_safety,false,false
institution:ati-schedule-i-department-of-employment-and-social-development:ESDC PPU 041,institution,ati-schedule-i-department-of-employment-and-social-development,Department of Employment and Social Development,ESDC PPU 041,"Unjust Dismissal and Genetic Testing Adjudicators, Grievance Arbitrators and Wage Recovery Referees (PIB)",direct,q_complaint_appeal,q_complaint_appeal,false,false
institution:ati-schedule-i-department-of-employment-and-social-development:ESDC PPU 024,institution,ati-schedule-i-department-of-employment-and-social-development,Department of Employment and Social Development,ESDC PPU 024,Canada Labour Code* Part II - Occupational Health and Safety (PIB),direct,q_business_supplier|q_government_work|q_health_disability|q_justice_safety,q_business_supplier|q_complaint_appeal|q_family_vital|q_government_work|q_health_disability|q_immigration|q_justice_safety,false,false
institution:ati-schedule-i-department-of-employment-and-social-development:ESDC PPU 098,institution,ati-schedule-i-department-of-employment-and-social-development,Department of Employment and Social Development,ESDC PPU 098,Non-smokers' Health Act* (PIB),direct,q_health_disability,q_business_supplier|q_health_disability|q_justice_safety,false,false
institution:ati-schedule-i-department-of-employment-and-social-development:ESDC PPU 035,institution,ati-schedule-i-department-of-employment-and-social-development,Department of Employment and Social Development,ESDC PPU 035,Wage Earner Protection Program (PIB),possible_only,,q_business_supplier|q_complaint_appeal|q_money_programs|q_tax_customs,false,false
institution:ati-schedule-i-department-of-employment-and-social-development:ESDC PPU 739,institution,ati-schedule-i-department-of-employment-and-social-development,Department of Employment and Social Development,ESDC PPU 739,Workplace Equity (PIB),possible_only,,q_business_supplier|q_civic_contact|q_complaint_appeal|q_government_work|q_money_programs,false,false
institution:ati-schedule-i-department-of-employment-and-social-development:ESDC PPU 701,institution,ati-schedule-i-department-of-employment-and-social-development,Department of Employment and Social Development,ESDC PPU 701,Veterans Affairs Canada Program Delivery (PIB),direct,q_military_veterans,q_family_vital|q_government_work|q_health_disability|q_immigration|q_military_veterans|q_money_programs|q_travel_border,true,false
institution:ati-schedule-i-department-of-employment-and-social-development:ESDC PPU 702,institution,ati-schedule-i-department-of-employment-and-social-development,Department of Employment and Social Development,ESDC PPU 702,Processing and Payment Services (PIB),direct,q_money_programs,q_family_vital|q_money_programs,false,false
institution:ati-schedule-i-department-of-employment-and-social-development:ESDC PPU 680,institution,ati-schedule-i-department-of-employment-and-social-development,Department of Employment and Social Development,ESDC PPU 680,My Service Canada Account (PIB),direct,q_education_training,q_civic_contact|q_education_training|q_family_vital|q_government_work|q_immigration|q_money_programs,false,false
institution:ati-schedule-i-department-of-employment-and-social-development:ESDC PPU 681,institution,ati-schedule-i-department-of-employment-and-social-development,Department of Employment and Social Development,ESDC PPU 681,My Service Canada Business Account (PIB),possible_only,,q_business_supplier|q_money_programs,false,false
institution:ati-schedule-i-department-of-employment-and-social-development:ESDC PPU 729,institution,ati-schedule-i-department-of-employment-and-social-development,Department of Employment and Social Development,ESDC PPU 729,Call Centre Operations (PIB),possible_only,,q_business_supplier,false,false
institution:ati-schedule-i-department-of-employment-and-social-development:ESDC PPU 708,institution,ati-schedule-i-department-of-employment-and-social-development,Department of Employment and Social Development,ESDC PPU 708,Passport Program (PIB),direct,q_travel_border,q_emergency|q_family_vital|q_immigration|q_money_programs|q_travel_border,true,false
institution:ati-schedule-i-department-of-employment-and-social-development:ESDC PPU 100,institution,ati-schedule-i-department-of-employment-and-social-development,Department of Employment and Social Development,ESDC PPU 100,Common Experience Payment (PIB),direct,q_money_programs,q_business_supplier|q_education_training|q_family_vital|q_health_disability|q_indigenous_services|q_justice_safety|q_money_programs|q_tax_customs|q_travel_border,false,false
institution:ati-schedule-i-department-of-employment-and-social-development:ESDC PPU 712,institution,ati-schedule-i-department-of-employment-and-social-development,Department of Employment and Social Development,ESDC PPU 712,Canadian Dental Care Plan (CoR),direct,q_health_disability,q_access_privacy|q_business_supplier|q_civic_contact|q_family_vital|q_health_disability|q_research_survey,true,false
institution:ati-schedule-i-department-of-employment-and-social-development:ESDC PPU 700,institution,ati-schedule-i-department-of-employment-and-social-development,Department of Employment and Social Development,ESDC PPU 700,Saba Learning Platform for Non-ESDC Employees (PIB),possible_only,,q_business_supplier|q_indigenous_services,false,false
institution:ati-schedule-i-department-of-employment-and-social-development:ESDC PPE 718,institution,ati-schedule-i-department-of-employment-and-social-development,Department of Employment and Social Development,ESDC PPE 718,Prescribed Presence in the Workplace - Low Onsite Connectivity (PIB),possible_only,,q_business_supplier|q_education_training|q_government_work|q_justice_safety,false,false
institution:ati-schedule-i-department-of-the-environment:EC PPU 333,institution,ati-schedule-i-department-of-the-environment,Department of the Environment,EC PPU 333,Title:** Science Horizons Youth Internship Program,possible_only,,q_education_training|q_government_work|q_health_disability|q_immigration|q_money_programs,false,false
institution:ati-schedule-i-department-of-the-environment:EC PPU 332,institution,ati-schedule-i-department-of-the-environment,Department of the Environment,EC PPU 332,Title:** Environmental Damages Fund,possible_only,,q_education_training|q_indigenous_services|q_money_programs,false,false
institution:ati-schedule-i-department-of-the-environment:EC PPU 122,institution,ati-schedule-i-department-of-the-environment,Department of the Environment,EC PPU 122,Title:** Federal identification registry for storage tank systems (FIRSTS),possible_only,,q_business_supplier,false,false
institution:ati-schedule-i-department-of-the-environment:EC PPU 331,institution,ati-schedule-i-department-of-the-environment,Department of the Environment,EC PPU 331,Title:** Management of toxic substances,possible_only,,q_business_supplier|q_civic_contact|q_health_disability,false,false
institution:ati-schedule-i-department-of-the-environment:EC PPU 311,institution,ati-schedule-i-department-of-the-environment,Department of the Environment,EC PPU 311,Title:** Disposal at Sea Program,direct,q_money_programs,q_business_supplier|q_civic_contact|q_health_disability|q_money_programs,false,false
institution:ati-schedule-i-department-of-the-environment:EC PPU 251,institution,ati-schedule-i-department-of-the-environment,Department of the Environment,EC PPU 251,Title:** Compliance Promotion and Enforcement,direct,q_business_supplier,q_business_supplier|q_complaint_appeal|q_culture_volunteer|q_government_work|q_health_disability|q_indigenous_services|q_justice_safety,false,false
institution:ati-schedule-i-department-of-the-environment:EC PPU 133,institution,ati-schedule-i-department-of-the-environment,Department of the Environment,EC PPU 133,Title:** Tetrachloroethylene (PERC) compliance,direct,q_business_supplier,q_business_supplier,false,false
institution:ati-schedule-i-department-of-the-environment:EC PPU 033,institution,ati-schedule-i-department-of-the-environment,Department of the Environment,EC PPU 033,Title:** Stratospheric ozone - Ozone Protection Program,possible_only,,q_business_supplier,false,false
institution:ati-schedule-i-department-of-the-environment:EC PPU 005,institution,ati-schedule-i-department-of-the-environment,Department of the Environment,EC PPU 005,Title:** Wildlife permit information,direct,q_business_supplier,q_business_supplier|q_culture_volunteer,false,false
institution:ati-schedule-i-department-of-the-environment:EC PPU 006,institution,ati-schedule-i-department-of-the-environment,Department of the Environment,EC PPU 006,Title:** Migratory Birds Permit Information,direct,q_business_supplier,q_business_supplier|q_civic_contact|q_culture_volunteer|q_justice_safety,false,false
institution:ati-schedule-i-department-of-the-environment:EC PPU 141,institution,ati-schedule-i-department-of-the-environment,Department of the Environment,EC PPU 141,Title:** Ecological Gifts Program,possible_only,,q_business_supplier|q_tax_customs,false,false
institution:ati-schedule-i-department-of-the-environment:EC PPU 010,institution,ati-schedule-i-department-of-the-environment,Department of the Environment,EC PPU 010,Title:** Applications for research science grants,direct,q_money_programs,q_education_training|q_money_programs,false,false
institution:ati-schedule-i-department-of-the-environment:EC PPU 025,institution,ati-schedule-i-department-of-the-environment,Department of the Environment,EC PPU 025,Title:** Applications for ECCC Atmospheric and Meteorological Undergraduate Supplement,possible_only,,q_civic_contact|q_education_training|q_money_programs,false,false
institution:ati-schedule-i-department-of-the-environment:EC PPU 020,institution,ati-schedule-i-department-of-the-environment,Department of the Environment,EC PPU 020,Title:** Applications for ECCC atmospheric and meteorological graduate supplement,possible_only,,q_civic_contact|q_education_training|q_money_programs,false,false
institution:ati-schedule-i-department-of-the-environment:EC PPU 015,institution,ati-schedule-i-department-of-the-environment,Department of the Environment,EC PPU 015,Title:** Applications for visiting fellowship awards,direct,q_money_programs,q_civic_contact|q_money_programs,false,false
institution:ati-schedule-i-department-of-the-environment:EC PPU 341,institution,ati-schedule-i-department-of-the-environment,Department of the Environment,EC PPU 341,Title:** Great Lakes Basin Monitoring and Surveillance program,not_discoverable,,,false,false
institution:ati-schedule-i-department-of-finance:FIN PPU 100,institution,ati-schedule-i-department-of-finance,Department of Finance,FIN PPU 100,Tax Data - Evaluation and Formulation of Fiscal Policy,possible_only,,q_family_vital|q_immigration|q_tax_customs,false,false
institution:ati-schedule-i-department-of-finance:FIN PPU 200,institution,ati-schedule-i-department-of-finance,Department of Finance,FIN PPU 200,Operationalization of the *Retail Payment Activities Act,direct,q_money_programs,q_business_supplier|q_immigration|q_money_programs,false,false
institution:ati-schedule-i-department-of-finance:FIN PPU 300,institution,ati-schedule-i-department-of-finance,Department of Finance,FIN PPU 300,Information Sharing under section 53.32 of the Proceeds of Crime (Money Laundering) and Terrorist Financing Act (PCMLTFA),possible_only,,q_business_supplier|q_money_programs,false,false
institution:ati-schedule-i-department-of-fisheries-and-oceans:DFO PPU 100,institution,ati-schedule-i-department-of-fisheries-and-oceans,Department of Fisheries and Oceans,DFO PPU 100,"Application and Licencing Process to Fish, Harvest or Relay in a Contaminated Area",direct,q_money_programs,q_access_privacy|q_business_supplier|q_culture_volunteer|q_emergency|q_money_programs,false,false
institution:ati-schedule-i-department-of-fisheries-and-oceans:DFO PPU 020,institution,ati-schedule-i-department-of-fisheries-and-oceans,Department of Fisheries and Oceans,DFO PPU 020,Aquaculture Collaborative Research and Development Program (ACRDP),possible_only,,q_civic_contact|q_immigration,false,false
institution:ati-schedule-i-department-of-fisheries-and-oceans:DFO PPU 130,institution,ati-schedule-i-department-of-fisheries-and-oceans,Department of Fisheries and Oceans,DFO PPU 130,Aquaculture Licensing,possible_only,,q_access_privacy|q_business_supplier|q_government_work|q_immigration|q_indigenous_services,false,false
institution:ati-schedule-i-department-of-fisheries-and-oceans:DFO PPU 343,institution,ati-schedule-i-department-of-fisheries-and-oceans,Department of Fisheries and Oceans,DFO PPU 343,Atlantic Salmon Recreation Fishery Licence Stub Return Project,direct,q_business_supplier|q_culture_volunteer,q_business_supplier|q_complaint_appeal|q_culture_volunteer|q_research_survey,false,false
institution:ati-schedule-i-department-of-fisheries-and-oceans:DFO PPU 080,institution,ati-schedule-i-department-of-fisheries-and-oceans,Department of Fisheries and Oceans,DFO PPU 080,Canada's Catch Certification Program,possible_only,,q_access_privacy|q_business_supplier|q_culture_volunteer|q_government_work|q_indigenous_services,false,false
institution:ati-schedule-i-department-of-fisheries-and-oceans:DFO PPU 331,institution,ati-schedule-i-department-of-fisheries-and-oceans,Department of Fisheries and Oceans,DFO PPU 331,Canadian Hydrographic Services and Products,possible_only,,q_business_supplier,false,false
institution:ati-schedule-i-department-of-fisheries-and-oceans:DFO PPU 410,institution,ati-schedule-i-department-of-fisheries-and-oceans,Department of Fisheries and Oceans,DFO PPU 410,"Commercial Fishing Registration Cards, Certificates, Permits and Licence Information",direct,q_business_supplier|q_culture_volunteer,q_access_privacy|q_business_supplier|q_culture_volunteer|q_emergency|q_family_vital|q_health_disability|q_immigration|q_justice_safety|q_military_veterans|q_money_programs|q_research_survey,false,false
institution:ati-schedule-i-department-of-fisheries-and-oceans:DFO PPU 155,institution,ati-schedule-i-department-of-fisheries-and-oceans,Department of Fisheries and Oceans,DFO PPU 155,Conservation and Protection Ride-Along Program,possible_only,,q_access_privacy|q_business_supplier|q_family_vital|q_government_work|q_health_disability|q_justice_safety|q_travel_border,false,false
institution:ati-schedule-i-department-of-fisheries-and-oceans:DFO PPU 780,institution,ati-schedule-i-department-of-fisheries-and-oceans,Department of Fisheries and Oceans,DFO PPU 780,Convention on International Trade of Endangered Species (CITES) Permits,direct,q_business_supplier,q_business_supplier|q_culture_volunteer,false,false
institution:ati-schedule-i-department-of-fisheries-and-oceans:DFO PPU 010,institution,ati-schedule-i-department-of-fisheries-and-oceans,Department of Fisheries and Oceans,DFO PPU 010,Designation of At-Sea Observers and At-Sea Observer Companies,possible_only,,q_access_privacy|q_business_supplier|q_culture_volunteer|q_government_work|q_immigration|q_justice_safety|q_travel_border,false,false
institution:ati-schedule-i-department-of-fisheries-and-oceans:DFO PPU 015,institution,ati-schedule-i-department-of-fisheries-and-oceans,Department of Fisheries and Oceans,DFO PPU 015,Designation of Dockside Observers and Dockside Monitoring Companies,possible_only,,q_access_privacy|q_business_supplier|q_government_work|q_immigration|q_justice_safety,false,false
institution:ati-schedule-i-department-of-fisheries-and-oceans:DFO PPU 060,institution,ati-schedule-i-department-of-fisheries-and-oceans,Department of Fisheries and Oceans,DFO PPU 060,Dockside Monitoring Program,possible_only,,q_access_privacy|q_business_supplier|q_culture_volunteer,false,false
institution:ati-schedule-i-department-of-fisheries-and-oceans:DFO PPU 036,institution,ati-schedule-i-department-of-fisheries-and-oceans,Department of Fisheries and Oceans,DFO PPU 036,Financial Relief for Fishers,possible_only,,q_culture_volunteer|q_indigenous_services|q_money_programs|q_tax_customs,false,false
institution:ati-schedule-i-department-of-fisheries-and-oceans:DFO PPU 340,institution,ati-schedule-i-department-of-fisheries-and-oceans,Department of Fisheries and Oceans,DFO PPU 340,Fish Health Officials,direct,q_health_disability,q_business_supplier|q_culture_volunteer|q_education_training|q_government_work|q_health_disability,false,false
institution:ati-schedule-i-department-of-fisheries-and-oceans:DFO PPU 435,institution,ati-schedule-i-department-of-fisheries-and-oceans,Department of Fisheries and Oceans,DFO PPU 435,Fisheries Improvement Loan Program,possible_only,,q_money_programs,false,false
institution:ati-schedule-i-department-of-fisheries-and-oceans:DFO PPU 040,institution,ati-schedule-i-department-of-fisheries-and-oceans,Department of Fisheries and Oceans,DFO PPU 040,Fishery Guardian Services,possible_only,,q_business_supplier|q_civic_contact|q_emergency|q_government_work|q_health_disability|q_immigration|q_indigenous_services|q_justice_safety|q_travel_border,false,false
institution:ati-schedule-i-department-of-fisheries-and-oceans:DFO PPU 050,institution,ati-schedule-i-department-of-fisheries-and-oceans,Department of Fisheries and Oceans,DFO PPU 050,Fishery Officer Cadet Records,direct,q_government_work,q_business_supplier|q_civic_contact|q_education_training|q_emergency|q_family_vital|q_government_work|q_health_disability|q_immigration|q_justice_safety|q_money_programs|q_travel_border,false,false
institution:ati-schedule-i-department-of-fisheries-and-oceans:DFO PPU 490,institution,ati-schedule-i-department-of-fisheries-and-oceans,Department of Fisheries and Oceans,DFO PPU 490,Fishing Licence Appeal Boards,direct,q_business_supplier|q_complaint_appeal|q_culture_volunteer,q_business_supplier|q_complaint_appeal|q_culture_volunteer,false,false
institution:ati-schedule-i-department-of-fisheries-and-oceans:DFO PPU 047,institution,ati-schedule-i-department-of-fisheries-and-oceans,Department of Fisheries and Oceans,DFO PPU 047,Grant and Contribution Initiatives,direct,q_money_programs,q_access_privacy|q_business_supplier|q_education_training|q_indigenous_services|q_money_programs|q_tax_customs,false,false
institution:ati-schedule-i-department-of-fisheries-and-oceans:DFO PPU 680,institution,ati-schedule-i-department-of-fisheries-and-oceans,Department of Fisheries and Oceans,DFO PPU 680,Habitat Management Referrals and Notifications,not_discoverable,,,false,false
institution:ati-schedule-i-department-of-fisheries-and-oceans:DFO PPU 070,institution,ati-schedule-i-department-of-fisheries-and-oceans,Department of Fisheries and Oceans,DFO PPU 070,Harbour Authorities,possible_only,,q_access_privacy|q_culture_volunteer,false,false
institution:ati-schedule-i-department-of-fisheries-and-oceans:DFO PPU 275,institution,ati-schedule-i-department-of-fisheries-and-oceans,Department of Fisheries and Oceans,DFO PPU 275,Harbour Authority Recognition Program,possible_only,,q_culture_volunteer|q_money_programs,false,false
institution:ati-schedule-i-department-of-fisheries-and-oceans:DFO PPU 270,institution,ati-schedule-i-department-of-fisheries-and-oceans,Department of Fisheries and Oceans,DFO PPU 270,Harbour Managers,possible_only,,q_access_privacy|q_culture_volunteer,false,false
institution:ati-schedule-i-department-of-fisheries-and-oceans:DFO PPU 045,institution,ati-schedule-i-department-of-fisheries-and-oceans,Department of Fisheries and Oceans,DFO PPU 045,Ice Assistance Emergency Program,direct,q_emergency|q_money_programs,q_access_privacy|q_business_supplier|q_culture_volunteer|q_emergency|q_indigenous_services|q_money_programs|q_tax_customs,true,false
institution:ati-schedule-i-department-of-fisheries-and-oceans:DFO PPU 325,institution,ati-schedule-i-department-of-fisheries-and-oceans,Department of Fisheries and Oceans,DFO PPU 325,Integrated Science Advisory System,possible_only,,q_access_privacy,false,false
institution:ati-schedule-i-department-of-fisheries-and-oceans:DFO PPU 095,institution,ati-schedule-i-department-of-fisheries-and-oceans,Department of Fisheries and Oceans,DFO PPU 095,Introductions and Transfers of Live Aquatic Organisms,direct,q_business_supplier,q_access_privacy|q_business_supplier|q_civic_contact|q_culture_volunteer|q_government_work|q_health_disability|q_indigenous_services,false,false
institution:ati-schedule-i-department-of-fisheries-and-oceans:DFO PPU 085,institution,ati-schedule-i-department-of-fisheries-and-oceans,Department of Fisheries and Oceans,DFO PPU 085,"Licence to Fish for Experimental, Scientific, Educational, Aquatic Invasive Species Control, or Public Display Purposes",direct,q_business_supplier,q_access_privacy|q_business_supplier|q_culture_volunteer,false,false
institution:ati-schedule-i-department-of-fisheries-and-oceans:DFO PPU 320,institution,ati-schedule-i-department-of-fisheries-and-oceans,Department of Fisheries and Oceans,DFO PPU 320,Manuscript Reviews,not_discoverable,,,false,false
institution:ati-schedule-i-department-of-fisheries-and-oceans:DFO PPU 165,institution,ati-schedule-i-department-of-fisheries-and-oceans,Department of Fisheries and Oceans,DFO PPU 165,Marine Mammal Fishing Licences,direct,q_business_supplier|q_culture_volunteer,q_access_privacy|q_business_supplier|q_culture_volunteer|q_education_training|q_emergency|q_government_work|q_justice_safety|q_military_veterans|q_money_programs|q_research_survey,false,false
institution:ati-schedule-i-department-of-fisheries-and-oceans:DFO PPU 145,institution,ati-schedule-i-department-of-fisheries-and-oceans,Department of Fisheries and Oceans,DFO PPU 145,Marine Mammal Transportation Licences (MMTL),direct,q_business_supplier,q_access_privacy|q_business_supplier|q_culture_volunteer,false,false
institution:ati-schedule-i-department-of-fisheries-and-oceans:DFO PPU 500,institution,ati-schedule-i-department-of-fisheries-and-oceans,Department of Fisheries and Oceans,DFO PPU 500,Marine Protected Area Activity Applications,possible_only,,q_civic_contact,false,false
institution:ati-schedule-i-department-of-fisheries-and-oceans:DFO PPU 055,institution,ati-schedule-i-department-of-fisheries-and-oceans,Department of Fisheries and Oceans,DFO PPU 055,Monitoring at Sea Using At-Sea Observers or Electronic Monitors (EM),possible_only,,q_access_privacy|q_business_supplier|q_culture_volunteer|q_government_work|q_justice_safety|q_research_survey,false,false
institution:ati-schedule-i-department-of-fisheries-and-oceans:DFO PPU 125,institution,ati-schedule-i-department-of-fisheries-and-oceans,Department of Fisheries and Oceans,DFO PPU 125,National Fisheries Aerial Surveillance Program,possible_only,,q_access_privacy|q_business_supplier|q_culture_volunteer|q_justice_safety|q_military_veterans|q_research_survey|q_travel_border,false,false
institution:ati-schedule-i-department-of-fisheries-and-oceans:DFO PPU 140,institution,ati-schedule-i-department-of-fisheries-and-oceans,Department of Fisheries and Oceans,DFO PPU 140,National Fisheries Intelligence Service,direct,q_justice_safety,q_business_supplier|q_complaint_appeal|q_culture_volunteer|q_health_disability|q_immigration|q_justice_safety|q_travel_border,false,false
institution:ati-schedule-i-department-of-fisheries-and-oceans:DFO PPU 415,institution,ati-schedule-i-department-of-fisheries-and-oceans,Department of Fisheries and Oceans,DFO PPU 415,"Nationally Regulated Recreational, Domestic, and Sport Fishing",direct,q_business_supplier|q_culture_volunteer,q_access_privacy|q_business_supplier|q_culture_volunteer|q_health_disability|q_justice_safety|q_military_veterans|q_money_programs|q_research_survey,false,false
institution:ati-schedule-i-department-of-fisheries-and-oceans:DFO PPU 411,institution,ati-schedule-i-department-of-fisheries-and-oceans,Department of Fisheries and Oceans,DFO PPU 411,Possession and Export of Elver Licences Information,direct,q_business_supplier,q_business_supplier|q_culture_volunteer|q_government_work,false,false
institution:ati-schedule-i-department-of-fisheries-and-oceans:DFO PPU 090,institution,ati-schedule-i-department-of-fisheries-and-oceans,Department of Fisheries and Oceans,DFO PPU 090,Prince Edward Island (PEI) Aquaculture Leasing,possible_only,,q_access_privacy|q_business_supplier|q_complaint_appeal|q_culture_volunteer|q_housing_property|q_justice_safety,false,false
institution:ati-schedule-i-department-of-fisheries-and-oceans:DFO PPU 110,institution,ati-schedule-i-department-of-fisheries-and-oceans,Department of Fisheries and Oceans,DFO PPU 110,Psychological Assessments of Fishery Officers in Armed Enforcement Positions,possible_only,,q_access_privacy|q_civic_contact|q_complaint_appeal|q_government_work|q_health_disability|q_justice_safety,false,false
institution:ati-schedule-i-department-of-fisheries-and-oceans:DFO PPU 075,institution,ati-schedule-i-department-of-fisheries-and-oceans,Department of Fisheries and Oceans,DFO PPU 075,Reporting a Suspected Fishery-related Occurrence by a Member of the Public through DFO's Phone or Online Reporting Mechanisms,possible_only,,q_access_privacy|q_business_supplier|q_government_work|q_justice_safety,false,false
institution:ati-schedule-i-department-of-fisheries-and-oceans:DFO PPU 135,institution,ati-schedule-i-department-of-fisheries-and-oceans,Department of Fisheries and Oceans,DFO PPU 135,Seal Fishery Observation Licence to Observe a Seal Hunt,direct,q_business_supplier,q_access_privacy|q_business_supplier|q_culture_volunteer|q_immigration|q_justice_safety,false,false
institution:ati-schedule-i-department-of-fisheries-and-oceans:DFO PPU 770,institution,ati-schedule-i-department-of-fisheries-and-oceans,Department of Fisheries and Oceans,DFO PPU 770,Species at Risk Act (SARA) Permits,direct,q_business_supplier,q_business_supplier|q_education_training|q_government_work,false,false
institution:ati-schedule-i-department-of-fisheries-and-oceans:DFO PPU 005,institution,ati-schedule-i-department-of-fisheries-and-oceans,Department of Fisheries and Oceans,DFO PPU 005,Timothy R. Parsons Medal,possible_only,,q_government_work|q_immigration|q_money_programs,false,false
institution:ati-schedule-i-department-of-fisheries-and-oceans:DFO PPU 790,institution,ati-schedule-i-department-of-fisheries-and-oceans,Department of Fisheries and Oceans,DFO PPU 790,Uniforms,possible_only,,q_business_supplier|q_education_training|q_government_work|q_justice_safety,false,false
institution:ati-schedule-i-department-of-fisheries-and-oceans:DFO PPU 065,institution,ati-schedule-i-department-of-fisheries-and-oceans,Department of Fisheries and Oceans,DFO PPU 065,Vessel Monitoring,direct,q_business_supplier,q_access_privacy|q_business_supplier|q_culture_volunteer|q_emergency|q_justice_safety|q_military_veterans,false,false
institution:ati-schedule-i-department-of-fisheries-and-oceans:DFO PPU 460,institution,ati-schedule-i-department-of-fisheries-and-oceans,Department of Fisheries and Oceans,DFO PPU 460,Violations under Canadian Fisheries and Fish Habitat Legislation,direct,q_justice_safety,q_access_privacy|q_business_supplier|q_complaint_appeal|q_culture_volunteer|q_health_disability|q_immigration|q_indigenous_services|q_justice_safety,false,false
institution:ati-schedule-i-department-of-foreign-affairs-trade-and-development:GAC PPU 010,institution,ati-schedule-i-department-of-foreign-affairs-trade-and-development,"Department of Foreign Affairs, Trade and Development",GAC PPU 010,Consular Affairs - Assistance to Canadians,direct,q_justice_safety,q_civic_contact|q_family_vital|q_immigration|q_justice_safety|q_travel_border,false,false
institution:ati-schedule-i-department-of-foreign-affairs-trade-and-development:GAC PPU 032,institution,ati-schedule-i-department-of-foreign-affairs-trade-and-development,"Department of Foreign Affairs, Trade and Development",GAC PPU 032,Financial Assistance for Distressed Canadians,direct,q_money_programs,q_business_supplier|q_emergency|q_family_vital|q_health_disability|q_immigration|q_money_programs|q_travel_border,false,false
institution:ati-schedule-i-department-of-foreign-affairs-trade-and-development:GAC PPU 005,institution,ati-schedule-i-department-of-foreign-affairs-trade-and-development,"Department of Foreign Affairs, Trade and Development",GAC PPU 005,Consular Affairs - Citizenship,direct,q_immigration,q_civic_contact|q_family_vital|q_immigration,false,false
institution:ati-schedule-i-department-of-foreign-affairs-trade-and-development:GAC PPU 031,institution,ati-schedule-i-department-of-foreign-affairs-trade-and-development,"Department of Foreign Affairs, Trade and Development",GAC PPU 031,Daily Travel Updates,direct,q_travel_border,q_health_disability|q_travel_border,false,false
institution:ati-schedule-i-department-of-foreign-affairs-trade-and-development:GAC PPU 911,institution,ati-schedule-i-department-of-foreign-affairs-trade-and-development,"Department of Foreign Affairs, Trade and Development",GAC PPU 911,International Scholarships Program (ISP),direct,q_education_training|q_money_programs,q_civic_contact|q_culture_volunteer|q_education_training|q_family_vital|q_health_disability|q_immigration|q_money_programs|q_travel_border,false,false
institution:ati-schedule-i-department-of-foreign-affairs-trade-and-development:GAC PPU 907,institution,ati-schedule-i-department-of-foreign-affairs-trade-and-development,"Department of Foreign Affairs, Trade and Development",GAC PPU 907,Members of the Diplomatic Corps in Canada,possible_only,,q_business_supplier|q_education_training|q_emergency|q_family_vital|q_immigration|q_justice_safety|q_travel_border,false,false
institution:ati-schedule-i-department-of-foreign-affairs-trade-and-development:GAC PPU 910,institution,ati-schedule-i-department-of-foreign-affairs-trade-and-development,"Department of Foreign Affairs, Trade and Development",GAC PPU 910,Official Events,possible_only,,q_health_disability|q_justice_safety,false,false
institution:ati-schedule-i-department-of-foreign-affairs-trade-and-development:GAC PPU 904,institution,ati-schedule-i-department-of-foreign-affairs-trade-and-development,"Department of Foreign Affairs, Trade and Development",GAC PPU 904,Summits,possible_only,,q_access_privacy|q_education_training|q_emergency|q_health_disability|q_immigration|q_justice_safety|q_money_programs|q_travel_border,false,false
institution:ati-schedule-i-department-of-foreign-affairs-trade-and-development:GAC PPU 101,institution,ati-schedule-i-department-of-foreign-affairs-trade-and-development,"Department of Foreign Affairs, Trade and Development",GAC PPU 101,Investor Information,not_discoverable,,,false,false
institution:ati-schedule-i-department-of-foreign-affairs-trade-and-development:GAC PPU 906,institution,ati-schedule-i-department-of-foreign-affairs-trade-and-development,"Department of Foreign Affairs, Trade and Development",GAC PPU 906,Office of the Extractive Sector Corporate Social Responsibility Counsellor,possible_only,,q_access_privacy|q_business_supplier|q_civic_contact,false,false
institution:ati-schedule-i-department-of-foreign-affairs-trade-and-development:GAC PPU 015,institution,ati-schedule-i-department-of-foreign-affairs-trade-and-development,"Department of Foreign Affairs, Trade and Development",GAC PPU 015,Inventory of Individuals Interested in Contracting with GAC as Cooperants in a Developing Country,direct,q_business_supplier,q_business_supplier|q_civic_contact,false,false
institution:ati-schedule-i-department-of-foreign-affairs-trade-and-development:GAC PPU 016,institution,ati-schedule-i-department-of-foreign-affairs-trade-and-development,"Department of Foreign Affairs, Trade and Development",GAC PPU 016,Files and Records of Foreign Student Scholarship Holders,direct,q_education_training|q_money_programs,q_business_supplier|q_civic_contact|q_education_training|q_immigration|q_money_programs,false,false
institution:ati-schedule-i-department-of-foreign-affairs-trade-and-development:GAC PPU 908,institution,ati-schedule-i-department-of-foreign-affairs-trade-and-development,"Department of Foreign Affairs, Trade and Development",GAC PPU 908,Training for Spouses or Common-Law Partners of Government of Canada Employees,possible_only,,q_family_vital,false,false
institution:ati-schedule-i-department-of-foreign-affairs-trade-and-development:GAC PPE 701,institution,ati-schedule-i-department-of-foreign-affairs-trade-and-development,"Department of Foreign Affairs, Trade and Development",GAC PPE 701,Personnel Administration: Non Foreign Affairs Appointments,direct,q_government_work,q_government_work,false,false
institution:ati-schedule-i-department-of-foreign-affairs-trade-and-development:GAC PPE 802,institution,ati-schedule-i-department-of-foreign-affairs-trade-and-development,"Department of Foreign Affairs, Trade and Development",GAC PPE 802,Security and Personal Safety of Employees,direct,q_government_work,q_government_work,false,false
institution:ati-schedule-i-department-of-foreign-affairs-trade-and-development:GAC PPU 045,institution,ati-schedule-i-department-of-foreign-affairs-trade-and-development,"Department of Foreign Affairs, Trade and Development",GAC PPU 045,Information Related to Employment Support for Spouses or Common-law Partners of Rotational Employees,possible_only,,q_education_training|q_family_vital|q_government_work|q_health_disability|q_immigration|q_justice_safety,false,false
institution:ati-schedule-i-department-of-foreign-affairs-trade-and-development:AMC PPU 950,institution,ati-schedule-i-department-of-foreign-affairs-trade-and-development,"Department of Foreign Affairs, Trade and Development",AMC PPU 950,,direct,q_complaint_appeal,q_access_privacy|q_business_supplier|q_complaint_appeal|q_family_vital|q_government_work|q_immigration|q_indigenous_services,false,false
institution:ati-schedule-i-department-of-foreign-affairs-trade-and-development:AMC PPU 953,institution,ati-schedule-i-department-of-foreign-affairs-trade-and-development,"Department of Foreign Affairs, Trade and Development",AMC PPU 953,,direct,q_education_training|q_money_programs,q_business_supplier|q_civic_contact|q_culture_volunteer|q_education_training|q_immigration|q_justice_safety|q_money_programs|q_travel_border,false,false
institution:ati-schedule-i-department-of-foreign-affairs-trade-and-development:AMC PPU 952,institution,ati-schedule-i-department-of-foreign-affairs-trade-and-development,"Department of Foreign Affairs, Trade and Development",AMC PPU 952,,possible_only,,q_business_supplier|q_civic_contact|q_travel_border,false,false
institution:ati-schedule-i-department-of-health:HC PPU 051,institution,ati-schedule-i-department-of-health,Department of Health,HC PPU 051,Consultation on Health Protection Legislation,direct,q_civic_contact|q_health_disability,q_business_supplier|q_civic_contact|q_health_disability,true,false
institution:ati-schedule-i-department-of-health:HC PPU 420,institution,ati-schedule-i-department-of-health,Department of Health,HC PPU 420,Home Care Study,possible_only,,q_health_disability,false,false
institution:ati-schedule-i-department-of-health:HC PPU 421,institution,ati-schedule-i-department-of-health,Department of Health,HC PPU 421,Postgraduate Medical Training in the United States,direct,q_health_disability|q_immigration,q_education_training|q_health_disability|q_immigration,false,false
institution:ati-schedule-i-department-of-health:HC PPU 422,institution,ati-schedule-i-department-of-health,Department of Health,HC PPU 422,Financial Support Programs for Canadian Thalidomide Survivors,possible_only,,q_business_supplier|q_family_vital|q_health_disability|q_justice_safety|q_money_programs|q_travel_border,false,false
institution:ati-schedule-i-department-of-health:HC PPU 438,institution,ati-schedule-i-department-of-health,Department of Health,HC PPU 438,Investigating Allegations of Breaches of Scientific Integrity,direct,q_justice_safety,q_business_supplier|q_complaint_appeal|q_education_training|q_health_disability|q_justice_safety,false,false
institution:ati-schedule-i-department-of-health:HC PPU 440,institution,ati-schedule-i-department-of-health,Department of Health,HC PPU 440,Canadian Dental Care Plan,direct,q_health_disability,q_business_supplier|q_family_vital|q_government_work|q_health_disability|q_immigration|q_indigenous_services|q_justice_safety|q_money_programs|q_tax_customs,false,false
institution:ati-schedule-i-department-of-health:HC PPU 435,institution,ati-schedule-i-department-of-health,Department of Health,HC PPU 435,Monitoring of Medical Assistance in Dying,direct,q_health_disability,q_business_supplier|q_health_disability|q_indigenous_services|q_justice_safety,false,false
institution:ati-schedule-i-department-of-health:HC PPU 036,institution,ati-schedule-i-department-of-health,Department of Health,HC PPU 036,Child Acute Respiratory Effects Study,possible_only,,q_education_training|q_family_vital|q_health_disability,false,false
institution:ati-schedule-i-department-of-health:HC PPU 089,institution,ati-schedule-i-department-of-health,Department of Health,HC PPU 089,Children's Respiratory Health Study,direct,q_health_disability,q_education_training|q_family_vital|q_health_disability|q_research_survey,false,false
institution:ati-schedule-i-department-of-health:HC PPU 314,institution,ati-schedule-i-department-of-health,Department of Health,HC PPU 314,Research into the Health Effects of Air Pollution,direct,q_health_disability,q_access_privacy|q_business_supplier|q_health_disability,true,false
institution:ati-schedule-i-department-of-health:HC PPU 417,institution,ati-schedule-i-department-of-health,Department of Health,HC PPU 417,Canada Vigilance Adverse Reaction Program,possible_only,,q_business_supplier|q_health_disability|q_justice_safety,false,false
institution:ati-schedule-i-department-of-health:HC PPU 436,institution,ati-schedule-i-department-of-health,Department of Health,HC PPU 436,Border Program,possible_only,,q_business_supplier|q_health_disability,false,false
institution:ati-schedule-i-department-of-health:HC PPU 408,institution,ati-schedule-i-department-of-health,Department of Health,HC PPU 408,Compliance and Enforcement - Biologics & Radiopharmaceuticals,direct,q_business_supplier|q_complaint_appeal,q_business_supplier|q_complaint_appeal|q_health_disability|q_justice_safety|q_money_programs,false,false
institution:ati-schedule-i-department-of-health:HC PPU 411,institution,ati-schedule-i-department-of-health,Department of Health,HC PPU 411,Food and Drugs Act Liaison Office,possible_only,,q_business_supplier|q_civic_contact|q_complaint_appeal|q_government_work|q_health_disability,false,false
institution:ati-schedule-i-department-of-health:HC PPU 073,institution,ati-schedule-i-department-of-health,Department of Health,HC PPU 073,Authorizations for marihuana for medical purposes,direct,q_health_disability,q_business_supplier|q_civic_contact|q_complaint_appeal|q_health_disability|q_housing_property|q_justice_safety|q_money_programs,false,false
institution:ati-schedule-i-department-of-health:HC PPU 439,institution,ati-schedule-i-department-of-health,Department of Health,HC PPU 439,"Licences, Permits and Other Authorizations under the *Cannabis Act",direct,q_business_supplier,q_access_privacy|q_business_supplier|q_education_training|q_family_vital|q_health_disability|q_housing_property|q_indigenous_services|q_justice_safety|q_money_programs|q_tax_customs,false,false
institution:ati-schedule-i-department-of-health:HC PPU 442,institution,ati-schedule-i-department-of-health,Department of Health,HC PPU 442,Supervised Consumption Sites,possible_only,,q_access_privacy|q_business_supplier|q_education_training|q_government_work|q_health_disability|q_justice_safety,false,false
institution:ati-schedule-i-department-of-health:HC PPU 416,institution,ati-schedule-i-department-of-health,Department of Health,HC PPU 416,Requests for Disclosure of Confidential Business Information,possible_only,,q_health_disability|q_money_programs,false,false
institution:ati-schedule-i-department-of-health:HC PPU 088,institution,ati-schedule-i-department-of-health,Department of Health,HC PPU 088,Branch Incident Reporting,possible_only,,q_business_supplier|q_complaint_appeal|q_health_disability|q_justice_safety,false,false
institution:ati-schedule-i-department-of-health:HC PPU 402,institution,ati-schedule-i-department-of-health,Department of Health,HC PPU 402,Compliance and Enforcement - Pest Control Products,direct,q_business_supplier,q_business_supplier|q_complaint_appeal|q_health_disability|q_justice_safety,false,false
institution:ati-schedule-i-department-of-health:HC PPU 074,institution,ati-schedule-i-department-of-health,Department of Health,HC PPU 074,Production of Cannabis for Own Medical Purposes Registration Program,direct,q_health_disability,q_business_supplier|q_health_disability|q_justice_safety,false,false
institution:ati-schedule-i-department-of-health:HC PPU 060,institution,ati-schedule-i-department-of-health,Department of Health,HC PPU 060,Methadone Program,possible_only,,q_business_supplier|q_health_disability,false,false
institution:ati-schedule-i-department-of-health:HC PPU 045,institution,ati-schedule-i-department-of-health,Department of Health,HC PPU 045,Monthly Activities Reports and Annual Reports of Licensed Dealers,direct,q_business_supplier,q_business_supplier|q_education_training|q_health_disability|q_justice_safety,false,false
institution:ati-schedule-i-department-of-health:HC PPU 040,institution,ati-schedule-i-department-of-health,Department of Health,HC PPU 040,Subsection 56(1) Exemptions under the *Controlled Drugs and Substances Act,possible_only,,q_business_supplier|q_education_training|q_health_disability|q_justice_safety|q_travel_border,false,false
institution:ati-schedule-i-department-of-health:HC PPU 434,institution,ati-schedule-i-department-of-health,Department of Health,HC PPU 434,Loss or Theft of Controlled Substances and Precursors,possible_only,,q_business_supplier|q_education_training|q_health_disability|q_justice_safety,false,false
institution:ati-schedule-i-department-of-health:HC PPU 448,institution,ati-schedule-i-department-of-health,Department of Health,HC PPU 448,Licenses and Registration of Controlled Substances and Precursor Chemicals under the *Controlled Drugs and Substances Act* (CDSA),direct,q_business_supplier,q_business_supplier|q_education_training|q_government_work|q_health_disability|q_justice_safety|q_money_programs,false,false
institution:ati-schedule-i-department-of-health:HC PPU 447,institution,ati-schedule-i-department-of-health,Department of Health,HC PPU 447,Reporting of suspicious transactions for controlled substances and precursors chemicals,possible_only,,q_business_supplier|q_health_disability|q_justice_safety,false,false
institution:ati-schedule-i-department-of-health:HC PPU 443,institution,ati-schedule-i-department-of-health,Department of Health,HC PPU 443,Status Confirmation Service,possible_only,,q_business_supplier|q_civic_contact|q_health_disability|q_justice_safety,false,false
institution:ati-schedule-i-department-of-health:HC PPU 449,institution,ati-schedule-i-department-of-health,Department of Health,HC PPU 449,Seizure and Disposition Reporting,possible_only,,q_health_disability,false,false
institution:ati-schedule-i-department-of-health:HC PPU 444,institution,ati-schedule-i-department-of-health,Department of Health,HC PPU 444,Botulism Reference Service for Canada,possible_only,,q_health_disability,false,false
institution:ati-schedule-i-department-of-health:HC PPU 076,institution,ati-schedule-i-department-of-health,Department of Health,HC PPU 076,Great Lakes Health Effects Cohort Study,direct,q_health_disability,q_business_supplier|q_culture_volunteer|q_government_work|q_health_disability,false,false
institution:ati-schedule-i-department-of-health:HC PPU 079,institution,ati-schedule-i-department-of-health,Department of Health,HC PPU 079,Fish & Wildlife Nutrition Project in Areas of Concern,possible_only,,q_business_supplier|q_health_disability|q_research_survey,false,false
institution:ati-schedule-i-department-of-health:HC PPU 037,institution,ati-schedule-i-department-of-health,Department of Health,HC PPU 037,Ontario Farm Family Health Study,direct,q_health_disability,q_health_disability,false,false
institution:ati-schedule-i-department-of-health:HC PPU 035,institution,ati-schedule-i-department-of-health,Department of Health,HC PPU 035,Pesticide Exposure Assessment Pilot Study,direct,,q_family_vital|q_health_disability,true,false
institution:ati-schedule-i-department-of-health:HC PPU 084,institution,ati-schedule-i-department-of-health,Department of Health,HC PPU 084,St. Lawrence Vision 2000 Health Components Project,direct,q_health_disability,q_complaint_appeal|q_culture_volunteer|q_education_training|q_health_disability|q_immigration|q_research_survey,false,false
institution:ati-schedule-i-department-of-health:HC PPU 005,institution,ati-schedule-i-department-of-health,Department of Health,HC PPU 005,Technical Support Files,possible_only,,q_government_work|q_health_disability|q_indigenous_services,false,false
institution:ati-schedule-i-department-of-health:HC PPU 200,institution,ati-schedule-i-department-of-health,Department of Health,HC PPU 200,Research into the Effects of Chemicals on Humans,direct,q_research_survey,q_access_privacy|q_culture_volunteer|q_health_disability|q_research_survey,false,false
institution:ati-schedule-i-department-of-health:HC PPU 409,institution,ati-schedule-i-department-of-health,Department of Health,HC PPU 409,Scientific Review and Evaluation Experts,possible_only,,q_business_supplier|q_culture_volunteer|q_health_disability,false,false
institution:ati-schedule-i-department-of-health:HC PPU 415,institution,ati-schedule-i-department-of-health,Department of Health,HC PPU 415,Medical Devices Problem Reporting Program,direct,q_health_disability,q_access_privacy|q_business_supplier|q_civic_contact|q_complaint_appeal|q_health_disability|q_justice_safety,false,false
institution:ati-schedule-i-department-of-health:HC PPU 430,institution,ati-schedule-i-department-of-health,Department of Health,HC PPU 430,Special Access Program - Medical Devices,direct,q_health_disability,q_business_supplier|q_emergency|q_health_disability,true,false
institution:ati-schedule-i-department-of-health:HC PPU 405,institution,ati-schedule-i-department-of-health,Department of Health,HC PPU 405,Compliance and Enforcement - Medical Devices,direct,q_business_supplier|q_health_disability,q_access_privacy|q_business_supplier|q_complaint_appeal|q_health_disability|q_justice_safety,false,false
institution:ati-schedule-i-department-of-health:HC PPU 406,institution,ati-schedule-i-department-of-health,Department of Health,HC PPU 406,Compliance and Enforcement - Natural Health Products,direct,q_business_supplier|q_complaint_appeal|q_health_disability,q_business_supplier|q_complaint_appeal|q_health_disability|q_justice_safety,false,false
institution:ati-schedule-i-department-of-health:HC PPU 315,institution,ati-schedule-i-department-of-health,Department of Health,HC PPU 315,Pesticide Incident Reporting,possible_only,,q_business_supplier|q_civic_contact|q_health_disability,false,false
institution:ati-schedule-i-department-of-health:HC PPU 414,institution,ati-schedule-i-department-of-health,Department of Health,HC PPU 414,"Special Access Program - Pharmaceuticals, Biologic and Radio-Pharmaceuticals",direct,q_access_privacy|q_health_disability,q_access_privacy|q_business_supplier|q_emergency|q_health_disability|q_military_veterans,false,false
institution:ati-schedule-i-department-of-health:HC PPU 445,institution,ati-schedule-i-department-of-health,Department of Health,HC PPU 445,Veterinary Health Products Notification Program,direct,q_health_disability,q_civic_contact|q_health_disability,false,false
institution:ati-schedule-i-department-of-health:HC PPU 407,institution,ati-schedule-i-department-of-health,Department of Health,HC PPU 407,Compliance and Enforcement - Pharmaceutical Drugs,direct,q_business_supplier|q_complaint_appeal,q_business_supplier|q_complaint_appeal|q_health_disability|q_justice_safety,false,false
institution:ati-schedule-i-department-of-health:HC PPU 450,institution,ati-schedule-i-department-of-health,Department of Health,HC PPU 450,Biocides Compliance and Enforcement,direct,q_business_supplier|q_complaint_appeal,q_business_supplier|q_complaint_appeal|q_education_training|q_health_disability|q_justice_safety,false,false
institution:ati-schedule-i-department-of-health:HC PPU 312,institution,ati-schedule-i-department-of-health,Department of Health,HC PPU 312,Biological Dosimetry Service,possible_only,,q_business_supplier|q_emergency|q_government_work|q_health_disability|q_justice_safety,false,false
institution:ati-schedule-i-department-of-health:HC PPU 310,institution,ati-schedule-i-department-of-health,Department of Health,HC PPU 310,Biological and Other Research Related to Radiation,possible_only,,q_access_privacy|q_culture_volunteer|q_health_disability,false,false
institution:ati-schedule-i-department-of-health:HC PPU 080,institution,ati-schedule-i-department-of-health,Department of Health,HC PPU 080,National Dose Registry (NDR) for Occupational Exposures,possible_only,,q_business_supplier|q_government_work|q_health_disability|q_justice_safety|q_money_programs,false,false
institution:ati-schedule-i-department-of-health:HC PPU 431,institution,ati-schedule-i-department-of-health,Department of Health,HC PPU 431,National Dosimetry Services (NDS) Division,possible_only,,q_business_supplier|q_emergency|q_government_work|q_health_disability,false,false
institution:ati-schedule-i-department-of-health:HC PCE 701,institution,ati-schedule-i-department-of-health,Department of Health,HC PCE 701,Public Service Occupational Health Program,direct,q_government_work|q_health_disability,q_business_supplier|q_civic_contact|q_complaint_appeal|q_family_vital|q_government_work|q_health_disability,false,false
institution:ati-schedule-i-department-of-health:HC PCU 705,institution,ati-schedule-i-department-of-health,Department of Health,HC PCU 705,Employee Assistance Services,possible_only,,q_access_privacy|q_business_supplier|q_civic_contact|q_complaint_appeal|q_government_work|q_health_disability|q_justice_safety,false,false
institution:ati-schedule-i-department-of-health:HC PPU 921,institution,ati-schedule-i-department-of-health,Department of Health,HC PPU 921,Peer Support Program,possible_only,,q_business_supplier|q_culture_volunteer|q_emergency|q_government_work|q_health_disability,false,false
institution:ati-schedule-i-department-of-health:HC PPU 446,institution,ati-schedule-i-department-of-health,Department of Health,HC PPU 446,Internationally Protected Persons Program,possible_only,,q_emergency|q_family_vital|q_government_work|q_health_disability,false,false
institution:ati-schedule-i-department-of-health:HC PPU 022,institution,ati-schedule-i-department-of-health,Department of Health,HC PPU 022,Nurse and Healthcare Practitioner Practice and Standards Reviews,possible_only,,q_business_supplier|q_complaint_appeal|q_government_work|q_health_disability|q_justice_safety,false,false
institution:ati-schedule-i-department-of-health:HC PPU 038,institution,ati-schedule-i-department-of-health,Department of Health,HC PPU 038,Case-Control Study on Passive Smoking and Lung Cancer,possible_only,,q_health_disability,false,false
institution:ati-schedule-i-department-of-health:HC PPU 410,institution,ati-schedule-i-department-of-health,Department of Health,HC PPU 410,Outreach Activities Related to Tobacco and Vaping Products,possible_only,,q_access_privacy|q_business_supplier|q_civic_contact|q_health_disability|q_indigenous_services,false,false
institution:ati-schedule-i-department-of-health:HC PPU 305,institution,ati-schedule-i-department-of-health,Department of Health,HC PPU 305,"Tobacco Labelling Licenses Agreements, Authorization and Consent Forms",direct,q_business_supplier,q_business_supplier|q_health_disability,false,false
institution:ati-schedule-i-department-of-health:HC PPU 432,institution,ati-schedule-i-department-of-health,Department of Health,HC PPU 432,Tobacco and Vaping Product Research,direct,q_research_survey,q_access_privacy|q_business_supplier|q_culture_volunteer|q_health_disability|q_research_survey,false,false
institution:ati-schedule-i-department-of-health:HC PPU 433,institution,ati-schedule-i-department-of-health,Department of Health,HC PPU 433,"Tobacco and Vaping Products Compliance, Monitoring and Enforcement",direct,q_business_supplier,q_access_privacy|q_business_supplier|q_complaint_appeal|q_health_disability|q_justice_safety,false,false
institution:ati-schedule-i-department-of-housing-infrastructure-and-communities:HICC PPU 005,institution,ati-schedule-i-department-of-housing-infrastructure-and-communities,"Department of Housing, Infrastructure and Communities",HICC PPU 005,"Housing, Infrastructure and Communities Canada Grants and Contributions",direct,q_housing_property|q_money_programs,q_access_privacy|q_business_supplier|q_emergency|q_housing_property|q_indigenous_services|q_justice_safety|q_money_programs|q_research_survey,false,false
institution:ati-schedule-i-department-of-housing-infrastructure-and-communities:HICC PPE 005,institution,ati-schedule-i-department-of-housing-infrastructure-and-communities,"Department of Housing, Infrastructure and Communities",HICC PPE 005,"Housing, Infrastructure and Communities Canada Hybrid Monitoring and Reporting",direct,q_government_work|q_housing_property,q_business_supplier|q_government_work|q_health_disability|q_housing_property,false,false
institution:ati-schedule-i-department-of-housing-infrastructure-and-communities:HICC PPU 010,institution,ati-schedule-i-department-of-housing-infrastructure-and-communities,"Department of Housing, Infrastructure and Communities",HICC PPU 010,Research and Knowledge Initiative,possible_only,,q_access_privacy|q_housing_property|q_indigenous_services|q_money_programs,false,false
institution:ati-schedule-i-department-of-housing-infrastructure-and-communities:HICC PPU 015,institution,ati-schedule-i-department-of-housing-infrastructure-and-communities,"Department of Housing, Infrastructure and Communities",HICC PPU 015,"Housing, Infrastructure and Communities Canada Staffing",direct,q_government_work|q_housing_property,q_business_supplier|q_civic_contact|q_complaint_appeal|q_government_work|q_health_disability|q_housing_property|q_immigration|q_justice_safety,false,false
institution:ati-schedule-i-department-of-indigenous-services:ISC PPU 016,institution,ati-schedule-i-department-of-indigenous-services,Department of Indigenous Services,ISC PPU 016,Health Information and Claims Processing,direct,q_health_disability|q_indigenous_services|q_money_programs,q_access_privacy|q_business_supplier|q_complaint_appeal|q_health_disability|q_indigenous_services|q_money_programs,false,false
institution:ati-schedule-i-department-of-indigenous-services:ISC PPU 017,institution,ati-schedule-i-department-of-indigenous-services,Department of Indigenous Services,ISC PPU 017,Status verification,direct,q_indigenous_services,q_access_privacy|q_health_disability|q_indigenous_services|q_money_programs,false,false
institution:ati-schedule-i-department-of-indigenous-services:ISC PPU 401,institution,ati-schedule-i-department-of-indigenous-services,Department of Indigenous Services,ISC PPU 401,Medical Transportation Benefits,direct,q_health_disability|q_indigenous_services,q_business_supplier|q_complaint_appeal|q_health_disability|q_indigenous_services|q_money_programs|q_travel_border,false,false
institution:ati-schedule-i-department-of-indigenous-services:ISC PPU 014,institution,ati-schedule-i-department-of-indigenous-services,Department of Indigenous Services,ISC PPU 014,Clinical and client care,direct,q_indigenous_services,q_business_supplier|q_civic_contact|q_health_disability|q_indigenous_services|q_justice_safety|q_money_programs,false,false
institution:ati-schedule-i-department-of-indigenous-services:ISC PPU 008,institution,ati-schedule-i-department-of-indigenous-services,Department of Indigenous Services,ISC PPU 008,Community Oral Health services,direct,q_health_disability|q_indigenous_services,q_family_vital|q_health_disability|q_indigenous_services,false,false
institution:ati-schedule-i-department-of-indigenous-services:ISC PPU 009,institution,ati-schedule-i-department-of-indigenous-services,Department of Indigenous Services,ISC PPU 009,Treaty Annuities,possible_only,,q_family_vital|q_indigenous_services|q_money_programs,false,false
institution:ati-schedule-i-department-of-indigenous-services:ISC PPU 220,institution,ati-schedule-i-department-of-indigenous-services,Department of Indigenous Services,ISC PPU 220,Indian Genealogy,possible_only,,q_business_supplier|q_complaint_appeal|q_family_vital|q_indigenous_services|q_money_programs,false,false
institution:ati-schedule-i-department-of-indigenous-services:ISC PPU 110,institution,ati-schedule-i-department-of-indigenous-services,Department of Indigenous Services,ISC PPU 110,Indian Register and Departmentally Administered Band Lists,direct,,q_culture_volunteer|q_education_training|q_family_vital|q_health_disability|q_indigenous_services,true,false
institution:ati-schedule-i-department-of-indigenous-services:ISC PPU 121,institution,ati-schedule-i-department-of-indigenous-services,Department of Indigenous Services,ISC PPU 121,Band Fund Accounts,possible_only,,q_access_privacy|q_family_vital|q_indigenous_services,false,false
institution:ati-schedule-i-department-of-indigenous-services:ISC PPU 122,institution,ati-schedule-i-department-of-indigenous-services,Department of Indigenous Services,ISC PPU 122,Trust Fund Suspense Accounts,direct,q_indigenous_services,q_access_privacy|q_family_vital|q_indigenous_services,false,false
institution:ati-schedule-i-department-of-indigenous-services:ISC PPU 125,institution,ati-schedule-i-department-of-indigenous-services,Department of Indigenous Services,ISC PPU 125,Individual Trust Fund Accounts,possible_only,,q_family_vital|q_indigenous_services,false,false
institution:ati-schedule-i-department-of-indigenous-services:ISC PPU 105,institution,ati-schedule-i-department-of-indigenous-services,Department of Indigenous Services,ISC PPU 105,First Nations Estates,direct,q_indigenous_services,q_family_vital|q_indigenous_services|q_tax_customs,true,false
institution:ati-schedule-i-department-of-indigenous-services:ISC PPU 230,institution,ati-schedule-i-department-of-indigenous-services,Department of Indigenous Services,ISC PPU 230,Per Capita Distributions,possible_only,,q_indigenous_services|q_money_programs,false,false
institution:ati-schedule-i-department-of-indigenous-services:ISC PPU 019,institution,ati-schedule-i-department-of-indigenous-services,Department of Indigenous Services,ISC PPU 019,Home and Community Care,direct,q_indigenous_services,q_access_privacy|q_business_supplier|q_education_training|q_health_disability|q_indigenous_services|q_money_programs,true,false
institution:ati-schedule-i-department-of-indigenous-services:ISC PPU 021,institution,ati-schedule-i-department-of-indigenous-services,Department of Indigenous Services,ISC PPU 021,Methylmercury levels in First Nations and Inuit peoples in Canada,direct,q_indigenous_services,q_culture_volunteer|q_education_training|q_family_vital|q_health_disability|q_indigenous_services,false,false
institution:ati-schedule-i-department-of-indigenous-services:ISC PPU 400,institution,ati-schedule-i-department-of-indigenous-services,Department of Indigenous Services,ISC PPU 400,Environmental public health,direct,q_health_disability|q_indigenous_services,q_business_supplier|q_complaint_appeal|q_education_training|q_health_disability|q_indigenous_services|q_justice_safety,false,false
institution:ati-schedule-i-department-of-indigenous-services:ISC PPU 023,institution,ati-schedule-i-department-of-indigenous-services,Department of Indigenous Services,ISC PPU 023,Communicable disease control and management,direct,q_indigenous_services,q_business_supplier|q_health_disability|q_indigenous_services|q_money_programs,false,false
institution:ati-schedule-i-department-of-indigenous-services:ISC PPU 604,institution,ati-schedule-i-department-of-indigenous-services,Department of Indigenous Services,ISC PPU 604,First Nations and Inuit Youth Employment Strategy,direct,q_indigenous_services,q_education_training|q_health_disability|q_indigenous_services,false,false
institution:ati-schedule-i-department-of-indigenous-services:ISC PPU 145,institution,ati-schedule-i-department-of-indigenous-services,Department of Indigenous Services,ISC PPU 145,Inuit Cultural Education Centre Grants,direct,q_culture_volunteer|q_education_training|q_indigenous_services|q_money_programs,q_culture_volunteer|q_education_training|q_indigenous_services|q_money_programs,false,false
institution:ati-schedule-i-department-of-indigenous-services:ISC PPU 240,institution,ati-schedule-i-department-of-indigenous-services,Department of Indigenous Services,ISC PPU 240,Income assistance,possible_only,,q_family_vital|q_indigenous_services,false,false
institution:ati-schedule-i-department-of-indigenous-services:ISC PPU 215,institution,ati-schedule-i-department-of-indigenous-services,Department of Indigenous Services,ISC PPU 215,"The Assisted Living program is a component of Canada's social safety net meant to align with similar provincial and territorial programs. The objective of the Assisted Living program is that in-home, group-home and institutional care supports are accessible to eligible low-income individuals to help maintain their independence for as long as possible. This residency-based program provides funding to First Nations, provinces and Yukon Territory on an annual basis through negotiated funding agreements for non-medical social supports, as well as training and support for service delivery so that seniors and persons with disabilities can maintain functional independence within their home communities. There are 3 major components to the program: in-home care, adult foster care and institutional care. The Assisted Living program is available to all individuals ordinarily resident on reserve, who have been formally assessed by a health care professional, in a manner aligned with the relevant provincial or territorial legislation and standards as requiring services, and who do not have the financial means to obtain such services themselves.",direct,q_health_disability|q_indigenous_services,q_civic_contact|q_health_disability|q_indigenous_services,false,false
institution:ati-schedule-i-department-of-indigenous-services:ISC PPU 210,institution,ati-schedule-i-department-of-indigenous-services,Department of Indigenous Services,ISC PPU 210,First Nations Child and Family Services,direct,q_indigenous_services,q_civic_contact|q_family_vital|q_indigenous_services|q_money_programs,false,false
institution:ati-schedule-i-department-of-indigenous-services:ISC PPU 265,institution,ati-schedule-i-department-of-indigenous-services,Department of Indigenous Services,ISC PPU 265,Conference and forum nominees,possible_only,,q_indigenous_services|q_travel_border,false,false
institution:ati-schedule-i-department-of-indigenous-services:ISC PPU 500,institution,ati-schedule-i-department-of-indigenous-services,Department of Indigenous Services,ISC PPU 500,Band Governance Management,possible_only,,q_civic_contact|q_government_work|q_indigenous_services,false,false
institution:ati-schedule-i-department-of-indigenous-services:ISC PPU 602,institution,ati-schedule-i-department-of-indigenous-services,Department of Indigenous Services,ISC PPU 602,Water and Wastewater Operators,possible_only,,q_business_supplier|q_indigenous_services,false,false
institution:ati-schedule-i-department-of-indigenous-services:ISC PPU 005,institution,ati-schedule-i-department-of-indigenous-services,Department of Indigenous Services,ISC PPU 005,Indian and Inuit Off Reserve Housing Assistance Program,direct,q_housing_property|q_indigenous_services,q_housing_property|q_indigenous_services,false,false
institution:ati-schedule-i-department-of-indigenous-services:ISC PPU 011,institution,ati-schedule-i-department-of-indigenous-services,Department of Indigenous Services,ISC PPU 011,On-Reserve Housing Program – Ministerial Loan Guarantee,direct,q_housing_property|q_indigenous_services,q_business_supplier|q_housing_property|q_indigenous_services|q_money_programs,true,false
institution:ati-schedule-i-department-of-indigenous-services:ISC PPU 901,institution,ati-schedule-i-department-of-indigenous-services,Department of Indigenous Services,ISC PPU 901,Aboriginal Business Development,direct,q_indigenous_services|q_money_programs,q_business_supplier|q_indigenous_services|q_money_programs|q_research_survey,false,false
institution:ati-schedule-i-department-of-indigenous-services:ISC PPU 300,institution,ati-schedule-i-department-of-indigenous-services,Department of Indigenous Services,ISC PPU 300,Transfer Payments,direct,q_money_programs,q_indigenous_services|q_money_programs,false,false
institution:ati-schedule-i-department-of-indigenous-services:ISC PPU 250,institution,ati-schedule-i-department-of-indigenous-services,Department of Indigenous Services,ISC PPU 250,Public Enquiries Contact Centre Call-Tracking System,possible_only,,q_indigenous_services|q_justice_safety,false,false
institution:ati-schedule-i-department-of-indigenous-services:ISC PPE 802,institution,ati-schedule-i-department-of-indigenous-services,Department of Indigenous Services,ISC PPE 802,"Centre for Integrity, Values and Conflict Resolution case files",possible_only,,q_complaint_appeal|q_indigenous_services,false,false
institution:ati-schedule-i-department-of-indigenous-services:ISC PPU 135,institution,ati-schedule-i-department-of-indigenous-services,Department of Indigenous Services,ISC PPU 135,Legal Assistance Related to Indian Residential Schools and Day Schools Litigation,direct,q_complaint_appeal|q_education_training,q_complaint_appeal|q_education_training|q_indigenous_services,false,false
institution:ati-schedule-i-department-of-indigenous-services:ISC PPU 151,institution,ati-schedule-i-department-of-indigenous-services,Department of Indigenous Services,ISC PPU 151,Allegations and complaints,direct,q_complaint_appeal,q_business_supplier|q_complaint_appeal|q_health_disability|q_indigenous_services,false,false
institution:ati-schedule-i-department-of-industry:ISED PPU 083,institution,ati-schedule-i-department-of-industry,Department of Industry,ISED PPU 083,Spectrum/Telecommunications Workflow and Documentation Management Personal Information Bank,possible_only,,q_business_supplier,false,false
institution:ati-schedule-i-department-of-industry:ISED PPU 019,institution,ati-schedule-i-department-of-industry,Department of Industry,ISED PPU 019,Spectrum/Telecommunications Client Operation File (Radio Operator Certification Personal Information Bank,possible_only,,q_business_supplier,false,false
institution:ati-schedule-i-department-of-industry:ISED PPU 023,institution,ati-schedule-i-department-of-industry,Department of Industry,ISED PPU 023,Telecommunications Engineering and Certification Personal Information Bank,not_discoverable,,,false,false
institution:ati-schedule-i-department-of-industry:ISED PPU 021,institution,ati-schedule-i-department-of-industry,Department of Industry,ISED PPU 021,Spectrum/Telecommunications Client Operation File (Radio Station/Spectrum Licensing) Personal Information Bank,possible_only,,q_business_supplier|q_justice_safety|q_military_veterans,false,false
institution:ati-schedule-i-department-of-industry:ISED PPU 067,institution,ati-schedule-i-department-of-industry,Department of Industry,ISED PPU 067,"CanCode, Digital Skills for Youth (DS4Y), Prime Minister's Awards (PMA), and Computers for Schools Intern (CFSI) Program",direct,q_education_training|q_money_programs,q_business_supplier|q_education_training|q_money_programs|q_research_survey,false,false
institution:ati-schedule-i-department-of-industry:ESDC PPU 706,institution,ati-schedule-i-department-of-industry,Department of Industry,ESDC PPU 706,Bank number**: ESDC PPU 706,not_discoverable,,,false,false
institution:ati-schedule-i-department-of-industry:ISED PPU 001,institution,ati-schedule-i-department-of-industry,Department of Industry,ISED PPU 001,Prime Minister's Awards for Teaching Excellence and Prime Minister's Awards for Excellence in Early Childhood Education (ECE) Personal Information Bank,direct,q_education_training|q_money_programs,q_business_supplier|q_education_training|q_money_programs,false,false
institution:ati-schedule-i-department-of-industry:ISED PPU 041,institution,ati-schedule-i-department-of-industry,Department of Industry,ISED PPU 041,Canadian Intellectual Property Office (CIPO) Personal Information Bank,possible_only,,q_business_supplier|q_family_vital|q_money_programs,false,false
institution:ati-schedule-i-department-of-industry:ISED PPU 034,institution,ati-schedule-i-department-of-industry,Department of Industry,ISED PPU 034,Competition Bureau Enquiries and Complaints Personal Information Bank,direct,q_complaint_appeal,q_business_supplier|q_complaint_appeal|q_culture_volunteer|q_justice_safety,false,false
institution:ati-schedule-i-department-of-industry:ISED PPU 033,institution,ati-schedule-i-department-of-industry,Department of Industry,ISED PPU 033,Competition Bureau Digital Forensic Activity (Electronic Evidence Unit) Personal Information Bank,possible_only,,q_justice_safety,false,false
institution:ati-schedule-i-department-of-industry:ISED PPU 050,institution,ati-schedule-i-department-of-industry,Department of Industry,ISED PPU 050,Inquiries and Compliance Activities Personal Information Bank,direct,q_business_supplier|q_complaint_appeal,q_business_supplier|q_complaint_appeal|q_justice_safety,false,false
institution:ati-schedule-i-department-of-industry:ISED PPU 049,institution,ati-schedule-i-department-of-industry,Department of Industry,ISED PPU 049,Notices of Directors of Corporations Personal Information Bank,direct,q_business_supplier,q_business_supplier,false,false
institution:ati-schedule-i-department-of-industry:ISED PPU 051,institution,ati-schedule-i-department-of-industry,Department of Industry,ISED PPU 051,Beneficial Ownership Transparency Personal Information Bank,possible_only,,q_business_supplier|q_immigration|q_justice_safety|q_tax_customs,false,false
institution:ati-schedule-i-department-of-industry:ISED PPU 035,institution,ati-schedule-i-department-of-industry,Department of Industry,ISED PPU 035,Bankruptcy Detection/Investigation Files Personal Information Bank,direct,q_justice_safety,q_complaint_appeal|q_justice_safety,false,false
institution:ati-schedule-i-department-of-industry:ISED PPU 061,institution,ati-schedule-i-department-of-industry,Department of Industry,ISED PPU 061,Fees and Levies Under the Bankruptcy and Insolvency Act Personal Information Bank,possible_only,,q_business_supplier|q_money_programs,false,false
institution:ati-schedule-i-department-of-industry:ISED PPU 058,institution,ati-schedule-i-department-of-industry,Department of Industry,ISED PPU 058,Estate Files Under the Bankruptcy and Insolvency Act Personal Information Bank,possible_only,,q_business_supplier|q_civic_contact|q_complaint_appeal|q_tax_customs,false,false
institution:ati-schedule-i-department-of-industry:ISED PPU 059,institution,ati-schedule-i-department-of-industry,Department of Industry,ISED PPU 059,Trustee System Personal Information Bank,possible_only,,q_business_supplier,false,false
institution:ati-schedule-i-department-of-industry:IC PPU 036,institution,ati-schedule-i-department-of-industry,Department of Industry,IC PPU 036,Trustee Files Personal Information Bank,possible_only,,q_business_supplier|q_complaint_appeal|q_education_training|q_justice_safety,false,false
institution:ati-schedule-i-department-of-industry:IC PPU 401,institution,ati-schedule-i-department-of-industry,Department of Industry,IC PPU 401,Measurement Canada Complaints and Disputes Process Personal Information Bank,direct,q_business_supplier|q_complaint_appeal,q_business_supplier|q_complaint_appeal,false,false
institution:ati-schedule-i-department-of-industry:ISED PPU 301,institution,ati-schedule-i-department-of-industry,Department of Industry,ISED PPU 301,Investment Canada Act* Reviews Personal Information Bank,possible_only,,q_money_programs,false,false
institution:ati-schedule-i-department-of-industry:ISED PPU 201,institution,ati-schedule-i-department-of-industry,Department of Industry,ISED PPU 201,CDAP Clients and Digital Advisors Personal Information Bank,possible_only,,q_business_supplier|q_civic_contact|q_education_training|q_family_vital|q_justice_safety|q_money_programs|q_research_survey,false,false
institution:ati-schedule-i-department-of-industry:ISED PPU 501,institution,ati-schedule-i-department-of-industry,Department of Industry,ISED PPU 501,Identity and Credential Management Personal Information Bank,possible_only,,q_business_supplier|q_family_vital,false,false
institution:ati-schedule-i-department-of-justice:JUS PPU 135,institution,ati-schedule-i-department-of-justice,Department of Justice,JUS PPU 135,Allan Memorial Institute Depatterned Persons Assistance Plan,direct,q_money_programs,q_health_disability|q_money_programs,false,false
institution:ati-schedule-i-department-of-justice:JUS PPU 005,institution,ati-schedule-i-department-of-justice,Department of Justice,JUS PPU 005,Central Registry of Divorce Proceedings,direct,q_family_vital,q_family_vital,false,false
institution:ati-schedule-i-department-of-justice:JUS PPU 010,institution,ati-schedule-i-department-of-justice,Department of Justice,JUS PPU 010,Legal Proceedings and Services,direct,q_complaint_appeal,q_access_privacy|q_business_supplier|q_complaint_appeal|q_housing_property|q_immigration|q_indigenous_services|q_money_programs,false,false
institution:ati-schedule-i-department-of-justice:JUS PPU 030,institution,ati-schedule-i-department-of-justice,Department of Justice,JUS PPU 030,Indigenous Justice Program,direct,q_indigenous_services,q_access_privacy|q_complaint_appeal|q_indigenous_services,false,false
institution:ati-schedule-i-department-of-justice:JUS PPU 125,institution,ati-schedule-i-department-of-justice,Department of Justice,JUS PPU 125,Family Orders and Agreements Enforcement Assistance,possible_only,,q_access_privacy|q_business_supplier|q_family_vital|q_immigration|q_money_programs,false,false
institution:ati-schedule-i-department-of-justice:JUS PPU 160,institution,ati-schedule-i-department-of-justice,Department of Justice,JUS PPU 160,Federally Appointed Judges,possible_only,,q_civic_contact,false,false
institution:ati-schedule-i-department-of-justice:JUS PPU 150,institution,ati-schedule-i-department-of-justice,Department of Justice,JUS PPU 150,Garnishment Registry,possible_only,,q_business_supplier|q_government_work|q_money_programs,false,false
institution:ati-schedule-i-department-of-justice:JUS PPU 165,institution,ati-schedule-i-department-of-justice,Department of Justice,JUS PPU 165,Grants and Contributions,direct,q_money_programs,q_education_training|q_money_programs,false,false
institution:ati-schedule-i-department-of-justice:JUS PPU 035,institution,ati-schedule-i-department-of-justice,Department of Justice,JUS PPU 035,Financial Assistance for Individual Victims Under the Victims Fund,direct,q_money_programs,q_access_privacy|q_business_supplier|q_family_vital|q_health_disability|q_justice_safety|q_money_programs|q_research_survey|q_travel_border,false,false
institution:ati-schedule-i-department-of-justice:JUS PPU 025,institution,ati-schedule-i-department-of-justice,Department of Justice,JUS PPU 025,Legal Agents,possible_only,,q_business_supplier|q_complaint_appeal|q_education_training,false,false
institution:ati-schedule-i-department-of-justice:JUS PPU 015,institution,ati-schedule-i-department-of-justice,Department of Justice,JUS PPU 015,Prosecution and Related Criminal Matters,direct,q_justice_safety,q_access_privacy|q_justice_safety|q_tax_customs,false,false
institution:ati-schedule-i-department-of-justice:JUS PPU 020,institution,ati-schedule-i-department-of-justice,Department of Justice,JUS PPU 020,Recruitment and Staffing Activities Using Virtual Staffing Tools,possible_only,,q_business_supplier|q_civic_contact|q_complaint_appeal|q_government_work|q_justice_safety,false,false
institution:ati-schedule-i-department-of-justice:JUS PPE 005,institution,ati-schedule-i-department-of-justice,Department of Justice,JUS PPE 005,Employee Self-Identification and Self-Declaration,possible_only,,q_complaint_appeal|q_government_work|q_health_disability|q_indigenous_services|q_research_survey,false,false
institution:ati-schedule-i-department-of-national-defence:DND PPU 050,institution,ati-schedule-i-department-of-national-defence,Department of National Defence,DND PPU 050,Search and Rescue,direct,,q_business_supplier|q_culture_volunteer|q_emergency|q_government_work|q_health_disability|q_justice_safety|q_military_veterans,true,false
institution:ati-schedule-i-department-of-national-defence:DND PPE 823,institution,ati-schedule-i-department-of-national-defence,Department of National Defence,DND PPE 823,Military Honours and Recognition,direct,q_military_veterans,q_access_privacy|q_civic_contact|q_complaint_appeal|q_culture_volunteer|q_government_work|q_justice_safety|q_military_veterans|q_money_programs,false,false
institution:ati-schedule-i-department-of-national-defence:DND PPU 839,institution,ati-schedule-i-department-of-national-defence,Department of National Defence,DND PPU 839,"Information on Cadets (Air, Army, Sea) and Junior Canadian Rangers",possible_only,,q_family_vital|q_health_disability|q_military_veterans|q_tax_customs,false,false
institution:ati-schedule-i-department-of-national-defence:DND PPE 862,institution,ati-schedule-i-department-of-national-defence,Department of National Defence,DND PPE 862,Canadian Defence Attaché Program,possible_only,,q_civic_contact|q_family_vital|q_government_work|q_indigenous_services|q_military_veterans,false,false
institution:ati-schedule-i-department-of-national-defence:DND PPE 822,institution,ati-schedule-i-department-of-national-defence,Department of National Defence,DND PPE 822,Cadet Instructors Cadre Personal Information Bank,possible_only,,q_family_vital|q_government_work|q_health_disability|q_military_veterans|q_money_programs,false,false
institution:ati-schedule-i-department-of-national-defence:DND PPE 816,institution,ati-schedule-i-department-of-national-defence,Department of National Defence,DND PPE 816,Canadian Forces Employment Equity Program,direct,q_military_veterans,q_complaint_appeal|q_government_work|q_health_disability|q_indigenous_services|q_military_veterans|q_research_survey,false,false
institution:ati-schedule-i-department-of-national-defence:DND PPU 025,institution,ati-schedule-i-department-of-national-defence,Department of National Defence,DND PPU 025,Enrolment,direct,,q_access_privacy|q_civic_contact|q_culture_volunteer|q_health_disability|q_immigration|q_justice_safety|q_military_veterans,true,false
institution:ati-schedule-i-department-of-national-defence:DND PPU 880,institution,ati-schedule-i-department-of-national-defence,Department of National Defence,DND PPU 880,Sexual Misconduct,direct,q_military_veterans,q_business_supplier|q_complaint_appeal|q_education_training|q_health_disability|q_military_veterans,false,false
institution:ati-schedule-i-department-of-national-defence:DND PPU 882,institution,ati-schedule-i-department-of-national-defence,Department of National Defence,DND PPU 882,Restorative Services Program,possible_only,,q_culture_volunteer|q_education_training|q_family_vital|q_government_work|q_health_disability|q_indigenous_services|q_justice_safety|q_military_veterans,false,false
institution:ati-schedule-i-department-of-national-defence:DND PPU 883,institution,ati-schedule-i-department-of-national-defence,Department of National Defence,DND PPU 883,Independent Legal Assistance Program,direct,q_money_programs,q_access_privacy|q_business_supplier|q_government_work|q_military_veterans|q_money_programs,false,false
institution:ati-schedule-i-department-of-national-defence:DND PPU 884,institution,ati-schedule-i-department-of-national-defence,Department of National Defence,DND PPU 884,Peer Support Program,direct,q_military_veterans,q_education_training|q_emergency|q_government_work|q_health_disability|q_justice_safety|q_military_veterans|q_research_survey,false,false
institution:ati-schedule-i-department-of-national-defence:DND PPU 898,institution,ati-schedule-i-department-of-national-defence,Department of National Defence,DND PPU 898,"Health Services Professional Standards, Credentialing and Conduct",direct,q_health_disability,q_access_privacy|q_business_supplier|q_civic_contact|q_complaint_appeal|q_education_training|q_government_work|q_health_disability|q_justice_safety|q_military_veterans,false,false
institution:ati-schedule-i-department-of-national-defence:DND PPE 811,institution,ati-schedule-i-department-of-national-defence,Department of National Defence,DND PPE 811,Dental Records,direct,q_health_disability,q_access_privacy|q_complaint_appeal|q_family_vital|q_government_work|q_health_disability|q_justice_safety|q_military_veterans|q_money_programs,false,false
institution:ati-schedule-i-department-of-national-defence:DND PPE 810,institution,ati-schedule-i-department-of-national-defence,Department of National Defence,DND PPE 810,Medical Records,direct,q_health_disability,q_access_privacy|q_complaint_appeal|q_family_vital|q_government_work|q_health_disability|q_justice_safety|q_military_veterans|q_money_programs,false,false
institution:ati-schedule-i-department-of-national-defence:DND PPE 812,institution,ati-schedule-i-department-of-national-defence,Department of National Defence,DND PPE 812,Psychosocial Services,possible_only,,q_access_privacy|q_complaint_appeal|q_family_vital|q_government_work|q_health_disability|q_justice_safety|q_military_veterans|q_money_programs,false,false
institution:ati-schedule-i-department-of-national-defence:DND PPU 819,institution,ati-schedule-i-department-of-national-defence,Department of National Defence,DND PPU 819,Federal Health Claims Processing Service,direct,q_health_disability,q_business_supplier|q_emergency|q_family_vital|q_government_work|q_health_disability|q_military_veterans|q_money_programs|q_travel_border,false,false
institution:ati-schedule-i-department-of-national-defence:DND PPE 806,institution,ati-schedule-i-department-of-national-defence,Department of National Defence,DND PPE 806,Optimizing Performance Force and Family (OPF2) Program,direct,q_research_survey,q_government_work|q_health_disability|q_military_veterans|q_research_survey,false,false
institution:ati-schedule-i-department-of-national-defence:DND PPU 881,institution,ati-schedule-i-department-of-national-defence,Department of National Defence,DND PPU 881,1974 Valcartier Grenade Incident Program (VGIP),possible_only,,q_access_privacy|q_business_supplier|q_family_vital|q_health_disability|q_justice_safety|q_military_veterans|q_money_programs,false,false
institution:ati-schedule-i-department-of-national-defence:DND PPU 870,institution,ati-schedule-i-department-of-national-defence,Department of National Defence,DND PPU 870,Transition Services,direct,q_military_veterans,q_access_privacy|q_business_supplier|q_education_training|q_family_vital|q_government_work|q_health_disability|q_indigenous_services|q_military_veterans,false,false
institution:ati-schedule-i-department-of-national-defence:DND PPE 872,institution,ati-schedule-i-department-of-national-defence,Department of National Defence,DND PPE 872,Casualty Identification Program (CasID),possible_only,,q_access_privacy|q_business_supplier|q_culture_volunteer|q_family_vital|q_health_disability|q_military_veterans,false,false
institution:ati-schedule-i-department-of-national-defence:DND PPU 873,institution,ati-schedule-i-department-of-national-defence,Department of National Defence,DND PPU 873,Litigation Claims Processing Program,direct,q_complaint_appeal,q_access_privacy|q_complaint_appeal|q_government_work|q_health_disability|q_justice_safety|q_military_veterans,false,false
institution:ati-schedule-i-department-of-national-defence:DND PPE 817,institution,ati-schedule-i-department-of-national-defence,Department of National Defence,DND PPE 817,Casualty Support Services,direct,q_military_veterans,q_access_privacy|q_business_supplier|q_culture_volunteer|q_family_vital|q_government_work|q_health_disability|q_indigenous_services|q_military_veterans,false,false
institution:ati-schedule-i-department-of-national-defence:DND PPU 809,institution,ati-schedule-i-department-of-national-defence,Department of National Defence,DND PPU 809,Designation of Additional Dependants Remuneration Supplement Claims and Hospital/Medical Claims Outside of Canada,direct,q_health_disability,q_family_vital|q_health_disability|q_military_veterans,false,false
institution:ati-schedule-i-department-of-national-defence:DND PPU 876,institution,ati-schedule-i-department-of-national-defence,Department of National Defence,DND PPU 876,Dependant Education Allowances,direct,q_education_training|q_military_veterans,q_business_supplier|q_education_training|q_family_vital|q_government_work|q_military_veterans|q_money_programs,false,false
institution:ati-schedule-i-department-of-national-defence:DND PPE 814,institution,ati-schedule-i-department-of-national-defence,Department of National Defence,DND PPE 814,Administrative Review Case Files,possible_only,,q_complaint_appeal|q_government_work|q_health_disability|q_justice_safety|q_military_veterans|q_money_programs,false,false
institution:ati-schedule-i-department-of-national-defence:DND PPE 852,institution,ati-schedule-i-department-of-national-defence,Department of National Defence,DND PPE 852,Fraud Prevention and Risk Management,direct,q_military_veterans,q_business_supplier|q_government_work|q_indigenous_services|q_justice_safety|q_military_veterans|q_money_programs,false,false
institution:ati-schedule-i-department-of-national-defence:DND PPE 853,institution,ati-schedule-i-department-of-national-defence,Department of National Defence,DND PPE 853,Special Examinations and Internal Investigations,direct,q_complaint_appeal|q_justice_safety,q_business_supplier|q_complaint_appeal|q_culture_volunteer|q_government_work|q_justice_safety|q_military_veterans,false,false
institution:ati-schedule-i-department-of-national-defence:DND PPU 874,institution,ati-schedule-i-department-of-national-defence,Department of National Defence,DND PPU 874,Declaration of Victims Rights (DVR) Complaint Review Mechanism,direct,q_complaint_appeal|q_justice_safety,q_complaint_appeal|q_justice_safety|q_military_veterans,false,false
institution:ati-schedule-i-department-of-national-defence:DND PPE 821,institution,ati-schedule-i-department-of-national-defence,Department of National Defence,DND PPE 821,Canadian Forces Command and Staff College - Boards/Selection Processes,direct,q_education_training|q_military_veterans,q_education_training|q_military_veterans,false,false
institution:ati-schedule-i-department-of-national-defence:DND PPE 825,institution,ati-schedule-i-department-of-national-defence,Department of National Defence,DND PPE 825,Talent and Leadership Management,possible_only,,q_civic_contact|q_education_training|q_government_work|q_justice_safety|q_military_veterans,false,false
institution:ati-schedule-i-department-of-national-defence:DND PPE 818,institution,ati-schedule-i-department-of-national-defence,Department of National Defence,DND PPE 818,Canadian Forces Member Personal Information File,direct,q_military_veterans,q_civic_contact|q_family_vital|q_government_work|q_health_disability|q_immigration|q_indigenous_services|q_justice_safety|q_military_veterans|q_money_programs,true,false
institution:ati-schedule-i-department-of-national-defence:DND PPE 864,institution,ati-schedule-i-department-of-national-defence,Department of National Defence,DND PPE 864,Conflict of Interest and Post-Employment Code - Military,direct,q_military_veterans,q_business_supplier|q_civic_contact|q_indigenous_services|q_military_veterans,false,false
institution:ati-schedule-i-department-of-national-defence:DND PPE 831,institution,ati-schedule-i-department-of-national-defence,Department of National Defence,DND PPE 831,Military Personnel - Grievance File,direct,q_complaint_appeal|q_government_work|q_military_veterans,q_complaint_appeal|q_government_work|q_health_disability|q_indigenous_services|q_justice_safety|q_military_veterans,false,false
institution:ati-schedule-i-department-of-national-defence:DND PPE 848,institution,ati-schedule-i-department-of-national-defence,Department of National Defence,DND PPE 848,Officer Boards for Academic Enhancement and Specialist Training Plans,possible_only,,q_education_training|q_health_disability|q_military_veterans,false,false
institution:ati-schedule-i-department-of-national-defence:DND PPU 834,institution,ati-schedule-i-department-of-national-defence,Department of National Defence,DND PPU 834,Personnel Security Screening Program,direct,q_government_work|q_justice_safety,q_access_privacy|q_business_supplier|q_complaint_appeal|q_culture_volunteer|q_education_training|q_family_vital|q_government_work|q_health_disability|q_immigration|q_justice_safety|q_military_veterans|q_money_programs|q_travel_border,true,false
institution:ati-schedule-i-department-of-national-defence:DND PPE 877,institution,ati-schedule-i-department-of-national-defence,Department of National Defence,DND PPE 877,Personnel Selection Officer (PSO) Training Files,direct,q_government_work,q_government_work|q_indigenous_services|q_military_veterans,false,false
institution:ati-schedule-i-department-of-national-defence:DND PPE 847,institution,ati-schedule-i-department-of-national-defence,Department of National Defence,DND PPE 847,Selection Boards for the In-Service Commissioning Plans,possible_only,,q_civic_contact|q_education_training|q_military_veterans,false,false
institution:ati-schedule-i-department-of-national-defence:DND PPE 836,institution,ati-schedule-i-department-of-national-defence,Department of National Defence,DND PPE 836,Unit Military Personnel Bank,direct,q_government_work|q_military_veterans,q_civic_contact|q_family_vital|q_government_work|q_health_disability|q_immigration|q_indigenous_services|q_justice_safety|q_military_veterans|q_money_programs|q_travel_border,false,false
institution:ati-schedule-i-department-of-national-defence:DND PPE 899,institution,ati-schedule-i-department-of-national-defence,Department of National Defence,DND PPE 899,Selection Board and Supplementary Selection Board Results,possible_only,,q_government_work|q_military_veterans,false,false
institution:ati-schedule-i-department-of-national-defence:DND PPU 875,institution,ati-schedule-i-department-of-national-defence,Department of National Defence,DND PPU 875,CAF Harassment,direct,q_government_work,q_complaint_appeal|q_government_work|q_indigenous_services|q_justice_safety|q_military_veterans,false,false
institution:ati-schedule-i-department-of-national-defence:DND PPE 871,institution,ati-schedule-i-department-of-national-defence,Department of National Defence,DND PPE 871,Alert Manning Personnel System (AMPS),direct,q_government_work,q_government_work|q_military_veterans,false,false
institution:ati-schedule-i-department-of-national-defence:DND PPE 832,institution,ati-schedule-i-department-of-national-defence,Department of National Defence,DND PPE 832,Boards of Inquiry/Summary Investigations,direct,q_justice_safety,q_education_training|q_family_vital|q_government_work|q_health_disability|q_justice_safety|q_military_veterans,false,false
institution:ati-schedule-i-department-of-national-defence:DND PPE 890,institution,ati-schedule-i-department-of-national-defence,Department of National Defence,DND PPE 890,Canadian Forces Drug Testing Program,direct,q_military_veterans,q_education_training|q_health_disability|q_indigenous_services|q_justice_safety|q_military_veterans,false,false
institution:ati-schedule-i-department-of-national-defence:DND PPU 826,institution,ati-schedule-i-department-of-national-defence,Department of National Defence,DND PPU 826,Honorary Appointments,possible_only,,q_access_privacy|q_culture_volunteer|q_government_work|q_military_veterans,false,false
institution:ati-schedule-i-department-of-national-defence:DND PPE 860,institution,ati-schedule-i-department-of-national-defence,Department of National Defence,DND PPE 860,CAF Relocation,possible_only,,q_business_supplier|q_family_vital|q_government_work|q_health_disability|q_military_veterans|q_money_programs|q_travel_border,false,false
institution:ati-schedule-i-department-of-national-defence:DND PPE 807,institution,ati-schedule-i-department-of-national-defence,Department of National Defence,DND PPE 807,Chaplain Service,possible_only,,q_civic_contact|q_military_veterans,false,false
institution:ati-schedule-i-department-of-national-defence:DND PPE 830,institution,ati-schedule-i-department-of-national-defence,Department of National Defence,DND PPE 830,Minutes of Proceedings of Courts Martial,possible_only,,q_complaint_appeal|q_military_veterans,false,false
institution:ati-schedule-i-department-of-national-defence:DND PPE 855,institution,ati-schedule-i-department-of-national-defence,Department of National Defence,DND PPE 855,Summary Hearings,possible_only,,q_complaint_appeal|q_health_disability|q_justice_safety|q_military_veterans,false,false
institution:ati-schedule-i-department-of-national-defence:DND PPE 856,institution,ati-schedule-i-department-of-national-defence,Department of National Defence,DND PPE 856,Administration of Service Estates and Personal Belongings,direct,q_military_veterans,q_access_privacy|q_civic_contact|q_family_vital|q_government_work|q_military_veterans,false,false
institution:ati-schedule-i-department-of-national-defence:DND PPE 857,institution,ati-schedule-i-department-of-national-defence,Department of National Defence,DND PPE 857,Provision of Legal Aid to Members of the Canadian Forces,direct,q_military_veterans,q_family_vital|q_military_veterans,false,false
institution:ati-schedule-i-department-of-national-defence:DND PPE 897,institution,ati-schedule-i-department-of-national-defence,Department of National Defence,DND PPE 897,Provision of Legal Counsel at Public Expense,possible_only,,q_government_work|q_military_veterans,false,false
institution:ati-schedule-i-department-of-national-defence:DND PPU 070,institution,ati-schedule-i-department-of-national-defence,Department of National Defence,DND PPU 070,Complaints/Investigations against or by Military Police or its Members,direct,q_complaint_appeal|q_justice_safety|q_military_veterans,q_complaint_appeal|q_government_work|q_justice_safety|q_military_veterans,false,false
institution:ati-schedule-i-department-of-national-defence:DND PPU 896,institution,ati-schedule-i-department-of-national-defence,Department of National Defence,DND PPU 896,Identification and Access Control Cards,possible_only,,q_business_supplier|q_civic_contact|q_family_vital|q_government_work|q_military_veterans,false,false
institution:ati-schedule-i-department-of-national-defence:DND PPU 837,institution,ati-schedule-i-department-of-national-defence,Department of National Defence,DND PPU 837,Special Access Program,direct,q_business_supplier|q_government_work,q_business_supplier|q_government_work|q_immigration|q_justice_safety|q_military_veterans|q_money_programs,false,false
institution:ati-schedule-i-department-of-national-defence:DND PPU 071,institution,ati-schedule-i-department-of-national-defence,Department of National Defence,DND PPU 071,Military Police Audit Reports Data Bank,direct,q_justice_safety|q_military_veterans,q_business_supplier|q_justice_safety|q_military_veterans,false,false
institution:ati-schedule-i-department-of-national-defence:DND PPU 833,institution,ati-schedule-i-department-of-national-defence,Department of National Defence,DND PPU 833,Military Police Credential Review Board Data Bank,direct,q_justice_safety|q_military_veterans,q_complaint_appeal|q_government_work|q_justice_safety|q_military_veterans,false,false
institution:ati-schedule-i-department-of-national-defence:DND PPE 835,institution,ati-schedule-i-department-of-national-defence,Department of National Defence,DND PPE 835,Military Police Investigation Case Files,direct,q_justice_safety|q_military_veterans,q_complaint_appeal|q_government_work|q_health_disability|q_immigration|q_justice_safety|q_military_veterans|q_money_programs,false,false
institution:ati-schedule-i-department-of-national-defence:DND PPU 801,institution,ati-schedule-i-department-of-national-defence,Department of National Defence,DND PPU 801,National Defence Fingerprint File,direct,q_military_veterans,q_government_work|q_health_disability|q_justice_safety|q_military_veterans,false,false
institution:ati-schedule-i-department-of-national-defence:DND PPU 851,institution,ati-schedule-i-department-of-national-defence,Department of National Defence,DND PPU 851,Travel and Contact Security Program,direct,q_government_work|q_travel_border,q_business_supplier|q_government_work|q_justice_safety|q_military_veterans|q_travel_border,false,false
institution:ati-schedule-i-department-of-national-defence:DND PPU 061,institution,ati-schedule-i-department-of-national-defence,Department of National Defence,DND PPU 061,Defence Intelligence Records,direct,q_military_veterans,q_business_supplier|q_civic_contact|q_government_work|q_health_disability|q_immigration|q_justice_safety|q_military_veterans,false,false
institution:ati-schedule-i-department-of-national-defence:DND PPU 060,institution,ati-schedule-i-department-of-national-defence,Department of National Defence,DND PPU 060,Counter-Intelligence,possible_only,,q_government_work|q_health_disability|q_immigration|q_justice_safety|q_military_veterans,false,false
institution:ati-schedule-i-department-of-national-defence:DND PPU 840,institution,ati-schedule-i-department-of-national-defence,Department of National Defence,DND PPU 840,Military Police Criminal Intelligence Program,direct,q_business_supplier|q_justice_safety|q_military_veterans,q_access_privacy|q_business_supplier|q_civic_contact|q_government_work|q_immigration|q_justice_safety|q_military_veterans,false,false
institution:ati-schedule-i-department-of-national-defence:DND PPE 863,institution,ati-schedule-i-department-of-national-defence,Department of National Defence,DND PPE 863,Service Prison and Detention Barrack Records,direct,q_justice_safety|q_military_veterans,q_family_vital|q_government_work|q_health_disability|q_justice_safety|q_military_veterans,false,false
institution:ati-schedule-i-department-of-national-defence:DND PPE 841,institution,ati-schedule-i-department-of-national-defence,Department of National Defence,DND PPE 841,Training and Development,direct,q_military_veterans,q_education_training|q_indigenous_services|q_military_veterans|q_money_programs,false,false
institution:ati-schedule-i-department-of-national-defence:DND PPE 844,institution,ati-schedule-i-department-of-national-defence,Department of National Defence,DND PPE 844,Academic Records - Students of the Royal Military College,direct,q_education_training|q_military_veterans,q_education_training|q_military_veterans,false,false
institution:ati-schedule-i-department-of-national-defence:DND PPE 843,institution,ati-schedule-i-department-of-national-defence,Department of National Defence,DND PPE 843,Command and Staff Course Student Files,direct,q_education_training,q_education_training|q_military_veterans,false,false
institution:ati-schedule-i-department-of-national-defence:DND PPU 878,institution,ati-schedule-i-department-of-national-defence,Department of National Defence,DND PPU 878,Military Postgraduate Student Records,direct,q_education_training|q_military_veterans,q_education_training|q_government_work|q_military_veterans,false,false
institution:ati-schedule-i-department-of-national-defence:DND PPE 842,institution,ati-schedule-i-department-of-national-defence,Department of National Defence,DND PPE 842,Personnel Files - Training,direct,q_government_work,q_civic_contact|q_education_training|q_government_work|q_military_veterans|q_money_programs,false,false
institution:ati-schedule-i-department-of-national-defence:DND PPE 845,institution,ati-schedule-i-department-of-national-defence,Department of National Defence,DND PPE 845,Squadron Personnel File - Officer Cadets,direct,q_government_work,q_education_training|q_government_work|q_military_veterans|q_money_programs,false,false
institution:ati-schedule-i-department-of-national-defence:DND PPE 886,institution,ati-schedule-i-department-of-national-defence,Department of National Defence,DND PPE 886,RMC Saint-Jean Sexual Misconduct Reporting and Support Services,possible_only,,q_business_supplier|q_education_training|q_government_work|q_health_disability|q_justice_safety|q_military_veterans,false,false
institution:ati-schedule-i-department-of-national-defence:DND PPE 805,institution,ati-schedule-i-department-of-national-defence,Department of National Defence,DND PPE 805,Human Resources Management Information System (HRMS),possible_only,,q_civic_contact|q_education_training|q_family_vital|q_government_work|q_health_disability|q_indigenous_services|q_justice_safety|q_military_veterans|q_money_programs|q_tax_customs,false,false
institution:ati-schedule-i-department-of-national-defence:DND PPE 820,institution,ati-schedule-i-department-of-national-defence,Department of National Defence,DND PPE 820,Evidence-Based Assessments of Character for Leadership Selections and Promotions,possible_only,,q_civic_contact|q_culture_volunteer|q_government_work|q_military_veterans,false,false
institution:ati-schedule-i-department-of-national-defence:DND PPU 850,institution,ati-schedule-i-department-of-national-defence,Department of National Defence,DND PPU 850,Learning Disability Accommodations,direct,q_health_disability,q_access_privacy|q_business_supplier|q_complaint_appeal|q_education_training|q_government_work|q_health_disability|q_military_veterans,false,false
institution:ati-schedule-i-department-of-national-defence:DND PPE 838,institution,ati-schedule-i-department-of-national-defence,Department of National Defence,DND PPE 838,Performance Evaluation Report File,possible_only,,q_indigenous_services|q_military_veterans,false,false
institution:ati-schedule-i-department-of-national-defence:DND PPE 829,institution,ati-schedule-i-department-of-national-defence,Department of National Defence,DND PPE 829,Operational and Non-Operational Clothing and Footwear Program,possible_only,,q_access_privacy|q_business_supplier|q_indigenous_services|q_military_veterans|q_money_programs,false,false
institution:ati-schedule-i-department-of-national-defence:DND PPU 885,institution,ati-schedule-i-department-of-national-defence,Department of National Defence,DND PPU 885,Housing and Accommodations,direct,q_business_supplier|q_housing_property,q_business_supplier|q_family_vital|q_housing_property|q_military_veterans|q_money_programs|q_tax_customs,true,false
institution:ati-schedule-i-department-of-national-defence:DND PPU 894,institution,ati-schedule-i-department-of-national-defence,Department of National Defence,DND PPU 894,Intellectual Property and Agreements,possible_only,,q_business_supplier|q_education_training|q_military_veterans|q_research_survey,false,false
institution:ati-schedule-i-department-of-national-defence:DND PPU 815,institution,ati-schedule-i-department-of-national-defence,Department of National Defence,DND PPU 815,Human Resource Research and Evaluation Information Data Bank,possible_only,,q_education_training|q_government_work|q_military_veterans|q_research_survey,false,false
institution:ati-schedule-i-department-of-national-defence:DND PPU 879,institution,ati-schedule-i-department-of-national-defence,Department of National Defence,DND PPU 879,North Atlantic Treaty Organization (NATO) Defense College Fellowship,direct,q_education_training,q_civic_contact|q_education_training|q_immigration|q_military_veterans|q_money_programs|q_travel_border,false,false
institution:ati-schedule-i-department-of-national-defence:DND PPU 795,institution,ati-schedule-i-department-of-national-defence,Department of National Defence,DND PPU 795,Marine Service Fees,possible_only,,q_access_privacy|q_business_supplier|q_military_veterans,false,false
institution:ati-schedule-i-department-of-national-defence:DND PPU 794,institution,ati-schedule-i-department-of-national-defence,Department of National Defence,DND PPU 794,Marine Communications and Traffic Services (MCTS),direct,q_travel_border,q_access_privacy|q_business_supplier|q_emergency|q_government_work|q_health_disability|q_immigration|q_justice_safety|q_military_veterans|q_travel_border,false,false
institution:ati-schedule-i-department-of-national-defence:DND PPU 793,institution,ati-schedule-i-department-of-national-defence,Department of National Defence,DND PPU 793,Communications – Search and Rescue / Environmental Response,possible_only,,q_emergency|q_health_disability|q_justice_safety|q_military_veterans,false,false
institution:ati-schedule-i-department-of-national-defence:DND PPU 797,institution,ati-schedule-i-department-of-national-defence,Department of National Defence,DND PPU 797,National Response Team Members,possible_only,,q_emergency|q_family_vital|q_government_work|q_health_disability|q_military_veterans,false,false
institution:ati-schedule-i-department-of-national-defence:DND PPU 792,institution,ati-schedule-i-department-of-national-defence,Department of National Defence,DND PPU 792,Canadian Coast Guard Competency Certificate,possible_only,,q_government_work|q_military_veterans,false,false
institution:ati-schedule-i-department-of-national-defence:DND PPU 796,institution,ati-schedule-i-department-of-national-defence,Department of National Defence,DND PPU 796,Maritime Fleet Management – Seagoing Personnel File Information,direct,q_government_work,q_business_supplier|q_emergency|q_family_vital|q_government_work|q_health_disability|q_immigration|q_military_veterans|q_travel_border,false,false
institution:ati-schedule-i-department-of-national-defence:DND PPU 798,institution,ati-schedule-i-department-of-national-defence,Department of National Defence,DND PPU 798,Recruitment and Staffing – Fleet,direct,q_government_work,q_civic_contact|q_complaint_appeal|q_education_training|q_government_work|q_health_disability|q_immigration|q_justice_safety|q_military_veterans,false,false
institution:ati-schedule-i-department-of-national-defence:DND PPU 791,institution,ati-schedule-i-department-of-national-defence,Department of National Defence,DND PPU 791,Canadian Coast Guard College Officer Trainee Information,direct,q_education_training,q_education_training|q_government_work|q_military_veterans,false,false
institution:ati-schedule-i-department-of-national-defence:DND PPU 790,institution,ati-schedule-i-department-of-national-defence,Department of National Defence,DND PPU 790,Canadian Coast Guard College Campus Facilities,direct,q_education_training,q_education_training|q_military_veterans,false,false
institution:ati-schedule-i-department-of-national-defence:DND PPU 799,institution,ati-schedule-i-department-of-national-defence,Department of National Defence,DND PPU 799,Canadian Coast Guard Monitoring and Compliance Program,direct,q_business_supplier,q_business_supplier|q_complaint_appeal|q_government_work|q_justice_safety|q_military_veterans|q_money_programs,false,false
institution:ati-schedule-i-department-of-national-defence:DND PPE 858,institution,ati-schedule-i-department-of-national-defence,Department of National Defence,DND PPE 858,Pay Records File,direct,q_money_programs,q_business_supplier|q_civic_contact|q_culture_volunteer|q_government_work|q_indigenous_services|q_military_veterans|q_money_programs|q_tax_customs,false,false
institution:ati-schedule-i-department-of-national-defence:DND PPE 859,institution,ati-schedule-i-department-of-national-defence,Department of National Defence,DND PPE 859,Pension File,direct,q_government_work,q_civic_contact|q_family_vital|q_government_work|q_military_veterans|q_money_programs|q_tax_customs,false,false
institution:ati-schedule-i-department-of-national-defence:DND PPU 065,institution,ati-schedule-i-department-of-national-defence,Department of National Defence,DND PPU 065,Staffing Program,direct,q_government_work,q_civic_contact|q_government_work|q_military_veterans,false,false
institution:ati-schedule-i-department-of-national-defence:DND PPU 813,institution,ati-schedule-i-department-of-national-defence,Department of National Defence,DND PPU 813,Public Key Infrastructure (PKI) Service Request Forms,possible_only,,q_business_supplier|q_family_vital|q_health_disability|q_immigration|q_military_veterans|q_travel_border,false,false
institution:ati-schedule-i-department-of-national-defence:MDN PPE 881,institution,ati-schedule-i-department-of-national-defence,Department of National Defence,MDN PPE 881,,possible_only,,q_access_privacy|q_business_supplier|q_family_vital|q_health_disability|q_justice_safety|q_military_veterans|q_money_programs,false,false
institution:ati-schedule-i-department-of-public-safety-and-emergency-preparedness:PS PPU 026,institution,ati-schedule-i-department-of-public-safety-and-emergency-preparedness,Department of Public Safety and Emergency Preparedness,PS PPU 026,National Security Records,possible_only,,q_emergency|q_government_work|q_health_disability|q_immigration|q_justice_safety,false,false
institution:ati-schedule-i-department-of-public-safety-and-emergency-preparedness:PS PPU 040,institution,ati-schedule-i-department-of-public-safety-and-emergency-preparedness,Department of Public Safety and Emergency Preparedness,PS PPU 040,Security Clearance Records,possible_only,,q_business_supplier|q_civic_contact|q_complaint_appeal|q_emergency|q_justice_safety,false,false
institution:ati-schedule-i-department-of-public-safety-and-emergency-preparedness:PS PPU 020,institution,ati-schedule-i-department-of-public-safety-and-emergency-preparedness,Department of Public Safety and Emergency Preparedness,PS PPU 020,National Crime Prevention Strategy,possible_only,,q_civic_contact|q_emergency|q_indigenous_services,false,false
institution:ati-schedule-i-department-of-public-safety-and-emergency-preparedness:PS PPU 039,institution,ati-schedule-i-department-of-public-safety-and-emergency-preparedness,Department of Public Safety and Emergency Preparedness,PS PPU 039,Criminal Code Designations,direct,q_justice_safety,q_emergency|q_justice_safety,false,false
institution:ati-schedule-i-department-of-public-safety-and-emergency-preparedness:PS PPU 045,institution,ati-schedule-i-department-of-public-safety-and-emergency-preparedness,Department of Public Safety and Emergency Preparedness,PS PPU 045,Policing and Law Enforcement -RCMP Personnel and Administrative Records,direct,q_government_work|q_justice_safety,q_civic_contact|q_complaint_appeal|q_emergency|q_government_work|q_justice_safety,false,false
institution:ati-schedule-i-department-of-public-safety-and-emergency-preparedness:PS PPU 015,institution,ati-schedule-i-department-of-public-safety-and-emergency-preparedness,Department of Public Safety and Emergency Preparedness,PS PPU 015,Disclosure of Record Suspension,direct,q_government_work,q_business_supplier|q_emergency|q_family_vital|q_government_work|q_justice_safety,false,false
institution:ati-schedule-i-department-of-public-safety-and-emergency-preparedness:PS PPU 047,institution,ati-schedule-i-department-of-public-safety-and-emergency-preparedness,Department of Public Safety and Emergency Preparedness,PS PPU 047,Canadian Emergency Management College,direct,q_education_training|q_emergency,q_education_training|q_emergency|q_government_work|q_health_disability,false,false
institution:ati-schedule-i-department-of-public-safety-and-emergency-preparedness:PS PPU 051,institution,ati-schedule-i-department-of-public-safety-and-emergency-preparedness,Department of Public Safety and Emergency Preparedness,PS PPU 051,Assault-Style Firearms Compensation Program,direct,q_money_programs,q_access_privacy|q_business_supplier|q_emergency|q_justice_safety|q_money_programs,false,false
institution:ati-schedule-i-department-of-public-safety-and-emergency-preparedness:PS PPU 050,institution,ati-schedule-i-department-of-public-safety-and-emergency-preparedness,Department of Public Safety and Emergency Preparedness,PS PPU 050,,direct,q_money_programs,q_business_supplier|q_emergency|q_family_vital|q_justice_safety|q_money_programs|q_travel_border,false,false
institution:ati-schedule-i-department-of-public-safety-and-emergency-preparedness:PS PPU 010,institution,ati-schedule-i-department-of-public-safety-and-emergency-preparedness,Department of Public Safety and Emergency Preparedness,PS PPU 010,,direct,q_justice_safety,q_emergency|q_family_vital|q_health_disability|q_immigration|q_justice_safety,false,false
institution:ati-schedule-i-department-of-public-works-and-government-services:PWGSC PPU 071,institution,ati-schedule-i-department-of-public-works-and-government-services,Department of Public Works and Government Services,PWGSC PPU 071,Procurement services—Personal information bank,direct,q_business_supplier,q_access_privacy|q_business_supplier|q_civic_contact|q_education_training|q_health_disability|q_indigenous_services|q_justice_safety|q_money_programs,false,false
institution:ati-schedule-i-department-of-public-works-and-government-services:PWGSC PCU 703,institution,ati-schedule-i-department-of-public-works-and-government-services,Department of Public Works and Government Services,PWGSC PCU 703,": In addition to the requirements specified on the Personal Information Request Form, individuals requesting information described by this bank must provide personal record identifier (PRI) and pension number. PIB updated in 2010 and formerly entitled Insurance Application Cards. Effective May 3, 2010, all personal information relating to the Public Service Health Plan Form, Disability and Long term Disability claims forms for current employees will be under the custody and control of the host department.",direct,q_access_privacy|q_government_work|q_health_disability,q_access_privacy|q_family_vital|q_government_work|q_health_disability|q_justice_safety|q_military_veterans|q_money_programs,false,false
institution:ati-schedule-i-department-of-public-works-and-government-services:PSPC PCU 715,institution,ati-schedule-i-department-of-public-works-and-government-services,Department of Public Works and Government Services,PSPC PCU 715,"Federal Government employees, pensioners and survivors: Insurance information—Personal information bank",direct,q_government_work,q_business_supplier|q_government_work|q_money_programs|q_tax_customs,false,false
institution:ati-schedule-i-department-of-public-works-and-government-services:PWGSC PCE 705,institution,ati-schedule-i-department-of-public-works-and-government-services,Department of Public Works and Government Services,PWGSC PCE 705,Central index—Personal information bank,direct,q_government_work,q_access_privacy|q_business_supplier|q_complaint_appeal|q_education_training|q_government_work|q_health_disability|q_money_programs|q_tax_customs|q_travel_border,false,false
institution:ati-schedule-i-department-of-public-works-and-government-services:PSPC PPE 010,institution,ati-schedule-i-department-of-public-works-and-government-services,Department of Public Works and Government Services,PSPC PPE 010,Human resources and pay transformation—Personal information bank,direct,q_government_work,q_business_supplier|q_civic_contact|q_education_training|q_government_work,false,false
institution:ati-schedule-i-department-of-public-works-and-government-services:PWGSC PCU 702,institution,ati-schedule-i-department-of-public-works-and-government-services,Department of Public Works and Government Services,PWGSC PCU 702,": In addition to the requirements specified on the Personal Information Request Form, individuals requesting information described in this bank must provide either a PRI or a pension number. PIB updated in 2011 and previously entitled Public Service Pension Data Bank PWGSC- PCE-702.",direct,q_access_privacy|q_government_work|q_money_programs,q_access_privacy|q_business_supplier|q_complaint_appeal|q_family_vital|q_government_work|q_health_disability|q_justice_safety|q_military_veterans|q_money_programs|q_research_survey|q_tax_customs,false,false
institution:ati-schedule-i-department-of-public-works-and-government-services:PWGSC PCU 717,institution,ati-schedule-i-department-of-public-works-and-government-services,Department of Public Works and Government Services,PWGSC PCU 717,PPU 100. Requests about specific deposits should be directed to the department that accepted the payment(s).,direct,q_money_programs,q_business_supplier|q_money_programs|q_tax_customs,false,false
institution:ati-schedule-i-department-of-public-works-and-government-services:PWGSC PCU 712,institution,ati-schedule-i-department-of-public-works-and-government-services,Department of Public Works and Government Services,PWGSC PCU 712,Receiver General deposits—Personal information bank,direct,q_business_supplier|q_government_work|q_money_programs,q_business_supplier|q_education_training|q_government_work|q_health_disability|q_military_veterans|q_money_programs|q_tax_customs|q_travel_border,false,false
institution:ati-schedule-i-department-of-public-works-and-government-services:PWGSC PPU 070,institution,ati-schedule-i-department-of-public-works-and-government-services,Department of Public Works and Government Services,PWGSC PPU 070,Register of land surveyors—Personal information bank,direct,q_research_survey,q_research_survey,false,false
institution:ati-schedule-i-department-of-public-works-and-government-services:PWGSC PPU 030,institution,ati-schedule-i-department-of-public-works-and-government-services,Department of Public Works and Government Services,PWGSC PPU 030,Register of real property appraisers—Personal information bank,not_discoverable,,,false,false
institution:ati-schedule-i-department-of-public-works-and-government-services:PWGSC PPU 006,institution,ati-schedule-i-department-of-public-works-and-government-services,Department of Public Works and Government Services,PWGSC PPU 006,: Personal information bank updated in 2010 and formerly entitled List of Landlords.,direct,q_housing_property,q_business_supplier|q_housing_property,false,false
institution:ati-schedule-i-department-of-public-works-and-government-services:PWGSC PCE 701,institution,ati-schedule-i-department-of-public-works-and-government-services,Department of Public Works and Government Services,PWGSC PCE 701,: Personal information bank updated in 2010 and formerly entitled Crown Housing Records.,direct,q_housing_property,q_business_supplier|q_government_work|q_health_disability|q_housing_property,false,false
institution:ati-schedule-i-department-of-public-works-and-government-services:PWGSC PPU 026,institution,ati-schedule-i-department-of-public-works-and-government-services,Department of Public Works and Government Services,PWGSC PPU 026,GCSurplus—Personal information bank,direct,q_business_supplier,q_business_supplier|q_government_work|q_justice_safety|q_military_veterans|q_tax_customs,false,false
institution:ati-schedule-i-department-of-public-works-and-government-services:PWGSC PPU 125,institution,ati-schedule-i-department-of-public-works-and-government-services,Department of Public Works and Government Services,PWGSC PPU 125,Seized property management information system—Personal information bank,possible_only,,q_business_supplier|q_complaint_appeal|q_justice_safety,false,false
institution:ati-schedule-i-department-of-public-works-and-government-services:PWGSC PCU 195,institution,ati-schedule-i-department-of-public-works-and-government-services,Department of Public Works and Government Services,PWGSC PCU 195,Certification Program for the Federal Government procurement and material management—Personal information bank,direct,q_business_supplier,q_business_supplier|q_civic_contact|q_health_disability|q_money_programs,false,false
institution:ati-schedule-i-department-of-public-works-and-government-services:PWGSC PCU 709,institution,ati-schedule-i-department-of-public-works-and-government-services,Department of Public Works and Government Services,PWGSC PCU 709,: Individuals are required to provide query-specific data elements/details in order for their information to be retrievable. In some cases this may include the SIN while other instances would require claim details.,possible_only,,q_business_supplier|q_government_work|q_immigration|q_money_programs,false,false
institution:ati-schedule-i-department-of-public-works-and-government-services:PWGSC PCE 706,institution,ati-schedule-i-department-of-public-works-and-government-services,Department of Public Works and Government Services,PWGSC PCE 706,Document imaging solutions—Personal information bank,possible_only,,q_business_supplier|q_emergency|q_government_work|q_immigration|q_travel_border,false,false
institution:ati-schedule-i-department-of-public-works-and-government-services:PWGSC PPU 182,institution,ati-schedule-i-department-of-public-works-and-government-services,Department of Public Works and Government Services,PWGSC PPU 182,: Formerly named conflict management contracts,direct,q_business_supplier,q_business_supplier|q_complaint_appeal,false,false
institution:ati-schedule-i-department-of-public-works-and-government-services:PWGSC PPU 045,institution,ati-schedule-i-department-of-public-works-and-government-services,Department of Public Works and Government Services,PWGSC PPU 045,Controlled Goods Program—Personal information bank,possible_only,,q_business_supplier|q_education_training|q_immigration|q_justice_safety|q_military_veterans|q_travel_border,false,false
institution:ati-schedule-i-department-of-public-works-and-government-services:PWGSC PPU 183,institution,ati-schedule-i-department-of-public-works-and-government-services,Department of Public Works and Government Services,PWGSC PPU 183,Fairness monitoring—Personal information bank,direct,q_business_supplier,q_business_supplier,false,false
institution:ati-schedule-i-department-of-public-works-and-government-services:PWGSC PPU 210,institution,ati-schedule-i-department-of-public-works-and-government-services,Department of Public Works and Government Services,PWGSC PPU 210,": In addition to the requirements specified on the Treasury Board of Canada Secretariat personal information request form, individuals requesting information described by this bank must provide the incident and location and legal authority for those acting on behalf of an account holder or estate. Personal information is collected and maintained by clients and partners. Access to the personal information is provided to PWGSC employees so that they do their work.",direct,q_access_privacy|q_justice_safety,q_access_privacy|q_government_work|q_immigration|q_indigenous_services|q_justice_safety,false,false
institution:ati-schedule-i-department-of-public-works-and-government-services:PWGSC PPU 015,institution,ati-schedule-i-department-of-public-works-and-government-services,Department of Public Works and Government Services,PWGSC PPU 015,": The collection of information on security screening forms may be conducted through a source other than PWGSC. This includes other government departments and private sector individuals designated as company security officers and key senior officials , authorized security officials in the Contract Security Program. The collection of personal information by authorized security officials in the government and private industry is only done with the consent of the individual.",direct,q_business_supplier|q_justice_safety,q_access_privacy|q_business_supplier|q_culture_volunteer|q_education_training|q_family_vital|q_government_work|q_immigration|q_justice_safety|q_military_veterans|q_travel_border,false,false
institution:ati-schedule-i-department-of-public-works-and-government-services:PWGSC PPU 184,institution,ati-schedule-i-department-of-public-works-and-government-services,Department of Public Works and Government Services,PWGSC PPU 184,Integrity Assessment Program—Personal information bank,direct,q_justice_safety,q_business_supplier|q_government_work|q_housing_property|q_justice_safety,false,false
institution:ati-schedule-i-department-of-public-works-and-government-services:PWGSC PPU 001,institution,ati-schedule-i-department-of-public-works-and-government-services,Department of Public Works and Government Services,PWGSC PPU 001,": In addition to the requirements specified on the Personal Information Request Form, individuals requesting information described by this bank must provide the subject and date of correspondence and Solicitation or Contract Number.",direct,q_access_privacy|q_business_supplier|q_civic_contact,q_access_privacy|q_business_supplier|q_civic_contact|q_complaint_appeal|q_money_programs,false,false
institution:ati-schedule-i-department-of-transport:TC PPU 020,institution,ati-schedule-i-department-of-transport,Department of Transport,TC PPU 020,Medical Assessments,direct,q_health_disability,q_business_supplier|q_complaint_appeal|q_education_training|q_government_work|q_health_disability|q_immigration,true,false
institution:ati-schedule-i-department-of-transport:TC PPU 031,institution,ati-schedule-i-department-of-transport,Department of Transport,TC PPU 031,Civil Aviation Medical Examiners (CAME),direct,q_business_supplier|q_health_disability,q_business_supplier|q_civic_contact|q_health_disability|q_military_veterans,true,false
institution:ati-schedule-i-department-of-transport:TC PPU 011,institution,ati-schedule-i-department-of-transport,Department of Transport,TC PPU 011,Aircraft Maintenance Engineer Licensing,direct,q_business_supplier,q_business_supplier|q_education_training|q_government_work|q_immigration|q_military_veterans,true,false
institution:ati-schedule-i-department-of-transport:TC PPU 010,institution,ati-schedule-i-department-of-transport,Department of Transport,TC PPU 010,Aircraft Registration and Leasing,direct,q_business_supplier,q_business_supplier|q_civic_contact|q_immigration|q_justice_safety,false,false
institution:ati-schedule-i-department-of-transport:TC PPU 015,institution,ati-schedule-i-department-of-transport,Department of Transport,TC PPU 015,Aviation Enforcement,direct,q_business_supplier,q_business_supplier|q_justice_safety,false,false
institution:ati-schedule-i-department-of-transport:TC PPU 014,institution,ati-schedule-i-department-of-transport,Department of Transport,TC PPU 014,Aviation Occurrence Information Sources,direct,q_business_supplier,q_business_supplier|q_justice_safety|q_military_veterans,false,false
institution:ati-schedule-i-department-of-transport:TC PPU 005,institution,ati-schedule-i-department-of-transport,Department of Transport,TC PPU 005,Civil Aviation Personnel Licensing,direct,q_business_supplier|q_government_work,q_business_supplier|q_civic_contact|q_government_work|q_health_disability|q_immigration|q_justice_safety|q_money_programs,true,false
institution:ati-schedule-i-department-of-transport:TC PPU 001,institution,ati-schedule-i-department-of-transport,Department of Transport,TC PPU 001,Passenger Protect Program (PPP) – Specified Persons List,possible_only,,q_business_supplier|q_civic_contact|q_emergency|q_immigration|q_justice_safety|q_travel_border,false,false
institution:ati-schedule-i-department-of-transport:TC PPU 064,institution,ati-schedule-i-department-of-transport,Department of Transport,TC PPU 064,The Pre-load Air Cargo Targeting (PACT) Program,possible_only,,q_business_supplier|q_travel_border,false,false
institution:ati-schedule-i-department-of-transport:TC PPU 093,institution,ati-schedule-i-department-of-transport,Department of Transport,TC PPU 093,Transportation Security Clearance Program,direct,q_travel_border,q_business_supplier|q_civic_contact|q_education_training|q_family_vital|q_housing_property|q_immigration|q_justice_safety|q_money_programs|q_travel_border,true,false
institution:ati-schedule-i-department-of-transport:TC PPU 056,institution,ati-schedule-i-department-of-transport,Department of Transport,TC PPU 056,National Interest Exemption Program,possible_only,,q_business_supplier|q_civic_contact|q_culture_volunteer|q_government_work|q_health_disability|q_immigration|q_indigenous_services|q_justice_safety|q_military_veterans|q_travel_border,false,false
institution:ati-schedule-i-department-of-transport:TC PPU 052,institution,ati-schedule-i-department-of-transport,Department of Transport,TC PPU 052,Incentives for Zero-Emission Vehicles Program,direct,q_business_supplier,q_business_supplier|q_money_programs,false,false
institution:ati-schedule-i-department-of-transport:TC PPU 040,institution,ati-schedule-i-department-of-transport,Department of Transport,TC PPU 040,"Canadian Seafarers’ Identity Documents, Discharge Books and Records of Sea Service",direct,q_immigration|q_travel_border,q_business_supplier|q_emergency|q_government_work|q_immigration|q_justice_safety|q_travel_border,true,false
institution:ati-schedule-i-department-of-transport:TC PPU 023,institution,ati-schedule-i-department-of-transport,Department of Transport,TC PPU 023,National Pleasure Craft Operator Competency Program,direct,,q_business_supplier|q_justice_safety,true,false
institution:ati-schedule-i-department-of-transport:TC PPU 030,institution,ati-schedule-i-department-of-transport,Department of Transport,TC PPU 030,Seafarers’ Certificates and Documents,direct,,q_business_supplier|q_civic_contact|q_government_work|q_health_disability|q_immigration|q_justice_safety,true,false
institution:ati-schedule-i-department-of-transport:TC PPU 054,institution,ati-schedule-i-department-of-transport,Department of Transport,TC PPU 054,Marine Medical Examiners,direct,q_health_disability,q_business_supplier|q_education_training|q_government_work|q_health_disability,false,false
institution:ati-schedule-i-department-of-transport:TC PPU 041,institution,ati-schedule-i-department-of-transport,Department of Transport,TC PPU 041,Vessel Registration Query System,direct,q_business_supplier,q_access_privacy|q_business_supplier|q_housing_property|q_immigration|q_justice_safety|q_research_survey,true,false
institution:ati-schedule-i-department-of-transport:TC PPU 021,institution,ati-schedule-i-department-of-transport,Department of Transport,TC PPU 021,Marine Safety Enforcement Program,direct,,q_business_supplier|q_justice_safety,true,false
institution:ati-schedule-i-department-of-transport:TC PPU 048,institution,ati-schedule-i-department-of-transport,Department of Transport,TC PPU 048,Marine Occurrences and Hazardous Occurrences,direct,,q_business_supplier|q_culture_volunteer|q_health_disability,true,false
institution:ati-schedule-i-department-of-transport:TC PPU 044,institution,ati-schedule-i-department-of-transport,Department of Transport,TC PPU 044,Pleasure Craft Licenses,direct,q_business_supplier,q_access_privacy|q_business_supplier|q_justice_safety,true,false
institution:ati-schedule-i-department-of-transport:TC PPU 086,institution,ati-schedule-i-department-of-transport,Department of Transport,TC PPU 086,Navigable Waters Protection Program,possible_only,,q_business_supplier|q_civic_contact|q_justice_safety,false,false
institution:ati-schedule-i-department-of-transport:TC PPU 700,institution,ati-schedule-i-department-of-transport,Department of Transport,TC PPU 700,Vessel Advance Notification Information under the Coasting Trade Act (the Act),direct,q_business_supplier,q_business_supplier|q_complaint_appeal,false,false
institution:ati-schedule-i-department-of-transport:TC PPU 028,institution,ati-schedule-i-department-of-transport,Department of Transport,TC PPU 028,Office of Reconsideration (OoR) – Marine Transportation Security Clearance Program (MTSCP),direct,q_business_supplier,q_business_supplier|q_civic_contact|q_immigration|q_justice_safety,false,false
institution:ati-schedule-i-department-of-transport:TC PPU 006,institution,ati-schedule-i-department-of-transport,Department of Transport,TC PPU 006,Importation of Vehicles,direct,q_business_supplier,q_business_supplier,false,false
institution:ati-schedule-i-department-of-transport:TC PPU 003,institution,ati-schedule-i-department-of-transport,Department of Transport,TC PPU 003,Motor Vehicle and Motor Vehicle Equipment Safety - Related Defect Complaints,direct,q_business_supplier|q_complaint_appeal,q_business_supplier|q_complaint_appeal|q_family_vital|q_health_disability|q_justice_safety,false,false
institution:ati-schedule-i-department-of-transport:TC PPU 085,institution,ati-schedule-i-department-of-transport,Department of Transport,TC PPU 085,Airside Vehicle Operators’ Permits (AVOPs),direct,q_business_supplier,q_business_supplier,true,false
institution:ati-schedule-i-department-of-transport:TC PPU 007,institution,ati-schedule-i-department-of-transport,Department of Transport,TC PPU 007,Drone Management Portal,possible_only,,q_business_supplier|q_immigration|q_justice_safety,false,false
institution:ati-schedule-i-department-of-veterans-affairs:VAC PPU 710,institution,ati-schedule-i-department-of-veterans-affairs,Department of Veterans Affairs,VAC PPU 710,You are here,direct,q_military_veterans|q_money_programs,q_business_supplier|q_culture_volunteer|q_education_training|q_government_work|q_health_disability|q_indigenous_services|q_military_veterans|q_money_programs,true,false
institution:ati-schedule-i-department-of-veterans-affairs:VAC PPU 715,institution,ati-schedule-i-department-of-veterans-affairs,Department of Veterans Affairs,VAC PPU 715,You are here,direct,q_military_veterans,q_business_supplier|q_culture_volunteer|q_education_training|q_family_vital|q_government_work|q_health_disability|q_military_veterans|q_money_programs|q_tax_customs,true,false
institution:ati-schedule-i-department-of-veterans-affairs:VAC PPU 040,institution,ati-schedule-i-department-of-veterans-affairs,Department of Veterans Affairs,VAC PPU 040,You are here,direct,q_military_veterans,q_business_supplier|q_complaint_appeal|q_culture_volunteer|q_family_vital|q_government_work|q_health_disability|q_immigration|q_indigenous_services|q_military_veterans|q_money_programs,true,false
institution:ati-schedule-i-department-of-veterans-affairs:VAC PPU 200,institution,ati-schedule-i-department-of-veterans-affairs,Department of Veterans Affairs,VAC PPU 200,You are here,direct,,q_business_supplier|q_civic_contact|q_family_vital|q_government_work|q_health_disability|q_housing_property|q_military_veterans|q_money_programs|q_tax_customs,true,false
institution:ati-schedule-i-department-of-veterans-affairs:ACC PPU 350,institution,ati-schedule-i-department-of-veterans-affairs,Department of Veterans Affairs,ACC PPU 350,,direct,,q_business_supplier|q_culture_volunteer|q_family_vital|q_government_work|q_housing_property|q_military_veterans|q_money_programs|q_tax_customs,true,false
institution:ati-schedule-i-department-of-western-economic-diversification:PRAIRIESCAN PPU 055,institution,ati-schedule-i-department-of-western-economic-diversification,Department of Western Economic Diversification,PRAIRIESCAN PPU 055,Grants and contributions (Gs&Cs) programs,direct,q_money_programs,q_money_programs,false,false
institution:ati-schedule-i-atlantic-canada-opportunities-agency:ECBC PPU 005,institution,ati-schedule-i-atlantic-canada-opportunities-agency,Atlantic Canada Opportunities Agency,ECBC PPU 005,Personal Information Bank for Community Centre Initiative,possible_only,,q_business_supplier|q_civic_contact|q_government_work|q_immigration|q_indigenous_services|q_money_programs,false,false
institution:ati-schedule-i-atlantic-canada-opportunities-agency:ACOA PPU 111,institution,ati-schedule-i-atlantic-canada-opportunities-agency,Atlantic Canada Opportunities Agency,ACOA PPU 111,Personal Information Bank for Peer Reviewers,possible_only,,q_business_supplier|q_education_training|q_tax_customs,false,false
institution:ati-schedule-i-atlantic-canada-opportunities-agency:ECBC PPU 001,institution,ati-schedule-i-atlantic-canada-opportunities-agency,Atlantic Canada Opportunities Agency,ECBC PPU 001,Personal Information Bank for Regional Service Delivery Grants and Contributions,direct,q_business_supplier|q_money_programs,q_business_supplier|q_civic_contact|q_government_work|q_immigration|q_money_programs|q_tax_customs,false,false
institution:ati-schedule-i-atlantic-canada-opportunities-agency:ECBC PPU 002,institution,ati-schedule-i-atlantic-canada-opportunities-agency,Atlantic Canada Opportunities Agency,ECBC PPU 002,Personal Information Bank for Support to Business,possible_only,,q_business_supplier|q_civic_contact|q_government_work|q_housing_property|q_immigration|q_money_programs,false,false
institution:ati-schedule-i-atlantic-canada-opportunities-agency:ECBC PPU 003,institution,ati-schedule-i-atlantic-canada-opportunities-agency,Atlantic Canada Opportunities Agency,ECBC PPU 003,Personal Information Bank for Support to Festivals and Events,possible_only,,q_business_supplier|q_civic_contact|q_government_work|q_money_programs,false,false
institution:ati-schedule-i-atlantic-canada-opportunities-agency:ECBC PPU 004,institution,ati-schedule-i-atlantic-canada-opportunities-agency,Atlantic Canada Opportunities Agency,ECBC PPU 004,Personal Information Bank for Support to Communities,possible_only,,q_business_supplier|q_civic_contact|q_government_work|q_housing_property|q_immigration|q_indigenous_services|q_money_programs,false,false
institution:ati-schedule-i-canada-border-services-agency:CBSA PPU 016,institution,ati-schedule-i-canada-border-services-agency,Canada Border Services Agency,CBSA PPU 016,Biometrics Program – Personal Information Bank,direct,q_travel_border,q_business_supplier|q_immigration|q_travel_border,false,false
institution:ati-schedule-i-canada-border-services-agency:CBSA PPU 035,institution,ati-schedule-i-canada-border-services-agency,Canada Border Services Agency,CBSA PPU 035,Intelligence Program – Personal Information Bank,possible_only,,q_access_privacy|q_business_supplier|q_complaint_appeal|q_health_disability|q_immigration|q_justice_safety|q_tax_customs|q_travel_border,false,false
institution:ati-schedule-i-canada-border-services-agency:CBSA PPU 200,institution,ati-schedule-i-canada-border-services-agency,Canada Border Services Agency,CBSA PPU 200,Partners in Protection Program (PIP) – Personal Information Bank,possible_only,,q_business_supplier|q_civic_contact|q_justice_safety|q_money_programs,false,false
institution:ati-schedule-i-canada-border-services-agency:CBSA PPU 062,institution,ati-schedule-i-canada-border-services-agency,Canada Border Services Agency,CBSA PPU 062,"Food, Plant and Animal (FPA) Program – Personal Information Bank",possible_only,,q_access_privacy|q_business_supplier|q_justice_safety,false,false
institution:ati-schedule-i-canada-border-services-agency:CBSA PPU 015,institution,ati-schedule-i-canada-border-services-agency,Canada Border Services Agency,CBSA PPU 015,Casual Refund Program**– Personal Information Bank,possible_only,,q_access_privacy|q_immigration|q_justice_safety|q_money_programs,false,false
institution:ati-schedule-i-canada-border-services-agency:CBSA PPU 117,institution,ati-schedule-i-canada-border-services-agency,Canada Border Services Agency,CBSA PPU 117,Primary Automated Lookout System - Airport – Personal Information Bank,possible_only,,q_business_supplier|q_immigration|q_justice_safety|q_tax_customs|q_travel_border,false,false
institution:ati-schedule-i-canada-border-services-agency:CBSA PPU 018,institution,ati-schedule-i-canada-border-services-agency,Canada Border Services Agency,CBSA PPU 018,Traveller Declaration Cards – Personal Information Bank,direct,q_immigration|q_travel_border,q_business_supplier|q_government_work|q_health_disability|q_immigration|q_justice_safety|q_military_veterans|q_tax_customs|q_travel_border,true,false
institution:ati-schedule-i-canada-border-services-agency:CBSA PPU 033,institution,ati-schedule-i-canada-border-services-agency,Canada Border Services Agency,CBSA PPU 033,Secure Tracking System – Personal Information Bank,direct,q_immigration,q_business_supplier|q_complaint_appeal|q_health_disability|q_immigration|q_justice_safety,false,false
institution:ati-schedule-i-canada-border-services-agency:CBSA PPU 030,institution,ati-schedule-i-canada-border-services-agency,Canada Border Services Agency,CBSA PPU 030,Organized Crime Data Bank (OCSS) – Personal Information Bank,possible_only,,q_complaint_appeal|q_health_disability|q_immigration|q_justice_safety,false,false
institution:ati-schedule-i-canada-border-services-agency:CBSA PPU 020,institution,ati-schedule-i-canada-border-services-agency,Canada Border Services Agency,CBSA PPU 020,Fugitive Information Bank – Personal Information Bank,possible_only,,q_immigration|q_justice_safety,false,false
institution:ati-schedule-i-canada-border-services-agency:CBSA PPU 040,institution,ati-schedule-i-canada-border-services-agency,Canada Border Services Agency,CBSA PPU 040,International Events – Personal Information Bank,possible_only,,q_access_privacy|q_business_supplier|q_culture_volunteer|q_government_work|q_health_disability|q_immigration|q_justice_safety|q_military_veterans|q_travel_border,false,false
institution:ati-schedule-i-canada-border-services-agency:CBSA PPU 034,institution,ati-schedule-i-canada-border-services-agency,Canada Border Services Agency,CBSA PPU 034,Seized Documents (Web Passport) – Personal Information Bank,direct,q_travel_border,q_immigration|q_travel_border,false,false
institution:ati-schedule-i-canada-border-services-agency:CBSA PPU 036,institution,ati-schedule-i-canada-border-services-agency,Canada Border Services Agency,CBSA PPU 036,Travel and Identity Document System (TIDS) – Personal Information Bank,direct,q_travel_border,q_immigration|q_justice_safety|q_travel_border,false,false
institution:ati-schedule-i-canada-border-services-agency:CBSA PPU 002,institution,ati-schedule-i-canada-border-services-agency,Canada Border Services Agency,CBSA PPU 002,CANPASS – Personal Information Bank,possible_only,,q_civic_contact|q_immigration,false,false
institution:ati-schedule-i-canada-border-services-agency:CBSA PPU 013,institution,ati-schedule-i-canada-border-services-agency,Canada Border Services Agency,CBSA PPU 013,Remote Area Border Crossing (RABC) Permit Program – Personal Information Bank,direct,q_business_supplier|q_travel_border,q_business_supplier|q_immigration|q_justice_safety|q_travel_border,true,false
institution:ati-schedule-i-canada-border-services-agency:CBSA PPU 031,institution,ati-schedule-i-canada-border-services-agency,Canada Border Services Agency,CBSA PPU 031,NEXUS – Personal Information Bank,direct,q_travel_border,q_business_supplier|q_complaint_appeal|q_immigration|q_justice_safety|q_money_programs|q_travel_border,true,false
institution:ati-schedule-i-canada-border-services-agency:CBSA PPU 061,institution,ati-schedule-i-canada-border-services-agency,Canada Border Services Agency,CBSA PPU 061,Enhanced Driver's Licence (EDL) / Enhanced Identification Card (EIC) Program – Personal Information Bank,direct,q_business_supplier,q_business_supplier|q_immigration|q_travel_border,false,false
institution:ati-schedule-i-canada-border-services-agency:CBSA PPU 011,institution,ati-schedule-i-canada-border-services-agency,Canada Border Services Agency,CBSA PPU 011,Transit without Visa (TWOV) and China Transit (CT) Programs – Personal Information Bank,direct,q_immigration|q_travel_border,q_access_privacy|q_business_supplier|q_immigration|q_travel_border,false,false
institution:ati-schedule-i-canada-border-services-agency:CBSA PPU 045,institution,ati-schedule-i-canada-border-services-agency,Canada Border Services Agency,CBSA PPU 045,Carrier and Cargo Program – Personal Information Bank,possible_only,,q_access_privacy|q_business_supplier|q_civic_contact|q_family_vital|q_money_programs|q_travel_border,false,false
institution:ati-schedule-i-canada-border-services-agency:CBSA PPU 006,institution,ati-schedule-i-canada-border-services-agency,Canada Border Services Agency,CBSA PPU 006,Customs Brokers - Professional and Qualified Status – Personal Information Bank,possible_only,,q_business_supplier|q_civic_contact,false,false
institution:ati-schedule-i-canada-border-services-agency:CBSA PPU 032,institution,ati-schedule-i-canada-border-services-agency,Canada Border Services Agency,CBSA PPU 032,Enforcement Data System – Personal Information Bank,direct,q_immigration|q_travel_border,q_access_privacy|q_complaint_appeal|q_immigration|q_justice_safety|q_travel_border,false,false
institution:ati-schedule-i-canada-border-services-agency:CBSA PPU 025,institution,ati-schedule-i-canada-border-services-agency,Canada Border Services Agency,CBSA PPU 025,Enforcement Information Index System (EIIS) – Personal Information Bank,direct,q_immigration,q_business_supplier|q_immigration|q_justice_safety,false,false
institution:ati-schedule-i-canada-border-services-agency:CBSA PPU 008,institution,ati-schedule-i-canada-border-services-agency,Canada Border Services Agency,CBSA PPU 008,Advance Passenger Information and Passenger Name Record Programs (API/PNR) – Personal Information Bank,direct,,q_immigration|q_justice_safety|q_travel_border,true,false
institution:ati-schedule-i-canada-border-services-agency:CBSA PPU 023,institution,ati-schedule-i-canada-border-services-agency,Canada Border Services Agency,CBSA PPU 023,Mail Seizure Database – Personal Information Bank,direct,q_justice_safety,q_government_work|q_immigration|q_justice_safety,false,false
institution:ati-schedule-i-canada-border-services-agency:CBSA PPU 014,institution,ati-schedule-i-canada-border-services-agency,Canada Border Services Agency,CBSA PPU 014,Clients Interviewed by an Officer (DOW) – Personal Information Bank,direct,q_travel_border,q_immigration|q_travel_border,true,false
institution:ati-schedule-i-canada-border-services-agency:CBSA PPU 022,institution,ati-schedule-i-canada-border-services-agency,Canada Border Services Agency,CBSA PPU 022,Immigration Mail and Courier Tracking System (IMPACT) – Personal Information Bank,direct,q_immigration|q_justice_safety,q_immigration|q_justice_safety,false,false
institution:ati-schedule-i-canada-border-services-agency:CBSA PPU 050,institution,ati-schedule-i-canada-border-services-agency,Canada Border Services Agency,CBSA PPU 050,Temporary Foreign Worker Program – Personal Information Bank,possible_only,,q_access_privacy|q_business_supplier|q_family_vital|q_health_disability|q_immigration|q_justice_safety|q_travel_border,false,false
institution:ati-schedule-i-canada-border-services-agency:CBSA PPU 021,institution,ati-schedule-i-canada-border-services-agency,Canada Border Services Agency,CBSA PPU 021,Immigration Detainees Management System (IDMS) – Personal Information Bank,direct,q_complaint_appeal|q_immigration|q_justice_safety,q_complaint_appeal|q_family_vital|q_immigration|q_justice_safety,false,false
institution:ati-schedule-i-canada-border-services-agency:CBSA PPU 060,institution,ati-schedule-i-canada-border-services-agency,Canada Border Services Agency,CBSA PPU 060,Security Certificate Program – Personal Information Bank,direct,q_immigration,q_business_supplier|q_civic_contact|q_complaint_appeal|q_health_disability|q_immigration|q_justice_safety,false,false
institution:ati-schedule-i-canada-border-services-agency:CBSA PPU 005,institution,ati-schedule-i-canada-border-services-agency,Canada Border Services Agency,CBSA PPU 005,Recourse Directorate Records – Personal Information Bank,direct,,q_business_supplier|q_complaint_appeal|q_travel_border,true,false
institution:ati-schedule-i-canada-border-services-agency:CBSA PPU 003,institution,ati-schedule-i-canada-border-services-agency,Canada Border Services Agency,CBSA PPU 003,Complaints – Personal Information Bank,direct,q_complaint_appeal,q_complaint_appeal|q_government_work|q_justice_safety,true,false
institution:ati-schedule-i-canada-border-services-agency:CBSA PPU 007,institution,ati-schedule-i-canada-border-services-agency,Canada Border Services Agency,CBSA PPU 007,Duty Free Shop Applicants (Land Border) – Personal Information Bank,possible_only,,q_immigration,false,false
institution:ati-schedule-i-canada-border-services-agency:CBSA PPU 010,institution,ati-schedule-i-canada-border-services-agency,Canada Border Services Agency,CBSA PPU 010,Travellers Entry Processing System (TEPS) / Travellers National Database System (TRANDS) – Personal Information Bank,direct,,q_travel_border,true,false
institution:ati-schedule-i-canada-border-services-agency:CBSA PPU 037,institution,ati-schedule-i-canada-border-services-agency,Canada Border Services Agency,CBSA PPU 037,Unpaid Accounts – Personal Information Bank,possible_only,,q_tax_customs,false,false
institution:ati-schedule-i-canada-border-services-agency:CBSA PPU 001,institution,ati-schedule-i-canada-border-services-agency,Canada Border Services Agency,CBSA PPU 001,Administrative Monetary Penalty System Program – Personal Information Bank,possible_only,,q_business_supplier|q_justice_safety,false,false
institution:ati-schedule-i-canada-border-services-agency:CBSA PPU 818,institution,ati-schedule-i-canada-border-services-agency,Canada Border Services Agency,CBSA PPU 818,Public Key Infrastructure (PKI) Internal Identification – Personal Information Bank,possible_only,,q_business_supplier,false,false
institution:ati-schedule-i-canada-border-services-agency:CBSA PPU 012,institution,ati-schedule-i-canada-border-services-agency,Canada Border Services Agency,CBSA PPU 012,Use of Force and Incident Reporting – Personal Information Bank,possible_only,,q_access_privacy|q_business_supplier|q_civic_contact|q_family_vital|q_immigration|q_justice_safety|q_travel_border,false,false
institution:ati-schedule-i-canada-employment-insurance-commission:ESDC PPU 291,institution,ati-schedule-i-canada-employment-insurance-commission,Canada Employment Insurance Commission,ESDC PPU 291,Canadian Benefit for Parents of Young Victims of Crime (PIB),direct,q_money_programs,q_family_vital|q_government_work|q_justice_safety|q_money_programs|q_tax_customs,false,false
institution:ati-schedule-i-canada-employment-insurance-commission:ESDC PPU 650,institution,ati-schedule-i-canada-employment-insurance-commission,Canada Employment Insurance Commission,ESDC PPU 650,Canada's Volunteer Awards (PIB),direct,q_culture_volunteer|q_money_programs,q_business_supplier|q_civic_contact|q_culture_volunteer|q_family_vital|q_immigration|q_justice_safety|q_money_programs|q_travel_border,false,false
institution:ati-schedule-i-canada-employment-insurance-commission:ESDC PPU 038,institution,ati-schedule-i-canada-employment-insurance-commission,Canada Employment Insurance Commission,ESDC PPU 038,Canada Disability Savings Program (PIB),direct,q_health_disability|q_money_programs,q_business_supplier|q_family_vital|q_health_disability|q_money_programs|q_tax_customs,false,false
institution:ati-schedule-i-canada-employment-insurance-commission:ESDC PPU 146,institution,ati-schedule-i-canada-employment-insurance-commission,Canada Employment Insurance Commission,ESDC PPU 146,Canada Pension Plan Program (PIB),direct,q_government_work|q_money_programs,q_access_privacy|q_business_supplier|q_complaint_appeal|q_culture_volunteer|q_emergency|q_family_vital|q_government_work|q_health_disability|q_justice_safety|q_military_veterans|q_money_programs|q_tax_customs,true,false
institution:ati-schedule-i-canada-employment-insurance-commission:ESDC PPU 140,institution,ati-schedule-i-canada-employment-insurance-commission,Canada Employment Insurance Commission,ESDC PPU 140,Canada Pension Plan - Record of Earnings (PIB),direct,q_government_work|q_money_programs,q_access_privacy|q_business_supplier|q_complaint_appeal|q_government_work|q_health_disability|q_justice_safety|q_military_veterans|q_money_programs|q_tax_customs,true,false
institution:ati-schedule-i-canada-employment-insurance-commission:ESDC PPU 649,institution,ati-schedule-i-canada-employment-insurance-commission,Canada Employment Insurance Commission,ESDC PPU 649,Canada Pension Plan Program Investigations and Reviews (PIB),direct,q_government_work|q_justice_safety|q_money_programs,q_business_supplier|q_family_vital|q_government_work|q_health_disability|q_immigration|q_indigenous_services|q_justice_safety|q_money_programs|q_travel_border,false,false
institution:ati-schedule-i-canada-employment-insurance-commission:ESDC PPU 116,institution,ati-schedule-i-canada-employment-insurance-commission,Canada Employment Insurance Commission,ESDC PPU 116,Old Age Security (PIB),direct,q_money_programs,q_access_privacy|q_business_supplier|q_complaint_appeal|q_emergency|q_family_vital|q_government_work|q_health_disability|q_immigration|q_justice_safety|q_military_veterans|q_money_programs|q_tax_customs,false,false
institution:ati-schedule-i-canada-employment-insurance-commission:ESDC PPU 336,institution,ati-schedule-i-canada-employment-insurance-commission,Canada Employment Insurance Commission,ESDC PPU 336,Old Age Security Program Investigations and Reviews (PIB),direct,q_justice_safety|q_money_programs,q_business_supplier|q_family_vital|q_government_work|q_health_disability|q_immigration|q_justice_safety|q_money_programs|q_travel_border,false,false
institution:ati-schedule-i-canada-employment-insurance-commission:ESDC PPU 102,institution,ati-schedule-i-canada-employment-insurance-commission,Canada Employment Insurance Commission,ESDC PPU 102,Universal Child Care Benefit (PIB),direct,q_money_programs,q_education_training|q_family_vital|q_government_work|q_health_disability|q_money_programs|q_tax_customs,false,false
institution:ati-schedule-i-canada-employment-insurance-commission:ESDC PPU 395,institution,ati-schedule-i-canada-employment-insurance-commission,Canada Employment Insurance Commission,ESDC PPU 395,Government Annuities (PIB),possible_only,,q_business_supplier|q_civic_contact|q_family_vital|q_government_work|q_money_programs|q_tax_customs,false,false
institution:ati-schedule-i-canada-employment-insurance-commission:ESDC PPU 171,institution,ati-schedule-i-canada-employment-insurance-commission,Canada Employment Insurance Commission,ESDC PPU 171,Employment Insurance Program Investigation (PIB),direct,q_justice_safety|q_money_programs|q_travel_border,q_business_supplier|q_government_work|q_health_disability|q_immigration|q_justice_safety|q_money_programs|q_travel_border,false,false
institution:ati-schedule-i-canada-employment-insurance-commission:ESDC PPU 118,institution,ati-schedule-i-canada-employment-insurance-commission,Canada Employment Insurance Commission,ESDC PPU 118,Social Insurance Number Investigations and Reviews (PIB),direct,q_justice_safety|q_money_programs|q_travel_border,q_business_supplier|q_family_vital|q_government_work|q_health_disability|q_immigration|q_justice_safety|q_money_programs|q_travel_border,false,false
institution:ati-schedule-i-canada-employment-insurance-commission:ESDC PPU 506,institution,ati-schedule-i-canada-employment-insurance-commission,Canada Employment Insurance Commission,ESDC PPU 506,Canada Education Savings Program (PIB),direct,q_education_training,q_access_privacy|q_business_supplier|q_education_training|q_family_vital|q_money_programs|q_tax_customs,false,false
institution:ati-schedule-i-canada-employment-insurance-commission:ESDC PPU 151,institution,ati-schedule-i-canada-employment-insurance-commission,Canada Employment Insurance Commission,ESDC PPU 151,Employment Insurance Claim Files (PIB),direct,q_government_work|q_money_programs,q_access_privacy|q_business_supplier|q_complaint_appeal|q_culture_volunteer|q_education_training|q_emergency|q_family_vital|q_government_work|q_health_disability|q_immigration|q_indigenous_services|q_justice_safety|q_money_programs|q_research_survey|q_tax_customs,true,false
institution:ati-schedule-i-canada-employment-insurance-commission:ESDC PPU 030,institution,ati-schedule-i-canada-employment-insurance-commission,Canada Employment Insurance Commission,ESDC PPU 030,Canada Student Financial Assistance Program (PIB),direct,q_education_training|q_money_programs,q_business_supplier|q_education_training|q_family_vital|q_government_work|q_health_disability|q_immigration|q_indigenous_services|q_justice_safety|q_military_veterans|q_money_programs,true,false
institution:ati-schedule-i-canada-employment-insurance-commission:ESDC PPU 709,institution,ati-schedule-i-canada-employment-insurance-commission,Canada Employment Insurance Commission,ESDC PPU 709,Canada Apprentice Loans (PIB),direct,q_education_training|q_money_programs,q_business_supplier|q_education_training|q_family_vital|q_health_disability|q_immigration|q_indigenous_services|q_justice_safety|q_military_veterans|q_money_programs,true,false
institution:ati-schedule-i-canada-employment-insurance-commission:ESDC PPU 297,institution,ati-schedule-i-canada-employment-insurance-commission,Canada Employment Insurance Commission,ESDC PPU 297,Apprenticeship Incentive Grant (PIB),direct,q_education_training|q_money_programs,q_education_training|q_immigration|q_money_programs|q_tax_customs,false,false
institution:ati-schedule-i-canada-employment-insurance-commission:ESDC PPU 299,institution,ati-schedule-i-canada-employment-insurance-commission,Canada Employment Insurance Commission,ESDC PPU 299,Apprenticeship Completion Grant (PIB),direct,q_education_training|q_money_programs,q_education_training|q_immigration|q_money_programs|q_tax_customs,false,false
institution:ati-schedule-i-canada-employment-insurance-commission:ESDC PPU 390,institution,ati-schedule-i-canada-employment-insurance-commission,Canada Employment Insurance Commission,ESDC PPU 390,Social Insurance Number Register (PIB),possible_only,,q_access_privacy|q_business_supplier|q_education_training|q_family_vital|q_government_work|q_health_disability|q_immigration|q_justice_safety|q_military_veterans|q_money_programs|q_tax_customs,false,false
institution:ati-schedule-i-canada-employment-insurance-commission:ESDC PPU 180,institution,ati-schedule-i-canada-employment-insurance-commission,Canada Employment Insurance Commission,ESDC PPU 180,Benefit and Overpayment File (PIB),direct,q_government_work|q_money_programs,q_business_supplier|q_culture_volunteer|q_education_training|q_government_work|q_money_programs|q_research_survey|q_tax_customs,true,false
institution:ati-schedule-i-canada-employment-insurance-commission:ESDC PPU 155,institution,ati-schedule-i-canada-employment-insurance-commission,Canada Employment Insurance Commission,ESDC PPU 155,Employment Insurance Bi-Weekly Claimant's Report (PIB),direct,q_money_programs,q_health_disability|q_justice_safety|q_money_programs,false,false
institution:ati-schedule-i-canada-employment-insurance-commission:ESDC PPU 385,institution,ati-schedule-i-canada-employment-insurance-commission,Canada Employment Insurance Commission,ESDC PPU 385,Record of Employment (PIB),direct,q_access_privacy,q_access_privacy|q_money_programs,false,false
institution:ati-schedule-i-canada-employment-insurance-commission:ESDC PPU 501,institution,ati-schedule-i-canada-employment-insurance-commission,Canada Employment Insurance Commission,ESDC PPU 501,Employment Insurance Databank (PIB),direct,q_government_work|q_money_programs,q_business_supplier|q_government_work|q_justice_safety|q_money_programs,true,false
institution:ati-schedule-i-canada-employment-insurance-commission:ESDC PPU 150,institution,ati-schedule-i-canada-employment-insurance-commission,Canada Employment Insurance Commission,ESDC PPU 150,Insurance Claim File (PIB),direct,q_government_work,q_access_privacy|q_complaint_appeal|q_culture_volunteer|q_education_training|q_emergency|q_family_vital|q_government_work|q_health_disability|q_justice_safety|q_money_programs|q_research_survey|q_tax_customs,false,false
institution:ati-schedule-i-canada-employment-insurance-commission:ESDC PPU 170,institution,ati-schedule-i-canada-employment-insurance-commission,Canada Employment Insurance Commission,ESDC PPU 170,Interstate Employment Insurance Claims (PIB),direct,q_money_programs,q_business_supplier|q_complaint_appeal|q_education_training|q_emergency|q_family_vital|q_government_work|q_health_disability|q_immigration|q_justice_safety|q_money_programs|q_research_survey|q_tax_customs,false,false
institution:ati-schedule-i-canada-employment-insurance-commission:ESDC PPU 281,institution,ati-schedule-i-canada-employment-insurance-commission,Canada Employment Insurance Commission,ESDC PPU 281,Listing of Employees by Nominal Roll (PIB),possible_only,,q_justice_safety|q_money_programs,false,false
institution:ati-schedule-i-canada-employment-insurance-commission:ESDC PPU 323,institution,ati-schedule-i-canada-employment-insurance-commission,Canada Employment Insurance Commission,ESDC PPU 323,Registration for the Employment Insurance Measure for Self-Employed People (PIB),direct,q_business_supplier|q_money_programs,q_access_privacy|q_business_supplier|q_civic_contact|q_complaint_appeal|q_family_vital|q_justice_safety|q_money_programs,false,false
institution:ati-schedule-i-canada-employment-insurance-commission:ESDC PPU 295,institution,ati-schedule-i-canada-employment-insurance-commission,Canada Employment Insurance Commission,ESDC PPU 295,Additional Labour Market Initiatives (PIB),possible_only,,q_business_supplier|q_government_work|q_money_programs,false,false
institution:ati-schedule-i-canada-employment-insurance-commission:ESDC PPU 302,institution,ati-schedule-i-canada-employment-insurance-commission,Canada Employment Insurance Commission,ESDC PPU 302,Employment Insurance Premium Reduction Program (PIB),direct,q_government_work|q_money_programs,q_business_supplier|q_government_work|q_money_programs,false,false
institution:ati-schedule-i-canada-employment-insurance-commission:ESDC PPU 717,institution,ati-schedule-i-canada-employment-insurance-commission,Canada Employment Insurance Commission,ESDC PPU 717,Indigenous Skills and Employment Training Program (PIB),direct,q_education_training|q_indigenous_services,q_education_training|q_family_vital|q_health_disability|q_indigenous_services|q_justice_safety|q_money_programs,false,false
institution:ati-schedule-i-canada-employment-insurance-commission:ESDC PPU 711,institution,ati-schedule-i-canada-employment-insurance-commission,Canada Employment Insurance Commission,ESDC PPU 711,Job Bank (PIB),possible_only,,q_government_work|q_health_disability|q_immigration|q_justice_safety|q_money_programs,false,false
institution:ati-schedule-i-canada-employment-insurance-commission:ESDC PPU 293,institution,ati-schedule-i-canada-employment-insurance-commission,Canada Employment Insurance Commission,ESDC PPU 293,"Employment Benefits, Support Measures and Other Programs (PIB)",possible_only,,q_education_training|q_immigration|q_indigenous_services|q_money_programs|q_tax_customs,false,false
institution:ati-schedule-i-canada-employment-insurance-commission:ESDC PPU 300,institution,ati-schedule-i-canada-employment-insurance-commission,Canada Employment Insurance Commission,ESDC PPU 300,Opportunities Fund for Persons with Disabilities (PIB),direct,q_health_disability,q_business_supplier|q_education_training|q_health_disability|q_indigenous_services|q_money_programs|q_tax_customs,false,false
institution:ati-schedule-i-canada-employment-insurance-commission:ESDC PPU 703,institution,ati-schedule-i-canada-employment-insurance-commission,Canada Employment Insurance Commission,ESDC PPU 703,Sectoral Workforce Solutions Program (PIB),possible_only,,q_business_supplier|q_civic_contact|q_money_programs,false,false
institution:ati-schedule-i-canada-employment-insurance-commission:ESDC PPU 710,institution,ati-schedule-i-canada-employment-insurance-commission,Canada Employment Insurance Commission,ESDC PPU 710,Skills and Partnership Fund (PIB),direct,q_indigenous_services,q_health_disability|q_indigenous_services|q_justice_safety|q_money_programs,false,false
institution:ati-schedule-i-canada-employment-insurance-commission:ESDC PPU 440,institution,ati-schedule-i-canada-employment-insurance-commission,Canada Employment Insurance Commission,ESDC PPU 440,Temporary Foreign Worker Program (PIB),direct,q_immigration,q_business_supplier|q_family_vital|q_government_work|q_health_disability|q_housing_property|q_immigration|q_money_programs|q_travel_border,false,false
institution:ati-schedule-i-canada-employment-insurance-commission:ESDC PPU 715,institution,ati-schedule-i-canada-employment-insurance-commission,Canada Employment Insurance Commission,ESDC PPU 715,Temporary Foreign Worker Program Employer Compliance Reviews and Inspections (PIB),direct,q_business_supplier|q_immigration,q_business_supplier|q_family_vital|q_government_work|q_health_disability|q_immigration|q_justice_safety|q_money_programs|q_travel_border,false,false
institution:ati-schedule-i-canada-employment-insurance-commission:ESDC PPU 303,institution,ati-schedule-i-canada-employment-insurance-commission,Canada Employment Insurance Commission,ESDC PPU 303,Workforce Development Agreements (PIB),possible_only,,q_immigration|q_money_programs,false,false
institution:ati-schedule-i-canada-employment-insurance-commission:ESDC PPU 706,institution,ati-schedule-i-canada-employment-insurance-commission,Canada Employment Insurance Commission,ESDC PPU 706,Youth Employment and Skills Strategy (PIB),possible_only,,q_business_supplier|q_culture_volunteer|q_education_training|q_government_work|q_health_disability|q_housing_property|q_immigration|q_indigenous_services|q_money_programs,false,false
institution:ati-schedule-i-canada-employment-insurance-commission:ESDC PPU 705,institution,ati-schedule-i-canada-employment-insurance-commission,Canada Employment Insurance Commission,ESDC PPU 705,Targeted Initiative for Older Workers (PIB),possible_only,,q_money_programs|q_research_survey,false,false
institution:ati-schedule-i-canada-employment-insurance-commission:ESDC PPU 730,institution,ati-schedule-i-canada-employment-insurance-commission,Canada Employment Insurance Commission,ESDC PPU 730,International Mobility Programs Inspections (PIB),direct,q_business_supplier|q_immigration,q_access_privacy|q_business_supplier|q_complaint_appeal|q_government_work|q_health_disability|q_immigration|q_justice_safety|q_money_programs,false,false
institution:ati-schedule-i-canada-employment-insurance-commission:ESDC PPU 301,institution,ati-schedule-i-canada-employment-insurance-commission,Canada Employment Insurance Commission,ESDC PPU 301,Civil Service Insurance (PIB),possible_only,,q_family_vital|q_government_work|q_health_disability|q_money_programs|q_tax_customs,false,false
institution:ati-schedule-i-canada-employment-insurance-commission:ESDC PPU 716,institution,ati-schedule-i-canada-employment-insurance-commission,Canada Employment Insurance Commission,ESDC PPU 716,First Nations Job Fund (PIB),direct,q_indigenous_services,q_health_disability|q_indigenous_services|q_justice_safety|q_money_programs,false,false
institution:ati-schedule-i-canada-employment-insurance-commission:ESDC PPU 032,institution,ati-schedule-i-canada-employment-insurance-commission,Canada Employment Insurance Commission,ESDC PPU 032,Federal Worker's Compensation (PIB),direct,q_money_programs,q_business_supplier|q_complaint_appeal|q_family_vital|q_government_work|q_health_disability|q_justice_safety|q_money_programs|q_tax_customs,false,false
institution:ati-schedule-i-canada-employment-insurance-commission:ESDC PPU 037,institution,ati-schedule-i-canada-employment-insurance-commission,Canada Employment Insurance Commission,ESDC PPU 037,Compensation Program for Survivors of Employees Slain on Duty (PIB),direct,q_money_programs,q_family_vital|q_government_work|q_health_disability|q_immigration|q_money_programs|q_tax_customs,false,false
institution:ati-schedule-i-canada-employment-insurance-commission:ESDC PPU 034,institution,ati-schedule-i-canada-employment-insurance-commission,Canada Employment Insurance Commission,ESDC PPU 034,Compensation Program for Inmates of Federal Penitentiaries (PIB),direct,q_justice_safety|q_money_programs,q_family_vital|q_health_disability|q_immigration|q_justice_safety|q_money_programs|q_tax_customs,false,false
institution:ati-schedule-i-canada-employment-insurance-commission:ESDC PPU 033,institution,ati-schedule-i-canada-employment-insurance-commission,Canada Employment Insurance Commission,ESDC PPU 033,Compensation Program for Merchant Seamen (PIB),direct,q_money_programs,q_family_vital|q_government_work|q_health_disability|q_immigration|q_justice_safety|q_money_programs|q_tax_customs,false,false
institution:ati-schedule-i-canada-employment-insurance-commission:ESDC PPU 036,institution,ati-schedule-i-canada-employment-insurance-commission,Canada Employment Insurance Commission,ESDC PPU 036,Conciliation Commissioner and Board Members Files (PIB),possible_only,,q_money_programs,false,false
institution:ati-schedule-i-canada-employment-insurance-commission:ESDC PPU 050,institution,ati-schedule-i-canada-employment-insurance-commission,Canada Employment Insurance Commission,ESDC PPU 050,Federal Mediation and Conciliation Service (PIB),possible_only,,q_business_supplier|q_civic_contact|q_complaint_appeal|q_culture_volunteer|q_money_programs,false,false
institution:ati-schedule-i-canada-employment-insurance-commission:ESDC PPU 728,institution,ati-schedule-i-canada-employment-insurance-commission,Canada Employment Insurance Commission,ESDC PPU 728,"Workplace Information, Collective Bargaining and Labour Organization Contacts (PIB)",possible_only,,q_money_programs,false,false
institution:ati-schedule-i-canada-employment-insurance-commission:ESDC PPU 006,institution,ati-schedule-i-canada-employment-insurance-commission,Canada Employment Insurance Commission,ESDC PPU 006,"Canada Labour Code*, Part III - Labour Standards (PIB)",direct,q_complaint_appeal|q_government_work,q_business_supplier|q_complaint_appeal|q_government_work|q_immigration|q_justice_safety|q_money_programs,false,false
institution:ati-schedule-i-canada-employment-insurance-commission:ESDC PPU 041,institution,ati-schedule-i-canada-employment-insurance-commission,Canada Employment Insurance Commission,ESDC PPU 041,"Unjust Dismissal and Genetic Testing Adjudicators, Grievance Arbitrators and Wage Recovery Referees (PIB)",direct,q_complaint_appeal,q_complaint_appeal|q_money_programs,false,false
institution:ati-schedule-i-canada-employment-insurance-commission:ESDC PPU 024,institution,ati-schedule-i-canada-employment-insurance-commission,Canada Employment Insurance Commission,ESDC PPU 024,Canada Labour Code* Part II - Occupational Health and Safety (PIB),direct,q_business_supplier|q_government_work|q_health_disability|q_justice_safety,q_business_supplier|q_complaint_appeal|q_family_vital|q_government_work|q_health_disability|q_immigration|q_justice_safety|q_money_programs,false,false
institution:ati-schedule-i-canada-employment-insurance-commission:ESDC PPU 098,institution,ati-schedule-i-canada-employment-insurance-commission,Canada Employment Insurance Commission,ESDC PPU 098,Non-smokers' Health Act* (PIB),direct,q_health_disability,q_business_supplier|q_health_disability|q_justice_safety|q_money_programs,false,false
institution:ati-schedule-i-canada-employment-insurance-commission:ESDC PPU 035,institution,ati-schedule-i-canada-employment-insurance-commission,Canada Employment Insurance Commission,ESDC PPU 035,Wage Earner Protection Program (PIB),possible_only,,q_business_supplier|q_complaint_appeal|q_money_programs|q_tax_customs,false,false
institution:ati-schedule-i-canada-employment-insurance-commission:ESDC PPU 739,institution,ati-schedule-i-canada-employment-insurance-commission,Canada Employment Insurance Commission,ESDC PPU 739,Workplace Equity (PIB),possible_only,,q_business_supplier|q_civic_contact|q_complaint_appeal|q_government_work|q_money_programs,false,false
institution:ati-schedule-i-canada-employment-insurance-commission:ESDC PPU 701,institution,ati-schedule-i-canada-employment-insurance-commission,Canada Employment Insurance Commission,ESDC PPU 701,Veterans Affairs Canada Program Delivery (PIB),direct,q_military_veterans,q_family_vital|q_government_work|q_health_disability|q_immigration|q_military_veterans|q_money_programs|q_travel_border,true,false
institution:ati-schedule-i-canada-employment-insurance-commission:ESDC PPU 702,institution,ati-schedule-i-canada-employment-insurance-commission,Canada Employment Insurance Commission,ESDC PPU 702,Processing and Payment Services (PIB),direct,q_money_programs,q_family_vital|q_money_programs,false,false
institution:ati-schedule-i-canada-employment-insurance-commission:ESDC PPU 680,institution,ati-schedule-i-canada-employment-insurance-commission,Canada Employment Insurance Commission,ESDC PPU 680,My Service Canada Account (PIB),direct,q_education_training,q_civic_contact|q_education_training|q_family_vital|q_government_work|q_immigration|q_money_programs,false,false
institution:ati-schedule-i-canada-employment-insurance-commission:ESDC PPU 681,institution,ati-schedule-i-canada-employment-insurance-commission,Canada Employment Insurance Commission,ESDC PPU 681,My Service Canada Business Account (PIB),possible_only,,q_business_supplier|q_money_programs,false,false
institution:ati-schedule-i-canada-employment-insurance-commission:ESDC PPU 729,institution,ati-schedule-i-canada-employment-insurance-commission,Canada Employment Insurance Commission,ESDC PPU 729,Call Centre Operations (PIB),possible_only,,q_business_supplier|q_money_programs,false,false
institution:ati-schedule-i-canada-employment-insurance-commission:ESDC PPU 708,institution,ati-schedule-i-canada-employment-insurance-commission,Canada Employment Insurance Commission,ESDC PPU 708,Passport Program (PIB),direct,q_travel_border,q_emergency|q_family_vital|q_immigration|q_money_programs|q_travel_border,true,false
institution:ati-schedule-i-canada-employment-insurance-commission:ESDC PPU 100,institution,ati-schedule-i-canada-employment-insurance-commission,Canada Employment Insurance Commission,ESDC PPU 100,Common Experience Payment (PIB),direct,q_money_programs,q_business_supplier|q_education_training|q_family_vital|q_health_disability|q_indigenous_services|q_justice_safety|q_money_programs|q_tax_customs|q_travel_border,false,false
institution:ati-schedule-i-canada-employment-insurance-commission:ESDC PPU 712,institution,ati-schedule-i-canada-employment-insurance-commission,Canada Employment Insurance Commission,ESDC PPU 712,Canadian Dental Care Plan (CoR),direct,q_health_disability,q_access_privacy|q_business_supplier|q_civic_contact|q_family_vital|q_health_disability|q_money_programs|q_research_survey,true,false
institution:ati-schedule-i-canada-employment-insurance-commission:ESDC PPU 700,institution,ati-schedule-i-canada-employment-insurance-commission,Canada Employment Insurance Commission,ESDC PPU 700,Saba Learning Platform for Non-ESDC Employees (PIB),possible_only,,q_business_supplier|q_indigenous_services|q_money_programs,false,false
institution:ati-schedule-i-canada-employment-insurance-commission:ESDC PPE 718,institution,ati-schedule-i-canada-employment-insurance-commission,Canada Employment Insurance Commission,ESDC PPE 718,Prescribed Presence in the Workplace - Low Onsite Connectivity (PIB),possible_only,,q_business_supplier|q_education_training|q_government_work|q_justice_safety|q_money_programs,false,false
institution:ati-schedule-i-canada-revenue-agency:ARC PPU 641,institution,ati-schedule-i-canada-revenue-agency,Canada Revenue Agency,ARC PPU 641,,direct,q_education_training|q_emergency|q_money_programs,q_access_privacy|q_business_supplier|q_complaint_appeal|q_education_training|q_emergency|q_government_work|q_justice_safety|q_money_programs|q_tax_customs,false,false
institution:ati-schedule-i-canada-revenue-agency:ARC PPU 411,institution,ati-schedule-i-canada-revenue-agency,Canada Revenue Agency,ARC PPU 411,,possible_only,,q_access_privacy|q_business_supplier|q_civic_contact|q_family_vital|q_justice_safety|q_tax_customs|q_travel_border,false,false
institution:ati-schedule-i-canada-revenue-agency:ARC PPU 050,institution,ati-schedule-i-canada-revenue-agency,Canada Revenue Agency,ARC PPU 050,,direct,q_education_training,q_access_privacy|q_business_supplier|q_education_training|q_family_vital|q_government_work|q_health_disability|q_housing_property|q_immigration|q_justice_safety|q_money_programs|q_tax_customs|q_travel_border,false,false
institution:ati-schedule-i-canada-school-of-public-service:CSPS PPU 015,institution,ati-schedule-i-canada-school-of-public-service,Canada School of Public Service,CSPS PPU 015,"Public Service Learning, Training and Development - CSPS PPU 015",possible_only,,q_business_supplier|q_education_training|q_government_work,false,false
institution:ati-schedule-i-canadian-centre-for-occupational-health-and-safety:CCOHS PPU 041,institution,ati-schedule-i-canadian-centre-for-occupational-health-and-safety,Canadian Centre for Occupational Health and Safety,CCOHS PPU 041,Inquiries,direct,q_government_work,q_business_supplier|q_government_work|q_health_disability|q_research_survey,false,false
institution:ati-schedule-i-canadian-energy-regulator:CER PPU 110,institution,ati-schedule-i-canadian-energy-regulator,Canadian Energy Regulator,CER PPU 110,"Infrastructure, Tolls and Export Applications",possible_only,,q_business_supplier|q_indigenous_services,false,false
institution:ati-schedule-i-canadian-energy-regulator:CER PPU 100,institution,ati-schedule-i-canadian-energy-regulator,Canadian Energy Regulator,CER PPU 100,"Construction, Operation and Abandonment of Pipelines Class of Record",possible_only,,q_business_supplier|q_civic_contact|q_complaint_appeal|q_emergency|q_health_disability|q_indigenous_services,false,false
institution:ati-schedule-i-canadian-energy-regulator:CER PPU 120,institution,ati-schedule-i-canadian-energy-regulator,Canadian Energy Regulator,CER PPU 120,Participant Funding,possible_only,,q_money_programs,false,false
institution:ati-schedule-i-canadian-food-inspection-agency:CFIA PPU 100,institution,ati-schedule-i-canadian-food-inspection-agency,Canadian Food Inspection Agency,CFIA PPU 100,Setting rules – Personal information bank,possible_only,,q_access_privacy|q_business_supplier|q_civic_contact|q_complaint_appeal|q_health_disability|q_money_programs,false,false
institution:ati-schedule-i-canadian-food-inspection-agency:CFIA PPU 101,institution,ati-schedule-i-canadian-food-inspection-agency,Canadian Food Inspection Agency,CFIA PPU 101,Compliance promotion – Personal information bank,direct,q_business_supplier,q_access_privacy|q_business_supplier|q_civic_contact|q_complaint_appeal|q_culture_volunteer|q_education_training|q_health_disability|q_money_programs,false,false
institution:ati-schedule-i-canadian-food-inspection-agency:CFIA PPU 102,institution,ati-schedule-i-canadian-food-inspection-agency,Canadian Food Inspection Agency,CFIA PPU 102,Monitoring and enforcement – Personal information bank,possible_only,,q_access_privacy|q_business_supplier|q_civic_contact|q_complaint_appeal|q_emergency|q_health_disability|q_justice_safety|q_money_programs,false,false
institution:ati-schedule-i-canadian-food-inspection-agency:CFIA PPU 103,institution,ati-schedule-i-canadian-food-inspection-agency,Canadian Food Inspection Agency,CFIA PPU 103,Permissions – Personal information bank,direct,q_business_supplier,q_access_privacy|q_business_supplier|q_complaint_appeal|q_health_disability|q_justice_safety|q_money_programs,false,false
institution:ati-schedule-i-canadian-food-inspection-agency:CFIA PPU 104,institution,ati-schedule-i-canadian-food-inspection-agency,Canadian Food Inspection Agency,CFIA PPU 104,International access and international collaboration - Personal information bank,possible_only,,q_access_privacy|q_business_supplier|q_civic_contact|q_complaint_appeal|q_health_disability|q_money_programs,false,false
institution:ati-schedule-i-canadian-grain-commission:CGC PPU 215,institution,ati-schedule-i-canadian-grain-commission,Canadian Grain Commission,CGC PPU 215,##### Unofficial Sample File (Personal Information Bank),not_discoverable,,,false,false
institution:ati-schedule-i-canadian-grain-commission:CGC PPU 205,institution,ati-schedule-i-canadian-grain-commission,Canadian Grain Commission,CGC PPU 205,##### Producer Railway Car Application Files (Personal Information Bank),direct,q_business_supplier,q_business_supplier|q_civic_contact,false,false
institution:ati-schedule-i-canadian-radio-television-and-telecommunications-commission:CRTC PPU 065,institution,ati-schedule-i-canadian-radio-television-and-telecommunications-commission,Canadian Radio-television and Telecommunications Commission,CRTC PPU 065,Master Address Database (MAD),possible_only,,q_business_supplier|q_immigration,false,false
institution:ati-schedule-i-canadian-radio-television-and-telecommunications-commission:CRTC PPU 035,institution,ati-schedule-i-canadian-radio-television-and-telecommunications-commission,Canadian Radio-television and Telecommunications Commission,CRTC PPU 035,Broadcast Applicants Files,possible_only,,q_business_supplier,false,false
institution:ati-schedule-i-canadian-radio-television-and-telecommunications-commission:CRTC PPU 020,institution,ati-schedule-i-canadian-radio-television-and-telecommunications-commission,Canadian Radio-television and Telecommunications Commission,CRTC PPU 020,Broadcast Correspondence Files,direct,q_civic_contact,q_business_supplier|q_civic_contact|q_complaint_appeal,false,false
institution:ati-schedule-i-canadian-radio-television-and-telecommunications-commission:CRTC PPU 005,institution,ati-schedule-i-canadian-radio-television-and-telecommunications-commission,Canadian Radio-television and Telecommunications Commission,CRTC PPU 005,Complaints and Inquiries Files - Broadcasting,direct,q_complaint_appeal,q_business_supplier|q_complaint_appeal,false,false
institution:ati-schedule-i-canadian-radio-television-and-telecommunications-commission:CRTC PPU 070,institution,ati-schedule-i-canadian-radio-television-and-telecommunications-commission,Canadian Radio-television and Telecommunications Commission,CRTC PPU 070,Data Collection System (DCS),possible_only,,q_business_supplier|q_money_programs|q_research_survey,false,false
institution:ati-schedule-i-canadian-radio-television-and-telecommunications-commission:CRTC PPU 015,institution,ati-schedule-i-canadian-radio-television-and-telecommunications-commission,Canadian Radio-television and Telecommunications Commission,CRTC PPU 015,Annual Returns - Broadcasting,possible_only,,q_business_supplier,false,false
institution:ati-schedule-i-canadian-radio-television-and-telecommunications-commission:CRTC PPU 045,institution,ati-schedule-i-canadian-radio-television-and-telecommunications-commission,Canadian Radio-television and Telecommunications Commission,CRTC PPU 045,Legal Directorate,possible_only,,q_justice_safety,false,false
institution:ati-schedule-i-canadian-radio-television-and-telecommunications-commission:CRTC PPU 010,institution,ati-schedule-i-canadian-radio-television-and-telecommunications-commission,Canadian Radio-television and Telecommunications Commission,CRTC PPU 010,Ownership Profiles - Broadcasting,possible_only,,q_business_supplier,false,false
institution:ati-schedule-i-canadian-radio-television-and-telecommunications-commission:CRTC PPU 025,institution,ati-schedule-i-canadian-radio-television-and-telecommunications-commission,Canadian Radio-television and Telecommunications Commission,CRTC PPU 025,"Complaints, Inquiries and Briefs - Telecommunications",direct,q_complaint_appeal,q_business_supplier|q_civic_contact|q_complaint_appeal|q_justice_safety,false,false
institution:ati-schedule-i-canadian-radio-television-and-telecommunications-commission:CRT PPU 075,institution,ati-schedule-i-canadian-radio-television-and-telecommunications-commission,Canadian Radio-television and Telecommunications Commission,CRT PPU 075,Unsolicited Telecommunications,direct,q_business_supplier,q_access_privacy|q_business_supplier|q_civic_contact|q_complaint_appeal|q_justice_safety|q_money_programs,false,false
institution:ati-schedule-i-canadian-radio-television-and-telecommunications-commission:CRTC PPU 555,institution,ati-schedule-i-canadian-radio-television-and-telecommunications-commission,Canadian Radio-television and Telecommunications Commission,CRTC PPU 555,Canadian Anti-Spam Law,direct,q_justice_safety,q_complaint_appeal|q_justice_safety,false,false
institution:ati-schedule-i-canadian-radio-television-and-telecommunications-commission:CRTC PPU 777,institution,ati-schedule-i-canadian-radio-television-and-telecommunications-commission,Canadian Radio-television and Telecommunications Commission,CRTC PPU 777,Spam Reporting Centre,possible_only,,q_complaint_appeal|q_justice_safety,false,false
institution:ati-schedule-i-canadian-security-intelligence-service:CSIS PPU 045,institution,ati-schedule-i-canadian-security-intelligence-service,Canadian Security Intelligence Service,CSIS PPU 045,Canadian Security Intelligence Service Investigational Records,direct,q_justice_safety,q_immigration|q_justice_safety|q_military_veterans,false,false
institution:ati-schedule-i-canadian-security-intelligence-service:CSIS PPU 015,institution,ati-schedule-i-canadian-security-intelligence-service,Canadian Security Intelligence Service,CSIS PPU 015,Canadian Security Intelligence Service Records,possible_only,,q_immigration|q_justice_safety|q_military_veterans,false,false
institution:ati-schedule-i-canadian-security-intelligence-service:CSIS PPU 070,institution,ati-schedule-i-canadian-security-intelligence-service,Canadian Security Intelligence Service,CSIS PPU 070,Passenger Protect Program - Specified Persons List,possible_only,,q_business_supplier|q_civic_contact|q_immigration|q_justice_safety|q_travel_border,false,false
institution:ati-schedule-i-canadian-security-intelligence-service:CSIS PPU 050,institution,ati-schedule-i-canadian-security-intelligence-service,Canadian Security Intelligence Service,CSIS PPU 050,Self Protection Activity,possible_only,,q_business_supplier,false,false
institution:ati-schedule-i-canadian-security-intelligence-service:CSIS PPU 005,institution,ati-schedule-i-canadian-security-intelligence-service,Canadian Security Intelligence Service,CSIS PPU 005,Security Screening Program,direct,q_immigration|q_justice_safety,q_business_supplier|q_civic_contact|q_government_work|q_immigration|q_justice_safety|q_military_veterans|q_travel_border,false,false
institution:ati-schedule-i-canadian-security-intelligence-service:SIS PPE 815,institution,ati-schedule-i-canadian-security-intelligence-service,Canadian Security Intelligence Service,SIS PPE 815,Employee Security,direct,q_government_work,q_access_privacy|q_business_supplier|q_civic_contact|q_government_work|q_justice_safety|q_travel_border,false,false
institution:ati-schedule-i-canadian-security-intelligence-service:CSIS PPU 055,institution,ati-schedule-i-canadian-security-intelligence-service,Canadian Security Intelligence Service,CSIS PPU 055,"Security and Integrity of Government Property, Personnel and Assets",direct,q_government_work,q_civic_contact|q_government_work|q_justice_safety,false,false
institution:ati-schedule-i-canadian-security-intelligence-service:CSIS PPU 065,institution,ati-schedule-i-canadian-security-intelligence-service,Canadian Security Intelligence Service,CSIS PPU 065,Security of Information Act Records,possible_only,,q_business_supplier|q_justice_safety,false,false
institution:ati-schedule-i-canadian-security-intelligence-service:CSIS PPU 035,institution,ati-schedule-i-canadian-security-intelligence-service,Canadian Security Intelligence Service,CSIS PPU 035,Complaints Against CSIS or Its Employees,direct,q_complaint_appeal,q_access_privacy|q_complaint_appeal|q_justice_safety,false,false
institution:ati-schedule-i-canadian-security-intelligence-service:CSIS PPU 025,institution,ati-schedule-i-canadian-security-intelligence-service,Canadian Security Intelligence Service,CSIS PPU 025,CSIS Candidates,direct,q_civic_contact,q_civic_contact|q_government_work|q_justice_safety,false,false
institution:ati-schedule-i-canadian-security-intelligence-service:CSIS PPE 831,institution,ati-schedule-i-canadian-security-intelligence-service,Canadian Security Intelligence Service,CSIS PPE 831,Employees' Association,possible_only,,q_complaint_appeal,false,false
institution:ati-schedule-i-canadian-security-intelligence-service:CSIS PPE 827,institution,ati-schedule-i-canadian-security-intelligence-service,Canadian Security Intelligence Service,CSIS PPE 827,Health Services,direct,q_government_work|q_health_disability,q_access_privacy|q_business_supplier|q_civic_contact|q_complaint_appeal|q_government_work|q_health_disability,false,false
institution:ati-schedule-i-canadian-security-intelligence-service:CSIS PPU 906,institution,ati-schedule-i-canadian-security-intelligence-service,Canadian Security Intelligence Service,CSIS PPU 906,Internal Disclosure of Wrongdoing and Reprisal Protection,possible_only,,q_government_work|q_justice_safety,false,false
institution:ati-schedule-i-canadian-security-intelligence-service:CSIS PPU 822,institution,ati-schedule-i-canadian-security-intelligence-service,Canadian Security Intelligence Service,CSIS PPU 822,Sir William Stephenson Scholarship Award,direct,q_education_training|q_money_programs,q_education_training|q_family_vital|q_money_programs|q_tax_customs,false,false
institution:ati-schedule-i-canadian-security-intelligence-service:CSIS PPE 832,institution,ati-schedule-i-canadian-security-intelligence-service,Canadian Security Intelligence Service,CSIS PPE 832,Unlawful Conduct Investigations,direct,q_justice_safety,q_civic_contact|q_justice_safety,false,false
institution:ati-schedule-i-canadian-space-agency:CSA PPU 040,institution,ati-schedule-i-canadian-space-agency,Canadian Space Agency,CSA PPU 040,Grants and Contributions – Awareness & Learning (A&L) Component,direct,q_money_programs,q_access_privacy|q_civic_contact|q_education_training|q_health_disability|q_immigration|q_money_programs|q_tax_customs,false,false
institution:ati-schedule-i-canadian-space-agency:CSA PPU 045,institution,ati-schedule-i-canadian-space-agency,Canadian Space Agency,CSA PPU 045,Grants and Contributions – Research Component,direct,q_money_programs,q_access_privacy|q_education_training|q_immigration|q_money_programs|q_tax_customs,false,false
institution:ati-schedule-i-canadian-space-agency:CSA PPU 060,institution,ati-schedule-i-canadian-space-agency,Canadian Space Agency,CSA PPU 060,"Engagement, Outreach, and Educational Activities",possible_only,,q_access_privacy|q_civic_contact|q_education_training|q_emergency|q_health_disability|q_immigration|q_military_veterans,false,false
institution:ati-schedule-i-canadian-space-agency:CSA PPU 035,institution,ati-schedule-i-canadian-space-agency,Canadian Space Agency,CSA PPU 035,Biographies of Canadian Astronauts,possible_only,,q_family_vital,false,false
institution:ati-schedule-i-canadian-space-agency:CSA PPU 020,institution,ati-schedule-i-canadian-space-agency,Canadian Space Agency,CSA PPU 020,Registration to Attend Space Missions Launches,direct,,,true,true
institution:ati-schedule-i-canadian-space-agency:CSA PPU 015,institution,ati-schedule-i-canadian-space-agency,Canadian Space Agency,CSA PPU 015,"Interviews with Scientists, Engineers and Researchers",possible_only,,q_health_disability,false,false
institution:ati-schedule-i-canadian-space-agency:CSA PIB 015,institution,ati-schedule-i-canadian-space-agency,Canadian Space Agency,CSA PIB 015,Recruitment and Staffing Activities Using Virtual Tools,possible_only,,q_business_supplier|q_civic_contact|q_complaint_appeal|q_government_work|q_immigration|q_justice_safety,false,false
institution:ati-schedule-i-canadian-space-agency:CSA PPU 010,institution,ati-schedule-i-canadian-space-agency,Canadian Space Agency,CSA PPU 010,Space Science,possible_only,,q_government_work,false,false
institution:ati-schedule-i-canadian-transportation-accident-investigation-and-safety-board:TSB PPU 020,institution,ati-schedule-i-canadian-transportation-accident-investigation-and-safety-board,Canadian Transportation Accident Investigation and Safety Board,TSB PPU 020,Confidential reporting,possible_only,,q_business_supplier|q_justice_safety,false,false
institution:ati-schedule-i-canadian-transportation-accident-investigation-and-safety-board:TSB PPU 005,institution,ati-schedule-i-canadian-transportation-accident-investigation-and-safety-board,Canadian Transportation Accident Investigation and Safety Board,TSB PPU 005,Investigation files,direct,q_justice_safety,q_civic_contact|q_health_disability|q_justice_safety|q_research_survey|q_travel_border,false,false
institution:ati-schedule-i-canadian-transportation-agency:CTA PPU 033,institution,ati-schedule-i-canadian-transportation-agency,Canadian Transportation Agency,CTA PPU 033,Complaints Regarding Services Provided to Persons with Disabilities,direct,q_complaint_appeal|q_health_disability,q_business_supplier|q_complaint_appeal|q_health_disability|q_justice_safety|q_travel_border,false,false
institution:ati-schedule-i-canadian-transportation-agency:CTA PPU 014,institution,ati-schedule-i-canadian-transportation-agency,Canadian Transportation Agency,CTA PPU 014,Air Travel Complaints,direct,q_complaint_appeal|q_travel_border,q_business_supplier|q_complaint_appeal|q_health_disability|q_justice_safety|q_money_programs|q_tax_customs|q_travel_border,true,false
institution:ati-schedule-i-canadian-transportation-agency:CTA PPU 001,institution,ati-schedule-i-canadian-transportation-agency,Canadian Transportation Agency,CTA PPU 001,"Rail, Air and Marine Disputes",possible_only,,q_business_supplier|q_complaint_appeal|q_health_disability|q_travel_border,false,false
institution:ati-schedule-i-canadian-transportation-agency:CTA PPU 015,institution,ati-schedule-i-canadian-transportation-agency,Canadian Transportation Agency,CTA PPU 015,Air Service Licensing Program,possible_only,,q_business_supplier,false,false
institution:ati-schedule-i-canadian-transportation-agency:CTA PPU 010,institution,ati-schedule-i-canadian-transportation-agency,Canadian Transportation Agency,CTA PPU 010,Enforcement,possible_only,,q_complaint_appeal|q_justice_safety|q_money_programs,false,false
institution:ati-schedule-i-college-of-patent-agents-and-trademark-agents:IC PPU 043,institution,ati-schedule-i-college-of-patent-agents-and-trademark-agents,College of Patent Agents and Trademark Agents,IC PPU 043,Patent and Trademark Agent Records Personal Information Bank,possible_only,,q_civic_contact|q_education_training,false,false
institution:ati-schedule-i-communications-security-establishment:CSE PPU 040,institution,ati-schedule-i-communications-security-establishment,Communications Security Establishment,CSE PPU 040,Communications Security Establishment (CSE) - Foreign Intelligence Files CSE PPU 040 - Personal Information Bank,possible_only,,q_access_privacy|q_civic_contact,false,false
institution:ati-schedule-i-communications-security-establishment:CSE PPE 001,institution,ati-schedule-i-communications-security-establishment,Communications Security Establishment,CSE PPE 001,Communications Security Establishment (CSE) - Electronic identification and access management - CSE PPE 001,possible_only,,q_business_supplier|q_government_work|q_justice_safety|q_travel_border,false,false
institution:ati-schedule-i-communications-security-establishment:CSE PPU 007,institution,ati-schedule-i-communications-security-establishment,Communications Security Establishment,CSE PPU 007,"Communications Security Establishment (CSE) - Cyber Defence, CSE PPU 007 - Personal Information Bank",not_discoverable,,,false,false
institution:ati-schedule-i-correctional-service-of-canada:CSC PPU 025,institution,ati-schedule-i-correctional-service-of-canada,Correctional Service of Canada,CSC PPU 025,Admission and discharge,direct,q_justice_safety,q_education_training|q_health_disability|q_immigration|q_justice_safety,true,false
institution:ati-schedule-i-correctional-service-of-canada:CSC PPU 136,institution,ati-schedule-i-correctional-service-of-canada,Correctional Service of Canada,CSC PPU 136,Body scanner images,possible_only,,q_business_supplier|q_health_disability|q_justice_safety|q_money_programs,false,false
institution:ati-schedule-i-correctional-service-of-canada:CSC PPU 120,institution,ati-schedule-i-correctional-service-of-canada,Correctional Service of Canada,CSC PPU 120,Claims,direct,q_justice_safety,q_justice_safety|q_money_programs,false,false
institution:ati-schedule-i-correctional-service-of-canada:CSC PPU 042,institution,ati-schedule-i-correctional-service-of-canada,Correctional Service of Canada,CSC PPU 042,Case management,direct,q_justice_safety,q_business_supplier|q_education_training|q_health_disability|q_immigration|q_justice_safety,true,false
institution:ati-schedule-i-correctional-service-of-canada:CSC PPU 035,institution,ati-schedule-i-correctional-service-of-canada,Correctional Service of Canada,CSC PPU 035,"Case management: Institution ""A""",direct,q_justice_safety,q_education_training|q_health_disability|q_immigration|q_justice_safety,true,false
institution:ati-schedule-i-correctional-service-of-canada:CSC PPU 040,institution,ati-schedule-i-correctional-service-of-canada,Correctional Service of Canada,CSC PPU 040,"Case management: Institution ""B""",direct,q_justice_safety,q_business_supplier|q_immigration|q_justice_safety,true,false
institution:ati-schedule-i-correctional-service-of-canada:CSC PPU 030,institution,ati-schedule-i-correctional-service-of-canada,Correctional Service of Canada,CSC PPU 030,Case management: Community,direct,q_justice_safety,q_education_training|q_health_disability|q_immigration|q_justice_safety,true,false
institution:ati-schedule-i-correctional-service-of-canada:CSC PPU 045,institution,ati-schedule-i-correctional-service-of-canada,Correctional Service of Canada,CSC PPU 045,Discipline and dissociation,direct,q_justice_safety,q_justice_safety,true,false
institution:ati-schedule-i-correctional-service-of-canada:CSC PPU 050,institution,ati-schedule-i-correctional-service-of-canada,Correctional Service of Canada,CSC PPU 050,Education and training,direct,q_education_training|q_justice_safety,q_education_training|q_health_disability|q_justice_safety,false,false
institution:ati-schedule-i-correctional-service-of-canada:CSC PPU 095,institution,ati-schedule-i-correctional-service-of-canada,Correctional Service of Canada,CSC PPU 095,Employer programs,direct,q_justice_safety,q_justice_safety,false,false
institution:ati-schedule-i-correctional-service-of-canada:CSC PPU 055,institution,ati-schedule-i-correctional-service-of-canada,Correctional Service of Canada,CSC PPU 055,Employment,direct,q_justice_safety,q_education_training|q_health_disability|q_justice_safety,false,false
institution:ati-schedule-i-correctional-service-of-canada:CSC PPU 125,institution,ati-schedule-i-correctional-service-of-canada,Correctional Service of Canada,CSC PPU 125,International transfers,direct,q_justice_safety,q_immigration|q_justice_safety,true,false
institution:ati-schedule-i-correctional-service-of-canada:CSC PPU 096,institution,ati-schedule-i-correctional-service-of-canada,Correctional Service of Canada,CSC PPU 096,Mother-child program,direct,q_justice_safety,q_business_supplier|q_family_vital|q_health_disability|q_justice_safety|q_money_programs,false,false
institution:ati-schedule-i-correctional-service-of-canada:CSC PPU 082,institution,ati-schedule-i-correctional-service-of-canada,Correctional Service of Canada,CSC PPU 082,Offender grievances,direct,q_complaint_appeal|q_justice_safety,q_civic_contact|q_complaint_appeal|q_health_disability|q_justice_safety,true,false
institution:ati-schedule-i-correctional-service-of-canada:CSC PPU 060,institution,ati-schedule-i-correctional-service-of-canada,Correctional Service of Canada,CSC PPU 060,Offender health care,direct,q_health_disability|q_justice_safety,q_business_supplier|q_education_training|q_health_disability|q_justice_safety|q_money_programs,true,false
institution:ati-schedule-i-correctional-service-of-canada:CSC PPU 115,institution,ati-schedule-i-correctional-service-of-canada,Correctional Service of Canada,CSC PPU 115,Offender information,direct,q_justice_safety,q_civic_contact|q_justice_safety,true,false
institution:ati-schedule-i-correctional-service-of-canada:CSC PPU 065,institution,ati-schedule-i-correctional-service-of-canada,Correctional Service of Canada,CSC PPU 065,Preventive security and intelligence,direct,q_justice_safety,q_access_privacy|q_justice_safety,true,false
institution:ati-schedule-i-correctional-service-of-canada:CSC PPU 061,institution,ati-schedule-i-correctional-service-of-canada,Correctional Service of Canada,CSC PPU 061,Psychiatric treatment centres,direct,q_justice_safety,q_business_supplier|q_health_disability|q_justice_safety,false,false
institution:ati-schedule-i-correctional-service-of-canada:CSC PPU 070,institution,ati-schedule-i-correctional-service-of-canada,Correctional Service of Canada,CSC PPU 070,Psychology,direct,q_justice_safety,q_business_supplier|q_education_training|q_health_disability|q_justice_safety,true,false
institution:ati-schedule-i-correctional-service-of-canada:CSC PPU 110,institution,ati-schedule-i-correctional-service-of-canada,Correctional Service of Canada,CSC PPU 110,Record suspensions,direct,,q_justice_safety,true,false
institution:ati-schedule-i-correctional-service-of-canada:CSC PPU 075,institution,ati-schedule-i-correctional-service-of-canada,Correctional Service of Canada,CSC PPU 075,Sentence management,direct,q_justice_safety,q_education_training|q_health_disability|q_immigration|q_justice_safety,true,false
institution:ati-schedule-i-correctional-service-of-canada:CSC PPU 200,institution,ati-schedule-i-correctional-service-of-canada,Correctional Service of Canada,CSC PPU 200,Victim-offender mediation,direct,q_justice_safety,q_civic_contact|q_health_disability|q_immigration|q_justice_safety|q_travel_border,false,false
institution:ati-schedule-i-correctional-service-of-canada:CSC PPU 135,institution,ati-schedule-i-correctional-service-of-canada,Correctional Service of Canada,CSC PPU 135,Victims,direct,q_justice_safety,q_civic_contact|q_justice_safety,true,false
institution:ati-schedule-i-correctional-service-of-canada:CSC PPU 080,institution,ati-schedule-i-correctional-service-of-canada,Correctional Service of Canada,CSC PPU 080,Visits and correspondence,direct,q_civic_contact|q_justice_safety,q_civic_contact|q_education_training|q_health_disability|q_justice_safety,true,false
institution:ati-schedule-i-correctional-service-of-canada:CSC PPU 000,institution,ati-schedule-i-correctional-service-of-canada,Correctional Service of Canada,CSC PPU 000,Volunteers,direct,q_culture_volunteer,q_culture_volunteer|q_justice_safety,false,false
institution:ati-schedule-i-correctional-service-of-canada:SCC PPU 090,institution,ati-schedule-i-correctional-service-of-canada,Correctional Service of Canada,SCC PPU 090,,direct,q_culture_volunteer,q_culture_volunteer|q_education_training|q_justice_safety,false,false
institution:ati-schedule-i-economic-development-agency-of-canada-for-the-regions-of-quebec:CED PPU 138,institution,ati-schedule-i-economic-development-agency-of-canada-for-the-regions-of-quebec,Economic Development Agency of Canada for the Regions of Quebec,CED PPU 138,Regional economic development,direct,q_money_programs,q_culture_volunteer|q_money_programs,false,false
institution:ati-schedule-i-federal-economic-development-agency-for-northern-ontario:FEDNOR PPU 001,institution,ati-schedule-i-federal-economic-development-agency-for-northern-ontario,Federal Economic Development Agency for Northern Ontario,FEDNOR PPU 001,Personal Information Bank for FedNor grants and contributions,direct,q_money_programs,q_government_work|q_immigration|q_justice_safety|q_money_programs,false,false
institution:ati-schedule-i-immigration-and-refugee-board:IRB PPU 140,institution,ati-schedule-i-immigration-and-refugee-board,Immigration and Refugee Board,IRB PPU 140,Immigration Division Case Files – Bank number: IRB PPU 140,direct,q_immigration,q_immigration|q_justice_safety,false,false
institution:ati-schedule-i-immigration-and-refugee-board:IRB PPU 125,institution,ati-schedule-i-immigration-and-refugee-board,Immigration and Refugee Board,IRB PPU 125,Interpreter Data – Bank number: IRB PPU 125,possible_only,,q_business_supplier|q_immigration,false,false
institution:ati-schedule-i-immigration-and-refugee-board:IRB PPU 105,institution,ati-schedule-i-immigration-and-refugee-board,Immigration and Refugee Board,IRB PPU 105,Immigration Appeal Board (IAB) Records – Bank number: IRB PPU 105,direct,q_complaint_appeal|q_immigration,q_business_supplier|q_complaint_appeal|q_immigration,false,false
institution:ati-schedule-i-immigration-and-refugee-board:IRB PPU 155,institution,ati-schedule-i-immigration-and-refugee-board,Immigration and Refugee Board,IRB PPU 155,Complaints about the Conduct of Members – Bank number: IRB PPU 155,direct,q_complaint_appeal,q_complaint_appeal|q_immigration|q_justice_safety,false,false
institution:ati-schedule-i-immigration-and-refugee-board:IRB PPU 110,institution,ati-schedule-i-immigration-and-refugee-board,Immigration and Refugee Board,IRB PPU 110,Immigration Appeal Division (IAD) Records – Bank number: IRB PPU 110,direct,q_complaint_appeal|q_immigration,q_complaint_appeal|q_family_vital|q_immigration,false,false
institution:ati-schedule-i-immigration-and-refugee-board:IRB PPU 115,institution,ati-schedule-i-immigration-and-refugee-board,Immigration and Refugee Board,IRB PPU 115,Refugee Protection Division Records – Bank number: IRB PPU 115,direct,q_immigration,q_access_privacy|q_business_supplier|q_immigration|q_justice_safety,false,false
institution:ati-schedule-i-immigration-and-refugee-board:IRB PPU 145,institution,ati-schedule-i-immigration-and-refugee-board,Immigration and Refugee Board,IRB PPU 145,Research Directives – Claim and Claimant Specific Information – Bank number: IRB PPU 145,possible_only,,q_immigration|q_travel_border,false,false
institution:ati-schedule-i-library-and-archives-of-canada:LAC PPU 060,institution,ati-schedule-i-library-and-archives-of-canada,Library and Archives of Canada,LAC PPU 060,Conservation Training Internship Participant Records (PIB),possible_only,,q_civic_contact|q_education_training|q_government_work|q_immigration,false,false
institution:ati-schedule-i-library-and-archives-of-canada:LAC PPU 025,institution,ati-schedule-i-library-and-archives-of-canada,Library and Archives of Canada,LAC PPU 025,Acquisition Records (PIB),possible_only,,q_civic_contact,false,false
institution:ati-schedule-i-library-and-archives-of-canada:LAC PPU 040,institution,ati-schedule-i-library-and-archives-of-canada,Library and Archives of Canada,LAC PPU 040,Client Information (Loans to Other Institutions) (PIB),not_discoverable,,,false,false
institution:ati-schedule-i-library-and-archives-of-canada:LAC PPU 011,institution,ati-schedule-i-library-and-archives-of-canada,Library and Archives of Canada,LAC PPU 011,Client and Reference Services to the Public (PIB),possible_only,,q_access_privacy|q_civic_contact|q_education_training|q_government_work,false,false
institution:ati-schedule-i-library-and-archives-of-canada:LAC PPU 715,institution,ati-schedule-i-library-and-archives-of-canada,Library and Archives of Canada,LAC PPU 715,Army Reserve Force Pay Sheets (PIB),direct,q_indigenous_services,q_government_work|q_indigenous_services|q_military_veterans|q_money_programs,false,false
institution:ati-schedule-i-library-and-archives-of-canada:LAC PPU 727,institution,ati-schedule-i-library-and-archives-of-canada,Library and Archives of Canada,LAC PPU 727,Army Unit Pay lists (PIB),possible_only,,q_government_work|q_military_veterans,false,false
institution:ati-schedule-i-library-and-archives-of-canada:LAC PPE 710,institution,ati-schedule-i-library-and-archives-of-canada,Library and Archives of Canada,LAC PPE 710,Auxiliary Services Record—World War II (PIB),possible_only,,q_business_supplier|q_government_work,false,false
institution:ati-schedule-i-library-and-archives-of-canada:LAC PPU 017,institution,ati-schedule-i-library-and-archives-of-canada,Library and Archives of Canada,LAC PPU 017,Collective Medical Records (PIB),direct,q_health_disability,q_business_supplier|q_complaint_appeal|q_family_vital|q_government_work|q_health_disability|q_indigenous_services|q_justice_safety|q_military_veterans|q_money_programs,false,false
institution:ati-schedule-i-library-and-archives-of-canada:LAC PPU 027,institution,ati-schedule-i-library-and-archives-of-canada,Library and Archives of Canada,LAC PPU 027,Daily Routine Orders (PIB),possible_only,,q_family_vital|q_government_work|q_military_veterans,false,false
institution:ati-schedule-i-library-and-archives-of-canada:LAC PPU 721,institution,ati-schedule-i-library-and-archives-of-canada,Library and Archives of Canada,LAC PPU 721,Dental Records (PIB),direct,q_health_disability,q_complaint_appeal|q_family_vital|q_government_work|q_health_disability|q_indigenous_services|q_justice_safety|q_military_veterans|q_money_programs,false,false
institution:ati-schedule-i-library-and-archives-of-canada:LAC PCU 748,institution,ati-schedule-i-library-and-archives-of-canada,Library and Archives of Canada,LAC PCU 748,Employee Personnel Record (PIB),direct,q_government_work,q_family_vital|q_government_work|q_immigration,false,false
institution:ati-schedule-i-library-and-archives-of-canada:LAC PPU 018,institution,ati-schedule-i-library-and-archives-of-canada,Library and Archives of Canada,LAC PPU 018,Medical Records (PIB),direct,q_health_disability,q_complaint_appeal|q_family_vital|q_government_work|q_health_disability|q_indigenous_services|q_justice_safety|q_military_veterans|q_money_programs,false,false
institution:ati-schedule-i-library-and-archives-of-canada:LAC PPU 722,institution,ati-schedule-i-library-and-archives-of-canada,Library and Archives of Canada,LAC PPU 722,Medical X-rays and Radiologist Reports (PIB),direct,q_health_disability,q_government_work|q_health_disability|q_indigenous_services,false,false
institution:ati-schedule-i-library-and-archives-of-canada:LAC PPU 023,institution,ati-schedule-i-library-and-archives-of-canada,Library and Archives of Canada,LAC PPU 023,Microfiche Personal File (PIB),possible_only,,q_complaint_appeal|q_family_vital|q_government_work|q_health_disability|q_indigenous_services|q_justice_safety|q_military_veterans|q_money_programs,false,false
institution:ati-schedule-i-library-and-archives-of-canada:LAC PPU 024,institution,ati-schedule-i-library-and-archives-of-canada,Library and Archives of Canada,LAC PPU 024,Military Personnel Bank (PIB),direct,q_government_work|q_military_veterans,q_complaint_appeal|q_family_vital|q_government_work|q_health_disability|q_immigration|q_indigenous_services|q_justice_safety|q_military_veterans|q_money_programs,true,false
institution:ati-schedule-i-library-and-archives-of-canada:LAC PPU 026,institution,ati-schedule-i-library-and-archives-of-canada,Library and Archives of Canada,LAC PPU 026,Part II Orders (PIB),possible_only,,q_family_vital|q_government_work|q_military_veterans,false,false
institution:ati-schedule-i-library-and-archives-of-canada:LAC PPU 028,institution,ati-schedule-i-library-and-archives-of-canada,Library and Archives of Canada,LAC PPU 028,Performance Evaluation Records (PIB),possible_only,,q_complaint_appeal|q_family_vital|q_government_work|q_health_disability|q_indigenous_services|q_justice_safety|q_military_veterans|q_money_programs,false,false
institution:ati-schedule-i-library-and-archives-of-canada:LAC PPU 725,institution,ati-schedule-i-library-and-archives-of-canada,Library and Archives of Canada,LAC PPU 725,Reserve Pay Sheets (PIB),direct,q_indigenous_services,q_government_work|q_indigenous_services|q_military_veterans|q_money_programs,false,false
institution:ati-schedule-i-library-and-archives-of-canada:LAC PPU 719,institution,ati-schedule-i-library-and-archives-of-canada,Library and Archives of Canada,LAC PPU 719,Service Pensions Records (PIB),direct,q_government_work,q_business_supplier|q_civic_contact|q_family_vital|q_government_work|q_military_veterans|q_money_programs,false,false
institution:ati-schedule-i-library-and-archives-of-canada:LAC PPU 029,institution,ati-schedule-i-library-and-archives-of-canada,Library and Archives of Canada,LAC PPU 029,Superannuation Record (PIB),possible_only,,q_family_vital|q_government_work|q_money_programs,false,false
institution:ati-schedule-i-library-and-archives-of-canada:LAC PPE 713,institution,ati-schedule-i-library-and-archives-of-canada,Library and Archives of Canada,LAC PPE 713,Newfoundland Forces—World War II (PIB),possible_only,,q_government_work|q_health_disability,false,false
institution:ati-schedule-i-library-and-archives-of-canada:LAC PPE 712,institution,ati-schedule-i-library-and-archives-of-canada,Library and Archives of Canada,LAC PPE 712,Royal Canadian Navy (RCN) Pay Record Sheets—World War II (PIB),possible_only,,q_government_work|q_military_veterans,false,false
institution:ati-schedule-i-library-and-archives-of-canada:LAC PPE 711,institution,ati-schedule-i-library-and-archives-of-canada,Library and Archives of Canada,LAC PPE 711,Thirty-Day Trainees—World War II (PIB),possible_only,,q_education_training|q_government_work|q_health_disability|q_military_veterans,false,false
institution:ati-schedule-i-military-grievances-external-review-committee:MGERC PPE 801,institution,ati-schedule-i-military-grievances-external-review-committee,Military Grievances External Review Committee,MGERC PPE 801,Canadian Armed Forces Member Grievance References,direct,q_complaint_appeal|q_military_veterans,q_access_privacy|q_complaint_appeal|q_military_veterans,false,false
institution:ati-schedule-i-montreal-port-authority:MPA PPU 005,institution,ati-schedule-i-montreal-port-authority,Montreal Port Authority,MPA PPU 005,Risks and Claims Management,possible_only,,q_complaint_appeal|q_justice_safety|q_money_programs,false,false
institution:ati-schedule-i-montreal-port-authority:MPA PPU 035,institution,ati-schedule-i-montreal-port-authority,Montreal Port Authority,MPA PPU 035,"Complaints, interventions and information requests",direct,q_complaint_appeal,q_civic_contact|q_complaint_appeal,false,false
institution:ati-schedule-i-montreal-port-authority:MPA PPU 030,institution,ati-schedule-i-montreal-port-authority,Montreal Port Authority,MPA PPU 030,Legal files,possible_only,,q_complaint_appeal,false,false
institution:ati-schedule-i-montreal-port-authority:MPA PPU 040,institution,ati-schedule-i-montreal-port-authority,Montreal Port Authority,MPA PPU 040,Port Community Credentialing Program,direct,q_business_supplier,q_business_supplier|q_civic_contact|q_health_disability|q_housing_property,false,false
institution:ati-schedule-i-the-national-battlefields-commission:NBC PPU 002,institution,ati-schedule-i-the-national-battlefields-commission,The National Battlefields Commission,NBC PPU 002,Donations and contributions – Bank Number : NBC PPU 002,direct,q_money_programs,q_money_programs|q_tax_customs,false,false
institution:ati-schedule-i-the-national-battlefields-commission:NBC PPU 003,institution,ati-schedule-i-the-national-battlefields-commission,The National Battlefields Commission,NBC PPU 003,Registration for Special Activities- Bank number : NBC PPU 003,possible_only,,q_family_vital,false,false
institution:ati-schedule-i-national-film-board:NFB PPU 025,institution,ati-schedule-i-national-film-board,National Film Board,NFB PPU 025,National Film Board of Canada English Program Personal Information Bank,possible_only,,q_civic_contact|q_indigenous_services,false,false
institution:ati-schedule-i-national-film-board:NFB PPU 030,institution,ati-schedule-i-national-film-board,National Film Board,NFB PPU 030,National Film Board of Canada French Program Bank,possible_only,,q_civic_contact|q_indigenous_services,false,false
institution:ati-schedule-i-national-film-board:NFB PPU 040,institution,ati-schedule-i-national-film-board,National Film Board,NFB PPU 040,Self-Declaration Questionnaire for Filmmakers and Production Teams Bank,direct,q_research_survey,q_culture_volunteer|q_government_work|q_health_disability|q_indigenous_services|q_research_survey,false,false
institution:ati-schedule-i-national-film-board:NFB PPU 035,institution,ati-schedule-i-national-film-board,National Film Board,NFB PPU 035,Digital Store Personal Information Bank,possible_only,,q_civic_contact|q_culture_volunteer,false,false
institution:ati-schedule-i-national-research-council-of-canada:NRC PPU 026,institution,ati-schedule-i-national-research-council-of-canada,National Research Council of Canada,NRC PPU 026,"The program stimulates wealth creation through technological innovation by providing technology advice, financial assistance and services to SMEs to help them build their innovation capacity. NRC-IRAP brings together a diverse network of organizations, services and programs to help Canadian SMEs develop and exploit technologies in the competitive, global, knowledge economy. Through expert technical and business advice, financial assistance, access to business information, contacts, and national and international networks, the program provides customized solutions to some 10,000 SMEs annually.",direct,q_money_programs,q_business_supplier|q_money_programs,false,false
institution:ati-schedule-i-national-research-council-of-canada:NRC PPU 085,institution,ati-schedule-i-national-research-council-of-canada,National Research Council of Canada,NRC PPU 085,Youth Employment Program,possible_only,,q_education_training,false,false
institution:ati-schedule-i-national-research-council-of-canada:NRC PPU 071,institution,ati-schedule-i-national-research-council-of-canada,National Research Council of Canada,NRC PPU 071,The NRC has no role in decision making regarding winners of the Killam Prizes or the Dorothy Killam Fellowships. Funding decisions are based on peer review and selection processes by a diverse range of external researchers. Applicants are subject to pre- established eligibility and other entitlement criteria and may be required to report on results achieved.,possible_only,,q_civic_contact|q_culture_volunteer|q_education_training|q_government_work|q_money_programs|q_research_survey|q_travel_border,false,false
institution:ati-schedule-i-national-research-council-of-canada:NRC PPU 806,institution,ati-schedule-i-national-research-council-of-canada,National Research Council of Canada,NRC PPU 806,"Representations on National Building Codes (remodeled, closed or transferred)",possible_only,,q_business_supplier,false,false
institution:ati-schedule-i-national-research-council-of-canada:NRC PPU 080,institution,ati-schedule-i-national-research-council-of-canada,National Research Council of Canada,NRC PPU 080,"Information Dissemination (remodeled, closed or transferred)",possible_only,,q_business_supplier|q_civic_contact|q_money_programs,false,false
institution:ati-schedule-i-national-research-council-of-canada:NRC PPU 040,institution,ati-schedule-i-national-research-council-of-canada,National Research Council of Canada,NRC PPU 040,"Manuscripts for Publication (remodeled, closed or transferred)",possible_only,,q_civic_contact|q_money_programs,false,false
institution:ati-schedule-i-national-research-council-of-canada:CNRC PPU 010,institution,ati-schedule-i-national-research-council-of-canada,National Research Council of Canada,CNRC PPU 010,,possible_only,,q_government_work,false,false
institution:ati-schedule-i-natural-sciences-and-engineering-research-council:NSERC PPU 060,institution,ati-schedule-i-natural-sciences-and-engineering-research-council,Natural Sciences and Engineering Research Council,NSERC PPU 060,Record Number**: NSERC 006-03,possible_only,,q_business_supplier|q_civic_contact|q_education_training|q_government_work|q_health_disability|q_immigration|q_money_programs|q_tax_customs,false,false
institution:ati-schedule-i-natural-sciences-and-engineering-research-council:NSERC PPU 023,institution,ati-schedule-i-natural-sciences-and-engineering-research-council,Natural Sciences and Engineering Research Council,NSERC PPU 023,Record Number**: NSERC 006,possible_only,,q_business_supplier|q_civic_contact|q_education_training|q_health_disability|q_money_programs,false,false
institution:ati-schedule-i-office-of-the-administrator-of-the-fund-for-railway-accidents-involving-designated-goods:SRCC PPU 001,institution,ati-schedule-i-office-of-the-administrator-of-the-fund-for-railway-accidents-involving-designated-goods,Office of the Administrator of the Fund for Railway Accidents Involving Designated Goods,SRCC PPU 001,1.2 Incident Case Files,direct,q_money_programs,q_business_supplier|q_complaint_appeal|q_immigration|q_justice_safety|q_money_programs,false,false
institution:ati-schedule-i-office-of-the-administrator-of-the-ship-source-oil-pollution-fund:SRCC PPU 001,institution,ati-schedule-i-office-of-the-administrator-of-the-ship-source-oil-pollution-fund,Office of the Administrator of the Ship-source Oil Pollution Fund,SRCC PPU 001,1.2 Incident Case Files,direct,q_money_programs,q_complaint_appeal|q_immigration|q_justice_safety|q_money_programs,false,false
institution:ati-schedule-i-office-of-the-auditor-general-of-canada:OAG PPU 001,institution,ati-schedule-i-office-of-the-auditor-general-of-canada,Office of the Auditor General of Canada,OAG PPU 001,Financial Audit Files,possible_only,,q_business_supplier|q_complaint_appeal,false,false
institution:ati-schedule-i-office-of-the-auditor-general-of-canada:OAG PPU 002,institution,ati-schedule-i-office-of-the-auditor-general-of-canada,Office of the Auditor General of Canada,OAG PPU 002,Performance Audit Files,possible_only,,q_business_supplier,false,false
institution:ati-schedule-i-office-of-the-auditor-general-of-canada:OAG PPU 003,institution,ati-schedule-i-office-of-the-auditor-general-of-canada,Office of the Auditor General of Canada,OAG PPU 003,Special Examinations Files,possible_only,,q_business_supplier|q_complaint_appeal,false,false
institution:ati-schedule-i-office-of-the-auditor-general-of-canada:OAG PPU 010,institution,ati-schedule-i-office-of-the-auditor-general-of-canada,Office of the Auditor General of Canada,OAG PPU 010,Environmental Petitions Process,direct,q_civic_contact,q_civic_contact,false,false
institution:ati-schedule-i-office-of-the-chief-electoral-officer:ELECTIONS PPU 005,institution,ati-schedule-i-office-of-the-chief-electoral-officer,Office of the Chief Electoral Officer,ELECTIONS PPU 005,Candidates and Members Elected (PIB),direct,q_civic_contact,q_access_privacy|q_civic_contact|q_justice_safety,false,false
institution:ati-schedule-i-office-of-the-chief-electoral-officer:ELECTIONS PPU 015,institution,ati-schedule-i-office-of-the-chief-electoral-officer,Office of the Chief Electoral Officer,ELECTIONS PPU 015,Commissioner of Canada Elections (PIB),direct,q_civic_contact|q_justice_safety,q_access_privacy|q_business_supplier|q_civic_contact|q_complaint_appeal|q_justice_safety,false,false
institution:ati-schedule-i-office-of-the-chief-electoral-officer:ELECTIONS PPU 050,institution,ati-schedule-i-office-of-the-chief-electoral-officer,Office of the Chief Electoral Officer,ELECTIONS PPU 050,Federal Electoral Boundaries Commissions (PIB),direct,q_civic_contact,q_business_supplier|q_civic_contact|q_money_programs,false,false
institution:ati-schedule-i-office-of-the-chief-electoral-officer:ELECTIONS PPU 030,institution,ati-schedule-i-office-of-the-chief-electoral-officer,Office of the Chief Electoral Officer,ELECTIONS PPU 030,International Services (PIB),possible_only,,q_civic_contact|q_education_training|q_health_disability,false,false
institution:ati-schedule-i-office-of-the-chief-electoral-officer:ELECTIONS PPU 025,institution,ati-schedule-i-office-of-the-chief-electoral-officer,Office of the Chief Electoral Officer,ELECTIONS PPU 025,Legal Matters (PIB),possible_only,,q_civic_contact|q_complaint_appeal|q_government_work|q_health_disability|q_justice_safety,false,false
institution:ati-schedule-i-office-of-the-chief-electoral-officer:ELECTIONS PPU 010,institution,ati-schedule-i-office-of-the-chief-electoral-officer,Office of the Chief Electoral Officer,ELECTIONS PPU 010,Political Financing (PIB),direct,q_business_supplier|q_money_programs,q_business_supplier|q_civic_contact|q_money_programs|q_tax_customs,false,false
institution:ati-schedule-i-office-of-the-chief-electoral-officer:ELECTIONS PPU 036,institution,ati-schedule-i-office-of-the-chief-electoral-officer,Office of the Chief Electoral Officer,ELECTIONS PPU 036,Registration of Political Entities (PIB),possible_only,,q_civic_contact,false,false
institution:ati-schedule-i-office-of-the-chief-electoral-officer:ELECTIONS PPU 045,institution,ati-schedule-i-office-of-the-chief-electoral-officer,Office of the Chief Electoral Officer,ELECTIONS PPU 045,Returning Offices and Electoral Workers (PIB),direct,q_civic_contact,q_business_supplier|q_civic_contact|q_government_work|q_money_programs|q_tax_customs,false,false
institution:ati-schedule-i-office-of-the-chief-electoral-officer:ELECTIONS PPU 035,institution,ati-schedule-i-office-of-the-chief-electoral-officer,Office of the Chief Electoral Officer,ELECTIONS PPU 035,Social Media Monitoring (PIB),possible_only,,q_business_supplier|q_civic_contact|q_education_training|q_health_disability|q_justice_safety|q_travel_border,false,false
institution:ati-schedule-i-office-of-the-chief-electoral-officer:ELECTIONS PPU 040,institution,ati-schedule-i-office-of-the-chief-electoral-officer,Office of the Chief Electoral Officer,ELECTIONS PPU 040,Special Voting Rules (PIB),direct,q_justice_safety,q_civic_contact|q_immigration|q_justice_safety|q_military_veterans,false,false
institution:ati-schedule-i-office-of-the-chief-electoral-officer:ELECTIONS PPU 037,institution,ati-schedule-i-office-of-the-chief-electoral-officer,Office of the Chief Electoral Officer,ELECTIONS PPU 037,Voter Registration and Identification (PIB),direct,q_civic_contact,q_business_supplier|q_civic_contact|q_complaint_appeal|q_family_vital|q_immigration,false,false
institution:ati-schedule-i-office-of-the-correctional-investigator-of-canada:OCI PPU 005,institution,ati-schedule-i-office-of-the-correctional-investigator-of-canada,Office of the Correctional Investigator of Canada,OCI PPU 005,>,direct,q_justice_safety,q_access_privacy|q_civic_contact|q_complaint_appeal|q_emergency|q_health_disability|q_justice_safety,false,false
institution:ati-schedule-i-office-of-the-correctional-investigator-of-canada:OCI PPU 010,institution,ati-schedule-i-office-of-the-correctional-investigator-of-canada,Office of the Correctional Investigator of Canada,OCI PPU 010,>,possible_only,,q_business_supplier|q_complaint_appeal|q_immigration|q_justice_safety|q_money_programs,false,false
institution:ati-schedule-i-office-of-the-director-of-public-prosecutions:SPPC PPU 005,institution,ati-schedule-i-office-of-the-director-of-public-prosecutions,Office of the Director of Public Prosecutions,SPPC PPU 005,,direct,q_complaint_appeal,q_civic_contact|q_complaint_appeal|q_justice_safety,false,false
institution:ati-schedule-i-office-of-the-director-of-public-prosecutions:SPPC PPU 001,institution,ati-schedule-i-office-of-the-director-of-public-prosecutions,Office of the Director of Public Prosecutions,SPPC PPU 001,,possible_only,,q_complaint_appeal|q_family_vital|q_housing_property|q_justice_safety|q_money_programs,false,false
institution:ati-schedule-i-office-of-the-information-commissioner:OIC PPU 123,institution,ati-schedule-i-office-of-the-information-commissioner,Office of the Information Commissioner,OIC PPU 123,Information Commissioner ad hoc Complaint investigations,direct,q_complaint_appeal|q_justice_safety,q_access_privacy|q_business_supplier|q_complaint_appeal|q_justice_safety,false,false
institution:ati-schedule-i-office-of-the-privacy-commissioner:OPC PPU 005,institution,ati-schedule-i-office-of-the-privacy-commissioner,Office of the Privacy Commissioner,OPC PPU 005,– Bank Number: OPC PPU 005,possible_only,,q_access_privacy|q_business_supplier|q_complaint_appeal|q_health_disability|q_justice_safety,false,false
institution:ati-schedule-i-office-of-the-privacy-commissioner:OPC PPU 001,institution,ati-schedule-i-office-of-the-privacy-commissioner,Office of the Privacy Commissioner,OPC PPU 001,– Bank Number: OPC PPU 001,possible_only,,q_access_privacy|q_complaint_appeal|q_education_training|q_health_disability|q_justice_safety,false,false
institution:ati-schedule-i-office-of-the-privacy-commissioner:OPC PPU 008,institution,ati-schedule-i-office-of-the-privacy-commissioner,Office of the Privacy Commissioner,OPC PPU 008,– Bank Number: OPC PPU 008,possible_only,,q_access_privacy|q_business_supplier|q_complaint_appeal|q_justice_safety,false,false
institution:ati-schedule-i-office-of-the-privacy-commissioner:OPC PPU 004,institution,ati-schedule-i-office-of-the-privacy-commissioner,Office of the Privacy Commissioner,OPC PPU 004,– Bank Number: OPC PPU 004,possible_only,,q_access_privacy|q_government_work|q_justice_safety|q_money_programs,false,false
institution:ati-schedule-i-office-of-the-privacy-commissioner:OPC PPU 006,institution,ati-schedule-i-office-of-the-privacy-commissioner,Office of the Privacy Commissioner,OPC PPU 006,– Bank Number: OPC PPU 006,possible_only,,q_business_supplier|q_justice_safety,false,false
institution:ati-schedule-i-office-of-the-privacy-commissioner:OPC PPU 003,institution,ati-schedule-i-office-of-the-privacy-commissioner,Office of the Privacy Commissioner,OPC PPU 003,– Bank Number: OPC PPU 003,not_discoverable,,,false,false
institution:ati-schedule-i-office-of-the-public-sector-integrity-commissioner:PSIC PPU 005,institution,ati-schedule-i-office-of-the-public-sector-integrity-commissioner,Office of the Public Sector Integrity Commissioner,PSIC PPU 005,Case Review and Investigation Files,direct,q_justice_safety,q_access_privacy|q_government_work|q_justice_safety,false,false
institution:ati-schedule-i-office-of-the-public-sector-integrity-commissioner:PSIC PPU 006,institution,ati-schedule-i-office-of-the-public-sector-integrity-commissioner,Office of the Public Sector Integrity Commissioner,PSIC PPU 006,Records Concerning Complaints of Reprisal,direct,q_complaint_appeal,q_complaint_appeal|q_education_training|q_government_work|q_health_disability|q_immigration|q_justice_safety,false,false
institution:ati-schedule-i-office-of-the-superintendent-of-financial-institutions:OSFI PPU 020,institution,ati-schedule-i-office-of-the-superintendent-of-financial-institutions,Office of the Superintendent of Financial Institutions,OSFI PPU 020,##### Reporting obligations - Terrorist financing,possible_only,,q_business_supplier|q_family_vital|q_immigration|q_justice_safety|q_travel_border,false,false
institution:ati-schedule-i-office-of-the-superintendent-of-financial-institutions:OSFI PPU 015,institution,ati-schedule-i-office-of-the-superintendent-of-financial-institutions,Office of the Superintendent of Financial Institutions,OSFI PPU 015,##### Approvals - Financial institutions,possible_only,,q_access_privacy|q_immigration|q_justice_safety|q_money_programs,false,false
institution:ati-schedule-i-office-of-the-superintendent-of-financial-institutions:OSFI PPE 001,institution,ati-schedule-i-office-of-the-superintendent-of-financial-institutions,Office of the Superintendent of Financial Institutions,OSFI PPE 001,Travel and Other Administrative Services,direct,q_travel_border,q_access_privacy|q_business_supplier|q_government_work|q_justice_safety|q_travel_border,false,false
institution:ati-schedule-i-pacific-economic-development-agency-of-canada:PED PPU 055,institution,ati-schedule-i-pacific-economic-development-agency-of-canada,Pacific Economic Development Agency of Canada,PED PPU 055,Grants and contributions (Gs&Cs) programs,direct,q_money_programs,q_money_programs,false,false
institution:ati-schedule-i-parks-canada-agency:PC PPU 201,institution,ati-schedule-i-parks-canada-agency,Parks Canada Agency,PC PPU 201,Administration of marine activity permits,direct,q_business_supplier,q_business_supplier|q_complaint_appeal|q_justice_safety,false,false
institution:ati-schedule-i-parks-canada-agency:PC PPU 055,institution,ati-schedule-i-parks-canada-agency,Parks Canada Agency,PC PPU 055,Aquatic invasive species prevention permits,direct,q_business_supplier,q_business_supplier|q_culture_volunteer|q_justice_safety,false,false
institution:ati-schedule-i-parks-canada-agency:PC PPU 067,institution,ati-schedule-i-parks-canada-agency,Parks Canada Agency,PC PPU 067,Backcountry use permits,direct,q_business_supplier,q_business_supplier|q_culture_volunteer|q_emergency,false,false
institution:ati-schedule-i-parks-canada-agency:PC PPU 040,institution,ati-schedule-i-parks-canada-agency,Parks Canada Agency,PC PPU 040,Claims and Litigation Program,direct,q_complaint_appeal,q_business_supplier|q_complaint_appeal|q_culture_volunteer|q_health_disability|q_money_programs,false,false
institution:ati-schedule-i-parks-canada-agency:PC PPU 202,institution,ati-schedule-i-parks-canada-agency,Parks Canada Agency,PC PPU 202,Compliance with marine activities in the Saguenay–St. Lawrence Marine Park,direct,q_business_supplier,q_business_supplier|q_justice_safety,false,false
institution:ati-schedule-i-parks-canada-agency:PC PPU 075,institution,ati-schedule-i-parks-canada-agency,Parks Canada Agency,PC PPU 075,Ecological Monitoring Program remote cameras image,possible_only,,q_culture_volunteer|q_justice_safety|q_research_survey,false,false
institution:ati-schedule-i-parks-canada-agency:PC PPU 051,institution,ati-schedule-i-parks-canada-agency,Parks Canada Agency,PC PPU 051,Fishing licenses and other permits,direct,q_business_supplier|q_culture_volunteer,q_business_supplier|q_culture_volunteer|q_emergency|q_research_survey,false,false
institution:ati-schedule-i-parks-canada-agency:PC PPU 054,institution,ati-schedule-i-parks-canada-agency,Parks Canada Agency,PC PPU 054,General Class Grants and Contributions Program,direct,q_money_programs,q_money_programs,false,false
institution:ati-schedule-i-parks-canada-agency:PC PPU 052,institution,ati-schedule-i-parks-canada-agency,Parks Canada Agency,PC PPU 052,Heritage Lighthouse Program,direct,q_culture_volunteer,q_civic_contact|q_culture_volunteer,false,false
institution:ati-schedule-i-parks-canada-agency:PC PPU 069,institution,ati-schedule-i-parks-canada-agency,Parks Canada Agency,PC PPU 069,High risk activities,possible_only,,q_business_supplier|q_emergency|q_health_disability,false,false
institution:ati-schedule-i-parks-canada-agency:PC PPU 066,institution,ati-schedule-i-parks-canada-agency,Parks Canada Agency,PC PPU 066,Huts permits,direct,q_business_supplier,q_business_supplier,false,false
institution:ati-schedule-i-parks-canada-agency:PC PPU 003,institution,ati-schedule-i-parks-canada-agency,Parks Canada Agency,PC PPU 003,Impact Assessment Environmental Surveillance Program,direct,q_business_supplier,q_business_supplier|q_culture_volunteer|q_justice_safety,false,false
institution:ati-schedule-i-parks-canada-agency:PC PPU 100,institution,ati-schedule-i-parks-canada-agency,Parks Canada Agency,PC PPU 100,Land use planning activities,direct,q_business_supplier,q_business_supplier|q_culture_volunteer|q_justice_safety,false,false
institution:ati-schedule-i-parks-canada-agency:PC PPU 072,institution,ati-schedule-i-parks-canada-agency,Parks Canada Agency,PC PPU 072,Law Enforcement Program,direct,q_justice_safety,q_access_privacy|q_business_supplier|q_culture_volunteer|q_justice_safety,false,false
institution:ati-schedule-i-parks-canada-agency:PC PPU 095,institution,ati-schedule-i-parks-canada-agency,Parks Canada Agency,PC PPU 095,Learn-to Camp,possible_only,,q_emergency|q_health_disability,false,false
institution:ati-schedule-i-parks-canada-agency:PC PPU 200,institution,ati-schedule-i-parks-canada-agency,Parks Canada Agency,PC PPU 200,Marine activity certification,possible_only,,q_business_supplier|q_justice_safety,false,false
institution:ati-schedule-i-parks-canada-agency:PC PPU 097,institution,ati-schedule-i-parks-canada-agency,Parks Canada Agency,PC PPU 097,Mi’kmaw Youth Archaeology Camp Program,possible_only,,q_emergency|q_family_vital|q_health_disability|q_indigenous_services,false,false
institution:ati-schedule-i-parks-canada-agency:PC PPU 085,institution,ati-schedule-i-parks-canada-agency,Parks Canada Agency,PC PPU 085,National historic sites and the National Program of Historical Commemoration,direct,q_culture_volunteer,q_business_supplier|q_civic_contact|q_culture_volunteer|q_indigenous_services|q_money_programs,false,false
institution:ati-schedule-i-parks-canada-agency:PC PPU 092,institution,ati-schedule-i-parks-canada-agency,Parks Canada Agency,PC PPU 092,National Information Services,possible_only,,q_business_supplier|q_culture_volunteer|q_justice_safety,false,false
institution:ati-schedule-i-parks-canada-agency:PC PPU 074,institution,ati-schedule-i-parks-canada-agency,Parks Canada Agency,PC PPU 074,National Program of Historical Commemoration,possible_only,,q_culture_volunteer|q_indigenous_services,false,false
institution:ati-schedule-i-parks-canada-agency:PC PPU 081,institution,ati-schedule-i-parks-canada-agency,Parks Canada Agency,PC PPU 081,National Volunteer Program,direct,q_culture_volunteer,q_culture_volunteer|q_emergency|q_health_disability|q_justice_safety,false,false
institution:ati-schedule-i-parks-canada-agency:PC PPU 090,institution,ati-schedule-i-parks-canada-agency,Parks Canada Agency,PC PPU 090,Online sales of passes and permits,direct,q_business_supplier,q_business_supplier|q_civic_contact|q_culture_volunteer|q_justice_safety,false,false
institution:ati-schedule-i-parks-canada-agency:PC PPU 073,institution,ati-schedule-i-parks-canada-agency,Parks Canada Agency,PC PPU 073,Park warden administrative and relational database,direct,q_business_supplier|q_government_work,q_business_supplier|q_complaint_appeal|q_education_training|q_emergency|q_government_work|q_health_disability|q_justice_safety|q_money_programs|q_research_survey,false,false
institution:ati-schedule-i-parks-canada-agency:PC PPU 096,institution,ati-schedule-i-parks-canada-agency,Parks Canada Agency,PC PPU 096,Parks Canada Employee Uniform Program,possible_only,,q_business_supplier|q_civic_contact|q_health_disability|q_money_programs,false,false
institution:ati-schedule-i-parks-canada-agency:PC PPU 004,institution,ati-schedule-i-parks-canada-agency,Parks Canada Agency,PC PPU 004,"Parks Canada partnering, sponsorships and donations activities",possible_only,,q_business_supplier|q_civic_contact|q_justice_safety,false,false
institution:ati-schedule-i-parks-canada-agency:PC PPU 068,institution,ati-schedule-i-parks-canada-agency,Parks Canada Agency,PC PPU 068,Parks Canada Reservations Services,possible_only,,q_business_supplier|q_civic_contact|q_culture_volunteer|q_emergency|q_indigenous_services|q_justice_safety|q_money_programs,false,false
institution:ati-schedule-i-parks-canada-agency:PC PPU 091,institution,ati-schedule-i-parks-canada-agency,Parks Canada Agency,PC PPU 091,Point of Sales Services,possible_only,,q_business_supplier|q_civic_contact|q_culture_volunteer|q_justice_safety,false,false
institution:ati-schedule-i-parks-canada-agency:PC PPU 002,institution,ati-schedule-i-parks-canada-agency,Parks Canada Agency,PC PPU 002,Public content sharing,possible_only,,q_business_supplier|q_civic_contact|q_culture_volunteer|q_family_vital,false,false
institution:ati-schedule-i-parks-canada-agency:PC PPU 101,institution,ati-schedule-i-parks-canada-agency,Parks Canada Agency,PC PPU 101,Realty activities,direct,q_business_supplier,q_access_privacy|q_business_supplier|q_culture_volunteer|q_education_training|q_housing_property|q_money_programs,false,false
institution:ati-schedule-i-parks-canada-agency:PC PPU 061,institution,ati-schedule-i-parks-canada-agency,Parks Canada Agency,PC PPU 061,Research and collection permit system,direct,q_business_supplier,q_business_supplier|q_culture_volunteer|q_justice_safety,false,false
institution:ati-schedule-i-parks-canada-agency:PC PPU 071,institution,ati-schedule-i-parks-canada-agency,Parks Canada Agency,PC PPU 071,Resource use permits,direct,q_business_supplier,q_business_supplier|q_culture_volunteer|q_research_survey,false,false
institution:ati-schedule-i-parks-canada-agency:PC PPU 203,institution,ati-schedule-i-parks-canada-agency,Parks Canada Agency,PC PPU 203,"Visitor safety, human wildlife coexistence activities",direct,q_justice_safety,q_business_supplier|q_culture_volunteer|q_education_training|q_emergency|q_health_disability|q_justice_safety,false,false
institution:ati-schedule-i-parks-canada-agency:PC PPU 001,institution,ati-schedule-i-parks-canada-agency,Parks Canada Agency,PC PPU 001,Wildland fire management,direct,q_business_supplier|q_government_work,q_business_supplier|q_complaint_appeal|q_culture_volunteer|q_education_training|q_emergency|q_government_work|q_health_disability|q_money_programs|q_research_survey,false,false
institution:ati-schedule-i-parks-canada-agency:PC PPU 082,institution,ati-schedule-i-parks-canada-agency,Parks Canada Agency,PC PPU 082,Youth Employment and Skills Strategy at Parks Canada,possible_only,,q_education_training|q_government_work|q_immigration,false,false
institution:ati-schedule-i-parole-board-of-canada:PBC PPU 005,institution,ati-schedule-i-parole-board-of-canada,Parole Board of Canada,PBC PPU 005,Conditional Release Decisions (Parole),direct,q_justice_safety,q_access_privacy|q_business_supplier|q_complaint_appeal|q_family_vital|q_government_work|q_health_disability|q_immigration|q_justice_safety|q_travel_border,true,false
institution:ati-schedule-i-parole-board-of-canada:PBC PPU 015,institution,ati-schedule-i-parole-board-of-canada,Parole Board of Canada,PBC PPU 015,"Conditional Release Openness and Accountability (Victims, Observers and Requests for Access to the Decision Registry)",direct,q_access_privacy|q_justice_safety,q_access_privacy|q_complaint_appeal|q_education_training|q_family_vital|q_government_work|q_health_disability|q_justice_safety|q_money_programs|q_research_survey,true,false
institution:ati-schedule-i-parole-board-of-canada:PBC PPU 010,institution,ati-schedule-i-parole-board-of-canada,Parole Board of Canada,PBC PPU 010,Record Suspension Decisions/Clemency Recommendations,direct,q_justice_safety,q_access_privacy|q_business_supplier|q_government_work|q_health_disability|q_immigration|q_indigenous_services|q_justice_safety,true,false
institution:ati-schedule-i-prince-rupert-port-authority:PRPA PPU 001,institution,ati-schedule-i-prince-rupert-port-authority,Prince Rupert Port Authority,PRPA PPU 001,PRPA PPU 001 Permits & Licenses Administration,direct,q_business_supplier,q_business_supplier|q_housing_property,false,false
institution:ati-schedule-i-prince-rupert-port-authority:PRPA PPU 003,institution,ati-schedule-i-prince-rupert-port-authority,Prince Rupert Port Authority,PRPA PPU 003,PRPA PPU 003 Marine and Environmental Incident Reporting,direct,q_business_supplier,q_business_supplier|q_complaint_appeal|q_housing_property|q_justice_safety,false,false
institution:ati-schedule-i-prince-rupert-port-authority:PRPA PPU 004,institution,ati-schedule-i-prince-rupert-port-authority,Prince Rupert Port Authority,PRPA PPU 004,PRPA PPU 004 Vessel Crew & Passenger Information Management,direct,q_business_supplier,q_business_supplier|q_emergency|q_travel_border,false,false
institution:ati-schedule-i-prince-rupert-port-authority:PRPA PPU 002,institution,ati-schedule-i-prince-rupert-port-authority,Prince Rupert Port Authority,PRPA PPU 002,PRPA PPU 002 Tariffs and Fees,direct,q_housing_property,q_business_supplier|q_civic_contact|q_housing_property|q_money_programs,false,false
institution:ati-schedule-i-prince-rupert-port-authority:PRPA PPU 008,institution,ati-schedule-i-prince-rupert-port-authority,Prince Rupert Port Authority,PRPA PPU 008,PRPA PPU 008 Environmental Sustainability,possible_only,,q_business_supplier|q_civic_contact|q_housing_property,false,false
institution:ati-schedule-i-prince-rupert-port-authority:PRPA PPU 007,institution,ati-schedule-i-prince-rupert-port-authority,Prince Rupert Port Authority,PRPA PPU 007,PRPA PPU 007 Maintenance and Construction Services Management,direct,q_business_supplier,q_business_supplier|q_indigenous_services,false,false
institution:ati-schedule-i-prince-rupert-port-authority:PRPA PPU 009,institution,ati-schedule-i-prince-rupert-port-authority,Prince Rupert Port Authority,PRPA PPU 009,PRPA PPU 009 Port Interpretive Centre Visitor Logs & Interactions,possible_only,,q_research_survey,false,false
institution:ati-schedule-i-prince-rupert-port-authority:PRPA PPU 006,institution,ati-schedule-i-prince-rupert-port-authority,Prince Rupert Port Authority,PRPA PPU 006,PRPA PPU 006 Business Intelligence & Strategic Development,possible_only,,q_business_supplier|q_civic_contact|q_housing_property,false,false
institution:ati-schedule-i-prince-rupert-port-authority:PRPA PPU 005,institution,ati-schedule-i-prince-rupert-port-authority,Prince Rupert Port Authority,PRPA PPU 005,PRPA PPU 005 Legal Dispute & Complaint Handling,direct,q_business_supplier|q_complaint_appeal,q_business_supplier|q_civic_contact|q_complaint_appeal|q_government_work|q_housing_property|q_justice_safety,false,false
institution:ati-schedule-i-privy-council-office:PCO PPE 801,institution,ati-schedule-i-privy-council-office,Privy Council Office,PCO PPE 801,Security clearances and assessments bank,possible_only,,q_business_supplier|q_civic_contact|q_government_work|q_justice_safety,false,false
institution:ati-schedule-i-privy-council-office:PCO PPU 005,institution,ati-schedule-i-privy-council-office,Privy Council Office,PCO PPU 005,Security and intelligence information files,possible_only,,q_civic_contact|q_justice_safety,false,false
institution:ati-schedule-i-privy-council-office:PCO PPU 010,institution,ati-schedule-i-privy-council-office,Privy Council Office,PCO PPU 010,Petitions and submissions,direct,q_civic_contact,q_civic_contact|q_immigration|q_justice_safety|q_military_veterans,false,false
institution:ati-schedule-i-privy-council-office:PCO PPU 020,institution,ati-schedule-i-privy-council-office,Privy Council Office,PCO PPU 020,Governor in Council personnel records,direct,q_government_work,q_civic_contact|q_education_training|q_government_work,false,false
institution:ati-schedule-i-privy-council-office:PCO PPU 030,institution,ati-schedule-i-privy-council-office,Privy Council Office,PCO PPU 030,Standards of conduct compliance records,direct,q_business_supplier,q_business_supplier,false,false
institution:ati-schedule-i-public-health-agency-of-canada:PHAC PPU 314,institution,ati-schedule-i-public-health-agency-of-canada,Public Health Agency of Canada,PHAC PPU 314,School Health Grant for Youth Program,direct,q_education_training|q_health_disability|q_money_programs,q_education_training|q_family_vital|q_health_disability|q_immigration|q_money_programs,false,false
institution:ati-schedule-i-public-health-agency-of-canada:PHAC PPU 315,institution,ati-schedule-i-public-health-agency-of-canada,Public Health Agency of Canada,PHAC PPU 315,Scientific Performance Measurement Database: Expert Roster,possible_only,,q_business_supplier|q_culture_volunteer|q_health_disability|q_indigenous_services,false,false
institution:ati-schedule-i-public-health-agency-of-canada:PHAC PPU 071,institution,ati-schedule-i-public-health-agency-of-canada,Public Health Agency of Canada,PHAC PPU 071,Quarantine Program,possible_only,,q_business_supplier|q_family_vital|q_government_work|q_health_disability|q_immigration|q_justice_safety|q_travel_border,false,false
institution:ati-schedule-i-public-health-agency-of-canada:PHAC PPU 074,institution,ati-schedule-i-public-health-agency-of-canada,Public Health Agency of Canada,PHAC PPU 074,Pandemic Border Measures,possible_only,,q_business_supplier|q_complaint_appeal|q_emergency|q_family_vital|q_government_work|q_health_disability|q_immigration|q_justice_safety|q_travel_border,false,false
institution:ati-schedule-i-public-health-agency-of-canada:PHAC PPU 290,institution,ati-schedule-i-public-health-agency-of-canada,Public Health Agency of Canada,PHAC PPU 290,Research Projects,direct,,q_access_privacy|q_education_training|q_government_work|q_health_disability,true,false
institution:ati-schedule-i-public-health-agency-of-canada:PHAC PPU 313,institution,ati-schedule-i-public-health-agency-of-canada,Public Health Agency of Canada,PHAC PPU 313,Investigating Allegations of Breaches of Scientific Integrity,direct,q_justice_safety,q_business_supplier|q_complaint_appeal|q_education_training|q_health_disability|q_justice_safety,false,false
institution:ati-schedule-i-public-health-agency-of-canada:PHAC PPE 305,institution,ati-schedule-i-public-health-agency-of-canada,Public Health Agency of Canada,PHAC PPE 305,All Events Response Operations (AERO),possible_only,,q_emergency|q_government_work|q_health_disability|q_immigration|q_travel_border,false,false
institution:ati-schedule-i-public-health-agency-of-canada:PHAC PPU 288,institution,ati-schedule-i-public-health-agency-of-canada,Public Health Agency of Canada,PHAC PPU 288,Skills Enhancement,possible_only,,q_education_training|q_government_work|q_health_disability,false,false
institution:ati-schedule-i-public-health-agency-of-canada:PHAC PPU 306,institution,ati-schedule-i-public-health-agency-of-canada,Public Health Agency of Canada,PHAC PPU 306,Human Pathogens and Toxins Registrations,possible_only,,q_business_supplier|q_health_disability|q_justice_safety,false,false
institution:ati-schedule-i-public-health-agency-of-canada:PHAC PPU 308,institution,ati-schedule-i-public-health-agency-of-canada,Public Health Agency of Canada,PHAC PPU 308,Human Pathogens and Toxins Act Security Clearance Program,possible_only,,q_complaint_appeal|q_health_disability|q_immigration|q_justice_safety|q_money_programs|q_travel_border,false,false
institution:ati-schedule-i-public-health-agency-of-canada:PHAC PPU 309,institution,ati-schedule-i-public-health-agency-of-canada,Public Health Agency of Canada,PHAC PPU 309,Human Pathogens and Toxins Act Licensing,possible_only,,q_business_supplier|q_complaint_appeal|q_health_disability|q_justice_safety|q_money_programs,false,false
institution:ati-schedule-i-public-health-agency-of-canada:PHAC PPU 073,institution,ati-schedule-i-public-health-agency-of-canada,Public Health Agency of Canada,PHAC PPU 073,Travel Health Centre Designation (THCD),direct,q_health_disability|q_travel_border,q_business_supplier|q_health_disability|q_travel_border,false,false
institution:ati-schedule-i-public-health-agency-of-canada:PHAC PPU 072,institution,ati-schedule-i-public-health-agency-of-canada,Public Health Agency of Canada,PHAC PPU 072,Traveling Public Program,possible_only,,q_business_supplier|q_health_disability|q_research_survey|q_travel_border,false,false
institution:ati-schedule-i-public-health-agency-of-canada:PHAC PPU 305,institution,ati-schedule-i-public-health-agency-of-canada,Public Health Agency of Canada,PHAC PPU 305,Emergency Preparedness and Conveyance Response Personnel,direct,q_emergency|q_government_work,q_business_supplier|q_emergency|q_government_work|q_health_disability,false,false
institution:ati-schedule-i-public-health-agency-of-canada:PHAC PPU 307,institution,ati-schedule-i-public-health-agency-of-canada,Public Health Agency of Canada,PHAC PPU 307,Canadian Accident Injury Reporting and Evaluation,direct,q_health_disability,q_emergency|q_health_disability,false,false
institution:ati-schedule-i-public-health-agency-of-canada:PHAC PPU 310,institution,ati-schedule-i-public-health-agency-of-canada,Public Health Agency of Canada,PHAC PPU 310,International Health Regulations - Inter-jurisdictional Notifications,direct,q_health_disability|q_travel_border,q_access_privacy|q_business_supplier|q_culture_volunteer|q_health_disability|q_immigration|q_travel_border,false,false
institution:ati-schedule-i-public-health-agency-of-canada:PHAC PPU 286,institution,ati-schedule-i-public-health-agency-of-canada,Public Health Agency of Canada,PHAC PPU 286,Canadian Surveillance for Creutzfeldt - Jakob Disease,possible_only,,q_business_supplier|q_family_vital|q_health_disability|q_immigration|q_justice_safety|q_travel_border,false,false
institution:ati-schedule-i-public-health-agency-of-canada:PHAC PPU 039,institution,ati-schedule-i-public-health-agency-of-canada,Public Health Agency of Canada,PHAC PPU 039,Extraordinary Assistance Plan,possible_only,,q_civic_contact|q_family_vital|q_health_disability|q_justice_safety,false,false
institution:ati-schedule-i-public-health-agency-of-canada:PHAC PPU 293,institution,ati-schedule-i-public-health-agency-of-canada,Public Health Agency of Canada,PHAC PPU 293,Influenza Sentinel Surveillance,possible_only,,q_health_disability,false,false
institution:ati-schedule-i-public-health-agency-of-canada:PHAC PPU 316,institution,ati-schedule-i-public-health-agency-of-canada,Public Health Agency of Canada,PHAC PPU 316,"Phage Science, Therapeutics, and Research (PhageSTAR)",possible_only,,q_culture_volunteer|q_health_disability|q_travel_border,false,false
institution:ati-schedule-i-public-health-agency-of-canada:PHAC PPU 317,institution,ati-schedule-i-public-health-agency-of-canada,Public Health Agency of Canada,PHAC PPU 317,"National Microbiology Laboratory Branch Science Directorate, Reference and Diagnostic Testing Services",possible_only,,q_access_privacy|q_health_disability|q_travel_border,false,false
institution:ati-schedule-i-public-service-commission:PSC PCE 780,institution,ati-schedule-i-public-service-commission,Public Service Commission,PSC PCE 780,Persons Appointed under an Exclusion Approval Order,possible_only,,q_government_work,false,false
institution:ati-schedule-i-public-service-commission:PSC PCE 774,institution,ati-schedule-i-public-service-commission,Public Service Commission,PSC PCE 774,Public Service Official Languages Exclusion Approval Order,possible_only,,q_access_privacy|q_government_work|q_health_disability|q_justice_safety|q_money_programs,false,false
institution:ati-schedule-i-public-service-commission:PSC PCE 800,institution,ati-schedule-i-public-service-commission,Public Service Commission,PSC PCE 800,Staffing Consultant Certification,possible_only,,q_business_supplier|q_government_work,false,false
institution:ati-schedule-i-public-service-commission:PSC PCE 801,institution,ati-schedule-i-public-service-commission,Public Service Commission,PSC PCE 801,Statutory and Regulatory Priority Entitlements Personal Information Bank,direct,q_business_supplier,q_access_privacy|q_business_supplier|q_family_vital|q_health_disability|q_justice_safety|q_military_veterans,false,false
institution:ati-schedule-i-public-service-commission:PSC PCE 763,institution,ati-schedule-i-public-service-commission,Public Service Commission,PSC PCE 763,Administration of political candidacy requests,possible_only,,q_access_privacy|q_business_supplier|q_civic_contact|q_government_work|q_justice_safety,false,false
institution:ati-schedule-i-public-service-commission:PSC PCU 747,institution,ati-schedule-i-public-service-commission,Public Service Commission,PSC PCU 747,Mobility Provisions,possible_only,,q_access_privacy|q_government_work|q_money_programs,false,false
institution:ati-schedule-i-public-service-commission:PSC PCE 721,institution,ati-schedule-i-public-service-commission,Public Service Commission,PSC PCE 721,"Career Consultation and Development, Diversity Management: Senior Levels",direct,q_civic_contact,q_access_privacy|q_civic_contact|q_government_work|q_health_disability|q_indigenous_services,false,false
institution:ati-schedule-i-public-service-commission:PSC PCE 746,institution,ati-schedule-i-public-service-commission,Public Service Commission,PSC PCE 746,Executive Resourcing,possible_only,,q_access_privacy|q_civic_contact|q_government_work|q_justice_safety,false,false
institution:ati-schedule-i-public-service-commission:PSC PPE 801,institution,ati-schedule-i-public-service-commission,Public Service Commission,PSC PPE 801,Flexibility EX and Special Assignment Pay Plan Positions,possible_only,,q_access_privacy|q_civic_contact|q_money_programs,false,false
institution:ati-schedule-i-public-service-commission:PSC PCE 798,institution,ati-schedule-i-public-service-commission,Public Service Commission,PSC PCE 798,Special Measures Program Participants,possible_only,,q_access_privacy|q_education_training|q_health_disability|q_indigenous_services,false,false
institution:ati-schedule-i-public-service-commission:PSC PPU 015,institution,ati-schedule-i-public-service-commission,Public Service Commission,PSC PPU 015,"Applicant Profiles, Applications and Referrals",direct,q_military_veterans,q_access_privacy|q_education_training|q_government_work|q_health_disability|q_immigration|q_indigenous_services|q_justice_safety|q_military_veterans|q_research_survey,false,false
institution:ati-schedule-i-public-service-commission:PSC PPU 040,institution,ati-schedule-i-public-service-commission,Public Service Commission,PSC PPU 040,Personnel Selection,direct,q_government_work,q_access_privacy|q_civic_contact|q_government_work|q_justice_safety,true,false
institution:ati-schedule-i-public-service-commission:PSC PCU 202,institution,ati-schedule-i-public-service-commission,Public Service Commission,PSC PCU 202,Assessment Accommodation for Individuals with Special Needs,possible_only,,q_access_privacy|q_civic_contact|q_complaint_appeal|q_government_work|q_health_disability|q_research_survey,false,false
institution:ati-schedule-i-public-service-commission:PSC PCU 025,institution,ati-schedule-i-public-service-commission,Public Service Commission,PSC PCU 025,Assessment by the Personnel Psychology Centre,direct,q_government_work,q_access_privacy|q_business_supplier|q_civic_contact|q_education_training|q_government_work|q_health_disability|q_immigration|q_justice_safety|q_research_survey,true,false
institution:ati-schedule-i-public-service-commission:PSC PCE 744,institution,ati-schedule-i-public-service-commission,Public Service Commission,PSC PCE 744,Executive Counselling Services Files,possible_only,,q_government_work,false,false
institution:ati-schedule-i-public-service-commission:PSC PCE 796,institution,ati-schedule-i-public-service-commission,Public Service Commission,PSC PCE 796,Second Language Evaluation Examiners,not_discoverable,,,false,false
institution:ati-schedule-i-public-service-commission:PSC PPU 211,institution,ati-schedule-i-public-service-commission,Public Service Commission,PSC PPU 211,Research and Development,possible_only,,q_access_privacy|q_civic_contact|q_government_work|q_research_survey,false,false
institution:ati-schedule-i-public-service-commission:PSC PPU 080,institution,ati-schedule-i-public-service-commission,Public Service Commission,PSC PPU 080,Audits,possible_only,,q_business_supplier|q_education_training|q_justice_safety|q_research_survey,false,false
institution:ati-schedule-i-public-service-commission:PSC PCE 761,institution,ati-schedule-i-public-service-commission,Public Service Commission,PSC PCE 761,Analytical Environment,possible_only,,q_education_training|q_government_work|q_health_disability|q_justice_safety|q_research_survey,false,false
institution:ati-schedule-i-public-service-commission:PSC PCE 708,institution,ati-schedule-i-public-service-commission,Public Service Commission,PSC PCE 708,Appeal Hearings Personal Information Bank,direct,q_complaint_appeal,q_access_privacy|q_complaint_appeal|q_justice_safety,false,false
institution:ati-schedule-i-public-service-commission:PSC PPU 010,institution,ati-schedule-i-public-service-commission,Public Service Commission,PSC PPU 010,Investigations,direct,q_justice_safety,q_business_supplier|q_government_work|q_health_disability|q_justice_safety|q_research_survey,false,false
institution:ati-schedule-i-public-service-commission:CFP PCE 734,institution,ati-schedule-i-public-service-commission,Public Service Commission,CFP PCE 734,,possible_only,,q_access_privacy|q_civic_contact|q_education_training|q_government_work,false,false
institution:ati-schedule-i-royal-canadian-mounted-police:RCMP PPU 201,institution,ati-schedule-i-royal-canadian-mounted-police,Royal Canadian Mounted Police,RCMP PPU 201,National Child Exploitation Crime Centre Program,direct,q_justice_safety,q_business_supplier|q_family_vital|q_justice_safety,false,false
institution:ati-schedule-i-royal-canadian-mounted-police:RCMP PPE 801,institution,ati-schedule-i-royal-canadian-mounted-police,Royal Canadian Mounted Police,RCMP PPE 801,RCMP Member Performance Review and Appraisal Records,possible_only,,q_access_privacy|q_business_supplier|q_complaint_appeal|q_indigenous_services|q_justice_safety|q_money_programs,false,false
institution:ati-schedule-i-royal-canadian-mounted-police:RCMP PPE 802,institution,ati-schedule-i-royal-canadian-mounted-police,Royal Canadian Mounted Police,RCMP PPE 802,RCMP Member Service Records,possible_only,,q_access_privacy|q_business_supplier|q_complaint_appeal|q_family_vital|q_government_work|q_health_disability|q_indigenous_services|q_justice_safety|q_military_veterans|q_money_programs|q_tax_customs,false,false
institution:ati-schedule-i-royal-canadian-mounted-police:RCMP PPE 803,institution,ati-schedule-i-royal-canadian-mounted-police,Royal Canadian Mounted Police,RCMP PPE 803,RCMP Member Promotion Board Proceedings Records,direct,q_government_work,q_access_privacy|q_business_supplier|q_civic_contact|q_complaint_appeal|q_government_work|q_justice_safety|q_money_programs,false,false
institution:ati-schedule-i-royal-canadian-mounted-police:RCMP PPE 804,institution,ati-schedule-i-royal-canadian-mounted-police,Royal Canadian Mounted Police,RCMP PPE 804,RCMP Member Grievance Records,direct,q_complaint_appeal,q_access_privacy|q_business_supplier|q_complaint_appeal|q_justice_safety|q_money_programs,false,false
institution:ati-schedule-i-royal-canadian-mounted-police:RCMP PPE 805,institution,ati-schedule-i-royal-canadian-mounted-police,Royal Canadian Mounted Police,RCMP PPE 805,RCMP Member Conduct,direct,q_justice_safety,q_complaint_appeal|q_government_work|q_health_disability|q_justice_safety|q_money_programs,false,false
institution:ati-schedule-i-royal-canadian-mounted-police:RCMP PPE 806,institution,ati-schedule-i-royal-canadian-mounted-police,Royal Canadian Mounted Police,RCMP PPE 806,RCMP Member's Pay and Allowance Records,direct,q_government_work|q_money_programs,q_access_privacy|q_business_supplier|q_civic_contact|q_complaint_appeal|q_government_work|q_health_disability|q_justice_safety|q_money_programs|q_travel_border,false,false
institution:ati-schedule-i-royal-canadian-mounted-police:RCMP PPE 807,institution,ati-schedule-i-royal-canadian-mounted-police,Royal Canadian Mounted Police,RCMP PPE 807,RCMP General Administrative Records,possible_only,,q_access_privacy|q_business_supplier|q_civic_contact|q_emergency|q_health_disability|q_justice_safety|q_money_programs,false,false
institution:ati-schedule-i-royal-canadian-mounted-police:RCMP PPE 808,institution,ati-schedule-i-royal-canadian-mounted-police,Royal Canadian Mounted Police,RCMP PPE 808,Occupational Health Records of RCMP Members and Other Persons Applying to Serve in Foreign Policing Responsibilities,direct,q_government_work|q_health_disability,q_access_privacy|q_business_supplier|q_family_vital|q_government_work|q_health_disability|q_justice_safety|q_military_veterans,false,false
institution:ati-schedule-i-royal-canadian-mounted-police:RCMP PPE 809,institution,ati-schedule-i-royal-canadian-mounted-police,Royal Canadian Mounted Police,RCMP PPE 809,Auxiliary Police,direct,q_justice_safety,q_access_privacy|q_business_supplier|q_justice_safety|q_money_programs,false,false
institution:ati-schedule-i-royal-canadian-mounted-police:RCMP PPE 810,institution,ati-schedule-i-royal-canadian-mounted-police,Royal Canadian Mounted Police,RCMP PPE 810,Temporary Civilian Employees,possible_only,,q_access_privacy|q_business_supplier|q_health_disability|q_justice_safety|q_money_programs,false,false
institution:ati-schedule-i-royal-canadian-mounted-police:RCMP PPE 811,institution,ati-schedule-i-royal-canadian-mounted-police,Royal Canadian Mounted Police,RCMP PPE 811,Personnel Files on Municipal Employees Serving the RCMP,direct,q_government_work,q_access_privacy|q_business_supplier|q_government_work|q_justice_safety|q_money_programs,false,false
institution:ati-schedule-i-royal-canadian-mounted-police:RCMP PPE 812,institution,ati-schedule-i-royal-canadian-mounted-police,Royal Canadian Mounted Police,RCMP PPE 812,Early Warning Integrated Risk Management Program (EWIRMP),possible_only,,q_business_supplier|q_complaint_appeal|q_justice_safety,false,false
institution:ati-schedule-i-royal-canadian-mounted-police:RCMP PPE 815,institution,ati-schedule-i-royal-canadian-mounted-police,Royal Canadian Mounted Police,RCMP PPE 815,RCMP Member Conflict of Interest and Post Employment Records,possible_only,,q_access_privacy|q_business_supplier|q_civic_contact|q_complaint_appeal|q_government_work|q_justice_safety|q_money_programs,false,false
institution:ati-schedule-i-royal-canadian-mounted-police:RCMP PPE 818,institution,ati-schedule-i-royal-canadian-mounted-police,Royal Canadian Mounted Police,RCMP PPE 818,Employment Equity Program,possible_only,,q_access_privacy|q_business_supplier|q_complaint_appeal|q_government_work|q_health_disability|q_indigenous_services|q_justice_safety|q_money_programs,false,false
institution:ati-schedule-i-royal-canadian-mounted-police:RCMP PPU 005,institution,ati-schedule-i-royal-canadian-mounted-police,Royal Canadian Mounted Police,RCMP PPU 005,Operational Case Records,direct,,q_business_supplier|q_complaint_appeal|q_family_vital|q_immigration|q_indigenous_services|q_justice_safety|q_military_veterans|q_travel_border,true,false
institution:ati-schedule-i-royal-canadian-mounted-police:RCMP PPU 007,institution,ati-schedule-i-royal-canadian-mounted-police,Royal Canadian Mounted Police,RCMP PPU 007,"Inquiries by Firearms Owners, Licence Applicants and the general public",direct,q_business_supplier,q_business_supplier|q_civic_contact|q_justice_safety,true,false
institution:ati-schedule-i-royal-canadian-mounted-police:RCMP PPU 010,institution,ati-schedule-i-royal-canadian-mounted-police,Royal Canadian Mounted Police,RCMP PPU 010,Community Policing Services,direct,,q_access_privacy|q_business_supplier|q_education_training|q_justice_safety,true,false
institution:ati-schedule-i-royal-canadian-mounted-police:RCMP PPU 011,institution,ati-schedule-i-royal-canadian-mounted-police,Royal Canadian Mounted Police,RCMP PPU 011,Passenger Protect Program - Specified Persons List,possible_only,,q_business_supplier|q_civic_contact|q_health_disability|q_immigration|q_justice_safety|q_travel_border,false,false
institution:ati-schedule-i-royal-canadian-mounted-police:RCMP PPU 013,institution,ati-schedule-i-royal-canadian-mounted-police,Royal Canadian Mounted Police,RCMP PPU 013,Human Resources Management Information System (HRMIS),direct,q_business_supplier|q_government_work,q_business_supplier|q_complaint_appeal|q_education_training|q_emergency|q_government_work|q_health_disability|q_justice_safety|q_money_programs|q_research_survey,false,false
institution:ati-schedule-i-royal-canadian-mounted-police:RCMP PPU 015,institution,ati-schedule-i-royal-canadian-mounted-police,Royal Canadian Mounted Police,RCMP PPU 015,Criminal Operational Intelligence Records (Exempt bank),direct,q_justice_safety,q_access_privacy|q_business_supplier|q_immigration|q_justice_safety|q_tax_customs,true,false
institution:ati-schedule-i-royal-canadian-mounted-police:RCMP PPU 025,institution,ati-schedule-i-royal-canadian-mounted-police,Royal Canadian Mounted Police,RCMP PPU 025,National Security Investigations Records (Exempt bank),direct,q_justice_safety,q_access_privacy|q_business_supplier|q_emergency|q_immigration|q_justice_safety,true,false
institution:ati-schedule-i-royal-canadian-mounted-police:RCMP PPU 030,institution,ati-schedule-i-royal-canadian-mounted-police,Royal Canadian Mounted Police,RCMP PPU 030,Forensic Science and Identification Services and Canadian Criminal Real Time Identification Services,direct,q_justice_safety|q_travel_border,q_access_privacy|q_business_supplier|q_civic_contact|q_immigration|q_justice_safety|q_travel_border,true,false
institution:ati-schedule-i-royal-canadian-mounted-police:RCMP PPU 037,institution,ati-schedule-i-royal-canadian-mounted-police,Royal Canadian Mounted Police,RCMP PPU 037,Canadian Firearms Information System (CFIS),direct,q_business_supplier,q_access_privacy|q_business_supplier|q_family_vital|q_indigenous_services|q_justice_safety|q_military_veterans|q_research_survey,true,false
institution:ati-schedule-i-royal-canadian-mounted-police:RCMP PPU 040,institution,ati-schedule-i-royal-canadian-mounted-police,Royal Canadian Mounted Police,RCMP PPU 040,Lost or Stolen Passports,possible_only,,q_access_privacy|q_business_supplier|q_justice_safety|q_travel_border,false,false
institution:ati-schedule-i-royal-canadian-mounted-police:RCMP PPU 045,institution,ati-schedule-i-royal-canadian-mounted-police,Royal Canadian Mounted Police,RCMP PPU 045,Access Request Records,direct,q_access_privacy,q_access_privacy|q_civic_contact|q_complaint_appeal|q_justice_safety,false,false
institution:ati-schedule-i-royal-canadian-mounted-police:RCMP PPU 055,institution,ati-schedule-i-royal-canadian-mounted-police,Royal Canadian Mounted Police,RCMP PPU 055,"Protection of Personnel, Individuals and Government Property",direct,q_government_work,q_access_privacy|q_business_supplier|q_civic_contact|q_government_work|q_immigration|q_indigenous_services|q_justice_safety|q_military_veterans|q_travel_border,false,false
institution:ati-schedule-i-royal-canadian-mounted-police:RCMP PPU 060,institution,ati-schedule-i-royal-canadian-mounted-police,Royal Canadian Mounted Police,RCMP PPU 060,Indices Checks - For the Protection of Persons of National and International Importance,possible_only,,q_access_privacy|q_business_supplier|q_culture_volunteer|q_government_work|q_justice_safety,false,false
institution:ati-schedule-i-royal-canadian-mounted-police:RCMP PPU 065,institution,ati-schedule-i-royal-canadian-mounted-police,Royal Canadian Mounted Police,RCMP PPU 065,Security Reliability Screening Records,direct,,q_access_privacy|q_business_supplier|q_justice_safety,true,false
institution:ati-schedule-i-royal-canadian-mounted-police:RCMP PPU 070,institution,ati-schedule-i-royal-canadian-mounted-police,Royal Canadian Mounted Police,RCMP PPU 070,Applicants and Cadets Records,possible_only,,q_access_privacy|q_business_supplier|q_civic_contact|q_complaint_appeal|q_government_work|q_health_disability|q_justice_safety|q_money_programs,false,false
institution:ati-schedule-i-royal-canadian-mounted-police:RCMP PPU 075,institution,ati-schedule-i-royal-canadian-mounted-police,Royal Canadian Mounted Police,RCMP PPU 075,RCMP Police Car Accidents/Claims by or Against the RCMP,direct,q_justice_safety,q_access_privacy|q_business_supplier|q_complaint_appeal|q_justice_safety|q_money_programs,true,false
institution:ati-schedule-i-royal-canadian-mounted-police:RCMP PPU 080,institution,ati-schedule-i-royal-canadian-mounted-police,Royal Canadian Mounted Police,RCMP PPU 080,Courses Administered by the RCMP,possible_only,,q_access_privacy|q_business_supplier|q_civic_contact|q_complaint_appeal|q_education_training|q_government_work|q_justice_safety|q_money_programs,false,false
institution:ati-schedule-i-royal-canadian-mounted-police:RCMP PPU 090,institution,ati-schedule-i-royal-canadian-mounted-police,Royal Canadian Mounted Police,RCMP PPU 090,Honours and Awards,direct,q_money_programs,q_access_privacy|q_business_supplier|q_complaint_appeal|q_justice_safety|q_money_programs|q_tax_customs,false,false
institution:ati-schedule-i-royal-canadian-mounted-police:RCMP PPU 095,institution,ati-schedule-i-royal-canadian-mounted-police,Royal Canadian Mounted Police,RCMP PPU 095,National Sex Offender Registry,direct,q_justice_safety,q_business_supplier|q_culture_volunteer|q_justice_safety|q_travel_border,true,false
institution:ati-schedule-i-royal-canadian-mounted-police:RCMP PPU 100,institution,ati-schedule-i-royal-canadian-mounted-police,Royal Canadian Mounted Police,RCMP PPU 100,Canadian Firearms Program,direct,,q_access_privacy|q_business_supplier|q_culture_volunteer|q_family_vital|q_health_disability|q_immigration|q_indigenous_services|q_justice_safety|q_research_survey,true,false
institution:ati-schedule-i-royal-canadian-mounted-police:RCMP PPU 101,institution,ati-schedule-i-royal-canadian-mounted-police,Royal Canadian Mounted Police,RCMP PPU 101,Restricted Weapons Registration System (RWRS),direct,,q_access_privacy|q_business_supplier|q_culture_volunteer|q_justice_safety,true,false
institution:ati-schedule-i-royal-canadian-mounted-police:RCMP PPU 139,institution,ati-schedule-i-royal-canadian-mounted-police,Royal Canadian Mounted Police,RCMP PPU 139,Victim Services,direct,q_justice_safety,q_family_vital|q_justice_safety,true,false
institution:ati-schedule-i-royal-canadian-mounted-police:RCMP PPU 200,institution,ati-schedule-i-royal-canadian-mounted-police,Royal Canadian Mounted Police,RCMP PPU 200,Information Disclosed Pursuant to Paragraph 8(2)(m) of the Privacy Act,direct,q_access_privacy,q_access_privacy|q_business_supplier|q_civic_contact|q_justice_safety,false,false
institution:ati-schedule-i-royal-canadian-mounted-police:RCMP PPU 202,institution,ati-schedule-i-royal-canadian-mounted-police,Royal Canadian Mounted Police,RCMP PPU 202,National Cybercrime Coordination Centre (NC3) and the Canadian Anti-Fraud Centre (CAFC),direct,q_justice_safety,q_business_supplier|q_culture_volunteer|q_immigration|q_indigenous_services|q_justice_safety|q_military_veterans|q_travel_border,true,false
institution:ati-schedule-i-royal-canadian-mounted-police:RCMP PPU 203,institution,ati-schedule-i-royal-canadian-mounted-police,Royal Canadian Mounted Police,RCMP PPU 203,Forensic Science and Identification Services – Science and Strategic Policy,direct,q_justice_safety,q_business_supplier|q_culture_volunteer|q_justice_safety,true,false
institution:ati-schedule-i-royal-canadian-mounted-police:GRC PPU 085,institution,ati-schedule-i-royal-canadian-mounted-police,Royal Canadian Mounted Police,GRC PPU 085,,direct,q_complaint_appeal|q_justice_safety,q_civic_contact|q_complaint_appeal|q_justice_safety,false,false
institution:ati-schedule-i-royal-canadian-mounted-police-external-review-committee:ERC PPU 804,institution,ati-schedule-i-royal-canadian-mounted-police-external-review-committee,Royal Canadian Mounted Police External Review Committee,ERC PPU 804,RCMP Member Appeals of Conduct Decisions/Measures under the *RCMP Act* (s. 45.15),direct,,,true,true
institution:ati-schedule-i-royal-canadian-mounted-police-external-review-committee:ERC PPU 805,institution,ati-schedule-i-royal-canadian-mounted-police-external-review-committee,Royal Canadian Mounted Police External Review Committee,ERC PPU 805,RCMP Member Appeals of Decisions under the *RCMP Regulations* (s.17),direct,,,true,true
institution:ati-schedule-i-royal-canadian-mounted-police-external-review-committee:ERC PPU 801,institution,ati-schedule-i-royal-canadian-mounted-police-external-review-committee,Royal Canadian Mounted Police External Review Committee,ERC PPU 801,RCMP Member Discharge and Demotion Referrals under Part V of the former *RCMP Act,direct,,,true,true
institution:ati-schedule-i-royal-canadian-mounted-police-external-review-committee:ERC PPU 803,institution,ati-schedule-i-royal-canadian-mounted-police-external-review-committee,Royal Canadian Mounted Police External Review Committee,ERC PPU 803,RCMP Member Discipline Referrals under Part IV of the former *RCMP Act,direct,,,true,true
institution:ati-schedule-i-royal-canadian-mounted-police-external-review-committee:ERC PPU 802,institution,ati-schedule-i-royal-canadian-mounted-police-external-review-committee,Royal Canadian Mounted Police External Review Committee,ERC PPU 802,RCMP Member Grievance Referrals under Part III of the former *RCMP Act,direct,,,true,true
institution:ati-schedule-i-sept-iles-port-authority:APSI PPU 490,institution,ati-schedule-i-sept-iles-port-authority,Sept-Îles Port Authority,APSI PPU 490,,possible_only,,q_housing_property,false,false
institution:ati-schedule-i-sept-iles-port-authority:APSI PPU 345,institution,ati-schedule-i-sept-iles-port-authority,Sept-Îles Port Authority,APSI PPU 345,,possible_only,,q_complaint_appeal,false,false
institution:ati-schedule-i-sept-iles-port-authority:APSI PPU 635,institution,ati-schedule-i-sept-iles-port-authority,Sept-Îles Port Authority,APSI PPU 635,,direct,q_business_supplier,q_business_supplier|q_culture_volunteer|q_government_work,false,false
institution:ati-schedule-i-shared-services-canada:SSC PCU 608,institution,ati-schedule-i-shared-services-canada,Shared Services Canada,SSC PCU 608,GC Your Email Service Personal Information Bank,possible_only,,q_access_privacy|q_business_supplier|q_government_work|q_justice_safety,false,false
institution:ati-schedule-i-shared-services-canada:SSC PCU 707,institution,ati-schedule-i-shared-services-canada,Shared Services Canada,SSC PCU 707,Directory Services Personal Information Bank,direct,q_government_work,q_business_supplier|q_education_training|q_government_work,false,false
institution:ati-schedule-i-shared-services-canada:SSC PCU 050,institution,ati-schedule-i-shared-services-canada,Shared Services Canada,SSC PCU 050,Telephone Call Detail Information Personal Information Bank,direct,q_money_programs,q_business_supplier|q_justice_safety|q_money_programs,false,false
institution:ati-schedule-i-shared-services-canada:SSC PCU 606,institution,ati-schedule-i-shared-services-canada,Shared Services Canada,SSC PCU 606,Internal Credential Management Services Personal Information Bank,possible_only,,q_access_privacy|q_business_supplier|q_government_work|q_justice_safety,false,false
institution:ati-schedule-i-shared-services-canada:SSC PCU 607,institution,ati-schedule-i-shared-services-canada,Shared Services Canada,SSC PCU 607,External Credential Management Services Personal Information Bank,possible_only,,q_access_privacy|q_business_supplier|q_justice_safety,false,false
institution:ati-schedule-i-st-john-s-port-authority:STJPA PPU 001,institution,ati-schedule-i-st-john-s-port-authority,St. John’s Port Authority,STJPA PPU 001,Property Services Personal Information Bank,possible_only,,q_housing_property,false,false
institution:ati-schedule-i-st-john-s-port-authority:STJPA PPU 002,institution,ati-schedule-i-st-john-s-port-authority,St. John’s Port Authority,STJPA PPU 002,Port Customers,possible_only,,q_business_supplier|q_civic_contact|q_indigenous_services,false,false
institution:ati-schedule-i-st-john-s-port-authority:STJPA PPU 003,institution,ati-schedule-i-st-john-s-port-authority,St. John’s Port Authority,STJPA PPU 003,Cruise Passengers,possible_only,,q_travel_border,false,false
institution:ati-schedule-i-st-john-s-port-authority:STJPA PPU 004,institution,ati-schedule-i-st-john-s-port-authority,St. John’s Port Authority,STJPA PPU 004,Terminal Operations,possible_only,,q_business_supplier|q_immigration,false,false
institution:ati-schedule-i-st-john-s-port-authority:STJPA PPU 005,institution,ati-schedule-i-st-john-s-port-authority,St. John’s Port Authority,STJPA PPU 005,Hot Work Permit,direct,q_business_supplier,q_business_supplier,false,false
institution:ati-schedule-i-st-john-s-port-authority:STJPA PPU 006,institution,ati-schedule-i-st-john-s-port-authority,St. John’s Port Authority,STJPA PPU 006,Crane Permit,direct,q_business_supplier,q_business_supplier,false,false
institution:ati-schedule-i-st-john-s-port-authority:STJPA PPU 007,institution,ati-schedule-i-st-john-s-port-authority,St. John’s Port Authority,STJPA PPU 007,Restricted Area Passes,not_discoverable,,,false,false
institution:ati-schedule-i-st-john-s-port-authority:STJPA PPU 008,institution,ati-schedule-i-st-john-s-port-authority,St. John’s Port Authority,STJPA PPU 008,Diving Permit,direct,q_business_supplier,q_business_supplier,false,false
institution:ati-schedule-i-st-john-s-port-authority:STJPA PPU 009,institution,ati-schedule-i-st-john-s-port-authority,St. John’s Port Authority,STJPA PPU 009,Community Investment,possible_only,,q_culture_volunteer|q_education_training|q_money_programs,false,false
institution:ati-schedule-i-thunder-bay-port-authority:TBPA PPU 005,institution,ati-schedule-i-thunder-bay-port-authority,Thunder Bay Port Authority,TBPA PPU 005,• Property Services,possible_only,,q_housing_property,false,false
institution:ati-schedule-i-treasury-board-secretariat:TBS PCE 802,institution,ati-schedule-i-treasury-board-secretariat,Treasury Board Secretariat,TBS PCE 802,Treasury Board submissions,possible_only,,q_family_vital|q_government_work|q_money_programs,false,false
institution:ati-schedule-i-treasury-board-secretariat:TBS PPU 030,institution,ati-schedule-i-treasury-board-secretariat,Treasury Board Secretariat,TBS PPU 030,Financial Officer / Internal Auditor recruitment and development,possible_only,,q_education_training|q_immigration,false,false
institution:ati-schedule-i-treasury-board-secretariat:TBS PCE 756,institution,ati-schedule-i-treasury-board-secretariat,Treasury Board Secretariat,TBS PCE 756,Library of audit recruitment activities,possible_only,,q_civic_contact,false,false
institution:ati-schedule-i-treasury-board-secretariat:TBS PCE 805,institution,ati-schedule-i-treasury-board-secretariat,Treasury Board Secretariat,TBS PCE 805,Access to information and privacy (ATIP) online requests,direct,q_access_privacy,q_access_privacy|q_complaint_appeal|q_justice_safety|q_money_programs|q_research_survey,true,false
institution:ati-schedule-i-treasury-board-secretariat:TBS PCE 815,institution,ati-schedule-i-treasury-board-secretariat,Treasury Board Secretariat,TBS PCE 815,Treasury Board of Canada Secretariat Application Portal (TAP),possible_only,,q_access_privacy|q_business_supplier|q_justice_safety,false,false
institution:ati-schedule-i-treasury-board-secretariat:TBS PPU 095,institution,ati-schedule-i-treasury-board-secretariat,Treasury Board Secretariat,TBS PPU 095,Talent.canada.ca,possible_only,,q_education_training|q_government_work|q_immigration|q_justice_safety|q_military_veterans,false,false
institution:ati-schedule-i-treasury-board-secretariat:TBS PCE 702,institution,ati-schedule-i-treasury-board-secretariat,Treasury Board Secretariat,TBS PCE 702,Government of Canada Workplace Accessibility Passport,direct,q_government_work|q_travel_border,q_access_privacy|q_business_supplier|q_civic_contact|q_complaint_appeal|q_government_work|q_health_disability|q_travel_border,false,false
institution:ati-schedule-i-treasury-board-secretariat:TBS PCE 760,institution,ati-schedule-i-treasury-board-secretariat,Treasury Board Secretariat,TBS PCE 760,Self-Identification,possible_only,,q_business_supplier|q_complaint_appeal|q_culture_volunteer|q_government_work|q_health_disability|q_research_survey,false,false
institution:ati-schedule-i-treasury-board-secretariat:TBS PCE 810,institution,ati-schedule-i-treasury-board-secretariat,Treasury Board Secretariat,TBS PCE 810,The Mosaic Leadership Development program,direct,q_money_programs,q_civic_contact|q_government_work|q_health_disability|q_indigenous_services|q_military_veterans|q_money_programs,false,false
institution:ati-schedule-i-treasury-board-secretariat:TBS PCE 775,institution,ati-schedule-i-treasury-board-secretariat,Treasury Board Secretariat,TBS PCE 775,Official Languages Information System II,possible_only,,q_government_work,false,false
institution:ati-schedule-i-treasury-board-secretariat:TBS PCE 820,institution,ati-schedule-i-treasury-board-secretariat,Treasury Board Secretariat,TBS PCE 820,Workforce Organization and Classification (WOC) Classification Program – Learning (CPL),possible_only,,q_business_supplier|q_complaint_appeal|q_education_training|q_research_survey,false,false
institution:ati-schedule-i-treasury-board-secretariat:TBS PCE 722,institution,ati-schedule-i-treasury-board-secretariat,Treasury Board Secretariat,TBS PCE 722,Certification,not_discoverable,,,false,false
institution:ati-schedule-i-treasury-board-secretariat:TBS PCE 728,institution,ati-schedule-i-treasury-board-secretariat,Treasury Board Secretariat,TBS PCE 728,Complaints by bargaining agents,direct,q_complaint_appeal,q_complaint_appeal|q_government_work,false,false
institution:ati-schedule-i-treasury-board-secretariat:TBS PPE 803,institution,ati-schedule-i-treasury-board-secretariat,Treasury Board Secretariat,TBS PPE 803,Complaints: Canadian Human Rights Commission,direct,q_complaint_appeal,q_complaint_appeal|q_government_work,false,false
institution:ati-schedule-i-treasury-board-secretariat:TBS PCE 705,institution,ati-schedule-i-treasury-board-secretariat,Treasury Board Secretariat,TBS PCE 705,Adjudication: section 209 (*Public Service Labour Relations Act*) references and grievances,direct,q_complaint_appeal,q_complaint_appeal|q_government_work,false,false
institution:ati-schedule-i-treasury-board-secretariat:TBS PPU 025,institution,ati-schedule-i-treasury-board-secretariat,Treasury Board Secretariat,TBS PPU 025,Collective recruitment initiatives,possible_only,,q_civic_contact|q_education_training|q_justice_safety,false,false
institution:ati-schedule-i-treasury-board-secretariat:TBS PCE 740,institution,ati-schedule-i-treasury-board-secretariat,Treasury Board Secretariat,TBS PCE 740,Extension of time to present a grievance,direct,q_complaint_appeal,q_complaint_appeal|q_government_work,false,false
institution:ati-schedule-i-treasury-board-secretariat:TBS PCE 770,institution,ati-schedule-i-treasury-board-secretariat,Treasury Board Secretariat,TBS PCE 770,National Joint Council grievances,direct,q_complaint_appeal,q_civic_contact|q_complaint_appeal|q_family_vital|q_government_work|q_health_disability|q_money_programs|q_travel_border,false,false
institution:ati-schedule-i-treasury-board-secretariat:TBS PCE 803,institution,ati-schedule-i-treasury-board-secretariat,Treasury Board Secretariat,TBS PCE 803,National Joint Council (NJC) *Travel Directive* exception: individual cases,direct,q_travel_border,q_civic_contact|q_emergency|q_government_work|q_health_disability|q_money_programs|q_travel_border,false,false
institution:ati-schedule-i-treasury-board-secretariat:TBS PCE 792,institution,ati-schedule-i-treasury-board-secretariat,Treasury Board Secretariat,TBS PCE 792,Relocation policy exceptions: individual cases,possible_only,,q_civic_contact|q_family_vital|q_health_disability,false,false
institution:ati-schedule-i-treasury-board-secretariat:TBS PCE 723,institution,ati-schedule-i-treasury-board-secretariat,Treasury Board Secretariat,TBS PCE 723,Classification Grievances Tracking System,direct,q_complaint_appeal,q_complaint_appeal|q_government_work,false,false
institution:ati-schedule-i-treasury-board-secretariat:TBS PCE 743,institution,ati-schedule-i-treasury-board-secretariat,Treasury Board Secretariat,TBS PCE 743,Exclusion system (EXCL),possible_only,,q_access_privacy|q_business_supplier|q_government_work|q_money_programs|q_research_survey,false,false
institution:ati-schedule-i-treasury-board-secretariat:TBS PCE 789,institution,ati-schedule-i-treasury-board-secretariat,Treasury Board Secretariat,TBS PCE 789,Public sector pension cases,direct,q_government_work,q_access_privacy|q_business_supplier|q_complaint_appeal|q_government_work|q_justice_safety|q_military_veterans|q_money_programs,false,false
institution:ati-schedule-i-treasury-board-secretariat:TBS PCE 799,institution,ati-schedule-i-treasury-board-secretariat,Treasury Board Secretariat,TBS PCE 799,Special pension plans,direct,q_government_work|q_money_programs,q_access_privacy|q_business_supplier|q_family_vital|q_government_work|q_justice_safety|q_military_veterans|q_money_programs,false,false
institution:ati-schedule-i-treasury-board-secretariat:TBS PCE 745,institution,ati-schedule-i-treasury-board-secretariat,Treasury Board Secretariat,TBS PCE 745,Executive Group Classification Information System,not_discoverable,,,false,false
institution:ati-schedule-i-treasury-board-secretariat:TBS PCU 715,institution,ati-schedule-i-treasury-board-secretariat,Treasury Board Secretariat,TBS PCU 715,Government-wide executive (EX) talent management,possible_only,,q_education_training|q_government_work|q_research_survey,false,false
institution:ati-schedule-i-treasury-board-secretariat:TBS PCE 754,institution,ati-schedule-i-treasury-board-secretariat,Treasury Board Secretariat,TBS PCE 754,Performance management program for employees,possible_only,,q_business_supplier|q_government_work|q_money_programs,false,false
institution:ati-schedule-i-treasury-board-secretariat:TBS PCE 729,institution,ati-schedule-i-treasury-board-secretariat,Treasury Board Secretariat,TBS PCE 729,Interchange Canada Reporting Application,not_discoverable,,,false,false
institution:ati-schedule-i-treasury-board-secretariat:TBS PPU 035,institution,ati-schedule-i-treasury-board-secretariat,Treasury Board Secretariat,TBS PPU 035,Educational leave / Co-op Replacement Program (EDCO),direct,q_education_training,q_education_training|q_government_work,false,false
institution:ati-schedule-i-treasury-board-secretariat:TBS PCE 739,institution,ati-schedule-i-treasury-board-secretariat,Treasury Board Secretariat,TBS PCE 739,Employment Equity Data Bank (EEDB),possible_only,,q_access_privacy|q_government_work|q_health_disability|q_indigenous_services|q_money_programs|q_research_survey,false,false
institution:ati-schedule-i-treasury-board-secretariat:TBS PCE 741,institution,ati-schedule-i-treasury-board-secretariat,Treasury Board Secretariat,TBS PCE 741,Entitlements and Deductions System (EDSS),possible_only,,q_access_privacy|q_government_work|q_health_disability|q_money_programs|q_research_survey,false,false
institution:ati-schedule-i-treasury-board-secretariat:TBS PCE 747,institution,ati-schedule-i-treasury-board-secretariat,Treasury Board Secretariat,TBS PCE 747,Extra Duty Reporting System (EDRS),possible_only,,q_access_privacy|q_government_work|q_money_programs|q_research_survey,false,false
institution:ati-schedule-i-treasury-board-secretariat:TBS PCE 753,institution,ati-schedule-i-treasury-board-secretariat,Treasury Board Secretariat,TBS PCE 753,Incumbent System (pay system),possible_only,,q_access_privacy|q_government_work|q_health_disability|q_money_programs|q_research_survey,false,false
institution:ati-schedule-i-treasury-board-secretariat:TBS PCE 764,institution,ati-schedule-i-treasury-board-secretariat,Treasury Board Secretariat,TBS PCE 764,Leave Reporting System (LRS),possible_only,,q_access_privacy|q_government_work|q_money_programs|q_research_survey,false,false
institution:ati-schedule-i-treasury-board-secretariat:TBS PCE 765,institution,ati-schedule-i-treasury-board-secretariat,Treasury Board Secretariat,TBS PCE 765,Leave Without Pay System (LWOP),possible_only,,q_access_privacy|q_government_work|q_money_programs|q_research_survey,false,false
institution:ati-schedule-i-treasury-board-secretariat:TBS PCE 769,institution,ati-schedule-i-treasury-board-secretariat,Treasury Board Secretariat,TBS PCE 769,Mobility file,possible_only,,q_access_privacy|q_government_work|q_money_programs|q_research_survey,false,false
institution:ati-schedule-i-treasury-board-secretariat:TBS PCE 804,institution,ati-schedule-i-treasury-board-secretariat,Treasury Board Secretariat,TBS PCE 804,Workforce Adjustment Monitoring (WFAM) System,possible_only,,q_business_supplier|q_government_work|q_money_programs,false,false
institution:ati-schedule-i-treasury-board-secretariat:TBS PCE 742,institution,ati-schedule-i-treasury-board-secretariat,Treasury Board Secretariat,TBS PCE 742,Claims and compensation for damages related to the Phoenix pay system,direct,q_money_programs,q_business_supplier|q_complaint_appeal|q_government_work|q_money_programs|q_tax_customs,false,false
institution:ati-schedule-i-treasury-board-secretariat:TBS PCE 755,institution,ati-schedule-i-treasury-board-secretariat,Treasury Board Secretariat,TBS PCE 755,Certification Program for the Federal Government Procurement and Materiel Management Communities,direct,q_business_supplier,q_business_supplier|q_civic_contact|q_education_training,false,false
institution:ati-schedule-i-treasury-board-secretariat:TBS PCE 807,institution,ati-schedule-i-treasury-board-secretariat,Treasury Board Secretariat,TBS PCE 807,COVID-19 Vaccination Attestation and Worksite Testing Program,possible_only,,q_business_supplier|q_complaint_appeal|q_government_work|q_health_disability|q_justice_safety|q_military_veterans,false,false
institution:ati-schedule-i-treasury-board-secretariat:TBS PCE 704,institution,ati-schedule-i-treasury-board-secretariat,Treasury Board Secretariat,TBS PCE 704,,direct,q_access_privacy,q_access_privacy|q_civic_contact|q_government_work|q_money_programs,false,false
institution:ati-schedule-i-treasury-board-secretariat:TBS PCE 784,institution,ati-schedule-i-treasury-board-secretariat,Treasury Board Secretariat,TBS PCE 784,,direct,q_access_privacy,q_access_privacy|q_education_training|q_government_work,false,false
