record_id,bank,title_en,guided_activities,discovery,quality_flags
standard:PSU 901,PSU 901,Access to Information Act and Privacy Act Requests,access_request,guided_and_directory,
standard:PSU 931,PSU 931,Accounts Payable,,directory_requires_review,
standard:PSU 932,PSU 932,Accounts Receivable,,directory_requires_review,
standard:PSU 940,PSU 940,Acquisition Cards,,directory_requires_review,
standard:PSU 911,PSU 911,Applications for Employment,,directory_requires_review,
standard:PSE 903,PSE 903,Attendance and Leave,,directory_requires_review,
standard:PSU 904,PSU 904,"Automated Document, Records, and Information Management Systems",,directory_requires_review,population_missing|purpose_missing
standard:PSU 903,PSU 903,Business Continuity Planning,,directory_requires_review,
standard:PSU 933,PSU 933,Canadian Human Rights Act - Complaints,,directory_requires_review,
standard:PSE 911,PSE 911,Discipline,,directory_requires_review,
standard:PSU 906,PSU 906,Disclosure of Wrongdoing in the Workplace,,directory_requires_review,
standard:PSU 913,PSU 913,Disclosure to Investigative Bodies,,directory_requires_review,
standard:PSU 905,PSU 905,Electronic Network Monitoring Logs,,directory_requires_review,
standard:PSE 916,PSE 916,Employee Assistance,employee_assistance,guided_and_directory,
standard:PSE 912,PSE 912,Employee Performance Management Program,,directory_requires_review,
standard:PSE 901,PSE 901,Employee Personnel Record,federal_employee,guided_and_directory,
standard:PSE 918,PSE 918,Employment Equity and Diversity,,directory_requires_review,
standard:PSU 902,PSU 902,Executive Correspondence,executive_correspondence,guided_and_directory,
standard:PSU 942,PSU 942,Evaluation,,directory_requires_review,
standard:PSU 934,PSU 934,EX Talent Management,,directory_requires_review,
standard:PSU 918,PSU 918,Governor in Council Appointments,,directory_requires_review,
standard:PSE 910,PSE 910,Grievances,employee_grievance,guided_and_directory,
standard:PSE 919,PSE 919,Harassment and Violence,,directory_requires_review,
standard:PSU 908,PSU 908,Hospitality,,directory_requires_review,
standard:PSU 935,PSU 935,Human Resources Planning,,directory_requires_review,
standard:PSU 941,PSU 941,Internal Audit,,directory_requires_review,
standard:PSU 915,PSU 915,Internal Communications,,directory_requires_review,
standard:PSU 936,PSU 936,Library Services,,directory_requires_review,
standard:PSU 937,PSU 937,Lobbying Act Requirements,,directory_requires_review,
standard:PSU 919,PSU 919,"Members of Boards, Committees and Councils",,directory_requires_review,
standard:PSE 907,PSE 907,Occupational Health and Safety,,directory_requires_review,
standard:PSE 906,PSE 906,Official Languages,,directory_requires_review,
standard:PSU 938,PSU 938,Outreach Activities,,directory_requires_review,
standard:PSE 914,PSE 914,Parking,,directory_requires_review,
standard:PSE 904,PSE 904,Pay and Benefits,federal_employee,guided_and_directory,
standard:PSU 917,PSU 917,Personnel Security Screening,security_screening,guided_and_directory,
standard:PSU 907,PSU 907,Physical Access Controls,,directory_requires_review,
standard:PSU 912,PSU 912,Professional Services Contracts,professional_contract,guided_and_directory,
standard:PSU 914,PSU 914,Public Communications,,directory_requires_review,
standard:PSU 948,PSU 948,Real Property Management,,directory_requires_review,
standard:PSE 920,PSE 920,Recognition Program,,directory_requires_review,
standard:PSU 910,PSU 910,Relocation,,directory_requires_review,
standard:PSU 939,PSU 939,Security Incidents and Privacy Breaches,,directory_requires_review,
standard:PSE 902,PSE 902,Staffing,federal_job,guided_and_directory,
standard:PSE 905,PSE 905,Training and Development,,directory_requires_review,
standard:PSU 909,PSU 909,Travel,,directory_requires_review,
standard:PSE 915,PSE 915,Values and Ethics Codes for the Public Sector and Organizational code(s) of Conduct,,directory_requires_review,
standard:PSE 908,PSE 908,"Vehicle, Ship, Boat and Aircraft Accidents",,directory_requires_review,
standard:PSE 930,PSE 930,Workplace Day Care,,directory_requires_review,
institution:ati-schedule-i-department-of-agriculture-and-agri-food:AAFC PPU 231,AAFC PPU 231,AgriClient Personal Information Bank,,directory_requires_review,
institution:ati-schedule-i-department-of-agriculture-and-agri-food:AAFC PPU 140,AAFC PPU 140,Agricultural Marketing Programs Act Advance Payments Program Personal Information Bank,,directory_requires_review,
institution:ati-schedule-i-department-of-agriculture-and-agri-food:AAFC PPU 209,AAFC PPU 209,Agricultural Marketing Programs Act Price Pooling Program Personal Information Bank,,directory_requires_review,
institution:ati-schedule-i-department-of-agriculture-and-agri-food:AAFC PPU 165,AAFC PPU 165,Canadian Agricultural Loans Act Personal Information Bank,,directory_requires_review,
institution:ati-schedule-i-department-of-agriculture-and-agri-food:AAFC PPU 632,AAFC PPU 632,Hog Industry Loan Loss Reserve Program Personal Information Bank,,directory_requires_review,
institution:ati-schedule-i-department-of-agriculture-and-agri-food:AAFC PPU 247,AAFC PPU 247,Canada Brand Program Personal Information Bank,,directory_requires_review,
institution:ati-schedule-i-department-of-agriculture-and-agri-food:AAFC PPU 248,AAFC PPU 248,Canadian Pari-Mutuel Agency Program Personal Information Bank,,directory_requires_review,
institution:ati-schedule-i-department-of-agriculture-and-agri-food:AAFC PPU 221,AAFC PPU 221,Recruitment and Staffing Personal Information Bank,,directory_requires_review,
institution:ati-schedule-i-department-of-agriculture-and-agri-food:AAFC PPU 300,AAFC PPU 300,Youth Employment and Skills Program Personal Information Bank,,directory_requires_review,
institution:ati-schedule-i-department-of-agriculture-and-agri-food:AAFC PPU 245,AAFC PPU 245,AgriInsurance Personal Information Bank,,directory_requires_review,
institution:ati-schedule-i-department-of-agriculture-and-agri-food:AAFC PPU 183,AAFC PPU 183,AgriStability Net Income Stabilization Account Personal Information Bank,,directory_requires_review,
institution:ati-schedule-i-department-of-agriculture-and-agri-food:AAFC PPU 141,AAFC PPU 141,Farm Level Data Services Personal Information Bank,,directory_requires_review,
institution:ati-schedule-i-department-of-agriculture-and-agri-food:AAFC PPU 636,AAFC PPU 636,Agricultural Disaster Relief Program (AgriRecovery Framework) Personal Information Bank,,directory_requires_review,
institution:ati-schedule-i-department-of-agriculture-and-agri-food:AAFC PPU 137,AAFC PPU 137,Visiting Fellowship in Canadian Government Laboratories Personal Information Bank,,directory_requires_review,
institution:ati-schedule-i-department-of-agriculture-and-agri-food:AAFC PPU 633,AAFC PPU 633,Internal and External Credential Management Services Personal Information Bank,,directory_requires_review,
institution:ati-schedule-i-department-of-agriculture-and-agri-food:AAFC PPU 253,AAFC PPU 253,Evaluations (AAFC),,directory_requires_review,
institution:ati-schedule-i-department-of-agriculture-and-agri-food:AAFC PPU 227,AAFC PPU 227,Farm Debt Mediation Service Personal Information Bank,,directory_requires_review,
institution:ati-schedule-i-department-of-agriculture-and-agri-food:AAFC PPU 223,AAFC PPU 223,National Fleet Management Personal Information Bank,,directory_requires_review,
institution:ati-schedule-i-department-of-agriculture-and-agri-food:AAFC PPU 232,AAFC PPU 232,Security Incident Management Program Personal Information Bank,,directory_requires_review,
institution:ati-schedule-i-department-of-agriculture-and-agri-food:AAFC PPU 410,AAFC PPU 410,Pest Management Centre Personal Information Bank,,directory_requires_review,
institution:ati-schedule-i-department-of-agriculture-and-agri-food:AAFC PPE 254,AAFC PPE 254,Prescribed Presence in the Workplace Monitoring Program (Personal Information Bank),,directory_requires_review,
institution:ati-schedule-i-department-of-canadian-heritage:PCH PPU 078,PCH PPU 078,Artists and Agents,,directory_requires_review,
institution:ati-schedule-i-department-of-canadian-heritage:PCH PPU 070,PCH PPU 070,Volunteer Centre,heritage_volunteer,guided_and_directory,
institution:ati-schedule-i-department-of-canadian-heritage:PCH PPU 027,PCH PPU 027,Canada Day Challenge,canada_day_challenge,guided_and_directory,
institution:ati-schedule-i-department-of-canadian-heritage:PCH PPU 220,PCH PPU 220,Athlete Assistance Program,,directory_requires_review,
institution:ati-schedule-i-department-of-canadian-heritage:PCH PPU 232,PCH PPU 232,Status of the High-Performance Athlete in Canada Study,,directory_requires_review,
institution:ati-schedule-i-department-of-canadian-heritage:PCH PPU 071,PCH PPU 071,Youth Program,,directory_requires_review,
institution:ati-schedule-i-department-of-canadian-heritage:PCH PPU 233,PCH PPU 233,Young Canada Works,,directory_requires_review,
institution:ati-schedule-i-department-of-citizenship-and-immigration:IRCC PPU 007,IRCC PPU 007,Immigration Loans Program (PPU 007),,directory_requires_review,
institution:ati-schedule-i-department-of-citizenship-and-immigration:IRCC PPU 008,IRCC PPU 008,Refugee and Humanitarian Resettlement (PPU 008),,directory_requires_review,
institution:ati-schedule-i-department-of-citizenship-and-immigration:IRCC PPU 009,IRCC PPU 009,In-Canada Asylum (PPU 009),,directory_requires_review,
institution:ati-schedule-i-department-of-citizenship-and-immigration:IRCC PPU 010,IRCC PPU 010,Federal Immigrant Investors and Entrepreneurs (PPU 010),,directory_requires_review,
institution:ati-schedule-i-department-of-citizenship-and-immigration:IRCC PPU 013,IRCC PPU 013,Sponsors of Foreign Nationals (PPU 013),,directory_requires_review,
institution:ati-schedule-i-department-of-citizenship-and-immigration:IRCC PPU 042,IRCC PPU 042,Permanent Economic Residents (PPU 042),economic_immigration,guided_and_directory,
institution:ati-schedule-i-department-of-citizenship-and-immigration:IRCC PPU 050,IRCC PPU 050,Application and Assessment for Canadian Citizenship (PPU 050),citizenship,guided_and_directory,
institution:ati-schedule-i-department-of-citizenship-and-immigration:IRCC PPU 051,IRCC PPU 051,International Students (PPU 051),,directory_requires_review,
institution:ati-schedule-i-department-of-citizenship-and-immigration:IRCC PPU 052,IRCC PPU 052,Migration Health Services (PPU 052),,directory_requires_review,
institution:ati-schedule-i-department-of-citizenship-and-immigration:IRCC PPU 054,IRCC PPU 054,International Mobility (PPU 054),,directory_requires_review,
institution:ati-schedule-i-department-of-citizenship-and-immigration:IRCC PPU 055,IRCC PPU 055,Visitor Case File (PPU 055),,directory_requires_review,
institution:ati-schedule-i-department-of-citizenship-and-immigration:IRCC PPU 062,IRCC PPU 062,Settlement Services (PPU 062),,directory_requires_review,
institution:ati-schedule-i-department-of-citizenship-and-immigration:IRCC PPU 065,IRCC PPU 065,Resettlement Assistance (PPU 065),,directory_requires_review,
institution:ati-schedule-i-department-of-citizenship-and-immigration:IRCC PPU 066,IRCC PPU 066,Protected Persons Status Documents (PPU 066),,directory_requires_review,
institution:ati-schedule-i-department-of-citizenship-and-immigration:IRCC PPU 067,IRCC PPU 067,Permanent Resident Card (PPU 067),,directory_requires_review,
institution:ati-schedule-i-department-of-citizenship-and-immigration:IRCC PPU 068,IRCC PPU 068,Migration Control and Security Management (PPU 068),,directory_requires_review,
institution:ati-schedule-i-department-of-citizenship-and-immigration:IRCC PPU 072,IRCC PPU 072,Panel Member Management (PPU 072),,directory_requires_review,
institution:ati-schedule-i-department-of-citizenship-and-immigration:IRCC PPU 080,IRCC PPU 080,Certificates of Identity and Refugee Travel Documents (PPU 080),,directory_requires_review,
institution:ati-schedule-i-department-of-citizenship-and-immigration:IRCC PPU 081,IRCC PPU 081,Regular and Official Passports (PPU 081),passport|passport_reference,guided_and_directory,
institution:ati-schedule-i-department-of-citizenship-and-immigration:IRCC PPU 082,IRCC PPU 082,Security and Intelligence Case Management (PPU 082),,directory_requires_review,
institution:ati-schedule-i-department-of-citizenship-and-immigration:IRCC PPU 083,IRCC PPU 083,Council of Newcomers (PPU 083),,directory_requires_review,
institution:ati-schedule-i-department-of-citizenship-and-immigration:IRCC PPU 084,IRCC PPU 084,Prescribed Presence in the Workplace Monitoring Program (PPU 084),,directory_requires_review,
institution:ati-schedule-i-department-of-crown-indigenous-relations-and-northern-affairs:CIRNAC PPU 040,CIRNAC PPU 040,Management of Indian Residential Schools Records,,directory_requires_review,
institution:ati-schedule-i-department-of-crown-indigenous-relations-and-northern-affairs:CIRNAC PPU 010,CIRNAC PPU 010,Litigation Committee Records,,directory_requires_review,
institution:ati-schedule-i-department-of-crown-indigenous-relations-and-northern-affairs:CIRNAC PPU 030,CIRNAC PPU 030,Settlements,,directory_requires_review,
institution:ati-schedule-i-department-of-crown-indigenous-relations-and-northern-affairs:CIRNAC PPU 020,CIRNAC PPU 020,Nunavut Training,,directory_requires_review,
institution:ati-schedule-i-department-of-crown-indigenous-relations-and-northern-affairs:CIRNAC PPU 050,CIRNAC PPU 050,Research Document Collections,,directory_requires_review,
institution:ati-schedule-i-department-of-crown-indigenous-relations-and-northern-affairs:CIRNAC PPU 170,CIRNAC PPU 170,On-the-Job Training,,directory_requires_review,
institution:ati-schedule-i-department-of-crown-indigenous-relations-and-northern-affairs:CIRNAC PPU 136,CIRNAC PPU 136,Inuit Loan Fund,,directory_requires_review,
institution:ati-schedule-i-department-of-crown-indigenous-relations-and-northern-affairs:CIRNAC PPU 140,CIRNAC PPU 140,Small Business Loan Fund,,directory_requires_review,
institution:ati-schedule-i-department-of-crown-indigenous-relations-and-northern-affairs:CIRNAC PPU 806,CIRNAC PPU 806,Northern Mining Royalty Management,,directory_requires_review,
institution:ati-schedule-i-department-of-crown-indigenous-relations-and-northern-affairs:CIRNAC PPU 155,CIRNAC PPU 155,Prospectors' Assistance,,directory_requires_review,
institution:ati-schedule-i-department-of-crown-indigenous-relations-and-northern-affairs:CIRNAC PPU 300,CIRNAC PPU 300,Transfer Payments,,directory_requires_review,
institution:ati-schedule-i-department-of-crown-indigenous-relations-and-northern-affairs:CIRNAC PPU 250,CIRNAC PPU 250,Public Enquiries Contact Centre Call-Tracking System,,directory_requires_review,
institution:ati-schedule-i-department-of-crown-indigenous-relations-and-northern-affairs:CIRNAC PPE 802,CIRNAC PPE 802,"Centre for Integrity, Values and Conflict Resolution Case Files",,directory_requires_review,
institution:ati-schedule-i-department-of-crown-indigenous-relations-and-northern-affairs:CIRNAC PSU 941,CIRNAC PSU 941,Internal Audit,,directory_requires_review,
institution:ati-schedule-i-department-of-crown-indigenous-relations-and-northern-affairs:CIRNAC PPU 151,CIRNAC PPU 151,Allegations and Complaints,,directory_requires_review,
institution:ati-schedule-i-department-of-crown-indigenous-relations-and-northern-affairs:RCAANC PCU 941,RCAANC PCU 941,,,directory_requires_review,purpose_missing|title_needs_review
institution:ati-schedule-i-department-of-employment-and-social-development:ESDC PPU 291,ESDC PPU 291,Canadian Benefit for Parents of Young Victims of Crime (PIB),,directory_requires_review,
institution:ati-schedule-i-department-of-employment-and-social-development:ESDC PPU 650,ESDC PPU 650,Canada's Volunteer Awards (PIB),,directory_requires_review,
institution:ati-schedule-i-department-of-employment-and-social-development:ESDC PPU 038,ESDC PPU 038,Canada Disability Savings Program (PIB),rdsp,guided_and_directory,
institution:ati-schedule-i-department-of-employment-and-social-development:ESDC PPU 146,ESDC PPU 146,Canada Pension Plan Program (PIB),cpp,guided_and_directory,
institution:ati-schedule-i-department-of-employment-and-social-development:ESDC PPU 140,ESDC PPU 140,Canada Pension Plan - Record of Earnings (PIB),,directory_requires_review,
institution:ati-schedule-i-department-of-employment-and-social-development:ESDC PPU 649,ESDC PPU 649,Canada Pension Plan Program Investigations and Reviews (PIB),,directory_requires_review,
institution:ati-schedule-i-department-of-employment-and-social-development:ESDC PPU 116,ESDC PPU 116,Old Age Security (PIB),oas,guided_and_directory,
institution:ati-schedule-i-department-of-employment-and-social-development:ESDC PPU 336,ESDC PPU 336,Old Age Security Program Investigations and Reviews (PIB),,directory_requires_review,
institution:ati-schedule-i-department-of-employment-and-social-development:ESDC PPU 102,ESDC PPU 102,Universal Child Care Benefit (PIB),,directory_requires_review,
institution:ati-schedule-i-department-of-employment-and-social-development:ESDC PPU 395,ESDC PPU 395,Government Annuities (PIB),,directory_requires_review,
institution:ati-schedule-i-department-of-employment-and-social-development:ESDC PPU 171,ESDC PPU 171,Employment Insurance Program Investigation (PIB),,directory_requires_review,
institution:ati-schedule-i-department-of-employment-and-social-development:ESDC PPU 118,ESDC PPU 118,Social Insurance Number Investigations and Reviews (PIB),,directory_requires_review,
institution:ati-schedule-i-department-of-employment-and-social-development:ESDC PPU 506,ESDC PPU 506,Canada Education Savings Program (PIB),resp,guided_and_directory,
institution:ati-schedule-i-department-of-employment-and-social-development:ESDC PPU 151,ESDC PPU 151,Employment Insurance Claim Files (PIB),,directory_requires_review,
institution:ati-schedule-i-department-of-employment-and-social-development:ESDC PPU 030,ESDC PPU 030,Canada Student Financial Assistance Program (PIB),student_finance,guided_and_directory,
institution:ati-schedule-i-department-of-employment-and-social-development:ESDC PPU 709,ESDC PPU 709,Canada Apprentice Loans (PIB),,directory_requires_review,
institution:ati-schedule-i-department-of-employment-and-social-development:ESDC PPU 297,ESDC PPU 297,Apprenticeship Incentive Grant (PIB),,directory_requires_review,
institution:ati-schedule-i-department-of-employment-and-social-development:ESDC PPU 299,ESDC PPU 299,Apprenticeship Completion Grant (PIB),,directory_requires_review,
institution:ati-schedule-i-department-of-employment-and-social-development:ESDC PPU 390,ESDC PPU 390,Social Insurance Number Register (PIB),sin,guided_and_directory,
institution:ati-schedule-i-department-of-employment-and-social-development:ESDC PPU 180,ESDC PPU 180,Benefit and Overpayment File (PIB),,directory_requires_review,
institution:ati-schedule-i-department-of-employment-and-social-development:ESDC PPU 155,ESDC PPU 155,Employment Insurance Bi-Weekly Claimant's Report (PIB),,directory_requires_review,
institution:ati-schedule-i-department-of-employment-and-social-development:ESDC PPU 385,ESDC PPU 385,Record of Employment (PIB),,directory_requires_review,
institution:ati-schedule-i-department-of-employment-and-social-development:ESDC PPU 501,ESDC PPU 501,Employment Insurance Databank (PIB),,directory_requires_review,
institution:ati-schedule-i-department-of-employment-and-social-development:ESDC PPU 150,ESDC PPU 150,Insurance Claim File (PIB),ei,guided_and_directory,
institution:ati-schedule-i-department-of-employment-and-social-development:ESDC PPU 170,ESDC PPU 170,Interstate Employment Insurance Claims (PIB),,directory_requires_review,
institution:ati-schedule-i-department-of-employment-and-social-development:ESDC PPU 281,ESDC PPU 281,Listing of Employees by Nominal Roll (PIB),,directory_requires_review,
institution:ati-schedule-i-department-of-employment-and-social-development:ESDC PPU 323,ESDC PPU 323,Registration for the Employment Insurance Measure for Self-Employed People (PIB),,directory_requires_review,
institution:ati-schedule-i-department-of-employment-and-social-development:ESDC PPU 295,ESDC PPU 295,Additional Labour Market Initiatives (PIB),,directory_requires_review,
institution:ati-schedule-i-department-of-employment-and-social-development:ESDC PPU 302,ESDC PPU 302,Employment Insurance Premium Reduction Program (PIB),,directory_requires_review,
institution:ati-schedule-i-department-of-employment-and-social-development:ESDC PPU 717,ESDC PPU 717,Indigenous Skills and Employment Training Program (PIB),,directory_requires_review,
institution:ati-schedule-i-department-of-employment-and-social-development:ESDC PPU 711,ESDC PPU 711,Job Bank (PIB),,directory_requires_review,
institution:ati-schedule-i-department-of-employment-and-social-development:ESDC PPU 293,ESDC PPU 293,"Employment Benefits, Support Measures and Other Programs (PIB)",,directory_requires_review,
institution:ati-schedule-i-department-of-employment-and-social-development:ESDC PPU 300,ESDC PPU 300,Opportunities Fund for Persons with Disabilities (PIB),,directory_requires_review,
institution:ati-schedule-i-department-of-employment-and-social-development:ESDC PPU 703,ESDC PPU 703,Sectoral Workforce Solutions Program (PIB),,directory_requires_review,
institution:ati-schedule-i-department-of-employment-and-social-development:ESDC PPU 710,ESDC PPU 710,Skills and Partnership Fund (PIB),,directory_requires_review,
institution:ati-schedule-i-department-of-employment-and-social-development:ESDC PPU 440,ESDC PPU 440,Temporary Foreign Worker Program (PIB),,directory_requires_review,
institution:ati-schedule-i-department-of-employment-and-social-development:ESDC PPU 715,ESDC PPU 715,Temporary Foreign Worker Program Employer Compliance Reviews and Inspections (PIB),,directory_requires_review,
institution:ati-schedule-i-department-of-employment-and-social-development:ESDC PPU 303,ESDC PPU 303,Workforce Development Agreements (PIB),,directory_requires_review,
institution:ati-schedule-i-department-of-employment-and-social-development:ESDC PPU 706,ESDC PPU 706,Youth Employment and Skills Strategy (PIB),,directory_requires_review,
institution:ati-schedule-i-department-of-employment-and-social-development:ESDC PPU 705,ESDC PPU 705,Targeted Initiative for Older Workers (PIB),,directory_requires_review,
institution:ati-schedule-i-department-of-employment-and-social-development:ESDC PPU 730,ESDC PPU 730,International Mobility Programs Inspections (PIB),,directory_requires_review,
institution:ati-schedule-i-department-of-employment-and-social-development:ESDC PPU 301,ESDC PPU 301,Civil Service Insurance (PIB),,directory_requires_review,
institution:ati-schedule-i-department-of-employment-and-social-development:ESDC PPU 716,ESDC PPU 716,First Nations Job Fund (PIB),,directory_requires_review,
institution:ati-schedule-i-department-of-employment-and-social-development:ESDC PPU 032,ESDC PPU 032,Federal Worker's Compensation (PIB),,directory_requires_review,
institution:ati-schedule-i-department-of-employment-and-social-development:ESDC PPU 037,ESDC PPU 037,Compensation Program for Survivors of Employees Slain on Duty (PIB),,directory_requires_review,
institution:ati-schedule-i-department-of-employment-and-social-development:ESDC PPU 034,ESDC PPU 034,Compensation Program for Inmates of Federal Penitentiaries (PIB),,directory_requires_review,
institution:ati-schedule-i-department-of-employment-and-social-development:ESDC PPU 033,ESDC PPU 033,Compensation Program for Merchant Seamen (PIB),,directory_requires_review,
institution:ati-schedule-i-department-of-employment-and-social-development:ESDC PPU 036,ESDC PPU 036,Conciliation Commissioner and Board Members Files (PIB),,directory_requires_review,
institution:ati-schedule-i-department-of-employment-and-social-development:ESDC PPU 050,ESDC PPU 050,Federal Mediation and Conciliation Service (PIB),,directory_requires_review,
institution:ati-schedule-i-department-of-employment-and-social-development:ESDC PPU 728,ESDC PPU 728,"Workplace Information, Collective Bargaining and Labour Organization Contacts (PIB)",,directory_requires_review,
institution:ati-schedule-i-department-of-employment-and-social-development:ESDC PPU 006,ESDC PPU 006,"Canada Labour Code*, Part III - Labour Standards (PIB)",,directory_requires_review,
institution:ati-schedule-i-department-of-employment-and-social-development:ESDC PPU 041,ESDC PPU 041,"Unjust Dismissal and Genetic Testing Adjudicators, Grievance Arbitrators and Wage Recovery Referees (PIB)",,directory_requires_review,
institution:ati-schedule-i-department-of-employment-and-social-development:ESDC PPU 024,ESDC PPU 024,Canada Labour Code* Part II - Occupational Health and Safety (PIB),,directory_requires_review,
institution:ati-schedule-i-department-of-employment-and-social-development:ESDC PPU 098,ESDC PPU 098,Non-smokers' Health Act* (PIB),,directory_requires_review,
institution:ati-schedule-i-department-of-employment-and-social-development:ESDC PPU 035,ESDC PPU 035,Wage Earner Protection Program (PIB),,directory_requires_review,
institution:ati-schedule-i-department-of-employment-and-social-development:ESDC PPU 739,ESDC PPU 739,Workplace Equity (PIB),,directory_requires_review,
institution:ati-schedule-i-department-of-employment-and-social-development:ESDC PPU 701,ESDC PPU 701,Veterans Affairs Canada Program Delivery (PIB),,directory_requires_review,
institution:ati-schedule-i-department-of-employment-and-social-development:ESDC PPU 702,ESDC PPU 702,Processing and Payment Services (PIB),,directory_requires_review,
institution:ati-schedule-i-department-of-employment-and-social-development:ESDC PPU 680,ESDC PPU 680,My Service Canada Account (PIB),,directory_requires_review,
institution:ati-schedule-i-department-of-employment-and-social-development:ESDC PPU 681,ESDC PPU 681,My Service Canada Business Account (PIB),,directory_requires_review,
institution:ati-schedule-i-department-of-employment-and-social-development:ESDC PPU 729,ESDC PPU 729,Call Centre Operations (PIB),,directory_requires_review,
institution:ati-schedule-i-department-of-employment-and-social-development:ESDC PPU 708,ESDC PPU 708,Passport Program (PIB),passport_service_canada,guided_and_directory,
institution:ati-schedule-i-department-of-employment-and-social-development:ESDC PPU 100,ESDC PPU 100,Common Experience Payment (PIB),,directory_requires_review,
institution:ati-schedule-i-department-of-employment-and-social-development:ESDC PPU 712,ESDC PPU 712,Canadian Dental Care Plan (CoR),,directory_requires_review,
institution:ati-schedule-i-department-of-employment-and-social-development:ESDC PPU 700,ESDC PPU 700,Saba Learning Platform for Non-ESDC Employees (PIB),,directory_requires_review,
institution:ati-schedule-i-department-of-employment-and-social-development:ESDC PPE 718,ESDC PPE 718,Prescribed Presence in the Workplace - Low Onsite Connectivity (PIB),,directory_requires_review,
institution:ati-schedule-i-department-of-the-environment:EC PPU 333,EC PPU 333,Title:** Science Horizons Youth Internship Program,,directory_requires_review,
institution:ati-schedule-i-department-of-the-environment:EC PPU 332,EC PPU 332,Title:** Environmental Damages Fund,,directory_requires_review,
institution:ati-schedule-i-department-of-the-environment:EC PPU 122,EC PPU 122,Title:** Federal identification registry for storage tank systems (FIRSTS),,directory_requires_review,
institution:ati-schedule-i-department-of-the-environment:EC PPU 331,EC PPU 331,Title:** Management of toxic substances,,directory_requires_review,
institution:ati-schedule-i-department-of-the-environment:EC PPU 311,EC PPU 311,Title:** Disposal at Sea Program,,directory_requires_review,
institution:ati-schedule-i-department-of-the-environment:EC PPU 251,EC PPU 251,Title:** Compliance Promotion and Enforcement,,directory_requires_review,
institution:ati-schedule-i-department-of-the-environment:EC PPU 133,EC PPU 133,Title:** Tetrachloroethylene (PERC) compliance,,directory_requires_review,
institution:ati-schedule-i-department-of-the-environment:EC PPU 033,EC PPU 033,Title:** Stratospheric ozone - Ozone Protection Program,,directory_requires_review,
institution:ati-schedule-i-department-of-the-environment:EC PPU 005,EC PPU 005,Title:** Wildlife permit information,,directory_requires_review,
institution:ati-schedule-i-department-of-the-environment:EC PPU 006,EC PPU 006,Title:** Migratory Birds Permit Information,,directory_requires_review,
institution:ati-schedule-i-department-of-the-environment:EC PPU 141,EC PPU 141,Title:** Ecological Gifts Program,,directory_requires_review,
institution:ati-schedule-i-department-of-the-environment:EC PPU 010,EC PPU 010,Title:** Applications for research science grants,,directory_requires_review,
institution:ati-schedule-i-department-of-the-environment:EC PPU 025,EC PPU 025,Title:** Applications for ECCC Atmospheric and Meteorological Undergraduate Supplement,,directory_requires_review,
institution:ati-schedule-i-department-of-the-environment:EC PPU 020,EC PPU 020,Title:** Applications for ECCC atmospheric and meteorological graduate supplement,,directory_requires_review,
institution:ati-schedule-i-department-of-the-environment:EC PPU 015,EC PPU 015,Title:** Applications for visiting fellowship awards,,directory_requires_review,
institution:ati-schedule-i-department-of-the-environment:EC PPU 341,EC PPU 341,Title:** Great Lakes Basin Monitoring and Surveillance program,,directory_requires_review,
institution:ati-schedule-i-department-of-finance:FIN PPU 100,FIN PPU 100,Tax Data - Evaluation and Formulation of Fiscal Policy,,directory_requires_review,
institution:ati-schedule-i-department-of-finance:FIN PPU 200,FIN PPU 200,Operationalization of the *Retail Payment Activities Act,,directory_requires_review,
institution:ati-schedule-i-department-of-finance:FIN PPU 300,FIN PPU 300,Information Sharing under section 53.32 of the Proceeds of Crime (Money Laundering) and Terrorist Financing Act (PCMLTFA),,directory_requires_review,
institution:ati-schedule-i-department-of-fisheries-and-oceans:DFO PPU 100,DFO PPU 100,"Application and Licencing Process to Fish, Harvest or Relay in a Contaminated Area",,directory_requires_review,
institution:ati-schedule-i-department-of-fisheries-and-oceans:DFO PPU 020,DFO PPU 020,Aquaculture Collaborative Research and Development Program (ACRDP),,directory_requires_review,
institution:ati-schedule-i-department-of-fisheries-and-oceans:DFO PPU 130,DFO PPU 130,Aquaculture Licensing,,directory_requires_review,
institution:ati-schedule-i-department-of-fisheries-and-oceans:DFO PPU 343,DFO PPU 343,Atlantic Salmon Recreation Fishery Licence Stub Return Project,,directory_requires_review,
institution:ati-schedule-i-department-of-fisheries-and-oceans:DFO PPU 080,DFO PPU 080,Canada's Catch Certification Program,,directory_requires_review,
institution:ati-schedule-i-department-of-fisheries-and-oceans:DFO PPU 331,DFO PPU 331,Canadian Hydrographic Services and Products,,directory_requires_review,
institution:ati-schedule-i-department-of-fisheries-and-oceans:DFO PPU 410,DFO PPU 410,"Commercial Fishing Registration Cards, Certificates, Permits and Licence Information",,directory_requires_review,
institution:ati-schedule-i-department-of-fisheries-and-oceans:DFO PPU 155,DFO PPU 155,Conservation and Protection Ride-Along Program,,directory_requires_review,
institution:ati-schedule-i-department-of-fisheries-and-oceans:DFO PPU 780,DFO PPU 780,Convention on International Trade of Endangered Species (CITES) Permits,,directory_requires_review,
institution:ati-schedule-i-department-of-fisheries-and-oceans:DFO PPU 010,DFO PPU 010,Designation of At-Sea Observers and At-Sea Observer Companies,,directory_requires_review,
institution:ati-schedule-i-department-of-fisheries-and-oceans:DFO PPU 015,DFO PPU 015,Designation of Dockside Observers and Dockside Monitoring Companies,,directory_requires_review,
institution:ati-schedule-i-department-of-fisheries-and-oceans:DFO PPU 060,DFO PPU 060,Dockside Monitoring Program,,directory_requires_review,
institution:ati-schedule-i-department-of-fisheries-and-oceans:DFO PPU 036,DFO PPU 036,Financial Relief for Fishers,,directory_requires_review,
institution:ati-schedule-i-department-of-fisheries-and-oceans:DFO PPU 340,DFO PPU 340,Fish Health Officials,,directory_requires_review,
institution:ati-schedule-i-department-of-fisheries-and-oceans:DFO PPU 435,DFO PPU 435,Fisheries Improvement Loan Program,,directory_requires_review,
institution:ati-schedule-i-department-of-fisheries-and-oceans:DFO PPU 040,DFO PPU 040,Fishery Guardian Services,,directory_requires_review,
institution:ati-schedule-i-department-of-fisheries-and-oceans:DFO PPU 050,DFO PPU 050,Fishery Officer Cadet Records,,directory_requires_review,
institution:ati-schedule-i-department-of-fisheries-and-oceans:DFO PPU 490,DFO PPU 490,Fishing Licence Appeal Boards,,directory_requires_review,
institution:ati-schedule-i-department-of-fisheries-and-oceans:DFO PPU 047,DFO PPU 047,Grant and Contribution Initiatives,,directory_requires_review,
institution:ati-schedule-i-department-of-fisheries-and-oceans:DFO PPU 680,DFO PPU 680,Habitat Management Referrals and Notifications,,directory_requires_review,
institution:ati-schedule-i-department-of-fisheries-and-oceans:DFO PPU 070,DFO PPU 070,Harbour Authorities,,directory_requires_review,
institution:ati-schedule-i-department-of-fisheries-and-oceans:DFO PPU 275,DFO PPU 275,Harbour Authority Recognition Program,,directory_requires_review,
institution:ati-schedule-i-department-of-fisheries-and-oceans:DFO PPU 270,DFO PPU 270,Harbour Managers,,directory_requires_review,
institution:ati-schedule-i-department-of-fisheries-and-oceans:DFO PPU 045,DFO PPU 045,Ice Assistance Emergency Program,,directory_requires_review,
institution:ati-schedule-i-department-of-fisheries-and-oceans:DFO PPU 325,DFO PPU 325,Integrated Science Advisory System,,directory_requires_review,
institution:ati-schedule-i-department-of-fisheries-and-oceans:DFO PPU 095,DFO PPU 095,Introductions and Transfers of Live Aquatic Organisms,,directory_requires_review,
institution:ati-schedule-i-department-of-fisheries-and-oceans:DFO PPU 085,DFO PPU 085,"Licence to Fish for Experimental, Scientific, Educational, Aquatic Invasive Species Control, or Public Display Purposes",,directory_requires_review,
institution:ati-schedule-i-department-of-fisheries-and-oceans:DFO PPU 320,DFO PPU 320,Manuscript Reviews,,directory_requires_review,
institution:ati-schedule-i-department-of-fisheries-and-oceans:DFO PPU 165,DFO PPU 165,Marine Mammal Fishing Licences,,directory_requires_review,
institution:ati-schedule-i-department-of-fisheries-and-oceans:DFO PPU 145,DFO PPU 145,Marine Mammal Transportation Licences (MMTL),,directory_requires_review,
institution:ati-schedule-i-department-of-fisheries-and-oceans:DFO PPU 500,DFO PPU 500,Marine Protected Area Activity Applications,,directory_requires_review,
institution:ati-schedule-i-department-of-fisheries-and-oceans:DFO PPU 055,DFO PPU 055,Monitoring at Sea Using At-Sea Observers or Electronic Monitors (EM),,directory_requires_review,
institution:ati-schedule-i-department-of-fisheries-and-oceans:DFO PPU 125,DFO PPU 125,National Fisheries Aerial Surveillance Program,,directory_requires_review,
institution:ati-schedule-i-department-of-fisheries-and-oceans:DFO PPU 140,DFO PPU 140,National Fisheries Intelligence Service,,directory_requires_review,
institution:ati-schedule-i-department-of-fisheries-and-oceans:DFO PPU 415,DFO PPU 415,"Nationally Regulated Recreational, Domestic, and Sport Fishing",,directory_requires_review,
institution:ati-schedule-i-department-of-fisheries-and-oceans:DFO PPU 411,DFO PPU 411,Possession and Export of Elver Licences Information,,directory_requires_review,
institution:ati-schedule-i-department-of-fisheries-and-oceans:DFO PPU 090,DFO PPU 090,Prince Edward Island (PEI) Aquaculture Leasing,,directory_requires_review,
institution:ati-schedule-i-department-of-fisheries-and-oceans:DFO PPU 110,DFO PPU 110,Psychological Assessments of Fishery Officers in Armed Enforcement Positions,,directory_requires_review,
institution:ati-schedule-i-department-of-fisheries-and-oceans:DFO PPU 075,DFO PPU 075,Reporting a Suspected Fishery-related Occurrence by a Member of the Public through DFO's Phone or Online Reporting Mechanisms,,directory_requires_review,
institution:ati-schedule-i-department-of-fisheries-and-oceans:DFO PPU 135,DFO PPU 135,Seal Fishery Observation Licence to Observe a Seal Hunt,,directory_requires_review,
institution:ati-schedule-i-department-of-fisheries-and-oceans:DFO PPU 770,DFO PPU 770,Species at Risk Act (SARA) Permits,,directory_requires_review,
institution:ati-schedule-i-department-of-fisheries-and-oceans:DFO PPU 005,DFO PPU 005,Timothy R. Parsons Medal,,directory_requires_review,
institution:ati-schedule-i-department-of-fisheries-and-oceans:DFO PPU 790,DFO PPU 790,Uniforms,,directory_requires_review,
institution:ati-schedule-i-department-of-fisheries-and-oceans:DFO PPU 065,DFO PPU 065,Vessel Monitoring,,directory_requires_review,
institution:ati-schedule-i-department-of-fisheries-and-oceans:DFO PPU 460,DFO PPU 460,Violations under Canadian Fisheries and Fish Habitat Legislation,,directory_requires_review,
institution:ati-schedule-i-department-of-foreign-affairs-trade-and-development:GAC PPU 010,GAC PPU 010,Consular Affairs - Assistance to Canadians,consular_help,guided_and_directory,
institution:ati-schedule-i-department-of-foreign-affairs-trade-and-development:GAC PPU 032,GAC PPU 032,Financial Assistance for Distressed Canadians,,directory_requires_review,
institution:ati-schedule-i-department-of-foreign-affairs-trade-and-development:GAC PPU 005,GAC PPU 005,Consular Affairs - Citizenship,,directory_requires_review,
institution:ati-schedule-i-department-of-foreign-affairs-trade-and-development:GAC PPU 031,GAC PPU 031,Daily Travel Updates,,directory_requires_review,
institution:ati-schedule-i-department-of-foreign-affairs-trade-and-development:GAC PPU 911,GAC PPU 911,International Scholarships Program (ISP),,directory_requires_review,
institution:ati-schedule-i-department-of-foreign-affairs-trade-and-development:GAC PPU 907,GAC PPU 907,Members of the Diplomatic Corps in Canada,,directory_requires_review,
institution:ati-schedule-i-department-of-foreign-affairs-trade-and-development:GAC PPU 910,GAC PPU 910,Official Events,,directory_requires_review,
institution:ati-schedule-i-department-of-foreign-affairs-trade-and-development:GAC PPU 904,GAC PPU 904,Summits,,directory_requires_review,
institution:ati-schedule-i-department-of-foreign-affairs-trade-and-development:GAC PPU 101,GAC PPU 101,Investor Information,,directory_requires_review,
institution:ati-schedule-i-department-of-foreign-affairs-trade-and-development:GAC PPU 906,GAC PPU 906,Office of the Extractive Sector Corporate Social Responsibility Counsellor,,directory_requires_review,
institution:ati-schedule-i-department-of-foreign-affairs-trade-and-development:GAC PPU 015,GAC PPU 015,Inventory of Individuals Interested in Contracting with GAC as Cooperants in a Developing Country,,directory_requires_review,
institution:ati-schedule-i-department-of-foreign-affairs-trade-and-development:GAC PPU 016,GAC PPU 016,Files and Records of Foreign Student Scholarship Holders,,directory_requires_review,
institution:ati-schedule-i-department-of-foreign-affairs-trade-and-development:GAC PPU 908,GAC PPU 908,Training for Spouses or Common-Law Partners of Government of Canada Employees,,directory_requires_review,
institution:ati-schedule-i-department-of-foreign-affairs-trade-and-development:GAC PPE 701,GAC PPE 701,Personnel Administration: Non Foreign Affairs Appointments,,directory_requires_review,
institution:ati-schedule-i-department-of-foreign-affairs-trade-and-development:GAC PPE 802,GAC PPE 802,Security and Personal Safety of Employees,,directory_requires_review,
institution:ati-schedule-i-department-of-foreign-affairs-trade-and-development:GAC PPU 045,GAC PPU 045,Information Related to Employment Support for Spouses or Common-law Partners of Rotational Employees,,directory_requires_review,
institution:ati-schedule-i-department-of-foreign-affairs-trade-and-development:AMC PPU 950,AMC PPU 950,,,directory_requires_review,purpose_missing|title_needs_review
institution:ati-schedule-i-department-of-foreign-affairs-trade-and-development:AMC PPU 953,AMC PPU 953,,,directory_requires_review,population_missing|purpose_missing|title_needs_review
institution:ati-schedule-i-department-of-foreign-affairs-trade-and-development:AMC PPU 952,AMC PPU 952,,,directory_requires_review,population_missing|purpose_missing|title_needs_review
institution:ati-schedule-i-department-of-health:HC PPU 051,HC PPU 051,Consultation on Health Protection Legislation,health_consultation,guided_and_directory,
institution:ati-schedule-i-department-of-health:HC PPU 420,HC PPU 420,Home Care Study,,directory_requires_review,
institution:ati-schedule-i-department-of-health:HC PPU 421,HC PPU 421,Postgraduate Medical Training in the United States,,directory_requires_review,
institution:ati-schedule-i-department-of-health:HC PPU 422,HC PPU 422,Financial Support Programs for Canadian Thalidomide Survivors,,directory_requires_review,
institution:ati-schedule-i-department-of-health:HC PPU 438,HC PPU 438,Investigating Allegations of Breaches of Scientific Integrity,,directory_requires_review,
institution:ati-schedule-i-department-of-health:HC PPU 440,HC PPU 440,Canadian Dental Care Plan,dental_plan,guided_and_directory,
institution:ati-schedule-i-department-of-health:HC PPU 435,HC PPU 435,Monitoring of Medical Assistance in Dying,,directory_requires_review,
institution:ati-schedule-i-department-of-health:HC PPU 036,HC PPU 036,Child Acute Respiratory Effects Study,,directory_requires_review,
institution:ati-schedule-i-department-of-health:HC PPU 089,HC PPU 089,Children's Respiratory Health Study,,directory_requires_review,
institution:ati-schedule-i-department-of-health:HC PPU 314,HC PPU 314,Research into the Health Effects of Air Pollution,,directory_requires_review,
institution:ati-schedule-i-department-of-health:HC PPU 417,HC PPU 417,Canada Vigilance Adverse Reaction Program,,directory_requires_review,
institution:ati-schedule-i-department-of-health:HC PPU 436,HC PPU 436,Border Program,,directory_requires_review,
institution:ati-schedule-i-department-of-health:HC PPU 408,HC PPU 408,Compliance and Enforcement - Biologics & Radiopharmaceuticals,,directory_requires_review,
institution:ati-schedule-i-department-of-health:HC PPU 411,HC PPU 411,Food and Drugs Act Liaison Office,,directory_requires_review,
institution:ati-schedule-i-department-of-health:HC PPU 073,HC PPU 073,Authorizations for marihuana for medical purposes,,directory_requires_review,
institution:ati-schedule-i-department-of-health:HC PPU 439,HC PPU 439,"Licences, Permits and Other Authorizations under the *Cannabis Act",,directory_requires_review,
institution:ati-schedule-i-department-of-health:HC PPU 442,HC PPU 442,Supervised Consumption Sites,,directory_requires_review,
institution:ati-schedule-i-department-of-health:HC PPU 416,HC PPU 416,Requests for Disclosure of Confidential Business Information,,directory_requires_review,
institution:ati-schedule-i-department-of-health:HC PPU 088,HC PPU 088,Branch Incident Reporting,,directory_requires_review,
institution:ati-schedule-i-department-of-health:HC PPU 402,HC PPU 402,Compliance and Enforcement - Pest Control Products,,directory_requires_review,
institution:ati-schedule-i-department-of-health:HC PPU 074,HC PPU 074,Production of Cannabis for Own Medical Purposes Registration Program,,directory_requires_review,
institution:ati-schedule-i-department-of-health:HC PPU 060,HC PPU 060,Methadone Program,,directory_requires_review,
institution:ati-schedule-i-department-of-health:HC PPU 045,HC PPU 045,Monthly Activities Reports and Annual Reports of Licensed Dealers,,directory_requires_review,
institution:ati-schedule-i-department-of-health:HC PPU 040,HC PPU 040,Subsection 56(1) Exemptions under the *Controlled Drugs and Substances Act,,directory_requires_review,
institution:ati-schedule-i-department-of-health:HC PPU 434,HC PPU 434,Loss or Theft of Controlled Substances and Precursors,,directory_requires_review,
institution:ati-schedule-i-department-of-health:HC PPU 448,HC PPU 448,Licenses and Registration of Controlled Substances and Precursor Chemicals under the *Controlled Drugs and Substances Act* (CDSA),,directory_requires_review,
institution:ati-schedule-i-department-of-health:HC PPU 447,HC PPU 447,Reporting of suspicious transactions for controlled substances and precursors chemicals,,directory_requires_review,
institution:ati-schedule-i-department-of-health:HC PPU 443,HC PPU 443,Status Confirmation Service,,directory_requires_review,
institution:ati-schedule-i-department-of-health:HC PPU 449,HC PPU 449,Seizure and Disposition Reporting,,directory_requires_review,
institution:ati-schedule-i-department-of-health:HC PPU 444,HC PPU 444,Botulism Reference Service for Canada,,directory_requires_review,
institution:ati-schedule-i-department-of-health:HC PPU 076,HC PPU 076,Great Lakes Health Effects Cohort Study,,directory_requires_review,
institution:ati-schedule-i-department-of-health:HC PPU 079,HC PPU 079,Fish & Wildlife Nutrition Project in Areas of Concern,,directory_requires_review,
institution:ati-schedule-i-department-of-health:HC PPU 037,HC PPU 037,Ontario Farm Family Health Study,,directory_requires_review,
institution:ati-schedule-i-department-of-health:HC PPU 035,HC PPU 035,Pesticide Exposure Assessment Pilot Study,,directory_requires_review,
institution:ati-schedule-i-department-of-health:HC PPU 084,HC PPU 084,St. Lawrence Vision 2000 Health Components Project,,directory_requires_review,
institution:ati-schedule-i-department-of-health:HC PPU 005,HC PPU 005,Technical Support Files,,directory_requires_review,
institution:ati-schedule-i-department-of-health:HC PPU 200,HC PPU 200,Research into the Effects of Chemicals on Humans,,directory_requires_review,
institution:ati-schedule-i-department-of-health:HC PPU 409,HC PPU 409,Scientific Review and Evaluation Experts,,directory_requires_review,
institution:ati-schedule-i-department-of-health:HC PPU 415,HC PPU 415,Medical Devices Problem Reporting Program,,directory_requires_review,
institution:ati-schedule-i-department-of-health:HC PPU 430,HC PPU 430,Special Access Program - Medical Devices,,directory_requires_review,
institution:ati-schedule-i-department-of-health:HC PPU 405,HC PPU 405,Compliance and Enforcement - Medical Devices,,directory_requires_review,
institution:ati-schedule-i-department-of-health:HC PPU 406,HC PPU 406,Compliance and Enforcement - Natural Health Products,,directory_requires_review,
institution:ati-schedule-i-department-of-health:HC PPU 315,HC PPU 315,Pesticide Incident Reporting,,directory_requires_review,
institution:ati-schedule-i-department-of-health:HC PPU 414,HC PPU 414,"Special Access Program - Pharmaceuticals, Biologic and Radio-Pharmaceuticals",,directory_requires_review,
institution:ati-schedule-i-department-of-health:HC PPU 445,HC PPU 445,Veterinary Health Products Notification Program,,directory_requires_review,
institution:ati-schedule-i-department-of-health:HC PPU 407,HC PPU 407,Compliance and Enforcement - Pharmaceutical Drugs,,directory_requires_review,
institution:ati-schedule-i-department-of-health:HC PPU 450,HC PPU 450,Biocides Compliance and Enforcement,,directory_requires_review,
institution:ati-schedule-i-department-of-health:HC PPU 312,HC PPU 312,Biological Dosimetry Service,,directory_requires_review,
institution:ati-schedule-i-department-of-health:HC PPU 310,HC PPU 310,Biological and Other Research Related to Radiation,,directory_requires_review,
institution:ati-schedule-i-department-of-health:HC PPU 080,HC PPU 080,National Dose Registry (NDR) for Occupational Exposures,,directory_requires_review,
institution:ati-schedule-i-department-of-health:HC PPU 431,HC PPU 431,National Dosimetry Services (NDS) Division,,directory_requires_review,
institution:ati-schedule-i-department-of-health:HC PCE 701,HC PCE 701,Public Service Occupational Health Program,,directory_requires_review,
institution:ati-schedule-i-department-of-health:HC PCU 705,HC PCU 705,Employee Assistance Services,,directory_requires_review,
institution:ati-schedule-i-department-of-health:HC PPU 921,HC PPU 921,Peer Support Program,,directory_requires_review,
institution:ati-schedule-i-department-of-health:HC PPU 446,HC PPU 446,Internationally Protected Persons Program,,directory_requires_review,
institution:ati-schedule-i-department-of-health:HC PPU 022,HC PPU 022,Nurse and Healthcare Practitioner Practice and Standards Reviews,,directory_requires_review,
institution:ati-schedule-i-department-of-health:HC PPU 038,HC PPU 038,Case-Control Study on Passive Smoking and Lung Cancer,,directory_requires_review,
institution:ati-schedule-i-department-of-health:HC PPU 410,HC PPU 410,Outreach Activities Related to Tobacco and Vaping Products,,directory_requires_review,
institution:ati-schedule-i-department-of-health:HC PPU 305,HC PPU 305,"Tobacco Labelling Licenses Agreements, Authorization and Consent Forms",,directory_requires_review,
institution:ati-schedule-i-department-of-health:HC PPU 432,HC PPU 432,Tobacco and Vaping Product Research,,directory_requires_review,
institution:ati-schedule-i-department-of-health:HC PPU 433,HC PPU 433,"Tobacco and Vaping Products Compliance, Monitoring and Enforcement",,directory_requires_review,
institution:ati-schedule-i-department-of-housing-infrastructure-and-communities:HICC PPU 005,HICC PPU 005,"Housing, Infrastructure and Communities Canada Grants and Contributions",,directory_requires_review,
institution:ati-schedule-i-department-of-housing-infrastructure-and-communities:HICC PPE 005,HICC PPE 005,"Housing, Infrastructure and Communities Canada Hybrid Monitoring and Reporting",,directory_requires_review,
institution:ati-schedule-i-department-of-housing-infrastructure-and-communities:HICC PPU 010,HICC PPU 010,Research and Knowledge Initiative,,directory_requires_review,
institution:ati-schedule-i-department-of-housing-infrastructure-and-communities:HICC PPU 015,HICC PPU 015,"Housing, Infrastructure and Communities Canada Staffing",,directory_requires_review,
institution:ati-schedule-i-department-of-indigenous-services:ISC PPU 016,ISC PPU 016,Health Information and Claims Processing,,directory_requires_review,
institution:ati-schedule-i-department-of-indigenous-services:ISC PPU 017,ISC PPU 017,Status verification,,directory_requires_review,
institution:ati-schedule-i-department-of-indigenous-services:ISC PPU 401,ISC PPU 401,Medical Transportation Benefits,,directory_requires_review,
institution:ati-schedule-i-department-of-indigenous-services:ISC PPU 014,ISC PPU 014,Clinical and client care,,directory_requires_review,
institution:ati-schedule-i-department-of-indigenous-services:ISC PPU 008,ISC PPU 008,Community Oral Health services,,directory_requires_review,
institution:ati-schedule-i-department-of-indigenous-services:ISC PPU 009,ISC PPU 009,Treaty Annuities,,directory_requires_review,
institution:ati-schedule-i-department-of-indigenous-services:ISC PPU 220,ISC PPU 220,Indian Genealogy,,directory_requires_review,
institution:ati-schedule-i-department-of-indigenous-services:ISC PPU 110,ISC PPU 110,Indian Register and Departmentally Administered Band Lists,,directory_requires_review,
institution:ati-schedule-i-department-of-indigenous-services:ISC PPU 121,ISC PPU 121,Band Fund Accounts,,directory_requires_review,
institution:ati-schedule-i-department-of-indigenous-services:ISC PPU 122,ISC PPU 122,Trust Fund Suspense Accounts,,directory_requires_review,
institution:ati-schedule-i-department-of-indigenous-services:ISC PPU 125,ISC PPU 125,Individual Trust Fund Accounts,,directory_requires_review,
institution:ati-schedule-i-department-of-indigenous-services:ISC PPU 105,ISC PPU 105,First Nations Estates,first_nations_estate,guided_and_directory,
institution:ati-schedule-i-department-of-indigenous-services:ISC PPU 230,ISC PPU 230,Per Capita Distributions,,directory_requires_review,
institution:ati-schedule-i-department-of-indigenous-services:ISC PPU 019,ISC PPU 019,Home and Community Care,,directory_requires_review,
institution:ati-schedule-i-department-of-indigenous-services:ISC PPU 021,ISC PPU 021,Methylmercury levels in First Nations and Inuit peoples in Canada,,directory_requires_review,
institution:ati-schedule-i-department-of-indigenous-services:ISC PPU 400,ISC PPU 400,Environmental public health,,directory_requires_review,
institution:ati-schedule-i-department-of-indigenous-services:ISC PPU 023,ISC PPU 023,Communicable disease control and management,,directory_requires_review,
institution:ati-schedule-i-department-of-indigenous-services:ISC PPU 604,ISC PPU 604,First Nations and Inuit Youth Employment Strategy,,directory_requires_review,
institution:ati-schedule-i-department-of-indigenous-services:ISC PPU 145,ISC PPU 145,Inuit Cultural Education Centre Grants,,directory_requires_review,
institution:ati-schedule-i-department-of-indigenous-services:ISC PPU 240,ISC PPU 240,Income assistance,,directory_requires_review,
institution:ati-schedule-i-department-of-indigenous-services:ISC PPU 215,ISC PPU 215,"The Assisted Living program is a component of Canada's social safety net meant to align with similar provincial and territorial programs. The objective of the Assisted Living program is that in-home, group-home and institutional care supports are accessible to eligible low-income individuals to help maintain their independence for as long as possible. This residency-based program provides funding to First Nations, provinces and Yukon Territory on an annual basis through negotiated funding agreements for non-medical social supports, as well as training and support for service delivery so that seniors and persons with disabilities can maintain functional independence within their home communities. There are 3 major components to the program: in-home care, adult foster care and institutional care. The Assisted Living program is available to all individuals ordinarily resident on reserve, who have been formally assessed by a health care professional, in a manner aligned with the relevant provincial or territorial legislation and standards as requiring services, and who do not have the financial means to obtain such services themselves.",,directory_requires_review,
institution:ati-schedule-i-department-of-indigenous-services:ISC PPU 210,ISC PPU 210,First Nations Child and Family Services,,directory_requires_review,
institution:ati-schedule-i-department-of-indigenous-services:ISC PPU 265,ISC PPU 265,Conference and forum nominees,,directory_requires_review,
institution:ati-schedule-i-department-of-indigenous-services:ISC PPU 500,ISC PPU 500,Band Governance Management,,directory_requires_review,
institution:ati-schedule-i-department-of-indigenous-services:ISC PPU 602,ISC PPU 602,Water and Wastewater Operators,,directory_requires_review,
institution:ati-schedule-i-department-of-indigenous-services:ISC PPU 005,ISC PPU 005,Indian and Inuit Off Reserve Housing Assistance Program,,directory_requires_review,
institution:ati-schedule-i-department-of-indigenous-services:ISC PPU 011,ISC PPU 011,On-Reserve Housing Program – Ministerial Loan Guarantee,on_reserve_loan,guided_and_directory,
institution:ati-schedule-i-department-of-indigenous-services:ISC PPU 901,ISC PPU 901,Aboriginal Business Development,,directory_requires_review,
institution:ati-schedule-i-department-of-indigenous-services:ISC PPU 300,ISC PPU 300,Transfer Payments,,directory_requires_review,
institution:ati-schedule-i-department-of-indigenous-services:ISC PPU 250,ISC PPU 250,Public Enquiries Contact Centre Call-Tracking System,,directory_requires_review,
institution:ati-schedule-i-department-of-indigenous-services:ISC PPE 802,ISC PPE 802,"Centre for Integrity, Values and Conflict Resolution case files",,directory_requires_review,
institution:ati-schedule-i-department-of-indigenous-services:ISC PPU 135,ISC PPU 135,Legal Assistance Related to Indian Residential Schools and Day Schools Litigation,,directory_requires_review,
institution:ati-schedule-i-department-of-indigenous-services:ISC PPU 151,ISC PPU 151,Allegations and complaints,,directory_requires_review,
institution:ati-schedule-i-department-of-industry:ISED PPU 083,ISED PPU 083,Spectrum/Telecommunications Workflow and Documentation Management Personal Information Bank,,directory_requires_review,
institution:ati-schedule-i-department-of-industry:ISED PPU 019,ISED PPU 019,Spectrum/Telecommunications Client Operation File (Radio Operator Certification Personal Information Bank,,directory_requires_review,
institution:ati-schedule-i-department-of-industry:ISED PPU 023,ISED PPU 023,Telecommunications Engineering and Certification Personal Information Bank,,directory_requires_review,
institution:ati-schedule-i-department-of-industry:ISED PPU 021,ISED PPU 021,Spectrum/Telecommunications Client Operation File (Radio Station/Spectrum Licensing) Personal Information Bank,,directory_requires_review,
institution:ati-schedule-i-department-of-industry:ISED PPU 067,ISED PPU 067,"CanCode, Digital Skills for Youth (DS4Y), Prime Minister's Awards (PMA), and Computers for Schools Intern (CFSI) Program",,directory_requires_review,
institution:ati-schedule-i-department-of-industry:ESDC PPU 706,ESDC PPU 706,Bank number**: ESDC PPU 706,,directory_requires_review,population_missing|purpose_missing|title_needs_review
institution:ati-schedule-i-department-of-industry:ISED PPU 001,ISED PPU 001,Prime Minister's Awards for Teaching Excellence and Prime Minister's Awards for Excellence in Early Childhood Education (ECE) Personal Information Bank,,directory_requires_review,
institution:ati-schedule-i-department-of-industry:ISED PPU 041,ISED PPU 041,Canadian Intellectual Property Office (CIPO) Personal Information Bank,,directory_requires_review,
institution:ati-schedule-i-department-of-industry:ISED PPU 034,ISED PPU 034,Competition Bureau Enquiries and Complaints Personal Information Bank,,directory_requires_review,
institution:ati-schedule-i-department-of-industry:ISED PPU 033,ISED PPU 033,Competition Bureau Digital Forensic Activity (Electronic Evidence Unit) Personal Information Bank,,directory_requires_review,
institution:ati-schedule-i-department-of-industry:ISED PPU 050,ISED PPU 050,Inquiries and Compliance Activities Personal Information Bank,,directory_requires_review,
institution:ati-schedule-i-department-of-industry:ISED PPU 049,ISED PPU 049,Notices of Directors of Corporations Personal Information Bank,,directory_requires_review,
institution:ati-schedule-i-department-of-industry:ISED PPU 051,ISED PPU 051,Beneficial Ownership Transparency Personal Information Bank,,directory_requires_review,
institution:ati-schedule-i-department-of-industry:ISED PPU 035,ISED PPU 035,Bankruptcy Detection/Investigation Files Personal Information Bank,,directory_requires_review,
institution:ati-schedule-i-department-of-industry:ISED PPU 061,ISED PPU 061,Fees and Levies Under the Bankruptcy and Insolvency Act Personal Information Bank,,directory_requires_review,
institution:ati-schedule-i-department-of-industry:ISED PPU 058,ISED PPU 058,Estate Files Under the Bankruptcy and Insolvency Act Personal Information Bank,,directory_requires_review,
institution:ati-schedule-i-department-of-industry:ISED PPU 059,ISED PPU 059,Trustee System Personal Information Bank,,directory_requires_review,
institution:ati-schedule-i-department-of-industry:IC PPU 036,IC PPU 036,Trustee Files Personal Information Bank,,directory_requires_review,
institution:ati-schedule-i-department-of-industry:IC PPU 401,IC PPU 401,Measurement Canada Complaints and Disputes Process Personal Information Bank,,directory_requires_review,
institution:ati-schedule-i-department-of-industry:ISED PPU 301,ISED PPU 301,Investment Canada Act* Reviews Personal Information Bank,,directory_requires_review,
institution:ati-schedule-i-department-of-industry:ISED PPU 201,ISED PPU 201,CDAP Clients and Digital Advisors Personal Information Bank,,directory_requires_review,
institution:ati-schedule-i-department-of-industry:ISED PPU 501,ISED PPU 501,Identity and Credential Management Personal Information Bank,,directory_requires_review,
institution:ati-schedule-i-department-of-justice:JUS PPU 135,JUS PPU 135,Allan Memorial Institute Depatterned Persons Assistance Plan,,directory_requires_review,
institution:ati-schedule-i-department-of-justice:JUS PPU 005,JUS PPU 005,Central Registry of Divorce Proceedings,,directory_requires_review,
institution:ati-schedule-i-department-of-justice:JUS PPU 010,JUS PPU 010,Legal Proceedings and Services,,directory_requires_review,
institution:ati-schedule-i-department-of-justice:JUS PPU 030,JUS PPU 030,Indigenous Justice Program,,directory_requires_review,
institution:ati-schedule-i-department-of-justice:JUS PPU 125,JUS PPU 125,Family Orders and Agreements Enforcement Assistance,,directory_requires_review,
institution:ati-schedule-i-department-of-justice:JUS PPU 160,JUS PPU 160,Federally Appointed Judges,,directory_requires_review,
institution:ati-schedule-i-department-of-justice:JUS PPU 150,JUS PPU 150,Garnishment Registry,,directory_requires_review,
institution:ati-schedule-i-department-of-justice:JUS PPU 165,JUS PPU 165,Grants and Contributions,,directory_requires_review,
institution:ati-schedule-i-department-of-justice:JUS PPU 035,JUS PPU 035,Financial Assistance for Individual Victims Under the Victims Fund,,directory_requires_review,
institution:ati-schedule-i-department-of-justice:JUS PPU 025,JUS PPU 025,Legal Agents,,directory_requires_review,
institution:ati-schedule-i-department-of-justice:JUS PPU 015,JUS PPU 015,Prosecution and Related Criminal Matters,,directory_requires_review,
institution:ati-schedule-i-department-of-justice:JUS PPU 020,JUS PPU 020,Recruitment and Staffing Activities Using Virtual Staffing Tools,,directory_requires_review,
institution:ati-schedule-i-department-of-justice:JUS PPE 005,JUS PPE 005,Employee Self-Identification and Self-Declaration,,directory_requires_review,
institution:ati-schedule-i-department-of-national-defence:DND PPU 050,DND PPU 050,Search and Rescue,search_rescue,guided_and_directory,
institution:ati-schedule-i-department-of-national-defence:DND PPE 823,DND PPE 823,Military Honours and Recognition,,directory_requires_review,purpose_missing
institution:ati-schedule-i-department-of-national-defence:DND PPU 839,DND PPU 839,"Information on Cadets (Air, Army, Sea) and Junior Canadian Rangers",,directory_requires_review,
institution:ati-schedule-i-department-of-national-defence:DND PPE 862,DND PPE 862,Canadian Defence Attaché Program,,directory_requires_review,
institution:ati-schedule-i-department-of-national-defence:DND PPE 822,DND PPE 822,Cadet Instructors Cadre Personal Information Bank,,directory_requires_review,
institution:ati-schedule-i-department-of-national-defence:DND PPE 816,DND PPE 816,Canadian Forces Employment Equity Program,,directory_requires_review,
institution:ati-schedule-i-department-of-national-defence:DND PPU 025,DND PPU 025,Enrolment,caf_application,guided_and_directory,
institution:ati-schedule-i-department-of-national-defence:DND PPU 880,DND PPU 880,Sexual Misconduct,,directory_requires_review,
institution:ati-schedule-i-department-of-national-defence:DND PPU 882,DND PPU 882,Restorative Services Program,,directory_requires_review,
institution:ati-schedule-i-department-of-national-defence:DND PPU 883,DND PPU 883,Independent Legal Assistance Program,,directory_requires_review,
institution:ati-schedule-i-department-of-national-defence:DND PPU 884,DND PPU 884,Peer Support Program,,directory_requires_review,
institution:ati-schedule-i-department-of-national-defence:DND PPU 898,DND PPU 898,"Health Services Professional Standards, Credentialing and Conduct",,directory_requires_review,
institution:ati-schedule-i-department-of-national-defence:DND PPE 811,DND PPE 811,Dental Records,,directory_requires_review,
institution:ati-schedule-i-department-of-national-defence:DND PPE 810,DND PPE 810,Medical Records,,directory_requires_review,
institution:ati-schedule-i-department-of-national-defence:DND PPE 812,DND PPE 812,Psychosocial Services,,directory_requires_review,
institution:ati-schedule-i-department-of-national-defence:DND PPU 819,DND PPU 819,Federal Health Claims Processing Service,,directory_requires_review,
institution:ati-schedule-i-department-of-national-defence:DND PPE 806,DND PPE 806,Optimizing Performance Force and Family (OPF2) Program,,directory_requires_review,
institution:ati-schedule-i-department-of-national-defence:DND PPU 881,DND PPU 881,1974 Valcartier Grenade Incident Program (VGIP),,directory_requires_review,
institution:ati-schedule-i-department-of-national-defence:DND PPU 870,DND PPU 870,Transition Services,,directory_requires_review,
institution:ati-schedule-i-department-of-national-defence:DND PPE 872,DND PPE 872,Casualty Identification Program (CasID),,directory_requires_review,
institution:ati-schedule-i-department-of-national-defence:DND PPU 873,DND PPU 873,Litigation Claims Processing Program,,directory_requires_review,
institution:ati-schedule-i-department-of-national-defence:DND PPE 817,DND PPE 817,Casualty Support Services,,directory_requires_review,
institution:ati-schedule-i-department-of-national-defence:DND PPU 809,DND PPU 809,Designation of Additional Dependants Remuneration Supplement Claims and Hospital/Medical Claims Outside of Canada,,directory_requires_review,
institution:ati-schedule-i-department-of-national-defence:DND PPU 876,DND PPU 876,Dependant Education Allowances,,directory_requires_review,
institution:ati-schedule-i-department-of-national-defence:DND PPE 814,DND PPE 814,Administrative Review Case Files,,directory_requires_review,
institution:ati-schedule-i-department-of-national-defence:DND PPE 852,DND PPE 852,Fraud Prevention and Risk Management,,directory_requires_review,
institution:ati-schedule-i-department-of-national-defence:DND PPE 853,DND PPE 853,Special Examinations and Internal Investigations,,directory_requires_review,
institution:ati-schedule-i-department-of-national-defence:DND PPU 874,DND PPU 874,Declaration of Victims Rights (DVR) Complaint Review Mechanism,,directory_requires_review,
institution:ati-schedule-i-department-of-national-defence:DND PPE 821,DND PPE 821,Canadian Forces Command and Staff College - Boards/Selection Processes,,directory_requires_review,
institution:ati-schedule-i-department-of-national-defence:DND PPE 825,DND PPE 825,Talent and Leadership Management,,directory_requires_review,
institution:ati-schedule-i-department-of-national-defence:DND PPE 818,DND PPE 818,Canadian Forces Member Personal Information File,caf_regular_service,guided_and_directory,
institution:ati-schedule-i-department-of-national-defence:DND PPE 864,DND PPE 864,Conflict of Interest and Post-Employment Code - Military,,directory_requires_review,
institution:ati-schedule-i-department-of-national-defence:DND PPE 831,DND PPE 831,Military Personnel - Grievance File,,directory_requires_review,
institution:ati-schedule-i-department-of-national-defence:DND PPE 848,DND PPE 848,Officer Boards for Academic Enhancement and Specialist Training Plans,,directory_requires_review,
institution:ati-schedule-i-department-of-national-defence:DND PPU 834,DND PPU 834,Personnel Security Screening Program,,directory_requires_review,
institution:ati-schedule-i-department-of-national-defence:DND PPE 877,DND PPE 877,Personnel Selection Officer (PSO) Training Files,,directory_requires_review,
institution:ati-schedule-i-department-of-national-defence:DND PPE 847,DND PPE 847,Selection Boards for the In-Service Commissioning Plans,,directory_requires_review,
institution:ati-schedule-i-department-of-national-defence:DND PPE 836,DND PPE 836,Unit Military Personnel Bank,,directory_requires_review,
institution:ati-schedule-i-department-of-national-defence:DND PPE 899,DND PPE 899,Selection Board and Supplementary Selection Board Results,,directory_requires_review,
institution:ati-schedule-i-department-of-national-defence:DND PPU 875,DND PPU 875,CAF Harassment,,directory_requires_review,
institution:ati-schedule-i-department-of-national-defence:DND PPE 871,DND PPE 871,Alert Manning Personnel System (AMPS),,directory_requires_review,
institution:ati-schedule-i-department-of-national-defence:DND PPE 832,DND PPE 832,Boards of Inquiry/Summary Investigations,,directory_requires_review,
institution:ati-schedule-i-department-of-national-defence:DND PPE 890,DND PPE 890,Canadian Forces Drug Testing Program,,directory_requires_review,
institution:ati-schedule-i-department-of-national-defence:DND PPU 826,DND PPU 826,Honorary Appointments,,directory_requires_review,
institution:ati-schedule-i-department-of-national-defence:DND PPE 860,DND PPE 860,CAF Relocation,,directory_requires_review,
institution:ati-schedule-i-department-of-national-defence:DND PPE 807,DND PPE 807,Chaplain Service,,directory_requires_review,
institution:ati-schedule-i-department-of-national-defence:DND PPE 830,DND PPE 830,Minutes of Proceedings of Courts Martial,,directory_requires_review,
institution:ati-schedule-i-department-of-national-defence:DND PPE 855,DND PPE 855,Summary Hearings,,directory_requires_review,
institution:ati-schedule-i-department-of-national-defence:DND PPE 856,DND PPE 856,Administration of Service Estates and Personal Belongings,,directory_requires_review,
institution:ati-schedule-i-department-of-national-defence:DND PPE 857,DND PPE 857,Provision of Legal Aid to Members of the Canadian Forces,,directory_requires_review,
institution:ati-schedule-i-department-of-national-defence:DND PPE 897,DND PPE 897,Provision of Legal Counsel at Public Expense,,directory_requires_review,
institution:ati-schedule-i-department-of-national-defence:DND PPU 070,DND PPU 070,Complaints/Investigations against or by Military Police or its Members,,directory_requires_review,
institution:ati-schedule-i-department-of-national-defence:DND PPU 896,DND PPU 896,Identification and Access Control Cards,,directory_requires_review,
institution:ati-schedule-i-department-of-national-defence:DND PPU 837,DND PPU 837,Special Access Program,,directory_requires_review,
institution:ati-schedule-i-department-of-national-defence:DND PPU 071,DND PPU 071,Military Police Audit Reports Data Bank,,directory_requires_review,
institution:ati-schedule-i-department-of-national-defence:DND PPU 833,DND PPU 833,Military Police Credential Review Board Data Bank,,directory_requires_review,
institution:ati-schedule-i-department-of-national-defence:DND PPE 835,DND PPE 835,Military Police Investigation Case Files,,directory_requires_review,
institution:ati-schedule-i-department-of-national-defence:DND PPU 801,DND PPU 801,National Defence Fingerprint File,,directory_requires_review,
institution:ati-schedule-i-department-of-national-defence:DND PPU 851,DND PPU 851,Travel and Contact Security Program,,directory_requires_review,
institution:ati-schedule-i-department-of-national-defence:DND PPU 061,DND PPU 061,Defence Intelligence Records,,directory_requires_review,
institution:ati-schedule-i-department-of-national-defence:DND PPU 060,DND PPU 060,Counter-Intelligence,,directory_requires_review,
institution:ati-schedule-i-department-of-national-defence:DND PPU 840,DND PPU 840,Military Police Criminal Intelligence Program,,directory_requires_review,
institution:ati-schedule-i-department-of-national-defence:DND PPE 863,DND PPE 863,Service Prison and Detention Barrack Records,,directory_requires_review,
institution:ati-schedule-i-department-of-national-defence:DND PPE 841,DND PPE 841,Training and Development,,directory_requires_review,
institution:ati-schedule-i-department-of-national-defence:DND PPE 844,DND PPE 844,Academic Records - Students of the Royal Military College,,directory_requires_review,
institution:ati-schedule-i-department-of-national-defence:DND PPE 843,DND PPE 843,Command and Staff Course Student Files,,directory_requires_review,
institution:ati-schedule-i-department-of-national-defence:DND PPU 878,DND PPU 878,Military Postgraduate Student Records,,directory_requires_review,
institution:ati-schedule-i-department-of-national-defence:DND PPE 842,DND PPE 842,Personnel Files - Training,,directory_requires_review,
institution:ati-schedule-i-department-of-national-defence:DND PPE 845,DND PPE 845,Squadron Personnel File - Officer Cadets,,directory_requires_review,
institution:ati-schedule-i-department-of-national-defence:DND PPE 886,DND PPE 886,RMC Saint-Jean Sexual Misconduct Reporting and Support Services,,directory_requires_review,
institution:ati-schedule-i-department-of-national-defence:DND PPE 805,DND PPE 805,Human Resources Management Information System (HRMS),,directory_requires_review,
institution:ati-schedule-i-department-of-national-defence:DND PPE 820,DND PPE 820,Evidence-Based Assessments of Character for Leadership Selections and Promotions,,directory_requires_review,
institution:ati-schedule-i-department-of-national-defence:DND PPU 850,DND PPU 850,Learning Disability Accommodations,,directory_requires_review,
institution:ati-schedule-i-department-of-national-defence:DND PPE 838,DND PPE 838,Performance Evaluation Report File,,directory_requires_review,
institution:ati-schedule-i-department-of-national-defence:DND PPE 829,DND PPE 829,Operational and Non-Operational Clothing and Footwear Program,,directory_requires_review,
institution:ati-schedule-i-department-of-national-defence:DND PPU 885,DND PPU 885,Housing and Accommodations,military_housing,guided_and_directory,
institution:ati-schedule-i-department-of-national-defence:DND PPU 894,DND PPU 894,Intellectual Property and Agreements,,directory_requires_review,
institution:ati-schedule-i-department-of-national-defence:DND PPU 815,DND PPU 815,Human Resource Research and Evaluation Information Data Bank,,directory_requires_review,
institution:ati-schedule-i-department-of-national-defence:DND PPU 879,DND PPU 879,North Atlantic Treaty Organization (NATO) Defense College Fellowship,,directory_requires_review,
institution:ati-schedule-i-department-of-national-defence:DND PPU 795,DND PPU 795,Marine Service Fees,,directory_requires_review,
institution:ati-schedule-i-department-of-national-defence:DND PPU 794,DND PPU 794,Marine Communications and Traffic Services (MCTS),,directory_requires_review,
institution:ati-schedule-i-department-of-national-defence:DND PPU 793,DND PPU 793,Communications – Search and Rescue / Environmental Response,,directory_requires_review,
institution:ati-schedule-i-department-of-national-defence:DND PPU 797,DND PPU 797,National Response Team Members,,directory_requires_review,
institution:ati-schedule-i-department-of-national-defence:DND PPU 792,DND PPU 792,Canadian Coast Guard Competency Certificate,,directory_requires_review,
institution:ati-schedule-i-department-of-national-defence:DND PPU 796,DND PPU 796,Maritime Fleet Management – Seagoing Personnel File Information,,directory_requires_review,
institution:ati-schedule-i-department-of-national-defence:DND PPU 798,DND PPU 798,Recruitment and Staffing – Fleet,,directory_requires_review,
institution:ati-schedule-i-department-of-national-defence:DND PPU 791,DND PPU 791,Canadian Coast Guard College Officer Trainee Information,,directory_requires_review,
institution:ati-schedule-i-department-of-national-defence:DND PPU 790,DND PPU 790,Canadian Coast Guard College Campus Facilities,,directory_requires_review,
institution:ati-schedule-i-department-of-national-defence:DND PPU 799,DND PPU 799,Canadian Coast Guard Monitoring and Compliance Program,,directory_requires_review,
institution:ati-schedule-i-department-of-national-defence:DND PPE 858,DND PPE 858,Pay Records File,,directory_requires_review,
institution:ati-schedule-i-department-of-national-defence:DND PPE 859,DND PPE 859,Pension File,,directory_requires_review,
institution:ati-schedule-i-department-of-national-defence:DND PPU 065,DND PPU 065,Staffing Program,,directory_requires_review,
institution:ati-schedule-i-department-of-national-defence:DND PPU 813,DND PPU 813,Public Key Infrastructure (PKI) Service Request Forms,,directory_requires_review,
institution:ati-schedule-i-department-of-national-defence:MDN PPE 881,MDN PPE 881,,,directory_requires_review,purpose_missing|title_needs_review
institution:ati-schedule-i-department-of-public-safety-and-emergency-preparedness:PS PPU 026,PS PPU 026,National Security Records,,directory_requires_review,
institution:ati-schedule-i-department-of-public-safety-and-emergency-preparedness:PS PPU 040,PS PPU 040,Security Clearance Records,,directory_requires_review,
institution:ati-schedule-i-department-of-public-safety-and-emergency-preparedness:PS PPU 020,PS PPU 020,National Crime Prevention Strategy,,directory_requires_review,
institution:ati-schedule-i-department-of-public-safety-and-emergency-preparedness:PS PPU 039,PS PPU 039,Criminal Code Designations,,directory_requires_review,
institution:ati-schedule-i-department-of-public-safety-and-emergency-preparedness:PS PPU 045,PS PPU 045,Policing and Law Enforcement -RCMP Personnel and Administrative Records,,directory_requires_review,
institution:ati-schedule-i-department-of-public-safety-and-emergency-preparedness:PS PPU 015,PS PPU 015,Disclosure of Record Suspension,,directory_requires_review,
institution:ati-schedule-i-department-of-public-safety-and-emergency-preparedness:PS PPU 047,PS PPU 047,Canadian Emergency Management College,,directory_requires_review,
institution:ati-schedule-i-department-of-public-safety-and-emergency-preparedness:PS PPU 051,PS PPU 051,Assault-Style Firearms Compensation Program,,directory_requires_review,
institution:ati-schedule-i-department-of-public-safety-and-emergency-preparedness:PS PPU 050,PS PPU 050,,,directory_requires_review,title_needs_review
institution:ati-schedule-i-department-of-public-safety-and-emergency-preparedness:PS PPU 010,PS PPU 010,,,directory_requires_review,title_needs_review
institution:ati-schedule-i-department-of-public-works-and-government-services:PWGSC PPU 071,PWGSC PPU 071,Procurement services—Personal information bank,,directory_requires_review,
institution:ati-schedule-i-department-of-public-works-and-government-services:PWGSC PCU 703,PWGSC PCU 703,": In addition to the requirements specified on the Personal Information Request Form, individuals requesting information described by this bank must provide personal record identifier (PRI) and pension number. PIB updated in 2010 and formerly entitled Insurance Application Cards. Effective May 3, 2010, all personal information relating to the Public Service Health Plan Form, Disability and Long term Disability claims forms for current employees will be under the custody and control of the host department.",,directory_requires_review,
institution:ati-schedule-i-department-of-public-works-and-government-services:PSPC PCU 715,PSPC PCU 715,"Federal Government employees, pensioners and survivors: Insurance information—Personal information bank",,directory_requires_review,
institution:ati-schedule-i-department-of-public-works-and-government-services:PWGSC PCE 705,PWGSC PCE 705,Central index—Personal information bank,,directory_requires_review,
institution:ati-schedule-i-department-of-public-works-and-government-services:PSPC PPE 010,PSPC PPE 010,Human resources and pay transformation—Personal information bank,,directory_requires_review,
institution:ati-schedule-i-department-of-public-works-and-government-services:PWGSC PCU 702,PWGSC PCU 702,": In addition to the requirements specified on the Personal Information Request Form, individuals requesting information described in this bank must provide either a PRI or a pension number. PIB updated in 2011 and previously entitled Public Service Pension Data Bank PWGSC- PCE-702.",,directory_requires_review,
institution:ati-schedule-i-department-of-public-works-and-government-services:PWGSC PCU 717,PWGSC PCU 717,PPU 100. Requests about specific deposits should be directed to the department that accepted the payment(s).,,directory_requires_review,
institution:ati-schedule-i-department-of-public-works-and-government-services:PWGSC PCU 712,PWGSC PCU 712,Receiver General deposits—Personal information bank,,directory_requires_review,
institution:ati-schedule-i-department-of-public-works-and-government-services:PWGSC PPU 070,PWGSC PPU 070,Register of land surveyors—Personal information bank,,directory_requires_review,
institution:ati-schedule-i-department-of-public-works-and-government-services:PWGSC PPU 030,PWGSC PPU 030,Register of real property appraisers—Personal information bank,,directory_requires_review,
institution:ati-schedule-i-department-of-public-works-and-government-services:PWGSC PPU 006,PWGSC PPU 006,: Personal information bank updated in 2010 and formerly entitled List of Landlords.,,directory_requires_review,
institution:ati-schedule-i-department-of-public-works-and-government-services:PWGSC PCE 701,PWGSC PCE 701,: Personal information bank updated in 2010 and formerly entitled Crown Housing Records.,,directory_requires_review,
institution:ati-schedule-i-department-of-public-works-and-government-services:PWGSC PPU 026,PWGSC PPU 026,GCSurplus—Personal information bank,,directory_requires_review,
institution:ati-schedule-i-department-of-public-works-and-government-services:PWGSC PPU 125,PWGSC PPU 125,Seized property management information system—Personal information bank,,directory_requires_review,
institution:ati-schedule-i-department-of-public-works-and-government-services:PWGSC PCU 195,PWGSC PCU 195,Certification Program for the Federal Government procurement and material management—Personal information bank,,directory_requires_review,
institution:ati-schedule-i-department-of-public-works-and-government-services:PWGSC PCU 709,PWGSC PCU 709,: Individuals are required to provide query-specific data elements/details in order for their information to be retrievable. In some cases this may include the SIN while other instances would require claim details.,,directory_requires_review,
institution:ati-schedule-i-department-of-public-works-and-government-services:PWGSC PCE 706,PWGSC PCE 706,Document imaging solutions—Personal information bank,,directory_requires_review,
institution:ati-schedule-i-department-of-public-works-and-government-services:PWGSC PPU 182,PWGSC PPU 182,: Formerly named conflict management contracts,,directory_requires_review,
institution:ati-schedule-i-department-of-public-works-and-government-services:PWGSC PPU 045,PWGSC PPU 045,Controlled Goods Program—Personal information bank,,directory_requires_review,
institution:ati-schedule-i-department-of-public-works-and-government-services:PWGSC PPU 183,PWGSC PPU 183,Fairness monitoring—Personal information bank,,directory_requires_review,
institution:ati-schedule-i-department-of-public-works-and-government-services:PWGSC PPU 210,PWGSC PPU 210,": In addition to the requirements specified on the Treasury Board of Canada Secretariat personal information request form, individuals requesting information described by this bank must provide the incident and location and legal authority for those acting on behalf of an account holder or estate. Personal information is collected and maintained by clients and partners. Access to the personal information is provided to PWGSC employees so that they do their work.",,directory_requires_review,
institution:ati-schedule-i-department-of-public-works-and-government-services:PWGSC PPU 015,PWGSC PPU 015,": The collection of information on security screening forms may be conducted through a source other than PWGSC. This includes other government departments and private sector individuals designated as company security officers and key senior officials , authorized security officials in the Contract Security Program. The collection of personal information by authorized security officials in the government and private industry is only done with the consent of the individual.",,directory_requires_review,
institution:ati-schedule-i-department-of-public-works-and-government-services:PWGSC PPU 184,PWGSC PPU 184,Integrity Assessment Program—Personal information bank,,directory_requires_review,
institution:ati-schedule-i-department-of-public-works-and-government-services:PWGSC PPU 001,PWGSC PPU 001,": In addition to the requirements specified on the Personal Information Request Form, individuals requesting information described by this bank must provide the subject and date of correspondence and Solicitation or Contract Number.",,directory_requires_review,
institution:ati-schedule-i-department-of-transport:TC PPU 020,TC PPU 020,Medical Assessments,,directory_requires_review,
institution:ati-schedule-i-department-of-transport:TC PPU 031,TC PPU 031,Civil Aviation Medical Examiners (CAME),,directory_requires_review,
institution:ati-schedule-i-department-of-transport:TC PPU 011,TC PPU 011,Aircraft Maintenance Engineer Licensing,,directory_requires_review,
institution:ati-schedule-i-department-of-transport:TC PPU 010,TC PPU 010,Aircraft Registration and Leasing,,directory_requires_review,
institution:ati-schedule-i-department-of-transport:TC PPU 015,TC PPU 015,Aviation Enforcement,,directory_requires_review,
institution:ati-schedule-i-department-of-transport:TC PPU 014,TC PPU 014,Aviation Occurrence Information Sources,,directory_requires_review,
institution:ati-schedule-i-department-of-transport:TC PPU 005,TC PPU 005,Civil Aviation Personnel Licensing,aviation_licence,guided_and_directory,
institution:ati-schedule-i-department-of-transport:TC PPU 001,TC PPU 001,Passenger Protect Program (PPP) – Specified Persons List,,directory_requires_review,
institution:ati-schedule-i-department-of-transport:TC PPU 064,TC PPU 064,The Pre-load Air Cargo Targeting (PACT) Program,,directory_requires_review,
institution:ati-schedule-i-department-of-transport:TC PPU 093,TC PPU 093,Transportation Security Clearance Program,transport_clearance,guided_and_directory,
institution:ati-schedule-i-department-of-transport:TC PPU 056,TC PPU 056,National Interest Exemption Program,,directory_requires_review,
institution:ati-schedule-i-department-of-transport:TC PPU 052,TC PPU 052,Incentives for Zero-Emission Vehicles Program,,directory_requires_review,
institution:ati-schedule-i-department-of-transport:TC PPU 040,TC PPU 040,"Canadian Seafarers’ Identity Documents, Discharge Books and Records of Sea Service",,directory_requires_review,
institution:ati-schedule-i-department-of-transport:TC PPU 023,TC PPU 023,National Pleasure Craft Operator Competency Program,boating_card,guided_and_directory,
institution:ati-schedule-i-department-of-transport:TC PPU 030,TC PPU 030,Seafarers’ Certificates and Documents,,directory_requires_review,
institution:ati-schedule-i-department-of-transport:TC PPU 054,TC PPU 054,Marine Medical Examiners,,directory_requires_review,
institution:ati-schedule-i-department-of-transport:TC PPU 041,TC PPU 041,Vessel Registration Query System,vessel_registration,guided_and_directory,
institution:ati-schedule-i-department-of-transport:TC PPU 021,TC PPU 021,Marine Safety Enforcement Program,,directory_requires_review,
institution:ati-schedule-i-department-of-transport:TC PPU 048,TC PPU 048,Marine Occurrences and Hazardous Occurrences,,directory_requires_review,
institution:ati-schedule-i-department-of-transport:TC PPU 044,TC PPU 044,Pleasure Craft Licenses,pleasure_craft_licence,guided_and_directory,
institution:ati-schedule-i-department-of-transport:TC PPU 086,TC PPU 086,Navigable Waters Protection Program,,directory_requires_review,
institution:ati-schedule-i-department-of-transport:TC PPU 700,TC PPU 700,Vessel Advance Notification Information under the Coasting Trade Act (the Act),,directory_requires_review,
institution:ati-schedule-i-department-of-transport:TC PPU 028,TC PPU 028,Office of Reconsideration (OoR) – Marine Transportation Security Clearance Program (MTSCP),,directory_requires_review,
institution:ati-schedule-i-department-of-transport:TC PPU 006,TC PPU 006,Importation of Vehicles,,directory_requires_review,
institution:ati-schedule-i-department-of-transport:TC PPU 003,TC PPU 003,Motor Vehicle and Motor Vehicle Equipment Safety - Related Defect Complaints,,directory_requires_review,
institution:ati-schedule-i-department-of-transport:TC PPU 085,TC PPU 085,Airside Vehicle Operators’ Permits (AVOPs),,directory_requires_review,
institution:ati-schedule-i-department-of-transport:TC PPU 007,TC PPU 007,Drone Management Portal,,directory_requires_review,
institution:ati-schedule-i-department-of-veterans-affairs:VAC PPU 710,VAC PPU 710,You are here,veterans_education,guided_and_directory,title_needs_review
institution:ati-schedule-i-department-of-veterans-affairs:VAC PPU 715,VAC PPU 715,You are here,veterans_income,guided_and_directory,title_needs_review
institution:ati-schedule-i-department-of-veterans-affairs:VAC PPU 040,VAC PPU 040,You are here,war_veterans_allowance,guided_and_directory,title_needs_review
institution:ati-schedule-i-department-of-veterans-affairs:VAC PPU 200,VAC PPU 200,You are here,agent_orange,guided_and_directory,title_needs_review
institution:ati-schedule-i-department-of-veterans-affairs:ACC PPU 350,ACC PPU 350,,,directory_requires_review,population_missing|title_needs_review
institution:ati-schedule-i-department-of-western-economic-diversification:PRAIRIESCAN PPU 055,PRAIRIESCAN PPU 055,Grants and contributions (Gs&Cs) programs,,directory_requires_review,
institution:ati-schedule-i-atlantic-canada-opportunities-agency:ECBC PPU 005,ECBC PPU 005,Personal Information Bank for Community Centre Initiative,,directory_requires_review,
institution:ati-schedule-i-atlantic-canada-opportunities-agency:ACOA PPU 111,ACOA PPU 111,Personal Information Bank for Peer Reviewers,,directory_requires_review,
institution:ati-schedule-i-atlantic-canada-opportunities-agency:ECBC PPU 001,ECBC PPU 001,Personal Information Bank for Regional Service Delivery Grants and Contributions,,directory_requires_review,
institution:ati-schedule-i-atlantic-canada-opportunities-agency:ECBC PPU 002,ECBC PPU 002,Personal Information Bank for Support to Business,,directory_requires_review,
institution:ati-schedule-i-atlantic-canada-opportunities-agency:ECBC PPU 003,ECBC PPU 003,Personal Information Bank for Support to Festivals and Events,,directory_requires_review,
institution:ati-schedule-i-atlantic-canada-opportunities-agency:ECBC PPU 004,ECBC PPU 004,Personal Information Bank for Support to Communities,,directory_requires_review,
institution:ati-schedule-i-canada-border-services-agency:CBSA PPU 016,CBSA PPU 016,Biometrics Program – Personal Information Bank,,directory_requires_review,
institution:ati-schedule-i-canada-border-services-agency:CBSA PPU 035,CBSA PPU 035,Intelligence Program – Personal Information Bank,,directory_requires_review,
institution:ati-schedule-i-canada-border-services-agency:CBSA PPU 200,CBSA PPU 200,Partners in Protection Program (PIP) – Personal Information Bank,,directory_requires_review,
institution:ati-schedule-i-canada-border-services-agency:CBSA PPU 062,CBSA PPU 062,"Food, Plant and Animal (FPA) Program – Personal Information Bank",,directory_requires_review,
institution:ati-schedule-i-canada-border-services-agency:CBSA PPU 015,CBSA PPU 015,Casual Refund Program**– Personal Information Bank,,directory_requires_review,
institution:ati-schedule-i-canada-border-services-agency:CBSA PPU 117,CBSA PPU 117,Primary Automated Lookout System - Airport – Personal Information Bank,,directory_requires_review,
institution:ati-schedule-i-canada-border-services-agency:CBSA PPU 018,CBSA PPU 018,Traveller Declaration Cards – Personal Information Bank,border_crossing,guided_and_directory,
institution:ati-schedule-i-canada-border-services-agency:CBSA PPU 033,CBSA PPU 033,Secure Tracking System – Personal Information Bank,,directory_requires_review,
institution:ati-schedule-i-canada-border-services-agency:CBSA PPU 030,CBSA PPU 030,Organized Crime Data Bank (OCSS) – Personal Information Bank,,directory_requires_review,
institution:ati-schedule-i-canada-border-services-agency:CBSA PPU 020,CBSA PPU 020,Fugitive Information Bank – Personal Information Bank,,directory_requires_review,
institution:ati-schedule-i-canada-border-services-agency:CBSA PPU 040,CBSA PPU 040,International Events – Personal Information Bank,,directory_requires_review,
institution:ati-schedule-i-canada-border-services-agency:CBSA PPU 034,CBSA PPU 034,Seized Documents (Web Passport) – Personal Information Bank,,directory_requires_review,
institution:ati-schedule-i-canada-border-services-agency:CBSA PPU 036,CBSA PPU 036,Travel and Identity Document System (TIDS) – Personal Information Bank,,directory_requires_review,
institution:ati-schedule-i-canada-border-services-agency:CBSA PPU 002,CBSA PPU 002,CANPASS – Personal Information Bank,,directory_requires_review,
institution:ati-schedule-i-canada-border-services-agency:CBSA PPU 013,CBSA PPU 013,Remote Area Border Crossing (RABC) Permit Program – Personal Information Bank,remote_border_permit,guided_and_directory,
institution:ati-schedule-i-canada-border-services-agency:CBSA PPU 031,CBSA PPU 031,NEXUS – Personal Information Bank,nexus,guided_and_directory,
institution:ati-schedule-i-canada-border-services-agency:CBSA PPU 061,CBSA PPU 061,Enhanced Driver's Licence (EDL) / Enhanced Identification Card (EIC) Program – Personal Information Bank,,directory_requires_review,
institution:ati-schedule-i-canada-border-services-agency:CBSA PPU 011,CBSA PPU 011,Transit without Visa (TWOV) and China Transit (CT) Programs – Personal Information Bank,,directory_requires_review,
institution:ati-schedule-i-canada-border-services-agency:CBSA PPU 045,CBSA PPU 045,Carrier and Cargo Program – Personal Information Bank,,directory_requires_review,
institution:ati-schedule-i-canada-border-services-agency:CBSA PPU 006,CBSA PPU 006,Customs Brokers - Professional and Qualified Status – Personal Information Bank,,directory_requires_review,
institution:ati-schedule-i-canada-border-services-agency:CBSA PPU 032,CBSA PPU 032,Enforcement Data System – Personal Information Bank,,directory_requires_review,
institution:ati-schedule-i-canada-border-services-agency:CBSA PPU 025,CBSA PPU 025,Enforcement Information Index System (EIIS) – Personal Information Bank,,directory_requires_review,
institution:ati-schedule-i-canada-border-services-agency:CBSA PPU 008,CBSA PPU 008,Advance Passenger Information and Passenger Name Record Programs (API/PNR) – Personal Information Bank,commercial_arrival,guided_and_directory,
institution:ati-schedule-i-canada-border-services-agency:CBSA PPU 023,CBSA PPU 023,Mail Seizure Database – Personal Information Bank,,directory_requires_review,
institution:ati-schedule-i-canada-border-services-agency:CBSA PPU 014,CBSA PPU 014,Clients Interviewed by an Officer (DOW) – Personal Information Bank,,directory_requires_review,
institution:ati-schedule-i-canada-border-services-agency:CBSA PPU 022,CBSA PPU 022,Immigration Mail and Courier Tracking System (IMPACT) – Personal Information Bank,,directory_requires_review,
institution:ati-schedule-i-canada-border-services-agency:CBSA PPU 050,CBSA PPU 050,Temporary Foreign Worker Program – Personal Information Bank,,directory_requires_review,
institution:ati-schedule-i-canada-border-services-agency:CBSA PPU 021,CBSA PPU 021,Immigration Detainees Management System (IDMS) – Personal Information Bank,,directory_requires_review,
institution:ati-schedule-i-canada-border-services-agency:CBSA PPU 060,CBSA PPU 060,Security Certificate Program – Personal Information Bank,,directory_requires_review,
institution:ati-schedule-i-canada-border-services-agency:CBSA PPU 005,CBSA PPU 005,Recourse Directorate Records – Personal Information Bank,cbsa_recourse,guided_and_directory,
institution:ati-schedule-i-canada-border-services-agency:CBSA PPU 003,CBSA PPU 003,Complaints – Personal Information Bank,cbsa_complaint,guided_and_directory,
institution:ati-schedule-i-canada-border-services-agency:CBSA PPU 007,CBSA PPU 007,Duty Free Shop Applicants (Land Border) – Personal Information Bank,,directory_requires_review,
institution:ati-schedule-i-canada-border-services-agency:CBSA PPU 010,CBSA PPU 010,Travellers Entry Processing System (TEPS) / Travellers National Database System (TRANDS) – Personal Information Bank,customs_payment,guided_and_directory,
institution:ati-schedule-i-canada-border-services-agency:CBSA PPU 037,CBSA PPU 037,Unpaid Accounts – Personal Information Bank,,directory_requires_review,
institution:ati-schedule-i-canada-border-services-agency:CBSA PPU 001,CBSA PPU 001,Administrative Monetary Penalty System Program – Personal Information Bank,,directory_requires_review,
institution:ati-schedule-i-canada-border-services-agency:CBSA PPU 818,CBSA PPU 818,Public Key Infrastructure (PKI) Internal Identification – Personal Information Bank,,directory_requires_review,
institution:ati-schedule-i-canada-border-services-agency:CBSA PPU 012,CBSA PPU 012,Use of Force and Incident Reporting – Personal Information Bank,,directory_requires_review,
institution:ati-schedule-i-canada-employment-insurance-commission:ESDC PPU 291,ESDC PPU 291,Canadian Benefit for Parents of Young Victims of Crime (PIB),,directory_requires_review,
institution:ati-schedule-i-canada-employment-insurance-commission:ESDC PPU 650,ESDC PPU 650,Canada's Volunteer Awards (PIB),,directory_requires_review,
institution:ati-schedule-i-canada-employment-insurance-commission:ESDC PPU 038,ESDC PPU 038,Canada Disability Savings Program (PIB),,directory_requires_review,
institution:ati-schedule-i-canada-employment-insurance-commission:ESDC PPU 146,ESDC PPU 146,Canada Pension Plan Program (PIB),,directory_requires_review,
institution:ati-schedule-i-canada-employment-insurance-commission:ESDC PPU 140,ESDC PPU 140,Canada Pension Plan - Record of Earnings (PIB),,directory_requires_review,
institution:ati-schedule-i-canada-employment-insurance-commission:ESDC PPU 649,ESDC PPU 649,Canada Pension Plan Program Investigations and Reviews (PIB),,directory_requires_review,
institution:ati-schedule-i-canada-employment-insurance-commission:ESDC PPU 116,ESDC PPU 116,Old Age Security (PIB),,directory_requires_review,
institution:ati-schedule-i-canada-employment-insurance-commission:ESDC PPU 336,ESDC PPU 336,Old Age Security Program Investigations and Reviews (PIB),,directory_requires_review,
institution:ati-schedule-i-canada-employment-insurance-commission:ESDC PPU 102,ESDC PPU 102,Universal Child Care Benefit (PIB),,directory_requires_review,
institution:ati-schedule-i-canada-employment-insurance-commission:ESDC PPU 395,ESDC PPU 395,Government Annuities (PIB),,directory_requires_review,
institution:ati-schedule-i-canada-employment-insurance-commission:ESDC PPU 171,ESDC PPU 171,Employment Insurance Program Investigation (PIB),,directory_requires_review,
institution:ati-schedule-i-canada-employment-insurance-commission:ESDC PPU 118,ESDC PPU 118,Social Insurance Number Investigations and Reviews (PIB),,directory_requires_review,
institution:ati-schedule-i-canada-employment-insurance-commission:ESDC PPU 506,ESDC PPU 506,Canada Education Savings Program (PIB),,directory_requires_review,
institution:ati-schedule-i-canada-employment-insurance-commission:ESDC PPU 151,ESDC PPU 151,Employment Insurance Claim Files (PIB),,directory_requires_review,
institution:ati-schedule-i-canada-employment-insurance-commission:ESDC PPU 030,ESDC PPU 030,Canada Student Financial Assistance Program (PIB),,directory_requires_review,
institution:ati-schedule-i-canada-employment-insurance-commission:ESDC PPU 709,ESDC PPU 709,Canada Apprentice Loans (PIB),,directory_requires_review,
institution:ati-schedule-i-canada-employment-insurance-commission:ESDC PPU 297,ESDC PPU 297,Apprenticeship Incentive Grant (PIB),,directory_requires_review,
institution:ati-schedule-i-canada-employment-insurance-commission:ESDC PPU 299,ESDC PPU 299,Apprenticeship Completion Grant (PIB),,directory_requires_review,
institution:ati-schedule-i-canada-employment-insurance-commission:ESDC PPU 390,ESDC PPU 390,Social Insurance Number Register (PIB),,directory_requires_review,
institution:ati-schedule-i-canada-employment-insurance-commission:ESDC PPU 180,ESDC PPU 180,Benefit and Overpayment File (PIB),,directory_requires_review,
institution:ati-schedule-i-canada-employment-insurance-commission:ESDC PPU 155,ESDC PPU 155,Employment Insurance Bi-Weekly Claimant's Report (PIB),,directory_requires_review,
institution:ati-schedule-i-canada-employment-insurance-commission:ESDC PPU 385,ESDC PPU 385,Record of Employment (PIB),,directory_requires_review,
institution:ati-schedule-i-canada-employment-insurance-commission:ESDC PPU 501,ESDC PPU 501,Employment Insurance Databank (PIB),,directory_requires_review,
institution:ati-schedule-i-canada-employment-insurance-commission:ESDC PPU 150,ESDC PPU 150,Insurance Claim File (PIB),,directory_requires_review,
institution:ati-schedule-i-canada-employment-insurance-commission:ESDC PPU 170,ESDC PPU 170,Interstate Employment Insurance Claims (PIB),,directory_requires_review,
institution:ati-schedule-i-canada-employment-insurance-commission:ESDC PPU 281,ESDC PPU 281,Listing of Employees by Nominal Roll (PIB),,directory_requires_review,
institution:ati-schedule-i-canada-employment-insurance-commission:ESDC PPU 323,ESDC PPU 323,Registration for the Employment Insurance Measure for Self-Employed People (PIB),,directory_requires_review,
institution:ati-schedule-i-canada-employment-insurance-commission:ESDC PPU 295,ESDC PPU 295,Additional Labour Market Initiatives (PIB),,directory_requires_review,
institution:ati-schedule-i-canada-employment-insurance-commission:ESDC PPU 302,ESDC PPU 302,Employment Insurance Premium Reduction Program (PIB),,directory_requires_review,
institution:ati-schedule-i-canada-employment-insurance-commission:ESDC PPU 717,ESDC PPU 717,Indigenous Skills and Employment Training Program (PIB),,directory_requires_review,
institution:ati-schedule-i-canada-employment-insurance-commission:ESDC PPU 711,ESDC PPU 711,Job Bank (PIB),,directory_requires_review,
institution:ati-schedule-i-canada-employment-insurance-commission:ESDC PPU 293,ESDC PPU 293,"Employment Benefits, Support Measures and Other Programs (PIB)",,directory_requires_review,
institution:ati-schedule-i-canada-employment-insurance-commission:ESDC PPU 300,ESDC PPU 300,Opportunities Fund for Persons with Disabilities (PIB),,directory_requires_review,
institution:ati-schedule-i-canada-employment-insurance-commission:ESDC PPU 703,ESDC PPU 703,Sectoral Workforce Solutions Program (PIB),,directory_requires_review,
institution:ati-schedule-i-canada-employment-insurance-commission:ESDC PPU 710,ESDC PPU 710,Skills and Partnership Fund (PIB),,directory_requires_review,
institution:ati-schedule-i-canada-employment-insurance-commission:ESDC PPU 440,ESDC PPU 440,Temporary Foreign Worker Program (PIB),,directory_requires_review,
institution:ati-schedule-i-canada-employment-insurance-commission:ESDC PPU 715,ESDC PPU 715,Temporary Foreign Worker Program Employer Compliance Reviews and Inspections (PIB),,directory_requires_review,
institution:ati-schedule-i-canada-employment-insurance-commission:ESDC PPU 303,ESDC PPU 303,Workforce Development Agreements (PIB),,directory_requires_review,
institution:ati-schedule-i-canada-employment-insurance-commission:ESDC PPU 706,ESDC PPU 706,Youth Employment and Skills Strategy (PIB),,directory_requires_review,
institution:ati-schedule-i-canada-employment-insurance-commission:ESDC PPU 705,ESDC PPU 705,Targeted Initiative for Older Workers (PIB),,directory_requires_review,
institution:ati-schedule-i-canada-employment-insurance-commission:ESDC PPU 730,ESDC PPU 730,International Mobility Programs Inspections (PIB),,directory_requires_review,
institution:ati-schedule-i-canada-employment-insurance-commission:ESDC PPU 301,ESDC PPU 301,Civil Service Insurance (PIB),,directory_requires_review,
institution:ati-schedule-i-canada-employment-insurance-commission:ESDC PPU 716,ESDC PPU 716,First Nations Job Fund (PIB),,directory_requires_review,
institution:ati-schedule-i-canada-employment-insurance-commission:ESDC PPU 032,ESDC PPU 032,Federal Worker's Compensation (PIB),,directory_requires_review,
institution:ati-schedule-i-canada-employment-insurance-commission:ESDC PPU 037,ESDC PPU 037,Compensation Program for Survivors of Employees Slain on Duty (PIB),,directory_requires_review,
institution:ati-schedule-i-canada-employment-insurance-commission:ESDC PPU 034,ESDC PPU 034,Compensation Program for Inmates of Federal Penitentiaries (PIB),,directory_requires_review,
institution:ati-schedule-i-canada-employment-insurance-commission:ESDC PPU 033,ESDC PPU 033,Compensation Program for Merchant Seamen (PIB),,directory_requires_review,
institution:ati-schedule-i-canada-employment-insurance-commission:ESDC PPU 036,ESDC PPU 036,Conciliation Commissioner and Board Members Files (PIB),,directory_requires_review,
institution:ati-schedule-i-canada-employment-insurance-commission:ESDC PPU 050,ESDC PPU 050,Federal Mediation and Conciliation Service (PIB),,directory_requires_review,
institution:ati-schedule-i-canada-employment-insurance-commission:ESDC PPU 728,ESDC PPU 728,"Workplace Information, Collective Bargaining and Labour Organization Contacts (PIB)",,directory_requires_review,
institution:ati-schedule-i-canada-employment-insurance-commission:ESDC PPU 006,ESDC PPU 006,"Canada Labour Code*, Part III - Labour Standards (PIB)",,directory_requires_review,
institution:ati-schedule-i-canada-employment-insurance-commission:ESDC PPU 041,ESDC PPU 041,"Unjust Dismissal and Genetic Testing Adjudicators, Grievance Arbitrators and Wage Recovery Referees (PIB)",,directory_requires_review,
institution:ati-schedule-i-canada-employment-insurance-commission:ESDC PPU 024,ESDC PPU 024,Canada Labour Code* Part II - Occupational Health and Safety (PIB),,directory_requires_review,
institution:ati-schedule-i-canada-employment-insurance-commission:ESDC PPU 098,ESDC PPU 098,Non-smokers' Health Act* (PIB),,directory_requires_review,
institution:ati-schedule-i-canada-employment-insurance-commission:ESDC PPU 035,ESDC PPU 035,Wage Earner Protection Program (PIB),,directory_requires_review,
institution:ati-schedule-i-canada-employment-insurance-commission:ESDC PPU 739,ESDC PPU 739,Workplace Equity (PIB),,directory_requires_review,
institution:ati-schedule-i-canada-employment-insurance-commission:ESDC PPU 701,ESDC PPU 701,Veterans Affairs Canada Program Delivery (PIB),,directory_requires_review,
institution:ati-schedule-i-canada-employment-insurance-commission:ESDC PPU 702,ESDC PPU 702,Processing and Payment Services (PIB),,directory_requires_review,
institution:ati-schedule-i-canada-employment-insurance-commission:ESDC PPU 680,ESDC PPU 680,My Service Canada Account (PIB),,directory_requires_review,
institution:ati-schedule-i-canada-employment-insurance-commission:ESDC PPU 681,ESDC PPU 681,My Service Canada Business Account (PIB),,directory_requires_review,
institution:ati-schedule-i-canada-employment-insurance-commission:ESDC PPU 729,ESDC PPU 729,Call Centre Operations (PIB),,directory_requires_review,
institution:ati-schedule-i-canada-employment-insurance-commission:ESDC PPU 708,ESDC PPU 708,Passport Program (PIB),,directory_requires_review,
institution:ati-schedule-i-canada-employment-insurance-commission:ESDC PPU 100,ESDC PPU 100,Common Experience Payment (PIB),,directory_requires_review,
institution:ati-schedule-i-canada-employment-insurance-commission:ESDC PPU 712,ESDC PPU 712,Canadian Dental Care Plan (CoR),,directory_requires_review,
institution:ati-schedule-i-canada-employment-insurance-commission:ESDC PPU 700,ESDC PPU 700,Saba Learning Platform for Non-ESDC Employees (PIB),,directory_requires_review,
institution:ati-schedule-i-canada-employment-insurance-commission:ESDC PPE 718,ESDC PPE 718,Prescribed Presence in the Workplace - Low Onsite Connectivity (PIB),,directory_requires_review,
institution:ati-schedule-i-canada-revenue-agency:ARC PPU 641,ARC PPU 641,,,directory_requires_review,title_needs_review
institution:ati-schedule-i-canada-revenue-agency:ARC PPU 411,ARC PPU 411,,,directory_requires_review,title_needs_review
institution:ati-schedule-i-canada-revenue-agency:ARC PPU 050,ARC PPU 050,,,directory_requires_review,title_needs_review
institution:ati-schedule-i-canada-school-of-public-service:CSPS PPU 015,CSPS PPU 015,"Public Service Learning, Training and Development - CSPS PPU 015",,directory_requires_review,
institution:ati-schedule-i-canadian-centre-for-occupational-health-and-safety:CCOHS PPU 041,CCOHS PPU 041,Inquiries,,directory_requires_review,
institution:ati-schedule-i-canadian-energy-regulator:CER PPU 110,CER PPU 110,"Infrastructure, Tolls and Export Applications",,directory_requires_review,
institution:ati-schedule-i-canadian-energy-regulator:CER PPU 100,CER PPU 100,"Construction, Operation and Abandonment of Pipelines Class of Record",,directory_requires_review,
institution:ati-schedule-i-canadian-energy-regulator:CER PPU 120,CER PPU 120,Participant Funding,,directory_requires_review,
institution:ati-schedule-i-canadian-food-inspection-agency:CFIA PPU 100,CFIA PPU 100,Setting rules – Personal information bank,,directory_requires_review,
institution:ati-schedule-i-canadian-food-inspection-agency:CFIA PPU 101,CFIA PPU 101,Compliance promotion – Personal information bank,,directory_requires_review,
institution:ati-schedule-i-canadian-food-inspection-agency:CFIA PPU 102,CFIA PPU 102,Monitoring and enforcement – Personal information bank,,directory_requires_review,
institution:ati-schedule-i-canadian-food-inspection-agency:CFIA PPU 103,CFIA PPU 103,Permissions – Personal information bank,,directory_requires_review,
institution:ati-schedule-i-canadian-food-inspection-agency:CFIA PPU 104,CFIA PPU 104,International access and international collaboration - Personal information bank,,directory_requires_review,
institution:ati-schedule-i-canadian-grain-commission:CGC PPU 215,CGC PPU 215,##### Unofficial Sample File (Personal Information Bank),,directory_requires_review,
institution:ati-schedule-i-canadian-grain-commission:CGC PPU 205,CGC PPU 205,##### Producer Railway Car Application Files (Personal Information Bank),,directory_requires_review,
institution:ati-schedule-i-canadian-radio-television-and-telecommunications-commission:CRTC PPU 065,CRTC PPU 065,Master Address Database (MAD),,directory_requires_review,
institution:ati-schedule-i-canadian-radio-television-and-telecommunications-commission:CRTC PPU 035,CRTC PPU 035,Broadcast Applicants Files,,directory_requires_review,
institution:ati-schedule-i-canadian-radio-television-and-telecommunications-commission:CRTC PPU 020,CRTC PPU 020,Broadcast Correspondence Files,,directory_requires_review,
institution:ati-schedule-i-canadian-radio-television-and-telecommunications-commission:CRTC PPU 005,CRTC PPU 005,Complaints and Inquiries Files - Broadcasting,,directory_requires_review,
institution:ati-schedule-i-canadian-radio-television-and-telecommunications-commission:CRTC PPU 070,CRTC PPU 070,Data Collection System (DCS),,directory_requires_review,
institution:ati-schedule-i-canadian-radio-television-and-telecommunications-commission:CRTC PPU 015,CRTC PPU 015,Annual Returns - Broadcasting,,directory_requires_review,
institution:ati-schedule-i-canadian-radio-television-and-telecommunications-commission:CRTC PPU 045,CRTC PPU 045,Legal Directorate,,directory_requires_review,
institution:ati-schedule-i-canadian-radio-television-and-telecommunications-commission:CRTC PPU 010,CRTC PPU 010,Ownership Profiles - Broadcasting,,directory_requires_review,
institution:ati-schedule-i-canadian-radio-television-and-telecommunications-commission:CRTC PPU 025,CRTC PPU 025,"Complaints, Inquiries and Briefs - Telecommunications",,directory_requires_review,
institution:ati-schedule-i-canadian-radio-television-and-telecommunications-commission:CRT PPU 075,CRT PPU 075,Unsolicited Telecommunications,,directory_requires_review,
institution:ati-schedule-i-canadian-radio-television-and-telecommunications-commission:CRTC PPU 555,CRTC PPU 555,Canadian Anti-Spam Law,,directory_requires_review,
institution:ati-schedule-i-canadian-radio-television-and-telecommunications-commission:CRTC PPU 777,CRTC PPU 777,Spam Reporting Centre,,directory_requires_review,
institution:ati-schedule-i-canadian-security-intelligence-service:CSIS PPU 045,CSIS PPU 045,Canadian Security Intelligence Service Investigational Records,,directory_requires_review,
institution:ati-schedule-i-canadian-security-intelligence-service:CSIS PPU 015,CSIS PPU 015,Canadian Security Intelligence Service Records,,directory_requires_review,
institution:ati-schedule-i-canadian-security-intelligence-service:CSIS PPU 070,CSIS PPU 070,Passenger Protect Program - Specified Persons List,,directory_requires_review,
institution:ati-schedule-i-canadian-security-intelligence-service:CSIS PPU 050,CSIS PPU 050,Self Protection Activity,,directory_requires_review,
institution:ati-schedule-i-canadian-security-intelligence-service:CSIS PPU 005,CSIS PPU 005,Security Screening Program,,directory_requires_review,
institution:ati-schedule-i-canadian-security-intelligence-service:SIS PPE 815,SIS PPE 815,Employee Security,,directory_requires_review,
institution:ati-schedule-i-canadian-security-intelligence-service:CSIS PPU 055,CSIS PPU 055,"Security and Integrity of Government Property, Personnel and Assets",,directory_requires_review,
institution:ati-schedule-i-canadian-security-intelligence-service:CSIS PPU 065,CSIS PPU 065,Security of Information Act Records,,directory_requires_review,
institution:ati-schedule-i-canadian-security-intelligence-service:CSIS PPU 035,CSIS PPU 035,Complaints Against CSIS or Its Employees,,directory_requires_review,
institution:ati-schedule-i-canadian-security-intelligence-service:CSIS PPU 025,CSIS PPU 025,CSIS Candidates,,directory_requires_review,
institution:ati-schedule-i-canadian-security-intelligence-service:CSIS PPE 831,CSIS PPE 831,Employees' Association,,directory_requires_review,
institution:ati-schedule-i-canadian-security-intelligence-service:CSIS PPE 827,CSIS PPE 827,Health Services,,directory_requires_review,
institution:ati-schedule-i-canadian-security-intelligence-service:CSIS PPU 906,CSIS PPU 906,Internal Disclosure of Wrongdoing and Reprisal Protection,,directory_requires_review,
institution:ati-schedule-i-canadian-security-intelligence-service:CSIS PPU 822,CSIS PPU 822,Sir William Stephenson Scholarship Award,,directory_requires_review,
institution:ati-schedule-i-canadian-security-intelligence-service:CSIS PPE 832,CSIS PPE 832,Unlawful Conduct Investigations,,directory_requires_review,
institution:ati-schedule-i-canadian-space-agency:CSA PPU 040,CSA PPU 040,Grants and Contributions – Awareness & Learning (A&L) Component,,directory_requires_review,
institution:ati-schedule-i-canadian-space-agency:CSA PPU 045,CSA PPU 045,Grants and Contributions – Research Component,,directory_requires_review,
institution:ati-schedule-i-canadian-space-agency:CSA PPU 060,CSA PPU 060,"Engagement, Outreach, and Educational Activities",,directory_requires_review,
institution:ati-schedule-i-canadian-space-agency:CSA PPU 035,CSA PPU 035,Biographies of Canadian Astronauts,,directory_requires_review,
institution:ati-schedule-i-canadian-space-agency:CSA PPU 020,CSA PPU 020,Registration to Attend Space Missions Launches,space_launch,guided_and_directory,
institution:ati-schedule-i-canadian-space-agency:CSA PPU 015,CSA PPU 015,"Interviews with Scientists, Engineers and Researchers",,directory_requires_review,
institution:ati-schedule-i-canadian-space-agency:CSA PIB 015,CSA PIB 015,Recruitment and Staffing Activities Using Virtual Tools,,directory_requires_review,
institution:ati-schedule-i-canadian-space-agency:CSA PPU 010,CSA PPU 010,Space Science,,directory_requires_review,
institution:ati-schedule-i-canadian-transportation-accident-investigation-and-safety-board:TSB PPU 020,TSB PPU 020,Confidential reporting,,directory_requires_review,population_missing|purpose_missing
institution:ati-schedule-i-canadian-transportation-accident-investigation-and-safety-board:TSB PPU 005,TSB PPU 005,Investigation files,,directory_requires_review,population_missing|purpose_missing
institution:ati-schedule-i-canadian-transportation-agency:CTA PPU 033,CTA PPU 033,Complaints Regarding Services Provided to Persons with Disabilities,,directory_requires_review,
institution:ati-schedule-i-canadian-transportation-agency:CTA PPU 014,CTA PPU 014,Air Travel Complaints,,directory_requires_review,
institution:ati-schedule-i-canadian-transportation-agency:CTA PPU 001,CTA PPU 001,"Rail, Air and Marine Disputes",,directory_requires_review,
institution:ati-schedule-i-canadian-transportation-agency:CTA PPU 015,CTA PPU 015,Air Service Licensing Program,,directory_requires_review,
institution:ati-schedule-i-canadian-transportation-agency:CTA PPU 010,CTA PPU 010,Enforcement,,directory_requires_review,
institution:ati-schedule-i-college-of-patent-agents-and-trademark-agents:IC PPU 043,IC PPU 043,Patent and Trademark Agent Records Personal Information Bank,,directory_requires_review,
institution:ati-schedule-i-communications-security-establishment:CSE PPU 040,CSE PPU 040,Communications Security Establishment (CSE) - Foreign Intelligence Files CSE PPU 040 - Personal Information Bank,,directory_requires_review,
institution:ati-schedule-i-communications-security-establishment:CSE PPE 001,CSE PPE 001,Communications Security Establishment (CSE) - Electronic identification and access management - CSE PPE 001,,directory_requires_review,
institution:ati-schedule-i-communications-security-establishment:CSE PPU 007,CSE PPU 007,"Communications Security Establishment (CSE) - Cyber Defence, CSE PPU 007 - Personal Information Bank",,directory_requires_review,
institution:ati-schedule-i-correctional-service-of-canada:CSC PPU 025,CSC PPU 025,Admission and discharge,,directory_requires_review,
institution:ati-schedule-i-correctional-service-of-canada:CSC PPU 136,CSC PPU 136,Body scanner images,,directory_requires_review,
institution:ati-schedule-i-correctional-service-of-canada:CSC PPU 120,CSC PPU 120,Claims,,directory_requires_review,
institution:ati-schedule-i-correctional-service-of-canada:CSC PPU 042,CSC PPU 042,Case management,,directory_requires_review,
institution:ati-schedule-i-correctional-service-of-canada:CSC PPU 035,CSC PPU 035,"Case management: Institution ""A""",,directory_requires_review,
institution:ati-schedule-i-correctional-service-of-canada:CSC PPU 040,CSC PPU 040,"Case management: Institution ""B""",,directory_requires_review,
institution:ati-schedule-i-correctional-service-of-canada:CSC PPU 030,CSC PPU 030,Case management: Community,,directory_requires_review,
institution:ati-schedule-i-correctional-service-of-canada:CSC PPU 045,CSC PPU 045,Discipline and dissociation,,directory_requires_review,
institution:ati-schedule-i-correctional-service-of-canada:CSC PPU 050,CSC PPU 050,Education and training,,directory_requires_review,
institution:ati-schedule-i-correctional-service-of-canada:CSC PPU 095,CSC PPU 095,Employer programs,,directory_requires_review,
institution:ati-schedule-i-correctional-service-of-canada:CSC PPU 055,CSC PPU 055,Employment,,directory_requires_review,
institution:ati-schedule-i-correctional-service-of-canada:CSC PPU 125,CSC PPU 125,International transfers,,directory_requires_review,
institution:ati-schedule-i-correctional-service-of-canada:CSC PPU 096,CSC PPU 096,Mother-child program,,directory_requires_review,
institution:ati-schedule-i-correctional-service-of-canada:CSC PPU 082,CSC PPU 082,Offender grievances,,directory_requires_review,
institution:ati-schedule-i-correctional-service-of-canada:CSC PPU 060,CSC PPU 060,Offender health care,,directory_requires_review,
institution:ati-schedule-i-correctional-service-of-canada:CSC PPU 115,CSC PPU 115,Offender information,,directory_requires_review,
institution:ati-schedule-i-correctional-service-of-canada:CSC PPU 065,CSC PPU 065,Preventive security and intelligence,,directory_requires_review,
institution:ati-schedule-i-correctional-service-of-canada:CSC PPU 061,CSC PPU 061,Psychiatric treatment centres,,directory_requires_review,
institution:ati-schedule-i-correctional-service-of-canada:CSC PPU 070,CSC PPU 070,Psychology,,directory_requires_review,
institution:ati-schedule-i-correctional-service-of-canada:CSC PPU 110,CSC PPU 110,Record suspensions,,directory_requires_review,
institution:ati-schedule-i-correctional-service-of-canada:CSC PPU 075,CSC PPU 075,Sentence management,,directory_requires_review,
institution:ati-schedule-i-correctional-service-of-canada:CSC PPU 200,CSC PPU 200,Victim-offender mediation,,directory_requires_review,
institution:ati-schedule-i-correctional-service-of-canada:CSC PPU 135,CSC PPU 135,Victims,,directory_requires_review,
institution:ati-schedule-i-correctional-service-of-canada:CSC PPU 080,CSC PPU 080,Visits and correspondence,,directory_requires_review,
institution:ati-schedule-i-correctional-service-of-canada:CSC PPU 000,CSC PPU 000,Volunteers,,directory_requires_review,
institution:ati-schedule-i-correctional-service-of-canada:SCC PPU 090,SCC PPU 090,,,directory_requires_review,title_needs_review
institution:ati-schedule-i-economic-development-agency-of-canada-for-the-regions-of-quebec:CED PPU 138,CED PPU 138,Regional economic development,,directory_requires_review,
institution:ati-schedule-i-federal-economic-development-agency-for-northern-ontario:FEDNOR PPU 001,FEDNOR PPU 001,Personal Information Bank for FedNor grants and contributions,,directory_requires_review,
institution:ati-schedule-i-immigration-and-refugee-board:IRB PPU 140,IRB PPU 140,Immigration Division Case Files – Bank number: IRB PPU 140,,directory_requires_review,
institution:ati-schedule-i-immigration-and-refugee-board:IRB PPU 125,IRB PPU 125,Interpreter Data – Bank number: IRB PPU 125,,directory_requires_review,
institution:ati-schedule-i-immigration-and-refugee-board:IRB PPU 105,IRB PPU 105,Immigration Appeal Board (IAB) Records – Bank number: IRB PPU 105,,directory_requires_review,
institution:ati-schedule-i-immigration-and-refugee-board:IRB PPU 155,IRB PPU 155,Complaints about the Conduct of Members – Bank number: IRB PPU 155,,directory_requires_review,
institution:ati-schedule-i-immigration-and-refugee-board:IRB PPU 110,IRB PPU 110,Immigration Appeal Division (IAD) Records – Bank number: IRB PPU 110,,directory_requires_review,
institution:ati-schedule-i-immigration-and-refugee-board:IRB PPU 115,IRB PPU 115,Refugee Protection Division Records – Bank number: IRB PPU 115,,directory_requires_review,
institution:ati-schedule-i-immigration-and-refugee-board:IRB PPU 145,IRB PPU 145,Research Directives – Claim and Claimant Specific Information – Bank number: IRB PPU 145,,directory_requires_review,
institution:ati-schedule-i-library-and-archives-of-canada:LAC PPU 060,LAC PPU 060,Conservation Training Internship Participant Records (PIB),,directory_requires_review,
institution:ati-schedule-i-library-and-archives-of-canada:LAC PPU 025,LAC PPU 025,Acquisition Records (PIB),,directory_requires_review,
institution:ati-schedule-i-library-and-archives-of-canada:LAC PPU 040,LAC PPU 040,Client Information (Loans to Other Institutions) (PIB),,directory_requires_review,
institution:ati-schedule-i-library-and-archives-of-canada:LAC PPU 011,LAC PPU 011,Client and Reference Services to the Public (PIB),,directory_requires_review,
institution:ati-schedule-i-library-and-archives-of-canada:LAC PPU 715,LAC PPU 715,Army Reserve Force Pay Sheets (PIB),,directory_requires_review,
institution:ati-schedule-i-library-and-archives-of-canada:LAC PPU 727,LAC PPU 727,Army Unit Pay lists (PIB),,directory_requires_review,
institution:ati-schedule-i-library-and-archives-of-canada:LAC PPE 710,LAC PPE 710,Auxiliary Services Record—World War II (PIB),,directory_requires_review,
institution:ati-schedule-i-library-and-archives-of-canada:LAC PPU 017,LAC PPU 017,Collective Medical Records (PIB),,directory_requires_review,
institution:ati-schedule-i-library-and-archives-of-canada:LAC PPU 027,LAC PPU 027,Daily Routine Orders (PIB),,directory_requires_review,
institution:ati-schedule-i-library-and-archives-of-canada:LAC PPU 721,LAC PPU 721,Dental Records (PIB),,directory_requires_review,
institution:ati-schedule-i-library-and-archives-of-canada:LAC PCU 748,LAC PCU 748,Employee Personnel Record (PIB),,directory_requires_review,
institution:ati-schedule-i-library-and-archives-of-canada:LAC PPU 018,LAC PPU 018,Medical Records (PIB),,directory_requires_review,
institution:ati-schedule-i-library-and-archives-of-canada:LAC PPU 722,LAC PPU 722,Medical X-rays and Radiologist Reports (PIB),,directory_requires_review,
institution:ati-schedule-i-library-and-archives-of-canada:LAC PPU 023,LAC PPU 023,Microfiche Personal File (PIB),,directory_requires_review,
institution:ati-schedule-i-library-and-archives-of-canada:LAC PPU 024,LAC PPU 024,Military Personnel Bank (PIB),,directory_requires_review,
institution:ati-schedule-i-library-and-archives-of-canada:LAC PPU 026,LAC PPU 026,Part II Orders (PIB),,directory_requires_review,
institution:ati-schedule-i-library-and-archives-of-canada:LAC PPU 028,LAC PPU 028,Performance Evaluation Records (PIB),,directory_requires_review,
institution:ati-schedule-i-library-and-archives-of-canada:LAC PPU 725,LAC PPU 725,Reserve Pay Sheets (PIB),,directory_requires_review,
institution:ati-schedule-i-library-and-archives-of-canada:LAC PPU 719,LAC PPU 719,Service Pensions Records (PIB),,directory_requires_review,
institution:ati-schedule-i-library-and-archives-of-canada:LAC PPU 029,LAC PPU 029,Superannuation Record (PIB),,directory_requires_review,
institution:ati-schedule-i-library-and-archives-of-canada:LAC PPE 713,LAC PPE 713,Newfoundland Forces—World War II (PIB),,directory_requires_review,
institution:ati-schedule-i-library-and-archives-of-canada:LAC PPE 712,LAC PPE 712,Royal Canadian Navy (RCN) Pay Record Sheets—World War II (PIB),,directory_requires_review,
institution:ati-schedule-i-library-and-archives-of-canada:LAC PPE 711,LAC PPE 711,Thirty-Day Trainees—World War II (PIB),,directory_requires_review,
institution:ati-schedule-i-military-grievances-external-review-committee:MGERC PPE 801,MGERC PPE 801,Canadian Armed Forces Member Grievance References,,directory_requires_review,
institution:ati-schedule-i-montreal-port-authority:MPA PPU 005,MPA PPU 005,Risks and Claims Management,,directory_requires_review,
institution:ati-schedule-i-montreal-port-authority:MPA PPU 035,MPA PPU 035,"Complaints, interventions and information requests",,directory_requires_review,
institution:ati-schedule-i-montreal-port-authority:MPA PPU 030,MPA PPU 030,Legal files,,directory_requires_review,
institution:ati-schedule-i-montreal-port-authority:MPA PPU 040,MPA PPU 040,Port Community Credentialing Program,,directory_requires_review,
institution:ati-schedule-i-the-national-battlefields-commission:NBC PPU 002,NBC PPU 002,Donations and contributions – Bank Number : NBC PPU 002,,directory_requires_review,
institution:ati-schedule-i-the-national-battlefields-commission:NBC PPU 003,NBC PPU 003,Registration for Special Activities- Bank number : NBC PPU 003,,directory_requires_review,
institution:ati-schedule-i-national-film-board:NFB PPU 025,NFB PPU 025,National Film Board of Canada English Program Personal Information Bank,,directory_requires_review,
institution:ati-schedule-i-national-film-board:NFB PPU 030,NFB PPU 030,National Film Board of Canada French Program Bank,,directory_requires_review,
institution:ati-schedule-i-national-film-board:NFB PPU 040,NFB PPU 040,Self-Declaration Questionnaire for Filmmakers and Production Teams Bank,,directory_requires_review,
institution:ati-schedule-i-national-film-board:NFB PPU 035,NFB PPU 035,Digital Store Personal Information Bank,,directory_requires_review,
institution:ati-schedule-i-national-research-council-of-canada:NRC PPU 026,NRC PPU 026,"The program stimulates wealth creation through technological innovation by providing technology advice, financial assistance and services to SMEs to help them build their innovation capacity. NRC-IRAP brings together a diverse network of organizations, services and programs to help Canadian SMEs develop and exploit technologies in the competitive, global, knowledge economy. Through expert technical and business advice, financial assistance, access to business information, contacts, and national and international networks, the program provides customized solutions to some 10,000 SMEs annually.",,directory_requires_review,
institution:ati-schedule-i-national-research-council-of-canada:NRC PPU 085,NRC PPU 085,Youth Employment Program,,directory_requires_review,
institution:ati-schedule-i-national-research-council-of-canada:NRC PPU 071,NRC PPU 071,The NRC has no role in decision making regarding winners of the Killam Prizes or the Dorothy Killam Fellowships. Funding decisions are based on peer review and selection processes by a diverse range of external researchers. Applicants are subject to pre- established eligibility and other entitlement criteria and may be required to report on results achieved.,,directory_requires_review,
institution:ati-schedule-i-national-research-council-of-canada:NRC PPU 806,NRC PPU 806,"Representations on National Building Codes (remodeled, closed or transferred)",,directory_requires_review,
institution:ati-schedule-i-national-research-council-of-canada:NRC PPU 080,NRC PPU 080,"Information Dissemination (remodeled, closed or transferred)",,directory_requires_review,
institution:ati-schedule-i-national-research-council-of-canada:NRC PPU 040,NRC PPU 040,"Manuscripts for Publication (remodeled, closed or transferred)",,directory_requires_review,
institution:ati-schedule-i-national-research-council-of-canada:CNRC PPU 010,CNRC PPU 010,,,directory_requires_review,title_needs_review
institution:ati-schedule-i-natural-sciences-and-engineering-research-council:NSERC PPU 060,NSERC PPU 060,Record Number**: NSERC 006-03,,directory_requires_review,
institution:ati-schedule-i-natural-sciences-and-engineering-research-council:NSERC PPU 023,NSERC PPU 023,Record Number**: NSERC 006,,directory_requires_review,
institution:ati-schedule-i-office-of-the-administrator-of-the-fund-for-railway-accidents-involving-designated-goods:SRCC PPU 001,SRCC PPU 001,1.2 Incident Case Files,,directory_requires_review,
institution:ati-schedule-i-office-of-the-administrator-of-the-ship-source-oil-pollution-fund:SRCC PPU 001,SRCC PPU 001,1.2 Incident Case Files,,directory_requires_review,
institution:ati-schedule-i-office-of-the-auditor-general-of-canada:OAG PPU 001,OAG PPU 001,Financial Audit Files,,directory_requires_review,
institution:ati-schedule-i-office-of-the-auditor-general-of-canada:OAG PPU 002,OAG PPU 002,Performance Audit Files,,directory_requires_review,
institution:ati-schedule-i-office-of-the-auditor-general-of-canada:OAG PPU 003,OAG PPU 003,Special Examinations Files,,directory_requires_review,
institution:ati-schedule-i-office-of-the-auditor-general-of-canada:OAG PPU 010,OAG PPU 010,Environmental Petitions Process,,directory_requires_review,
institution:ati-schedule-i-office-of-the-chief-electoral-officer:ELECTIONS PPU 005,ELECTIONS PPU 005,Candidates and Members Elected (PIB),,directory_requires_review,
institution:ati-schedule-i-office-of-the-chief-electoral-officer:ELECTIONS PPU 015,ELECTIONS PPU 015,Commissioner of Canada Elections (PIB),,directory_requires_review,
institution:ati-schedule-i-office-of-the-chief-electoral-officer:ELECTIONS PPU 050,ELECTIONS PPU 050,Federal Electoral Boundaries Commissions (PIB),,directory_requires_review,
institution:ati-schedule-i-office-of-the-chief-electoral-officer:ELECTIONS PPU 030,ELECTIONS PPU 030,International Services (PIB),,directory_requires_review,
institution:ati-schedule-i-office-of-the-chief-electoral-officer:ELECTIONS PPU 025,ELECTIONS PPU 025,Legal Matters (PIB),,directory_requires_review,
institution:ati-schedule-i-office-of-the-chief-electoral-officer:ELECTIONS PPU 010,ELECTIONS PPU 010,Political Financing (PIB),,directory_requires_review,
institution:ati-schedule-i-office-of-the-chief-electoral-officer:ELECTIONS PPU 036,ELECTIONS PPU 036,Registration of Political Entities (PIB),,directory_requires_review,
institution:ati-schedule-i-office-of-the-chief-electoral-officer:ELECTIONS PPU 045,ELECTIONS PPU 045,Returning Offices and Electoral Workers (PIB),,directory_requires_review,
institution:ati-schedule-i-office-of-the-chief-electoral-officer:ELECTIONS PPU 035,ELECTIONS PPU 035,Social Media Monitoring (PIB),,directory_requires_review,
institution:ati-schedule-i-office-of-the-chief-electoral-officer:ELECTIONS PPU 040,ELECTIONS PPU 040,Special Voting Rules (PIB),,directory_requires_review,
institution:ati-schedule-i-office-of-the-chief-electoral-officer:ELECTIONS PPU 037,ELECTIONS PPU 037,Voter Registration and Identification (PIB),federal_vote,guided_and_directory,
institution:ati-schedule-i-office-of-the-correctional-investigator-of-canada:OCI PPU 005,OCI PPU 005,>,,directory_requires_review,
institution:ati-schedule-i-office-of-the-correctional-investigator-of-canada:OCI PPU 010,OCI PPU 010,>,,directory_requires_review,
institution:ati-schedule-i-office-of-the-director-of-public-prosecutions:SPPC PPU 005,SPPC PPU 005,,,directory_requires_review,title_needs_review
institution:ati-schedule-i-office-of-the-director-of-public-prosecutions:SPPC PPU 001,SPPC PPU 001,,,directory_requires_review,title_needs_review
institution:ati-schedule-i-office-of-the-information-commissioner:OIC PPU 123,OIC PPU 123,Information Commissioner ad hoc Complaint investigations,,directory_requires_review,
institution:ati-schedule-i-office-of-the-privacy-commissioner:OPC PPU 005,OPC PPU 005,– Bank Number: OPC PPU 005,,directory_requires_review,title_needs_review
institution:ati-schedule-i-office-of-the-privacy-commissioner:OPC PPU 001,OPC PPU 001,– Bank Number: OPC PPU 001,,directory_requires_review,title_needs_review
institution:ati-schedule-i-office-of-the-privacy-commissioner:OPC PPU 008,OPC PPU 008,– Bank Number: OPC PPU 008,,directory_requires_review,title_needs_review
institution:ati-schedule-i-office-of-the-privacy-commissioner:OPC PPU 004,OPC PPU 004,– Bank Number: OPC PPU 004,,directory_requires_review,title_needs_review
institution:ati-schedule-i-office-of-the-privacy-commissioner:OPC PPU 006,OPC PPU 006,– Bank Number: OPC PPU 006,,directory_requires_review,title_needs_review
institution:ati-schedule-i-office-of-the-privacy-commissioner:OPC PPU 003,OPC PPU 003,– Bank Number: OPC PPU 003,,directory_requires_review,title_needs_review
institution:ati-schedule-i-office-of-the-public-sector-integrity-commissioner:PSIC PPU 005,PSIC PPU 005,Case Review and Investigation Files,,directory_requires_review,
institution:ati-schedule-i-office-of-the-public-sector-integrity-commissioner:PSIC PPU 006,PSIC PPU 006,Records Concerning Complaints of Reprisal,,directory_requires_review,
institution:ati-schedule-i-office-of-the-superintendent-of-financial-institutions:OSFI PPU 020,OSFI PPU 020,##### Reporting obligations - Terrorist financing,,directory_requires_review,
institution:ati-schedule-i-office-of-the-superintendent-of-financial-institutions:OSFI PPU 015,OSFI PPU 015,##### Approvals - Financial institutions,,directory_requires_review,
institution:ati-schedule-i-office-of-the-superintendent-of-financial-institutions:OSFI PPE 001,OSFI PPE 001,Travel and Other Administrative Services,,directory_requires_review,
institution:ati-schedule-i-pacific-economic-development-agency-of-canada:PED PPU 055,PED PPU 055,Grants and contributions (Gs&Cs) programs,,directory_requires_review,
institution:ati-schedule-i-parks-canada-agency:PC PPU 201,PC PPU 201,Administration of marine activity permits,,directory_requires_review,
institution:ati-schedule-i-parks-canada-agency:PC PPU 055,PC PPU 055,Aquatic invasive species prevention permits,,directory_requires_review,
institution:ati-schedule-i-parks-canada-agency:PC PPU 067,PC PPU 067,Backcountry use permits,,directory_requires_review,
institution:ati-schedule-i-parks-canada-agency:PC PPU 040,PC PPU 040,Claims and Litigation Program,,directory_requires_review,
institution:ati-schedule-i-parks-canada-agency:PC PPU 202,PC PPU 202,Compliance with marine activities in the Saguenay–St. Lawrence Marine Park,,directory_requires_review,
institution:ati-schedule-i-parks-canada-agency:PC PPU 075,PC PPU 075,Ecological Monitoring Program remote cameras image,,directory_requires_review,
institution:ati-schedule-i-parks-canada-agency:PC PPU 051,PC PPU 051,Fishing licenses and other permits,,directory_requires_review,
institution:ati-schedule-i-parks-canada-agency:PC PPU 054,PC PPU 054,General Class Grants and Contributions Program,,directory_requires_review,
institution:ati-schedule-i-parks-canada-agency:PC PPU 052,PC PPU 052,Heritage Lighthouse Program,,directory_requires_review,
institution:ati-schedule-i-parks-canada-agency:PC PPU 069,PC PPU 069,High risk activities,,directory_requires_review,
institution:ati-schedule-i-parks-canada-agency:PC PPU 066,PC PPU 066,Huts permits,,directory_requires_review,
institution:ati-schedule-i-parks-canada-agency:PC PPU 003,PC PPU 003,Impact Assessment Environmental Surveillance Program,,directory_requires_review,
institution:ati-schedule-i-parks-canada-agency:PC PPU 100,PC PPU 100,Land use planning activities,,directory_requires_review,
institution:ati-schedule-i-parks-canada-agency:PC PPU 072,PC PPU 072,Law Enforcement Program,,directory_requires_review,
institution:ati-schedule-i-parks-canada-agency:PC PPU 095,PC PPU 095,Learn-to Camp,,directory_requires_review,
institution:ati-schedule-i-parks-canada-agency:PC PPU 200,PC PPU 200,Marine activity certification,,directory_requires_review,
institution:ati-schedule-i-parks-canada-agency:PC PPU 097,PC PPU 097,Mi’kmaw Youth Archaeology Camp Program,,directory_requires_review,
institution:ati-schedule-i-parks-canada-agency:PC PPU 085,PC PPU 085,National historic sites and the National Program of Historical Commemoration,,directory_requires_review,
institution:ati-schedule-i-parks-canada-agency:PC PPU 092,PC PPU 092,National Information Services,,directory_requires_review,
institution:ati-schedule-i-parks-canada-agency:PC PPU 074,PC PPU 074,National Program of Historical Commemoration,,directory_requires_review,
institution:ati-schedule-i-parks-canada-agency:PC PPU 081,PC PPU 081,National Volunteer Program,,directory_requires_review,
institution:ati-schedule-i-parks-canada-agency:PC PPU 090,PC PPU 090,Online sales of passes and permits,,directory_requires_review,
institution:ati-schedule-i-parks-canada-agency:PC PPU 073,PC PPU 073,Park warden administrative and relational database,,directory_requires_review,
institution:ati-schedule-i-parks-canada-agency:PC PPU 096,PC PPU 096,Parks Canada Employee Uniform Program,,directory_requires_review,
institution:ati-schedule-i-parks-canada-agency:PC PPU 004,PC PPU 004,"Parks Canada partnering, sponsorships and donations activities",,directory_requires_review,
institution:ati-schedule-i-parks-canada-agency:PC PPU 068,PC PPU 068,Parks Canada Reservations Services,,directory_requires_review,
institution:ati-schedule-i-parks-canada-agency:PC PPU 091,PC PPU 091,Point of Sales Services,,directory_requires_review,
institution:ati-schedule-i-parks-canada-agency:PC PPU 002,PC PPU 002,Public content sharing,,directory_requires_review,
institution:ati-schedule-i-parks-canada-agency:PC PPU 101,PC PPU 101,Realty activities,,directory_requires_review,
institution:ati-schedule-i-parks-canada-agency:PC PPU 061,PC PPU 061,Research and collection permit system,,directory_requires_review,
institution:ati-schedule-i-parks-canada-agency:PC PPU 071,PC PPU 071,Resource use permits,,directory_requires_review,
institution:ati-schedule-i-parks-canada-agency:PC PPU 203,PC PPU 203,"Visitor safety, human wildlife coexistence activities",,directory_requires_review,
institution:ati-schedule-i-parks-canada-agency:PC PPU 001,PC PPU 001,Wildland fire management,,directory_requires_review,
institution:ati-schedule-i-parks-canada-agency:PC PPU 082,PC PPU 082,Youth Employment and Skills Strategy at Parks Canada,,directory_requires_review,
institution:ati-schedule-i-parole-board-of-canada:PBC PPU 005,PBC PPU 005,Conditional Release Decisions (Parole),,directory_requires_review,
institution:ati-schedule-i-parole-board-of-canada:PBC PPU 015,PBC PPU 015,"Conditional Release Openness and Accountability (Victims, Observers and Requests for Access to the Decision Registry)",,directory_requires_review,
institution:ati-schedule-i-parole-board-of-canada:PBC PPU 010,PBC PPU 010,Record Suspension Decisions/Clemency Recommendations,,directory_requires_review,
institution:ati-schedule-i-prince-rupert-port-authority:PRPA PPU 001,PRPA PPU 001,PRPA PPU 001 Permits & Licenses Administration,,directory_requires_review,
institution:ati-schedule-i-prince-rupert-port-authority:PRPA PPU 003,PRPA PPU 003,PRPA PPU 003 Marine and Environmental Incident Reporting,,directory_requires_review,
institution:ati-schedule-i-prince-rupert-port-authority:PRPA PPU 004,PRPA PPU 004,PRPA PPU 004 Vessel Crew & Passenger Information Management,,directory_requires_review,
institution:ati-schedule-i-prince-rupert-port-authority:PRPA PPU 002,PRPA PPU 002,PRPA PPU 002 Tariffs and Fees,,directory_requires_review,
institution:ati-schedule-i-prince-rupert-port-authority:PRPA PPU 008,PRPA PPU 008,PRPA PPU 008 Environmental Sustainability,,directory_requires_review,
institution:ati-schedule-i-prince-rupert-port-authority:PRPA PPU 007,PRPA PPU 007,PRPA PPU 007 Maintenance and Construction Services Management,,directory_requires_review,
institution:ati-schedule-i-prince-rupert-port-authority:PRPA PPU 009,PRPA PPU 009,PRPA PPU 009 Port Interpretive Centre Visitor Logs & Interactions,,directory_requires_review,
institution:ati-schedule-i-prince-rupert-port-authority:PRPA PPU 006,PRPA PPU 006,PRPA PPU 006 Business Intelligence & Strategic Development,,directory_requires_review,
institution:ati-schedule-i-prince-rupert-port-authority:PRPA PPU 005,PRPA PPU 005,PRPA PPU 005 Legal Dispute & Complaint Handling,,directory_requires_review,
institution:ati-schedule-i-privy-council-office:PCO PPE 801,PCO PPE 801,Security clearances and assessments bank,,directory_requires_review,
institution:ati-schedule-i-privy-council-office:PCO PPU 005,PCO PPU 005,Security and intelligence information files,,directory_requires_review,
institution:ati-schedule-i-privy-council-office:PCO PPU 010,PCO PPU 010,Petitions and submissions,,directory_requires_review,
institution:ati-schedule-i-privy-council-office:PCO PPU 020,PCO PPU 020,Governor in Council personnel records,,directory_requires_review,
institution:ati-schedule-i-privy-council-office:PCO PPU 030,PCO PPU 030,Standards of conduct compliance records,,directory_requires_review,
institution:ati-schedule-i-public-health-agency-of-canada:PHAC PPU 314,PHAC PPU 314,School Health Grant for Youth Program,,directory_requires_review,
institution:ati-schedule-i-public-health-agency-of-canada:PHAC PPU 315,PHAC PPU 315,Scientific Performance Measurement Database: Expert Roster,,directory_requires_review,
institution:ati-schedule-i-public-health-agency-of-canada:PHAC PPU 071,PHAC PPU 071,Quarantine Program,,directory_requires_review,
institution:ati-schedule-i-public-health-agency-of-canada:PHAC PPU 074,PHAC PPU 074,Pandemic Border Measures,,directory_requires_review,
institution:ati-schedule-i-public-health-agency-of-canada:PHAC PPU 290,PHAC PPU 290,Research Projects,phac_research,guided_and_directory,
institution:ati-schedule-i-public-health-agency-of-canada:PHAC PPU 313,PHAC PPU 313,Investigating Allegations of Breaches of Scientific Integrity,,directory_requires_review,
institution:ati-schedule-i-public-health-agency-of-canada:PHAC PPE 305,PHAC PPE 305,All Events Response Operations (AERO),,directory_requires_review,
institution:ati-schedule-i-public-health-agency-of-canada:PHAC PPU 288,PHAC PPU 288,Skills Enhancement,,directory_requires_review,
institution:ati-schedule-i-public-health-agency-of-canada:PHAC PPU 306,PHAC PPU 306,Human Pathogens and Toxins Registrations,,directory_requires_review,
institution:ati-schedule-i-public-health-agency-of-canada:PHAC PPU 308,PHAC PPU 308,Human Pathogens and Toxins Act Security Clearance Program,,directory_requires_review,
institution:ati-schedule-i-public-health-agency-of-canada:PHAC PPU 309,PHAC PPU 309,Human Pathogens and Toxins Act Licensing,,directory_requires_review,
institution:ati-schedule-i-public-health-agency-of-canada:PHAC PPU 073,PHAC PPU 073,Travel Health Centre Designation (THCD),,directory_requires_review,
institution:ati-schedule-i-public-health-agency-of-canada:PHAC PPU 072,PHAC PPU 072,Traveling Public Program,,directory_requires_review,
institution:ati-schedule-i-public-health-agency-of-canada:PHAC PPU 305,PHAC PPU 305,Emergency Preparedness and Conveyance Response Personnel,,directory_requires_review,
institution:ati-schedule-i-public-health-agency-of-canada:PHAC PPU 307,PHAC PPU 307,Canadian Accident Injury Reporting and Evaluation,,directory_requires_review,
institution:ati-schedule-i-public-health-agency-of-canada:PHAC PPU 310,PHAC PPU 310,International Health Regulations - Inter-jurisdictional Notifications,,directory_requires_review,
institution:ati-schedule-i-public-health-agency-of-canada:PHAC PPU 286,PHAC PPU 286,Canadian Surveillance for Creutzfeldt - Jakob Disease,,directory_requires_review,
institution:ati-schedule-i-public-health-agency-of-canada:PHAC PPU 039,PHAC PPU 039,Extraordinary Assistance Plan,,directory_requires_review,
institution:ati-schedule-i-public-health-agency-of-canada:PHAC PPU 293,PHAC PPU 293,Influenza Sentinel Surveillance,,directory_requires_review,
institution:ati-schedule-i-public-health-agency-of-canada:PHAC PPU 316,PHAC PPU 316,"Phage Science, Therapeutics, and Research (PhageSTAR)",,directory_requires_review,
institution:ati-schedule-i-public-health-agency-of-canada:PHAC PPU 317,PHAC PPU 317,"National Microbiology Laboratory Branch Science Directorate, Reference and Diagnostic Testing Services",,directory_requires_review,
institution:ati-schedule-i-public-service-commission:PSC PCE 780,PSC PCE 780,Persons Appointed under an Exclusion Approval Order,,directory_requires_review,
institution:ati-schedule-i-public-service-commission:PSC PCE 774,PSC PCE 774,Public Service Official Languages Exclusion Approval Order,,directory_requires_review,
institution:ati-schedule-i-public-service-commission:PSC PCE 800,PSC PCE 800,Staffing Consultant Certification,,directory_requires_review,
institution:ati-schedule-i-public-service-commission:PSC PCE 801,PSC PCE 801,Statutory and Regulatory Priority Entitlements Personal Information Bank,,directory_requires_review,
institution:ati-schedule-i-public-service-commission:PSC PCE 763,PSC PCE 763,Administration of political candidacy requests,,directory_requires_review,
institution:ati-schedule-i-public-service-commission:PSC PCU 747,PSC PCU 747,Mobility Provisions,,directory_requires_review,
institution:ati-schedule-i-public-service-commission:PSC PCE 721,PSC PCE 721,"Career Consultation and Development, Diversity Management: Senior Levels",,directory_requires_review,
institution:ati-schedule-i-public-service-commission:PSC PCE 746,PSC PCE 746,Executive Resourcing,,directory_requires_review,
institution:ati-schedule-i-public-service-commission:PSC PPE 801,PSC PPE 801,Flexibility EX and Special Assignment Pay Plan Positions,,directory_requires_review,
institution:ati-schedule-i-public-service-commission:PSC PCE 798,PSC PCE 798,Special Measures Program Participants,,directory_requires_review,
institution:ati-schedule-i-public-service-commission:PSC PPU 015,PSC PPU 015,"Applicant Profiles, Applications and Referrals",,directory_requires_review,
institution:ati-schedule-i-public-service-commission:PSC PPU 040,PSC PPU 040,Personnel Selection,,directory_requires_review,
institution:ati-schedule-i-public-service-commission:PSC PCU 202,PSC PCU 202,Assessment Accommodation for Individuals with Special Needs,,directory_requires_review,
institution:ati-schedule-i-public-service-commission:PSC PCU 025,PSC PCU 025,Assessment by the Personnel Psychology Centre,,directory_requires_review,
institution:ati-schedule-i-public-service-commission:PSC PCE 744,PSC PCE 744,Executive Counselling Services Files,,directory_requires_review,
institution:ati-schedule-i-public-service-commission:PSC PCE 796,PSC PCE 796,Second Language Evaluation Examiners,,directory_requires_review,
institution:ati-schedule-i-public-service-commission:PSC PPU 211,PSC PPU 211,Research and Development,,directory_requires_review,
institution:ati-schedule-i-public-service-commission:PSC PPU 080,PSC PPU 080,Audits,,directory_requires_review,
institution:ati-schedule-i-public-service-commission:PSC PCE 761,PSC PCE 761,Analytical Environment,,directory_requires_review,
institution:ati-schedule-i-public-service-commission:PSC PCE 708,PSC PCE 708,Appeal Hearings Personal Information Bank,,directory_requires_review,
institution:ati-schedule-i-public-service-commission:PSC PPU 010,PSC PPU 010,Investigations,,directory_requires_review,
institution:ati-schedule-i-public-service-commission:CFP PCE 734,CFP PCE 734,,,directory_requires_review,title_needs_review
institution:ati-schedule-i-royal-canadian-mounted-police:RCMP PPU 201,RCMP PPU 201,National Child Exploitation Crime Centre Program,,directory_requires_review,
institution:ati-schedule-i-royal-canadian-mounted-police:RCMP PPE 801,RCMP PPE 801,RCMP Member Performance Review and Appraisal Records,,directory_requires_review,
institution:ati-schedule-i-royal-canadian-mounted-police:RCMP PPE 802,RCMP PPE 802,RCMP Member Service Records,,directory_requires_review,
institution:ati-schedule-i-royal-canadian-mounted-police:RCMP PPE 803,RCMP PPE 803,RCMP Member Promotion Board Proceedings Records,,directory_requires_review,
institution:ati-schedule-i-royal-canadian-mounted-police:RCMP PPE 804,RCMP PPE 804,RCMP Member Grievance Records,,directory_requires_review,
institution:ati-schedule-i-royal-canadian-mounted-police:RCMP PPE 805,RCMP PPE 805,RCMP Member Conduct,,directory_requires_review,
institution:ati-schedule-i-royal-canadian-mounted-police:RCMP PPE 806,RCMP PPE 806,RCMP Member's Pay and Allowance Records,,directory_requires_review,
institution:ati-schedule-i-royal-canadian-mounted-police:RCMP PPE 807,RCMP PPE 807,RCMP General Administrative Records,,directory_requires_review,
institution:ati-schedule-i-royal-canadian-mounted-police:RCMP PPE 808,RCMP PPE 808,Occupational Health Records of RCMP Members and Other Persons Applying to Serve in Foreign Policing Responsibilities,,directory_requires_review,
institution:ati-schedule-i-royal-canadian-mounted-police:RCMP PPE 809,RCMP PPE 809,Auxiliary Police,,directory_requires_review,
institution:ati-schedule-i-royal-canadian-mounted-police:RCMP PPE 810,RCMP PPE 810,Temporary Civilian Employees,,directory_requires_review,
institution:ati-schedule-i-royal-canadian-mounted-police:RCMP PPE 811,RCMP PPE 811,Personnel Files on Municipal Employees Serving the RCMP,,directory_requires_review,
institution:ati-schedule-i-royal-canadian-mounted-police:RCMP PPE 812,RCMP PPE 812,Early Warning Integrated Risk Management Program (EWIRMP),,directory_requires_review,
institution:ati-schedule-i-royal-canadian-mounted-police:RCMP PPE 815,RCMP PPE 815,RCMP Member Conflict of Interest and Post Employment Records,,directory_requires_review,
institution:ati-schedule-i-royal-canadian-mounted-police:RCMP PPE 818,RCMP PPE 818,Employment Equity Program,,directory_requires_review,
institution:ati-schedule-i-royal-canadian-mounted-police:RCMP PPU 005,RCMP PPU 005,Operational Case Records,,directory_requires_review,
institution:ati-schedule-i-royal-canadian-mounted-police:RCMP PPU 007,RCMP PPU 007,"Inquiries by Firearms Owners, Licence Applicants and the general public",,directory_requires_review,
institution:ati-schedule-i-royal-canadian-mounted-police:RCMP PPU 010,RCMP PPU 010,Community Policing Services,,directory_requires_review,
institution:ati-schedule-i-royal-canadian-mounted-police:RCMP PPU 011,RCMP PPU 011,Passenger Protect Program - Specified Persons List,,directory_requires_review,
institution:ati-schedule-i-royal-canadian-mounted-police:RCMP PPU 013,RCMP PPU 013,Human Resources Management Information System (HRMIS),,directory_requires_review,
institution:ati-schedule-i-royal-canadian-mounted-police:RCMP PPU 015,RCMP PPU 015,Criminal Operational Intelligence Records (Exempt bank),,directory_requires_review,
institution:ati-schedule-i-royal-canadian-mounted-police:RCMP PPU 025,RCMP PPU 025,National Security Investigations Records (Exempt bank),,directory_requires_review,
institution:ati-schedule-i-royal-canadian-mounted-police:RCMP PPU 030,RCMP PPU 030,Forensic Science and Identification Services and Canadian Criminal Real Time Identification Services,,directory_requires_review,
institution:ati-schedule-i-royal-canadian-mounted-police:RCMP PPU 037,RCMP PPU 037,Canadian Firearms Information System (CFIS),firearm_registration,guided_and_directory,
institution:ati-schedule-i-royal-canadian-mounted-police:RCMP PPU 040,RCMP PPU 040,Lost or Stolen Passports,,directory_requires_review,
institution:ati-schedule-i-royal-canadian-mounted-police:RCMP PPU 045,RCMP PPU 045,Access Request Records,,directory_requires_review,
institution:ati-schedule-i-royal-canadian-mounted-police:RCMP PPU 055,RCMP PPU 055,"Protection of Personnel, Individuals and Government Property",,directory_requires_review,
institution:ati-schedule-i-royal-canadian-mounted-police:RCMP PPU 060,RCMP PPU 060,Indices Checks - For the Protection of Persons of National and International Importance,,directory_requires_review,
institution:ati-schedule-i-royal-canadian-mounted-police:RCMP PPU 065,RCMP PPU 065,Security Reliability Screening Records,,directory_requires_review,
institution:ati-schedule-i-royal-canadian-mounted-police:RCMP PPU 070,RCMP PPU 070,Applicants and Cadets Records,,directory_requires_review,
institution:ati-schedule-i-royal-canadian-mounted-police:RCMP PPU 075,RCMP PPU 075,RCMP Police Car Accidents/Claims by or Against the RCMP,,directory_requires_review,
institution:ati-schedule-i-royal-canadian-mounted-police:RCMP PPU 080,RCMP PPU 080,Courses Administered by the RCMP,,directory_requires_review,
institution:ati-schedule-i-royal-canadian-mounted-police:RCMP PPU 090,RCMP PPU 090,Honours and Awards,,directory_requires_review,
institution:ati-schedule-i-royal-canadian-mounted-police:RCMP PPU 095,RCMP PPU 095,National Sex Offender Registry,,directory_requires_review,
institution:ati-schedule-i-royal-canadian-mounted-police:RCMP PPU 100,RCMP PPU 100,Canadian Firearms Program,firearms_licence,guided_and_directory,
institution:ati-schedule-i-royal-canadian-mounted-police:RCMP PPU 101,RCMP PPU 101,Restricted Weapons Registration System (RWRS),,directory_requires_review,
institution:ati-schedule-i-royal-canadian-mounted-police:RCMP PPU 139,RCMP PPU 139,Victim Services,,directory_requires_review,
institution:ati-schedule-i-royal-canadian-mounted-police:RCMP PPU 200,RCMP PPU 200,Information Disclosed Pursuant to Paragraph 8(2)(m) of the Privacy Act,,directory_requires_review,
institution:ati-schedule-i-royal-canadian-mounted-police:RCMP PPU 202,RCMP PPU 202,National Cybercrime Coordination Centre (NC3) and the Canadian Anti-Fraud Centre (CAFC),,directory_requires_review,
institution:ati-schedule-i-royal-canadian-mounted-police:RCMP PPU 203,RCMP PPU 203,Forensic Science and Identification Services – Science and Strategic Policy,,directory_requires_review,
institution:ati-schedule-i-royal-canadian-mounted-police:GRC PPU 085,GRC PPU 085,,,directory_requires_review,title_needs_review
institution:ati-schedule-i-royal-canadian-mounted-police-external-review-committee:ERC PPU 804,ERC PPU 804,RCMP Member Appeals of Conduct Decisions/Measures under the *RCMP Act* (s. 45.15),,directory_requires_review,
institution:ati-schedule-i-royal-canadian-mounted-police-external-review-committee:ERC PPU 805,ERC PPU 805,RCMP Member Appeals of Decisions under the *RCMP Regulations* (s.17),,directory_requires_review,
institution:ati-schedule-i-royal-canadian-mounted-police-external-review-committee:ERC PPU 801,ERC PPU 801,RCMP Member Discharge and Demotion Referrals under Part V of the former *RCMP Act,,directory_requires_review,purpose_missing
institution:ati-schedule-i-royal-canadian-mounted-police-external-review-committee:ERC PPU 803,ERC PPU 803,RCMP Member Discipline Referrals under Part IV of the former *RCMP Act,,directory_requires_review,purpose_missing
institution:ati-schedule-i-royal-canadian-mounted-police-external-review-committee:ERC PPU 802,ERC PPU 802,RCMP Member Grievance Referrals under Part III of the former *RCMP Act,erc_grievance,guided_and_directory,purpose_missing
institution:ati-schedule-i-sept-iles-port-authority:APSI PPU 490,APSI PPU 490,,,directory_requires_review,title_needs_review
institution:ati-schedule-i-sept-iles-port-authority:APSI PPU 345,APSI PPU 345,,,directory_requires_review,title_needs_review
institution:ati-schedule-i-sept-iles-port-authority:APSI PPU 635,APSI PPU 635,,,directory_requires_review,title_needs_review
institution:ati-schedule-i-shared-services-canada:SSC PCU 608,SSC PCU 608,GC Your Email Service Personal Information Bank,,directory_requires_review,
institution:ati-schedule-i-shared-services-canada:SSC PCU 707,SSC PCU 707,Directory Services Personal Information Bank,,directory_requires_review,
institution:ati-schedule-i-shared-services-canada:SSC PCU 050,SSC PCU 050,Telephone Call Detail Information Personal Information Bank,,directory_requires_review,
institution:ati-schedule-i-shared-services-canada:SSC PCU 606,SSC PCU 606,Internal Credential Management Services Personal Information Bank,,directory_requires_review,
institution:ati-schedule-i-shared-services-canada:SSC PCU 607,SSC PCU 607,External Credential Management Services Personal Information Bank,,directory_requires_review,
institution:ati-schedule-i-st-john-s-port-authority:STJPA PPU 001,STJPA PPU 001,Property Services Personal Information Bank,,directory_requires_review,
institution:ati-schedule-i-st-john-s-port-authority:STJPA PPU 002,STJPA PPU 002,Port Customers,,directory_requires_review,
institution:ati-schedule-i-st-john-s-port-authority:STJPA PPU 003,STJPA PPU 003,Cruise Passengers,,directory_requires_review,
institution:ati-schedule-i-st-john-s-port-authority:STJPA PPU 004,STJPA PPU 004,Terminal Operations,,directory_requires_review,
institution:ati-schedule-i-st-john-s-port-authority:STJPA PPU 005,STJPA PPU 005,Hot Work Permit,,directory_requires_review,
institution:ati-schedule-i-st-john-s-port-authority:STJPA PPU 006,STJPA PPU 006,Crane Permit,,directory_requires_review,
institution:ati-schedule-i-st-john-s-port-authority:STJPA PPU 007,STJPA PPU 007,Restricted Area Passes,,directory_requires_review,
institution:ati-schedule-i-st-john-s-port-authority:STJPA PPU 008,STJPA PPU 008,Diving Permit,,directory_requires_review,
institution:ati-schedule-i-st-john-s-port-authority:STJPA PPU 009,STJPA PPU 009,Community Investment,,directory_requires_review,
institution:ati-schedule-i-thunder-bay-port-authority:TBPA PPU 005,TBPA PPU 005,• Property Services,,directory_requires_review,
institution:ati-schedule-i-treasury-board-secretariat:TBS PCE 802,TBS PCE 802,Treasury Board submissions,,directory_requires_review,
institution:ati-schedule-i-treasury-board-secretariat:TBS PPU 030,TBS PPU 030,Financial Officer / Internal Auditor recruitment and development,,directory_requires_review,
institution:ati-schedule-i-treasury-board-secretariat:TBS PCE 756,TBS PCE 756,Library of audit recruitment activities,,directory_requires_review,
institution:ati-schedule-i-treasury-board-secretariat:TBS PCE 805,TBS PCE 805,Access to information and privacy (ATIP) online requests,,directory_requires_review,
institution:ati-schedule-i-treasury-board-secretariat:TBS PCE 815,TBS PCE 815,Treasury Board of Canada Secretariat Application Portal (TAP),,directory_requires_review,
institution:ati-schedule-i-treasury-board-secretariat:TBS PPU 095,TBS PPU 095,Talent.canada.ca,,directory_requires_review,
institution:ati-schedule-i-treasury-board-secretariat:TBS PCE 702,TBS PCE 702,Government of Canada Workplace Accessibility Passport,,directory_requires_review,
institution:ati-schedule-i-treasury-board-secretariat:TBS PCE 760,TBS PCE 760,Self-Identification,,directory_requires_review,
institution:ati-schedule-i-treasury-board-secretariat:TBS PCE 810,TBS PCE 810,The Mosaic Leadership Development program,,directory_requires_review,
institution:ati-schedule-i-treasury-board-secretariat:TBS PCE 775,TBS PCE 775,Official Languages Information System II,,directory_requires_review,
institution:ati-schedule-i-treasury-board-secretariat:TBS PCE 820,TBS PCE 820,Workforce Organization and Classification (WOC) Classification Program – Learning (CPL),,directory_requires_review,
institution:ati-schedule-i-treasury-board-secretariat:TBS PCE 722,TBS PCE 722,Certification,,directory_requires_review,
institution:ati-schedule-i-treasury-board-secretariat:TBS PCE 728,TBS PCE 728,Complaints by bargaining agents,,directory_requires_review,
institution:ati-schedule-i-treasury-board-secretariat:TBS PPE 803,TBS PPE 803,Complaints: Canadian Human Rights Commission,,directory_requires_review,
institution:ati-schedule-i-treasury-board-secretariat:TBS PCE 705,TBS PCE 705,Adjudication: section 209 (*Public Service Labour Relations Act*) references and grievances,,directory_requires_review,
institution:ati-schedule-i-treasury-board-secretariat:TBS PPU 025,TBS PPU 025,Collective recruitment initiatives,,directory_requires_review,
institution:ati-schedule-i-treasury-board-secretariat:TBS PCE 740,TBS PCE 740,Extension of time to present a grievance,,directory_requires_review,
institution:ati-schedule-i-treasury-board-secretariat:TBS PCE 770,TBS PCE 770,National Joint Council grievances,,directory_requires_review,
institution:ati-schedule-i-treasury-board-secretariat:TBS PCE 803,TBS PCE 803,National Joint Council (NJC) *Travel Directive* exception: individual cases,,directory_requires_review,
institution:ati-schedule-i-treasury-board-secretariat:TBS PCE 792,TBS PCE 792,Relocation policy exceptions: individual cases,,directory_requires_review,
institution:ati-schedule-i-treasury-board-secretariat:TBS PCE 723,TBS PCE 723,Classification Grievances Tracking System,,directory_requires_review,
institution:ati-schedule-i-treasury-board-secretariat:TBS PCE 743,TBS PCE 743,Exclusion system (EXCL),,directory_requires_review,
institution:ati-schedule-i-treasury-board-secretariat:TBS PCE 789,TBS PCE 789,Public sector pension cases,,directory_requires_review,
institution:ati-schedule-i-treasury-board-secretariat:TBS PCE 799,TBS PCE 799,Special pension plans,,directory_requires_review,
institution:ati-schedule-i-treasury-board-secretariat:TBS PCE 745,TBS PCE 745,Executive Group Classification Information System,,directory_requires_review,
institution:ati-schedule-i-treasury-board-secretariat:TBS PCU 715,TBS PCU 715,Government-wide executive (EX) talent management,,directory_requires_review,
institution:ati-schedule-i-treasury-board-secretariat:TBS PCE 754,TBS PCE 754,Performance management program for employees,,directory_requires_review,
institution:ati-schedule-i-treasury-board-secretariat:TBS PCE 729,TBS PCE 729,Interchange Canada Reporting Application,,directory_requires_review,
institution:ati-schedule-i-treasury-board-secretariat:TBS PPU 035,TBS PPU 035,Educational leave / Co-op Replacement Program (EDCO),,directory_requires_review,
institution:ati-schedule-i-treasury-board-secretariat:TBS PCE 739,TBS PCE 739,Employment Equity Data Bank (EEDB),,directory_requires_review,
institution:ati-schedule-i-treasury-board-secretariat:TBS PCE 741,TBS PCE 741,Entitlements and Deductions System (EDSS),,directory_requires_review,
institution:ati-schedule-i-treasury-board-secretariat:TBS PCE 747,TBS PCE 747,Extra Duty Reporting System (EDRS),,directory_requires_review,
institution:ati-schedule-i-treasury-board-secretariat:TBS PCE 753,TBS PCE 753,Incumbent System (pay system),,directory_requires_review,
institution:ati-schedule-i-treasury-board-secretariat:TBS PCE 764,TBS PCE 764,Leave Reporting System (LRS),,directory_requires_review,
institution:ati-schedule-i-treasury-board-secretariat:TBS PCE 765,TBS PCE 765,Leave Without Pay System (LWOP),,directory_requires_review,
institution:ati-schedule-i-treasury-board-secretariat:TBS PCE 769,TBS PCE 769,Mobility file,,directory_requires_review,
institution:ati-schedule-i-treasury-board-secretariat:TBS PCE 804,TBS PCE 804,Workforce Adjustment Monitoring (WFAM) System,,directory_requires_review,
institution:ati-schedule-i-treasury-board-secretariat:TBS PCE 742,TBS PCE 742,Claims and compensation for damages related to the Phoenix pay system,,directory_requires_review,
institution:ati-schedule-i-treasury-board-secretariat:TBS PCE 755,TBS PCE 755,Certification Program for the Federal Government Procurement and Materiel Management Communities,,directory_requires_review,
institution:ati-schedule-i-treasury-board-secretariat:TBS PCE 807,TBS PCE 807,COVID-19 Vaccination Attestation and Worksite Testing Program,,directory_requires_review,
institution:ati-schedule-i-treasury-board-secretariat:TBS PCE 704,TBS PCE 704,,,directory_requires_review,title_needs_review
institution:ati-schedule-i-treasury-board-secretariat:TBS PCE 784,TBS PCE 784,,,directory_requires_review,title_needs_review
