institution_id,access_act_schedule,access_act_group,access_act_order,legal_name_en,legal_name_fr,access_act_source_url,gc_orgID,open_gov_match_method,open_gov_match_score,harmonized_name,nom_harmonise,preferred_name,nom_prefere,lead_department,ministere_responsable,FAA_LGFP,abbreviation,abreviation,status_statut,end_date_fin,website,site_web,open_gov_ouvert,infobaseID,rg,ati,pop,phoenix,open_canada_org_id,open_canada_org_slug,open_canada_title_en,open_canada_title_fr,open_canada_state,open_canada_approval_status,open_canada_department_number,open_canada_umd_number,open_canada_ati_email,open_canada_registry_access,organization_list_match_method,organization_list_match_score,due_en_name,due_en_annual_due_date,due_en_appendix_section,due_en_match_method,due_en_match_score,due_fr_name,due_fr_annual_due_date,due_fr_appendix_section,due_fr_match_method,due_fr_match_score,infosource_en_name,infosource_en_url,infosource_en_match_method,infosource_en_match_score,infosource_fr_name,infosource_fr_url,infosource_fr_match_method,infosource_fr_match_score,reporting_entity_en,reporting_entity_fr,annual_due_date_override,infosource_url_en_override,infosource_url_fr_override,pibs_url_en_override,pibs_url_fr_override,classes_url_en_override,classes_url_fr_override,url_evidence_en_override,url_evidence_fr_override,notes,annual_due_date,due_date_match_status,infosource_url_en,infosource_url_fr,pibs_url_en,classes_of_records_url_en,pibs_url_fr,classes_of_records_url_fr,tbs_due_dates_source_en,tbs_due_dates_source_fr,tbs_central_list_source_en,tbs_central_list_source_fr,infosource_url_evidence_en,infosource_url_evidence_fr,organization_list_source,org_info_source,org_names_source,registry_as_of_date,infosource_validation_en,infosource_http_status_en,infosource_final_url_en,infosource_validation_fr,infosource_http_status_fr,infosource_final_url_fr
ati-schedule-i-department-for-women-and-gender-equality,I,Departments and Ministries of State,1,Department for Women and Gender Equality,Ministère des Femmes et de l’Égalité des genres,https://laws-lois.justice.gc.ca/eng/XML/A-1.xml,2241.0,exact,1.0,Women and Gender Equality Canada,Femmes et Égalité des genres Canada,Women and Gender Equality Canada,Femmes et Égalité des genres Canada,Women and Gender Equality Canada,Femmes et Égalité des genres Canada,1.0,WAGE,FEGC,a,,www.swc-cfc.gc.ca,www.cfc-swc.gc.ca,wage,246.0,190.0,Women and Gender Equality Canada,CSW,CSW00,9363a3b2-ba6b-4197-8afc-cd03407306bd,wage,Women and Gender Equality Canada,Femmes et Égalité des genres Canada,active,approved,190.0,593.0,FEGC.AIPRP-ATIP.WAGE@fegc-wage.gc.ca,internal,open_gov_slug,1.0,Women and Gender Equality Canada,09-30,A.3,exact,1.0,Femmes et égalité des genres Canada,09-30,A.3,exact,1.0,Women and Gender Equality,https://www.canada.ca/en/women-gender-equality/transparency/annual-report-parliament-access-information-privacy/info-source-2023-2024.html,override_exact,1.0,Femmes et de l’Ĕgalité des genres,https://www.canada.ca/fr/femmes-egalite-genres/transparence/rapport-annuel-parlement-acces-information-protection-renseignements-personnels/info-source-2023-2024.html,override_exact,1.0,,,,,,,,,,,,Current legal and public-facing names differ.,09-30,direct,https://www.canada.ca/en/women-gender-equality/transparency/annual-report-parliament-access-information-privacy/info-source-2023-2024.html,https://www.canada.ca/fr/femmes-egalite-genres/transparence/rapport-annuel-parlement-acces-information-protection-renseignements-personnels/info-source-2023-2024.html,https://www.canada.ca/en/women-gender-equality/transparency/annual-report-parliament-access-information-privacy/info-source-2023-2024.html,https://www.canada.ca/en/women-gender-equality/transparency/annual-report-parliament-access-information-privacy/info-source-2023-2024.html,https://www.canada.ca/fr/femmes-egalite-genres/transparence/rapport-annuel-parlement-acces-information-protection-renseignements-personnels/info-source-2023-2024.html,https://www.canada.ca/fr/femmes-egalite-genres/transparence/rapport-annuel-parlement-acces-information-protection-renseignements-personnels/info-source-2023-2024.html,https://www.canada.ca/en/treasury-board-secretariat/services/access-information-privacy/access-information/access-informatio-policies-guidance/programs-holdings-online-publishing-requirements.html#toc-a,https://www.canada.ca/fr/secretariat-conseil-tresor/services/acces-information-protection-renseignements-personnels/acces-information/politiques-directives-acces-information/exigences-publication-ligne-programmes-fonds.html#toc-a,https://www.canada.ca/en/treasury-board-secretariat/services/access-information-privacy/access-information/info-source/list-institutions.html,https://www.canada.ca/fr/secretariat-conseil-tresor/services/acces-information-protection-reseignements-personnels/acces-information/info-source/liste-organisations.html,https://www.canada.ca/en/treasury-board-secretariat/services/access-information-privacy/access-information/info-source/list-institutions.html,https://www.canada.ca/fr/secretariat-conseil-tresor/services/acces-information-protection-reseignements-personnels/acces-information/info-source/liste-organisations.html,https://open.canada.ca/data/api/action/organization_list?all_fields=true&include_extras=true,https://open.canada.ca/data/en/api/3/action/datastore_search?resource_id=cb5b5566-f599-4d12-abae-8279a0230928&limit=500,https://open.canada.ca/data/en/api/3/action/datastore_search?resource_id=3faaafb4-00e2-4303-947d-ac786b62559f&limit=500,2026-08-15,verified_info_source,200,https://www.canada.ca/en/women-gender-equality/transparency/annual-report-parliament-access-information-privacy/info-source-2023-2024.html,verified_info_source,200,https://www.canada.ca/fr/femmes-egalite-genres/transparence/rapport-annuel-parlement-acces-information-protection-renseignements-personnels/info-source-2023-2024.html
ati-schedule-i-department-of-agriculture-and-agri-food,I,Departments and Ministries of State,2,Department of Agriculture and Agri-Food,Ministère de l’Agriculture et de l’Agroalimentaire,https://laws-lois.justice.gc.ca/eng/XML/A-1.xml,2222.0,exact,1.0,Agriculture and Agri-Food Canada,Agriculture et Agroalimentaire Canada,Agriculture and Agri-Food Canada,Agriculture et Agroalimentaire Canada,Agriculture and Agri-Food Canada,Agriculture et Agroalimentaire Canada,1.0,AAFC,AAC,a,,www.agr.gc.ca,www.agr.gc.ca,aafc-aac,1.0,1.0,Agriculture and Agri-Food Canada,AGR,AGR00,2ABCCA59-6C57-4886-99E7-85EC6C719218,aafc-aac,Agriculture and Agri-Food Canada,Agriculture et Agroalimentaire Canada,active,approved,235.0,2.0,ATIP-AIPRP@agr.gc.ca,internal,open_gov_slug,1.0,Agriculture and Agri-Food Canada,06-30,A.2,exact,1.0,Agriculture et Agroalimentaire Canada,06-30,A.2,exact,1.0,Agriculture and Agri-Food Canada,http://agriculture.canada.ca/eng/about-us/offices-and-locations/access-to-information-and-privacy-services/info-source-2016/?id=1347308413430,exact,1.0,Agriculture et Agroalimentaire Canada,http://agriculture.canada.ca/fra/a-propos-de-nous/bureaux-et-emplacements/services-dacces-a-linformation-et-de-protection-des-renseignements-personnels/sources-de-renseignements-du-gouvernement-federal-et-sur-les-fonctionnaires-federaux-2016/?id=1347308413430,exact,1.0,,,,,,,,,,,,,06-30,direct,http://agriculture.canada.ca/eng/about-us/offices-and-locations/access-to-information-and-privacy-services/info-source-2016/?id=1347308413430,http://agriculture.canada.ca/fra/a-propos-de-nous/bureaux-et-emplacements/services-dacces-a-linformation-et-de-protection-des-renseignements-personnels/sources-de-renseignements-du-gouvernement-federal-et-sur-les-fonctionnaires-federaux-2016/?id=1347308413430,http://agriculture.canada.ca/eng/about-us/offices-and-locations/access-to-information-and-privacy-services/info-source-2016/?id=1347308413430,http://agriculture.canada.ca/eng/about-us/offices-and-locations/access-to-information-and-privacy-services/info-source-2016/?id=1347308413430,https://agriculture.canada.ca/fr/ministere/transparence/info-source-renseignements-pour-fonctionnaires,https://agriculture.canada.ca/fr/ministere/transparence/info-source-renseignements-pour-fonctionnaires,https://www.canada.ca/en/treasury-board-secretariat/services/access-information-privacy/access-information/access-informatio-policies-guidance/programs-holdings-online-publishing-requirements.html#toc-a,https://www.canada.ca/fr/secretariat-conseil-tresor/services/acces-information-protection-renseignements-personnels/acces-information/politiques-directives-acces-information/exigences-publication-ligne-programmes-fonds.html#toc-a,https://www.canada.ca/en/treasury-board-secretariat/services/access-information-privacy/access-information/info-source/list-institutions.html,https://www.canada.ca/fr/secretariat-conseil-tresor/services/acces-information-protection-reseignements-personnels/acces-information/info-source/liste-organisations.html,https://www.canada.ca/en/treasury-board-secretariat/services/access-information-privacy/access-information/info-source/list-institutions.html,https://www.canada.ca/fr/secretariat-conseil-tresor/services/acces-information-protection-reseignements-personnels/acces-information/info-source/liste-organisations.html,https://open.canada.ca/data/api/action/organization_list?all_fields=true&include_extras=true,https://open.canada.ca/data/en/api/3/action/datastore_search?resource_id=cb5b5566-f599-4d12-abae-8279a0230928&limit=500,https://open.canada.ca/data/en/api/3/action/datastore_search?resource_id=3faaafb4-00e2-4303-947d-ac786b62559f&limit=500,2026-08-15,request_rejected,200,https://agriculture.canada.ca/en/department/transparency/info-source-employee-information,verified_info_source,200,https://agriculture.canada.ca/fr/ministere/transparence/info-source-renseignements-pour-fonctionnaires
ati-schedule-i-department-of-canadian-heritage,I,Departments and Ministries of State,3,Department of Canadian Heritage,Ministère du Patrimoine canadien,https://laws-lois.justice.gc.ca/eng/XML/A-1.xml,2223.0,exact,1.0,Canadian Heritage,Patrimoine canadien,Canadian Heritage,Patrimoine canadien,Canadian Heritage,Patrimoine canadien,1.0,PCH,PCH,a,,https://www.canada.ca/en/canadian-heritage.html,https://www.canada.ca/fr/patrimoine-canadien.html,pch,122.0,135.0,Canadian Heritage,PCH,PCH00,9EEB1859-D658-4E1B-A0E0-45CFAB4E3E5A,pch,Canadian Heritage,Patrimoine canadien,active,approved,16.0,86.0,aiprp-atip@pch.gc.ca,internal,open_gov_slug,1.0,Canadian Heritage,06-30,A.2,exact,1.0,Patrimoine canadien,06-30,A.2,exact,1.0,Canadian Heritage,https://www.canada.ca/en/canadian-heritage/corporate/publications/general-publications/information-programs-holdings.html,exact,1.0,Patrimoine canadien,https://www.canada.ca/fr/patrimoine-canadien/organisation/publications/publications-generales/renseignements-programmes-fonds.html,exact,1.0,,,,,,,,,,,,,06-30,direct,https://www.canada.ca/en/canadian-heritage/corporate/publications/general-publications/information-programs-holdings.html,https://www.canada.ca/fr/patrimoine-canadien/organisation/publications/publications-generales/renseignements-programmes-fonds.html,https://www.canada.ca/en/canadian-heritage/corporate/publications/general-publications/information-programs-holdings.html,https://www.canada.ca/en/canadian-heritage/corporate/publications/general-publications/information-programs-holdings.html,https://www.canada.ca/fr/patrimoine-canadien/organisation/publications/publications-generales/renseignements-programmes-fonds.html,https://www.canada.ca/fr/patrimoine-canadien/organisation/publications/publications-generales/renseignements-programmes-fonds.html,https://www.canada.ca/en/treasury-board-secretariat/services/access-information-privacy/access-information/access-informatio-policies-guidance/programs-holdings-online-publishing-requirements.html#toc-a,https://www.canada.ca/fr/secretariat-conseil-tresor/services/acces-information-protection-renseignements-personnels/acces-information/politiques-directives-acces-information/exigences-publication-ligne-programmes-fonds.html#toc-a,https://www.canada.ca/en/treasury-board-secretariat/services/access-information-privacy/access-information/info-source/list-institutions.html,https://www.canada.ca/fr/secretariat-conseil-tresor/services/acces-information-protection-reseignements-personnels/acces-information/info-source/liste-organisations.html,https://www.canada.ca/en/treasury-board-secretariat/services/access-information-privacy/access-information/info-source/list-institutions.html,https://www.canada.ca/fr/secretariat-conseil-tresor/services/acces-information-protection-reseignements-personnels/acces-information/info-source/liste-organisations.html,https://open.canada.ca/data/api/action/organization_list?all_fields=true&include_extras=true,https://open.canada.ca/data/en/api/3/action/datastore_search?resource_id=cb5b5566-f599-4d12-abae-8279a0230928&limit=500,https://open.canada.ca/data/en/api/3/action/datastore_search?resource_id=3faaafb4-00e2-4303-947d-ac786b62559f&limit=500,2026-08-15,verified_info_source,200,https://www.canada.ca/en/canadian-heritage/corporate/publications/general-publications/information-programs-holdings.html,verified_info_source,200,https://www.canada.ca/fr/patrimoine-canadien/organisation/publications/publications-generales/renseignements-programmes-fonds.html
ati-schedule-i-department-of-citizenship-and-immigration,I,Departments and Ministries of State,4,Department of Citizenship and Immigration,Ministère de la Citoyenneté et de l’Immigration,https://laws-lois.justice.gc.ca/eng/XML/A-1.xml,2224.0,exact,1.0,"Immigration, Refugees and Citizenship Canada","Immigration, Réfugiés et Citoyenneté Canada","Immigration, Refugees and Citizenship Canada","Immigration, Réfugiés et Citoyenneté Canada","Immigration, Refugees and Citizenship Canada","Immigration, Réfugiés et Citoyenneté Canada",1.0,IRCC,IRCC,a,,www.cic.gc.ca,www.cic.gc.ca,cic,123.0,50.0,Immigration Refugees and Citizenship Canada,IMC,IMC00,51383040-F4F9-4B96-9E6B-2D70AAFB522A,cic,"Immigration, Refugees and Citizenship Canada","Immigration, Réfugiés et Citoyenneté Canada",active,approved,94.0,61.0,ATIP-AIPRP@cic.gc.ca,internal,open_gov_slug,1.0,"Immigration, Refugees and Citizenship Canada",06-30,A.2,exact,1.0,"Immigration, Réfugiés et Citoyenneté Canada.",06-30,A.2,exact,1.0,"Immigration, Refugees and Citizenship Canada",https://www.canada.ca/en/immigration-refugees-citizenship/corporate/transparency/access-information-privacy/info-source/sources-information.html,exact,1.0,Immigration Réfugiés et Citoyenneté Canada,https://www.canada.ca/fr/immigration-refugies-citoyennete/organisation/transparence/acces-information-protection/info-source/sources-renseignements.html,exact,1.0,,,,,,,,,,,,,06-30,direct,https://www.canada.ca/en/immigration-refugees-citizenship/corporate/transparency/access-information-privacy/info-source/sources-information.html,https://www.canada.ca/fr/immigration-refugies-citoyennete/organisation/transparence/acces-information-protection/info-source/sources-renseignements.html,https://www.canada.ca/en/immigration-refugees-citizenship/corporate/transparency/access-information-privacy/info-source/personal-information-banks.html,https://www.canada.ca/en/immigration-refugees-citizenship/corporate/transparency/access-information-privacy/info-source/sources-information.html,https://www.canada.ca/fr/immigration-refugies-citoyennete/organisation/transparence/acces-information-protection/info-source/fichiers-renseignements-personnels.html,https://www.canada.ca/fr/immigration-refugies-citoyennete/organisation/transparence/acces-information-protection/info-source/sources-renseignements.html,https://www.canada.ca/en/treasury-board-secretariat/services/access-information-privacy/access-information/access-informatio-policies-guidance/programs-holdings-online-publishing-requirements.html#toc-a,https://www.canada.ca/fr/secretariat-conseil-tresor/services/acces-information-protection-renseignements-personnels/acces-information/politiques-directives-acces-information/exigences-publication-ligne-programmes-fonds.html#toc-a,https://www.canada.ca/en/treasury-board-secretariat/services/access-information-privacy/access-information/info-source/list-institutions.html,https://www.canada.ca/fr/secretariat-conseil-tresor/services/acces-information-protection-reseignements-personnels/acces-information/info-source/liste-organisations.html,https://www.canada.ca/en/treasury-board-secretariat/services/access-information-privacy/access-information/info-source/list-institutions.html,https://www.canada.ca/fr/secretariat-conseil-tresor/services/acces-information-protection-reseignements-personnels/acces-information/info-source/liste-organisations.html,https://open.canada.ca/data/api/action/organization_list?all_fields=true&include_extras=true,https://open.canada.ca/data/en/api/3/action/datastore_search?resource_id=cb5b5566-f599-4d12-abae-8279a0230928&limit=500,https://open.canada.ca/data/en/api/3/action/datastore_search?resource_id=3faaafb4-00e2-4303-947d-ac786b62559f&limit=500,2026-08-15,verified_info_source,200,https://www.canada.ca/en/immigration-refugees-citizenship/corporate/transparency/access-information-privacy/info-source/sources-information.html,verified_info_source,200,https://www.canada.ca/fr/immigration-refugies-citoyennete/organisation/transparence/acces-information-protection/info-source/sources-renseignements.html
ati-schedule-i-department-of-crown-indigenous-relations-and-northern-affairs,I,Departments and Ministries of State,5,Department of Crown-Indigenous Relations and Northern Affairs,Ministère des Relations Couronne-Autochtones et des Affaires du Nord,https://laws-lois.justice.gc.ca/eng/XML/A-1.xml,2230.0,exact,1.0,Crown-Indigenous Relations and Northern Affairs Canada,Relations Couronne-Autochtones et Affaires du Nord Canada,Crown-Indigenous Relations and Northern Affairs Canada,Relations Couronne-Autochtones et Affaires du Nord Canada,Crown-Indigenous Relations and Northern Affairs Canada,Relations Couronne-Autochtones et Affaires du Nord Canada,1.0,CIRNAC,RCAANC,a,,https://www.canada.ca/en/crown-indigenous-relations-northern-affairs.html,https://www.canada.ca/fr/relations-couronne-autochtones-affaires-nord.html,aandc-aadnc,129.0,42.0,Crown-Indigenous Relations and Northern Affairs Canada,IAN,IAN00,d54c8e31-8f3e-46c5-bdc5-d22bc553cbc2,aandc-aadnc,Crown-Indigenous Relations and Northern Affairs Canada,Relations Couronne-Autochtones et Affaires du Nord Canada,active,approved,249.0,57.0,aadnc.atiprequest-aiprpdemande.aandc@canada.ca,internal,open_gov_slug,1.0,Crown-Indigenous Relations and Northern Affairs Canada,06-30,A.2,exact,1.0,Relations Couronne-Autochtones et Affaires du Nord Canada,06-30,A.2,exact,1.0,Crown Indigenous and Northern Affairs Canada,https://www.rcaanc-cirnac.gc.ca/eng/1638307261809/1638307285229,override_exact,1.0,Relations Couronne-Autochtones et Affaires du Nord Canada,https://www.rcaanc-cirnac.gc.ca/fra/1638307261809/1638307285229,exact,1.0,,,,,,,,,,,,Current legal and public-facing names differ.,06-30,direct,https://www.rcaanc-cirnac.gc.ca/eng/1638307261809/1638307285229,https://www.rcaanc-cirnac.gc.ca/fra/1638307261809/1638307285229,https://www.rcaanc-cirnac.gc.ca/eng/1638307261809/1638307285229,https://www.rcaanc-cirnac.gc.ca/eng/1638307261809/1638307285229,https://www.rcaanc-cirnac.gc.ca/fra/1638307261809/1638307285229,https://www.rcaanc-cirnac.gc.ca/fra/1638307261809/1638307285229,https://www.canada.ca/en/treasury-board-secretariat/services/access-information-privacy/access-information/access-informatio-policies-guidance/programs-holdings-online-publishing-requirements.html#toc-a,https://www.canada.ca/fr/secretariat-conseil-tresor/services/acces-information-protection-renseignements-personnels/acces-information/politiques-directives-acces-information/exigences-publication-ligne-programmes-fonds.html#toc-a,https://www.canada.ca/en/treasury-board-secretariat/services/access-information-privacy/access-information/info-source/list-institutions.html,https://www.canada.ca/fr/secretariat-conseil-tresor/services/acces-information-protection-reseignements-personnels/acces-information/info-source/liste-organisations.html,https://www.canada.ca/en/treasury-board-secretariat/services/access-information-privacy/access-information/info-source/list-institutions.html,https://www.canada.ca/fr/secretariat-conseil-tresor/services/acces-information-protection-reseignements-personnels/acces-information/info-source/liste-organisations.html,https://open.canada.ca/data/api/action/organization_list?all_fields=true&include_extras=true,https://open.canada.ca/data/en/api/3/action/datastore_search?resource_id=cb5b5566-f599-4d12-abae-8279a0230928&limit=500,https://open.canada.ca/data/en/api/3/action/datastore_search?resource_id=3faaafb4-00e2-4303-947d-ac786b62559f&limit=500,2026-08-15,verified_info_source,200,https://www.rcaanc-cirnac.gc.ca/eng/1638307261809/1638307285229,verified_info_source,200,https://www.rcaanc-cirnac.gc.ca/fra/1638307261809/1638307285229
ati-schedule-i-department-of-employment-and-social-development,I,Departments and Ministries of State,6,Department of Employment and Social Development,Ministère de l’Emploi et du Développement social,https://laws-lois.justice.gc.ca/eng/XML/A-1.xml,2229.0,exact,1.0,Employment and Social Development Canada,Emploi et Développement social Canada,Employment and Social Development Canada,Emploi et Développement social Canada,Employment and Social Development Canada,Emploi et Développement social Canada,1.0,ESDC,EDSC,a,,www.canada.ca/en/employment-social-development.html,www.canada.ca/fr/emploi-developpement-social.html,esdc-edsc,128.0,14.0,Employment and Social Development Canada,CSD,CSD00,055ADCD8-8FDA-40DA-A5B7-689FF7DB57A6,esdc-edsc,Employment and Social Development Canada,Emploi et Développement social Canada,active,approved,141.0,26.0,NC-COMM-ATIP-AIPRP-GD@hrsdc-rhdcc.gc.ca,internal,open_gov_slug,1.0,Employment and Social Development Canada,06-30,A.2,exact,1.0,Emploi et Développement social Canada,06-30,A.2,exact,1.0,Employment and Social Development Canada,https://www.canada.ca/en/employment-social-development/corporate/transparency/access-information/reports/infosource.html,exact,1.0,Emploi et Développement social Canada,https://www.canada.ca/fr/emploi-developpement-social/ministere/transparence/aai/rapports/infosource.html,exact,1.0,,,,,,,,,,,,,06-30,direct,https://www.canada.ca/en/employment-social-development/corporate/transparency/access-information/reports/infosource.html,https://www.canada.ca/fr/emploi-developpement-social/ministere/transparence/aai/rapports/infosource.html,https://www.canada.ca/en/employment-social-development/corporate/transparency/access-information/reports/infosource-2023-2024/infosource-detailed.html,https://www.canada.ca/en/employment-social-development/corporate/transparency/access-information/reports/infosource-2023-2024/infosource-detailed.html,https://www.canada.ca/fr/emploi-developpement-social/ministere/transparence/aai/rapports/infosource-2023-2024/infosource-detaille.html,https://www.canada.ca/fr/emploi-developpement-social/ministere/transparence/aai/rapports/infosource-2023-2024/infosource-detaille.html,https://www.canada.ca/en/treasury-board-secretariat/services/access-information-privacy/access-information/access-informatio-policies-guidance/programs-holdings-online-publishing-requirements.html#toc-a,https://www.canada.ca/fr/secretariat-conseil-tresor/services/acces-information-protection-renseignements-personnels/acces-information/politiques-directives-acces-information/exigences-publication-ligne-programmes-fonds.html#toc-a,https://www.canada.ca/en/treasury-board-secretariat/services/access-information-privacy/access-information/info-source/list-institutions.html,https://www.canada.ca/fr/secretariat-conseil-tresor/services/acces-information-protection-reseignements-personnels/acces-information/info-source/liste-organisations.html,https://www.canada.ca/en/treasury-board-secretariat/services/access-information-privacy/access-information/info-source/list-institutions.html,https://www.canada.ca/fr/secretariat-conseil-tresor/services/acces-information-protection-reseignements-personnels/acces-information/info-source/liste-organisations.html,https://open.canada.ca/data/api/action/organization_list?all_fields=true&include_extras=true,https://open.canada.ca/data/en/api/3/action/datastore_search?resource_id=cb5b5566-f599-4d12-abae-8279a0230928&limit=500,https://open.canada.ca/data/en/api/3/action/datastore_search?resource_id=3faaafb4-00e2-4303-947d-ac786b62559f&limit=500,2026-08-15,verified_info_source,200,https://www.canada.ca/en/employment-social-development/corporate/transparency/access-information/reports/infosource-2023-2024.html,verified_info_source,200,https://www.canada.ca/fr/emploi-developpement-social/ministere/transparence/aai/rapports/infosource-2023-2024.html
ati-schedule-i-department-of-the-environment,I,Departments and Ministries of State,7,Department of the Environment,Ministère de l’Environnement,https://laws-lois.justice.gc.ca/eng/XML/A-1.xml,2237.0,exact,1.0,Environment and Climate Change Canada,Environnement et Changement climatique Canada,Environment and Climate Change Canada,Environnement et Changement climatique Canada,Environment and Climate Change Canada,Environnement et Changement climatique Canada,1.0,ECCC,ECCC,a,,www.canada.ca/en/environment-climate-change.html,www.canada.ca/fr/environnement-changement-climatique.html,ec,137.0,7.0,Environment and Climate Change Canada,DOE,DOE00,49E2ADF4-AD7A-43EB-85C8-6433D37ED62C,ec,Environment and Climate Change Canada,Environnement et Changement climatique Canada,active,approved,99.0,33.0,ecatip-ecaiprp@ec.gc.ca,internal,open_gov_slug,1.0,Environment and Climate Change Canada,06-30,A.2,exact,1.0,Environnement et changement climatique Canada,06-30,A.2,exact,1.0,Environment and Climate Change Canada,https://www.canada.ca/en/environment-climate-change/corporate/transparency/access-information-privacy/info-source.html,exact,1.0,Environnement et Changement climatique Canada,https://www.canada.ca/fr/environnement-changement-climatique/organisation/transparence/acces-information-protection-renseignements-personnels/info-source.html,exact,1.0,,,,,,,,,,,,,06-30,direct,https://www.canada.ca/en/environment-climate-change/corporate/transparency/access-information-privacy/info-source.html,https://www.canada.ca/fr/environnement-changement-climatique/organisation/transparence/acces-information-protection-renseignements-personnels/info-source.html,https://www.canada.ca/en/environment-climate-change/corporate/transparency/access-information-privacy/info-source.html,https://www.canada.ca/en/environment-climate-change/corporate/transparency/access-information-privacy/info-source.html,https://www.canada.ca/fr/environnement-changement-climatique/organisation/transparence/acces-information-protection-renseignements-personnels/info-source.html,https://www.canada.ca/fr/environnement-changement-climatique/organisation/transparence/acces-information-protection-renseignements-personnels/info-source.html,https://www.canada.ca/en/treasury-board-secretariat/services/access-information-privacy/access-information/access-informatio-policies-guidance/programs-holdings-online-publishing-requirements.html#toc-a,https://www.canada.ca/fr/secretariat-conseil-tresor/services/acces-information-protection-renseignements-personnels/acces-information/politiques-directives-acces-information/exigences-publication-ligne-programmes-fonds.html#toc-a,https://www.canada.ca/en/treasury-board-secretariat/services/access-information-privacy/access-information/info-source/list-institutions.html,https://www.canada.ca/fr/secretariat-conseil-tresor/services/acces-information-protection-reseignements-personnels/acces-information/info-source/liste-organisations.html,https://www.canada.ca/en/treasury-board-secretariat/services/access-information-privacy/access-information/info-source/list-institutions.html,https://www.canada.ca/fr/secretariat-conseil-tresor/services/acces-information-protection-reseignements-personnels/acces-information/info-source/liste-organisations.html,https://open.canada.ca/data/api/action/organization_list?all_fields=true&include_extras=true,https://open.canada.ca/data/en/api/3/action/datastore_search?resource_id=cb5b5566-f599-4d12-abae-8279a0230928&limit=500,https://open.canada.ca/data/en/api/3/action/datastore_search?resource_id=3faaafb4-00e2-4303-947d-ac786b62559f&limit=500,2026-08-15,verified_info_source,200,https://www.canada.ca/en/environment-climate-change/corporate/transparency/access-information-privacy/info-source.html,verified_info_source,200,https://www.canada.ca/fr/environnement-changement-climatique/organisation/transparence/acces-information-protection-renseignements-personnels/info-source.html
ati-schedule-i-department-of-finance,I,Departments and Ministries of State,8,Department of Finance,Ministère des Finances,https://laws-lois.justice.gc.ca/eng/XML/A-1.xml,2225.0,exact,1.0,Department of Finance Canada,Ministère des Finances Canada,Department of Finance Canada,Ministère des Finances Canada,Department of Finance Canada,Ministère des Finances Canada,1.0,FIN,FIN,a,,https://www.canada.ca/en/department-finance.html,https://www.canada.ca/fr/ministere-finances.html,fin,124.0,6.0,Department of Finance Canada,FIN,FIN00,05D03DCB-5906-4555-A5A1-84D86E9E94DD,fin,Department of Finance Canada,Ministère des Finances Canada,active,approved,157.0,44.0,fin.atip-aiprp.fin@canada.ca,internal,open_gov_slug,1.0,Department of Finance Canada,06-30,A.2,exact,1.0,Ministère des Finances du Canada,06-30,A.2,exact,1.0,Department of Finance Canada,https://www.canada.ca/en/department-finance/corporate/transparency/access-information-privacy/info-source.html,exact,1.0,Ministère des Finances Canada,https://www.canada.ca/fr/ministere-finances/organisation/transparence/acces-information-protection-renseignements-personnels/info-source.html,exact,1.0,,,,,,,,,,,,,06-30,direct,https://www.canada.ca/en/department-finance/corporate/transparency/access-information-privacy/info-source.html,https://www.canada.ca/fr/ministere-finances/organisation/transparence/acces-information-protection-renseignements-personnels/info-source.html,https://www.canada.ca/en/department-finance/corporate/transparency/access-information-privacy/info-source.html,https://www.canada.ca/en/department-finance/corporate/transparency/access-information-privacy/info-source.html,https://www.canada.ca/fr/ministere-finances/organisation/transparence/acces-information-protection-renseignements-personnels/info-source.html,https://www.canada.ca/fr/ministere-finances/organisation/transparence/acces-information-protection-renseignements-personnels/info-source.html,https://www.canada.ca/en/treasury-board-secretariat/services/access-information-privacy/access-information/access-informatio-policies-guidance/programs-holdings-online-publishing-requirements.html#toc-a,https://www.canada.ca/fr/secretariat-conseil-tresor/services/acces-information-protection-renseignements-personnels/acces-information/politiques-directives-acces-information/exigences-publication-ligne-programmes-fonds.html#toc-a,https://www.canada.ca/en/treasury-board-secretariat/services/access-information-privacy/access-information/info-source/list-institutions.html,https://www.canada.ca/fr/secretariat-conseil-tresor/services/acces-information-protection-reseignements-personnels/acces-information/info-source/liste-organisations.html,https://www.canada.ca/en/treasury-board-secretariat/services/access-information-privacy/access-information/info-source/list-institutions.html,https://www.canada.ca/fr/secretariat-conseil-tresor/services/acces-information-protection-reseignements-personnels/acces-information/info-source/liste-organisations.html,https://open.canada.ca/data/api/action/organization_list?all_fields=true&include_extras=true,https://open.canada.ca/data/en/api/3/action/datastore_search?resource_id=cb5b5566-f599-4d12-abae-8279a0230928&limit=500,https://open.canada.ca/data/en/api/3/action/datastore_search?resource_id=3faaafb4-00e2-4303-947d-ac786b62559f&limit=500,2026-08-15,verified_info_source,200,https://www.canada.ca/en/department-finance/corporate/transparency/access-information-privacy/info-source.html,verified_info_source,200,https://www.canada.ca/fr/ministere-finances/organisation/transparence/acces-information-protection-renseignements-personnels/info-source.html
ati-schedule-i-department-of-fisheries-and-oceans,I,Departments and Ministries of State,9,Department of Fisheries and Oceans,Ministère des Pêches et des Océans,https://laws-lois.justice.gc.ca/eng/XML/A-1.xml,2226.0,exact,1.0,Fisheries and Oceans Canada,Pêches et Océans Canada,Fisheries and Oceans Canada,Pêches et Océans Canada,Fisheries and Oceans Canada,Pêches et Océans Canada,1.0,DFO,MPO,a,,www.dfo-mpo.gc.ca,www.dfo-mpo.gc.ca,dfo-mpo,125.0,86.0,Fisheries and Oceans Canada,DFO,DFO00,E56460A0-2055-4BF4-A693-EA238E0746E7,dfo-mpo,Fisheries and Oceans Canada,Pêches et Océans Canada,active,approved,253.0,31.0,atip-laiprp@dfo-mpo.gc.ca,internal,open_gov_slug,1.0,Fisheries and Oceans Canada,06-30,A.2,exact,1.0,Pêches et Océans Canada,06-30,A.2,exact,1.0,Fisheries and Oceans Canada,https://www.dfo-mpo.gc.ca/transparency-transparence/atip-aiprp/infosource/index-eng.html,exact,1.0,Pêches et Océans Canada,https://www.dfo-mpo.gc.ca/transparency-transparence/atip-aiprp/infosource/index-fra.html,exact,1.0,,,,,,,,,,,,,06-30,direct,https://www.dfo-mpo.gc.ca/transparency-transparence/atip-aiprp/infosource/index-eng.html,https://www.dfo-mpo.gc.ca/transparency-transparence/atip-aiprp/infosource/index-fra.html,https://www.dfo-mpo.gc.ca/transparency-transparence/atip-aiprp/infosource/index-eng.html,https://www.dfo-mpo.gc.ca/transparency-transparence/atip-aiprp/infosource/index-eng.html,https://www.dfo-mpo.gc.ca/transparency-transparence/atip-aiprp/infosource/index-fra.html,https://www.dfo-mpo.gc.ca/transparency-transparence/atip-aiprp/infosource/index-fra.html,https://www.canada.ca/en/treasury-board-secretariat/services/access-information-privacy/access-information/access-informatio-policies-guidance/programs-holdings-online-publishing-requirements.html#toc-a,https://www.canada.ca/fr/secretariat-conseil-tresor/services/acces-information-protection-renseignements-personnels/acces-information/politiques-directives-acces-information/exigences-publication-ligne-programmes-fonds.html#toc-a,https://www.canada.ca/en/treasury-board-secretariat/services/access-information-privacy/access-information/info-source/list-institutions.html,https://www.canada.ca/fr/secretariat-conseil-tresor/services/acces-information-protection-reseignements-personnels/acces-information/info-source/liste-organisations.html,https://www.canada.ca/en/treasury-board-secretariat/services/access-information-privacy/access-information/info-source/list-institutions.html,https://www.canada.ca/fr/secretariat-conseil-tresor/services/acces-information-protection-reseignements-personnels/acces-information/info-source/liste-organisations.html,https://open.canada.ca/data/api/action/organization_list?all_fields=true&include_extras=true,https://open.canada.ca/data/en/api/3/action/datastore_search?resource_id=cb5b5566-f599-4d12-abae-8279a0230928&limit=500,https://open.canada.ca/data/en/api/3/action/datastore_search?resource_id=3faaafb4-00e2-4303-947d-ac786b62559f&limit=500,2026-08-15,verified_info_source,200,https://www.dfo-mpo.gc.ca/transparency-transparence/atip-aiprp/infosource/index-eng.html,verified_info_source,200,https://www.dfo-mpo.gc.ca/transparency-transparence/atip-aiprp/infosource/index-fra.html
ati-schedule-i-department-of-foreign-affairs-trade-and-development,I,Departments and Ministries of State,10,"Department of Foreign Affairs, Trade and Development","Ministère des Affaires étrangères, du Commerce et du Développement",https://laws-lois.justice.gc.ca/eng/XML/A-1.xml,2227.0,exact,1.0,Global Affairs Canada,Affaires mondiales Canada,Global Affairs Canada,Affaires mondiales Canada,Global Affairs Canada,Affaires mondiales Canada,1.0,GAC,AMC,a,,www.international.gc.ca,www.international.gc.ca,dfatd-maecd,126.0,5.0,Global Affairs Canada,EXT,EXT00,d7c2580f-89c5-4705-9d56-6b0e8e5d9538,dfatd-maecd,Global Affairs Canada,Affaires mondiales Canada,active,approved,64.0,41.0,dcp@international.gc.ca,internal,open_gov_slug,1.0,Global Affairs Canada,06-30,A.2,exact,1.0,Affaires mondiales Canada,06-30,A.2,exact,1.0,Global Affairs Canada,https://www.international.gc.ca/transparency-transparence/infosource/index.aspx?lang=eng,exact,1.0,Affaires mondiales Canada,https://www.international.gc.ca/transparency-transparence/infosource/index.aspx?lang=fra,exact,1.0,,,,,,,,,,,,,06-30,direct,https://www.international.gc.ca/transparency-transparence/infosource/index.aspx?lang=eng,https://www.international.gc.ca/transparency-transparence/infosource/index.aspx?lang=fra,https://international.canada.ca/en/global-affairs/corporate/transparency/info-source,https://international.canada.ca/en/global-affairs/corporate/transparency/info-source,https://international.canada.ca/fr/affaires-mondiales/organisation/transparence/info-source,https://international.canada.ca/fr/affaires-mondiales/organisation/transparence/info-source,https://www.canada.ca/en/treasury-board-secretariat/services/access-information-privacy/access-information/access-informatio-policies-guidance/programs-holdings-online-publishing-requirements.html#toc-a,https://www.canada.ca/fr/secretariat-conseil-tresor/services/acces-information-protection-renseignements-personnels/acces-information/politiques-directives-acces-information/exigences-publication-ligne-programmes-fonds.html#toc-a,https://www.canada.ca/en/treasury-board-secretariat/services/access-information-privacy/access-information/info-source/list-institutions.html,https://www.canada.ca/fr/secretariat-conseil-tresor/services/acces-information-protection-reseignements-personnels/acces-information/info-source/liste-organisations.html,https://www.canada.ca/en/treasury-board-secretariat/services/access-information-privacy/access-information/info-source/list-institutions.html,https://www.canada.ca/fr/secretariat-conseil-tresor/services/acces-information-protection-reseignements-personnels/acces-information/info-source/liste-organisations.html,https://open.canada.ca/data/api/action/organization_list?all_fields=true&include_extras=true,https://open.canada.ca/data/en/api/3/action/datastore_search?resource_id=cb5b5566-f599-4d12-abae-8279a0230928&limit=500,https://open.canada.ca/data/en/api/3/action/datastore_search?resource_id=3faaafb4-00e2-4303-947d-ac786b62559f&limit=500,2026-08-15,verified_info_source,200,https://international.canada.ca/en/global-affairs/corporate/transparency/info-source,verified_info_source,200,https://international.canada.ca/fr/affaires-mondiales/organisation/transparence/info-source
ati-schedule-i-department-of-health,I,Departments and Ministries of State,11,Department of Health,Ministère de la Santé,https://laws-lois.justice.gc.ca/eng/XML/A-1.xml,2228.0,exact,1.0,Health Canada,Santé Canada,Health Canada,Santé Canada,Health Canada,Santé Canada,1.0,HC,SC,a,,www.canada.ca/en/health-canada.html,www.canada.ca/fr/sante-canada.html,hc-sc,127.0,22.0,Health Canada,SHC,NHW00,BD26DB5E-82D2-42C1-99BB-08FCF6068FEE,hc-sc,Health Canada,Santé Canada,active,approved,271.0,107.0,access.informal-demandes.informelles@hc-sc.gc.ca,internal,open_gov_slug,1.0,Health Canada,06-30,A.2,exact,1.0,Santé Canada,06-30,A.2,exact,1.0,Health Canada,https://www.canada.ca/en/health-canada/corporate/about-health-canada/activities-responsibilities/access-information-privacy/info-source-federal-government-employee-information.html,exact,1.0,Santé Canada,https://www.canada.ca/fr/sante-canada/organisation/a-propos-sante-canada/activites-responsabilites/acces-information-protection-renseignements-personnels/info-source-renseignements-gouvernement-federal-fonctionnaires-federaux.html#a21,exact,1.0,,,,,,,,,,,,,06-30,direct,https://www.canada.ca/en/health-canada/corporate/about-health-canada/activities-responsibilities/access-information-privacy/info-source-federal-government-employee-information.html,https://www.canada.ca/fr/sante-canada/organisation/a-propos-sante-canada/activites-responsabilites/acces-information-protection-renseignements-personnels/info-source-renseignements-gouvernement-federal-fonctionnaires-federaux.html#a21,https://www.canada.ca/en/health-canada/corporate/about-health-canada/activities-responsibilities/access-information-privacy/info-source-federal-government-employee-information.html,https://www.canada.ca/en/health-canada/corporate/about-health-canada/activities-responsibilities/access-information-privacy/info-source-federal-government-employee-information.html,https://www.canada.ca/fr/sante-canada/organisation/a-propos-sante-canada/activites-responsabilites/acces-information-protection-renseignements-personnels/info-source-renseignements-gouvernement-federal-fonctionnaires-federaux.html#a21,https://www.canada.ca/fr/sante-canada/organisation/a-propos-sante-canada/activites-responsabilites/acces-information-protection-renseignements-personnels/info-source-renseignements-gouvernement-federal-fonctionnaires-federaux.html#a21,https://www.canada.ca/en/treasury-board-secretariat/services/access-information-privacy/access-information/access-informatio-policies-guidance/programs-holdings-online-publishing-requirements.html#toc-a,https://www.canada.ca/fr/secretariat-conseil-tresor/services/acces-information-protection-renseignements-personnels/acces-information/politiques-directives-acces-information/exigences-publication-ligne-programmes-fonds.html#toc-a,https://www.canada.ca/en/treasury-board-secretariat/services/access-information-privacy/access-information/info-source/list-institutions.html,https://www.canada.ca/fr/secretariat-conseil-tresor/services/acces-information-protection-reseignements-personnels/acces-information/info-source/liste-organisations.html,https://www.canada.ca/en/treasury-board-secretariat/services/access-information-privacy/access-information/info-source/list-institutions.html,https://www.canada.ca/fr/secretariat-conseil-tresor/services/acces-information-protection-reseignements-personnels/acces-information/info-source/liste-organisations.html,https://open.canada.ca/data/api/action/organization_list?all_fields=true&include_extras=true,https://open.canada.ca/data/en/api/3/action/datastore_search?resource_id=cb5b5566-f599-4d12-abae-8279a0230928&limit=500,https://open.canada.ca/data/en/api/3/action/datastore_search?resource_id=3faaafb4-00e2-4303-947d-ac786b62559f&limit=500,2026-08-15,verified_info_source,200,https://www.canada.ca/en/health-canada/corporate/about-health-canada/activities-responsibilities/access-information-privacy/info-source-federal-government-employee-information.html,verified_info_source,200,https://www.canada.ca/fr/sante-canada/organisation/a-propos-sante-canada/activites-responsabilites/acces-information-protection-renseignements-personnels/info-source-renseignements-gouvernement-federal-fonctionnaires-federaux.html#a21
ati-schedule-i-department-of-housing-infrastructure-and-communities,I,Departments and Ministries of State,12,"Department of Housing, Infrastructure and Communities","Ministère du Logement, de l’Infrastructure et des Collectivités",https://laws-lois.justice.gc.ca/eng/XML/A-1.xml,2269.0,exact,1.0,"Housing, Infrastructure and Communities Canada","Logement, Infrastructures et Collectivités Canada","Housing, Infrastructure and Communities Canada","Logement, Infrastructures et Collectivités Canada","Housing, Infrastructure and Communities Canada","Logement, Infrastructures et Collectivités Canada",1.0,HICC,LICC,a,,https://housing-infrastructure.canada.ca/,https://housing-infrastructure.canada.ca/,infc,237.0,242.0,Office of Infrastructure of Canada,HIC,INF00,AC76B01B-0569-4067-A427-D1F6183A8746,infc,"Department of Housing, Infrastructure and Communities","Ministère du Logement, de l’Infrastructure et des Collectivités",active,approved,278.0,62.0,atip-aiprp@infc.gc.ca,internal,open_gov_slug,1.0,Infrastructure Canada,09-30,A.3,override_exact,1.0,Infrastructure Canada,09-30,A.3,override_exact,1.0,Infrastructure Canada,https://www.infrastructure.gc.ca/infosource/infosource-eng.html,override_exact,1.0,Infrastructure Canada,https://www.infrastructure.gc.ca/infosource/infosource-fra.html,override_exact,1.0,,,,,,,,,,,,TBS source still uses the former public-facing name.,09-30,direct,https://www.infrastructure.gc.ca/infosource/infosource-eng.html,https://www.infrastructure.gc.ca/infosource/infosource-fra.html,https://www.infrastructure.gc.ca/infosource/infosource-eng.html,https://www.infrastructure.gc.ca/infosource/infosource-eng.html,https://www.infrastructure.gc.ca/infosource/infosource-fra.html,https://www.infrastructure.gc.ca/infosource/infosource-fra.html,https://www.canada.ca/en/treasury-board-secretariat/services/access-information-privacy/access-information/access-informatio-policies-guidance/programs-holdings-online-publishing-requirements.html#toc-a,https://www.canada.ca/fr/secretariat-conseil-tresor/services/acces-information-protection-renseignements-personnels/acces-information/politiques-directives-acces-information/exigences-publication-ligne-programmes-fonds.html#toc-a,https://www.canada.ca/en/treasury-board-secretariat/services/access-information-privacy/access-information/info-source/list-institutions.html,https://www.canada.ca/fr/secretariat-conseil-tresor/services/acces-information-protection-reseignements-personnels/acces-information/info-source/liste-organisations.html,https://www.canada.ca/en/treasury-board-secretariat/services/access-information-privacy/access-information/info-source/list-institutions.html,https://www.canada.ca/fr/secretariat-conseil-tresor/services/acces-information-protection-reseignements-personnels/acces-information/info-source/liste-organisations.html,https://open.canada.ca/data/api/action/organization_list?all_fields=true&include_extras=true,https://open.canada.ca/data/en/api/3/action/datastore_search?resource_id=cb5b5566-f599-4d12-abae-8279a0230928&limit=500,https://open.canada.ca/data/en/api/3/action/datastore_search?resource_id=3faaafb4-00e2-4303-947d-ac786b62559f&limit=500,2026-08-15,request_error,,,request_error,,
ati-schedule-i-department-of-indigenous-services,I,Departments and Ministries of State,13,Department of Indigenous Services,Ministère des Services aux Autochtones,https://laws-lois.justice.gc.ca/eng/XML/A-1.xml,2243.0,exact,1.0,Indigenous Services Canada,Services aux Autochtones Canada,Indigenous Services Canada,Services aux Autochtones Canada,Indigenous Services Canada,Services aux Autochtones Canada,1.0,ISC,SAC,a,,www.canada.ca/en/indigenous-services-canada.html,www.canada.ca/fr/services-autochtones-canada.html,isc-sac,348.0,191.0,Indigenous Services Canada,DIS,DIS00,cf163898-48e7-456f-9cb1-c992208bde3b,isc-sac,Indigenous Services Canada,Services aux Autochtones Canada,active,approved,45371.0,577.0,aadnc.atiprequest-aiprpdemande.aandc@canada.ca,internal,open_gov_slug,1.0,Indigenous Services Canada,06-30,A.2,exact,1.0,Services aux Autochtones Canada,06-30,A.2,exact,1.0,Indigenous Services Canada,https://www.sac-isc.gc.ca/eng/1639748667069/1639748703555,exact,1.0,Services aux Autochtones Canada,https://www.sac-isc.gc.ca/fra/1639748667069/1639748703555,exact,1.0,,,,,,,,,,,,,06-30,direct,https://www.sac-isc.gc.ca/eng/1639748667069/1639748703555,https://www.sac-isc.gc.ca/fra/1639748667069/1639748703555,https://www.sac-isc.gc.ca/eng/1639748667069/1639748703555,https://www.sac-isc.gc.ca/eng/1639748667069/1639748703555,https://www.sac-isc.gc.ca/fra/1639748667069/1639748703555,https://www.sac-isc.gc.ca/fra/1639748667069/1639748703555,https://www.canada.ca/en/treasury-board-secretariat/services/access-information-privacy/access-information/access-informatio-policies-guidance/programs-holdings-online-publishing-requirements.html#toc-a,https://www.canada.ca/fr/secretariat-conseil-tresor/services/acces-information-protection-renseignements-personnels/acces-information/politiques-directives-acces-information/exigences-publication-ligne-programmes-fonds.html#toc-a,https://www.canada.ca/en/treasury-board-secretariat/services/access-information-privacy/access-information/info-source/list-institutions.html,https://www.canada.ca/fr/secretariat-conseil-tresor/services/acces-information-protection-reseignements-personnels/acces-information/info-source/liste-organisations.html,https://www.canada.ca/en/treasury-board-secretariat/services/access-information-privacy/access-information/info-source/list-institutions.html,https://www.canada.ca/fr/secretariat-conseil-tresor/services/acces-information-protection-reseignements-personnels/acces-information/info-source/liste-organisations.html,https://open.canada.ca/data/api/action/organization_list?all_fields=true&include_extras=true,https://open.canada.ca/data/en/api/3/action/datastore_search?resource_id=cb5b5566-f599-4d12-abae-8279a0230928&limit=500,https://open.canada.ca/data/en/api/3/action/datastore_search?resource_id=3faaafb4-00e2-4303-947d-ac786b62559f&limit=500,2026-08-15,verified_info_source,200,https://www.sac-isc.gc.ca/eng/1639748667069/1639748703555,verified_info_source,200,https://www.sac-isc.gc.ca/fra/1639748667069/1639748703555
ati-schedule-i-department-of-industry,I,Departments and Ministries of State,14,Department of Industry,Ministère de l’Industrie,https://laws-lois.justice.gc.ca/eng/XML/A-1.xml,2231.0,exact,1.0,"Innovation, Science and Economic Development Canada","Innovation, Sciences et Développement économique Canada","Innovation, Science and Economic Development Canada","Innovation, Sciences et Développement économique Canada","Innovation, Science and Economic Development Canada","Innovation, Sciences et Développement économique Canada",1.0,ISED,ISDE,a,,www.ic.gc.ca,www.ic.gc.ca,ic,130.0,33.0,Innovation Science and Economic Development Canada,DUS,DUS00,06CC519C-E56E-4FC8-8B9C-BE0A461E3CD9,ic,"Innovation, Science and Economic Development Canada","Innovation, Sciences et Développement économique Canada",active,approved,230.0,34.0,ic.atip-aiprpa.ic@ised-isde.gc.ca,internal,open_gov_slug,1.0,"Innovation, Science and Economic Development Canada",06-30,A.2,exact,1.0,"Innovation, science et développement économique Canada.",06-30,A.2,fuzzy,0.9901,"Innovation, Science and Economic Development Canada",https://ised-isde.canada.ca/site/ised/en/atip-services/info-source-2026-update,exact,1.0,"Innovation, sciences et développement économique Canada",https://ised-isde.canada.ca/site/isde/fr/services-laiprp/mise-jour-dinfo-source-2026,exact,1.0,,,,,,,,,,,,,06-30,direct,https://ised-isde.canada.ca/site/ised/en/atip-services/info-source-2026-update,https://ised-isde.canada.ca/site/isde/fr/services-laiprp/mise-jour-dinfo-source-2026,https://ised-isde.canada.ca/site/ised/en/atip-services/info-source-2026-update,https://ised-isde.canada.ca/site/ised/en/atip-services/info-source-2026-update,https://ised-isde.canada.ca/site/isde/fr/services-laiprp/mise-jour-dinfo-source-2026,https://ised-isde.canada.ca/site/isde/fr/services-laiprp/mise-jour-dinfo-source-2026,https://www.canada.ca/en/treasury-board-secretariat/services/access-information-privacy/access-information/access-informatio-policies-guidance/programs-holdings-online-publishing-requirements.html#toc-a,https://www.canada.ca/fr/secretariat-conseil-tresor/services/acces-information-protection-renseignements-personnels/acces-information/politiques-directives-acces-information/exigences-publication-ligne-programmes-fonds.html#toc-a,https://www.canada.ca/en/treasury-board-secretariat/services/access-information-privacy/access-information/info-source/list-institutions.html,https://www.canada.ca/fr/secretariat-conseil-tresor/services/acces-information-protection-reseignements-personnels/acces-information/info-source/liste-organisations.html,https://www.canada.ca/en/treasury-board-secretariat/services/access-information-privacy/access-information/info-source/list-institutions.html,https://www.canada.ca/fr/secretariat-conseil-tresor/services/acces-information-protection-reseignements-personnels/acces-information/info-source/liste-organisations.html,https://open.canada.ca/data/api/action/organization_list?all_fields=true&include_extras=true,https://open.canada.ca/data/en/api/3/action/datastore_search?resource_id=cb5b5566-f599-4d12-abae-8279a0230928&limit=500,https://open.canada.ca/data/en/api/3/action/datastore_search?resource_id=3faaafb4-00e2-4303-947d-ac786b62559f&limit=500,2026-08-15,verified_info_source,200,https://ised-isde.canada.ca/site/ised/en/atip-services/info-source-2026-update,verified_info_source,200,https://ised-isde.canada.ca/site/isde/fr/services-laiprp/mise-jour-dinfo-source-2026
ati-schedule-i-department-of-justice,I,Departments and Ministries of State,15,Department of Justice,Ministère de la Justice,https://laws-lois.justice.gc.ca/eng/XML/A-1.xml,2232.0,exact,1.0,Department of Justice Canada,Ministère de la Justice Canada,Department of Justice Canada,Ministère de la Justice Canada,Department of Justice Canada,Ministère de la Justice Canada,1.0,JUS,JUS,a,,www.justice.gc.ca,www.justice.gc.ca,jus,132.0,13.0,Department of Justice Canada,JUS,JUS00,5f70b0df-d227-47ef-81fe-eb3a47c4ff0a,jus,Department of Justice Canada,Ministère de la Justice Canada,active,approved,119.0,69.0,ATIP-AIPRP-JusticeCanada@justice.gc.ca,internal,open_gov_slug,1.0,Department of Justice Canada,09-30,A.3,exact,1.0,Ministère de la Justice du Canada,09-30,A.3,exact,1.0,Department of Justice Canada,https://www.justice.gc.ca/eng/trans/atip-aiprp/infosource/toc-tdm.html,exact,1.0,Ministère de la Justice Canada,https://www.justice.gc.ca/fra/trans/aiprp-atip/infosource/tdm-toc.html,exact,1.0,,,,,,,,,,,,,09-30,direct,https://www.justice.gc.ca/eng/trans/atip-aiprp/infosource/toc-tdm.html,https://www.justice.gc.ca/fra/trans/aiprp-atip/infosource/tdm-toc.html,https://www.justice.gc.ca/eng/trans/atip-aiprp/infosource/p5.html#1,https://www.justice.gc.ca/eng/trans/atip-aiprp/infosource/p5.html#2,https://www.justice.gc.ca/fra/trans/aiprp-atip/infosource/tdm-toc.html,https://www.justice.gc.ca/fra/trans/aiprp-atip/infosource/tdm-toc.html,https://www.canada.ca/en/treasury-board-secretariat/services/access-information-privacy/access-information/access-informatio-policies-guidance/programs-holdings-online-publishing-requirements.html#toc-a,https://www.canada.ca/fr/secretariat-conseil-tresor/services/acces-information-protection-renseignements-personnels/acces-information/politiques-directives-acces-information/exigences-publication-ligne-programmes-fonds.html#toc-a,https://www.canada.ca/en/treasury-board-secretariat/services/access-information-privacy/access-information/info-source/list-institutions.html,https://www.canada.ca/fr/secretariat-conseil-tresor/services/acces-information-protection-reseignements-personnels/acces-information/info-source/liste-organisations.html,https://www.canada.ca/en/treasury-board-secretariat/services/access-information-privacy/access-information/info-source/list-institutions.html,https://www.canada.ca/fr/secretariat-conseil-tresor/services/acces-information-protection-reseignements-personnels/acces-information/info-source/liste-organisations.html,https://open.canada.ca/data/api/action/organization_list?all_fields=true&include_extras=true,https://open.canada.ca/data/en/api/3/action/datastore_search?resource_id=cb5b5566-f599-4d12-abae-8279a0230928&limit=500,https://open.canada.ca/data/en/api/3/action/datastore_search?resource_id=3faaafb4-00e2-4303-947d-ac786b62559f&limit=500,2026-08-15,verified_info_source,200,https://www.justice.gc.ca/eng/trans/atip-aiprp/infosource/toc-tdm.html,verified_info_source,200,https://www.justice.gc.ca/fra/trans/aiprp-atip/infosource/tdm-toc.html
ati-schedule-i-department-of-national-defence,I,Departments and Ministries of State,16,Department of National Defence,Ministère de la Défense nationale,https://laws-lois.justice.gc.ca/eng/XML/A-1.xml,2233.0,exact,1.0,National Defence,Défense nationale,National Defence,Défense nationale,National Defence,Défense nationale,1.0,DND,MDN,a,,www.forces.gc.ca,www.forces.gc.ca,dnd-mdn,133.0,18.0,National Defence,DND,DND00,4CAEC647-C069-4C25-B1CD-17F648E5DBC0,dnd-mdn,National Defence,Défense nationale,active,approved,32.0,32.0,ATIP-AIPRP@forces.gc.ca,internal,open_gov_slug,1.0,National Defence,06-30,A.2,exact,1.0,Défense nationale,06-30,A.2,exact,1.0,National Defence,https://www.canada.ca/en/department-national-defence/corporate/transparency/access-information-privacy/info-source-sources-of-federal-government-and-employee-information.html,exact,1.0,Défense nationale,https://www.canada.ca/fr/ministere-defense-nationale/organisation/transparence/acces-information-protection-renseignements-personnels/info-source-sources-de-renseignements-du-gouvernement-federal-et-sur-les-fonctionnaires-federaux.html,exact,1.0,,,,,,,,,,,,,06-30,direct,https://www.canada.ca/en/department-national-defence/corporate/transparency/access-information-privacy/info-source-sources-of-federal-government-and-employee-information.html,https://www.canada.ca/fr/ministere-defense-nationale/organisation/transparence/acces-information-protection-renseignements-personnels/info-source-sources-de-renseignements-du-gouvernement-federal-et-sur-les-fonctionnaires-federaux.html,https://www.canada.ca/en/department-national-defence/corporate/transparency/access-information-privacy/info-source-sources-of-federal-government-and-employee-information.html,https://www.canada.ca/en/department-national-defence/corporate/transparency/access-information-privacy/info-source-sources-of-federal-government-and-employee-information.html,https://www.canada.ca/fr/ministere-defense-nationale/organisation/transparence/acces-information-protection-renseignements-personnels/info-source-sources-de-renseignements-du-gouvernement-federal-et-sur-les-fonctionnaires-federaux.html,https://www.canada.ca/fr/ministere-defense-nationale/organisation/transparence/acces-information-protection-renseignements-personnels/info-source-sources-de-renseignements-du-gouvernement-federal-et-sur-les-fonctionnaires-federaux.html,https://www.canada.ca/en/treasury-board-secretariat/services/access-information-privacy/access-information/access-informatio-policies-guidance/programs-holdings-online-publishing-requirements.html#toc-a,https://www.canada.ca/fr/secretariat-conseil-tresor/services/acces-information-protection-renseignements-personnels/acces-information/politiques-directives-acces-information/exigences-publication-ligne-programmes-fonds.html#toc-a,https://www.canada.ca/en/treasury-board-secretariat/services/access-information-privacy/access-information/info-source/list-institutions.html,https://www.canada.ca/fr/secretariat-conseil-tresor/services/acces-information-protection-reseignements-personnels/acces-information/info-source/liste-organisations.html,https://www.canada.ca/en/treasury-board-secretariat/services/access-information-privacy/access-information/info-source/list-institutions.html,https://www.canada.ca/fr/secretariat-conseil-tresor/services/acces-information-protection-reseignements-personnels/acces-information/info-source/liste-organisations.html,https://open.canada.ca/data/api/action/organization_list?all_fields=true&include_extras=true,https://open.canada.ca/data/en/api/3/action/datastore_search?resource_id=cb5b5566-f599-4d12-abae-8279a0230928&limit=500,https://open.canada.ca/data/en/api/3/action/datastore_search?resource_id=3faaafb4-00e2-4303-947d-ac786b62559f&limit=500,2026-08-15,verified_info_source,200,https://www.canada.ca/en/department-national-defence/corporate/transparency/access-information-privacy/info-source-sources-of-federal-government-and-employee-information.html,verified_info_source,200,https://www.canada.ca/fr/ministere-defense-nationale/organisation/transparence/acces-information-protection-renseignements-personnels/info-source-sources-de-renseignements-du-gouvernement-federal-et-sur-les-fonctionnaires-federaux.html
ati-schedule-i-department-of-natural-resources,I,Departments and Ministries of State,17,Department of Natural Resources,Ministère des Ressources naturelles,https://laws-lois.justice.gc.ca/eng/XML/A-1.xml,2234.0,exact,1.0,Natural Resources Canada,Ressources naturelles Canada,Natural Resources Canada,Ressources naturelles Canada,Natural Resources Canada,Ressources naturelles Canada,1.0,NRCan,RNCan,a,,www.nrcan-rncan.gc.ca,www.nrcan-rncan.gc.ca,nrcan-rncan,134.0,41.0,Natural Resources Canada,RSN,RSN00,9391E0A2-9717-4755-B548-4499C21F917B,nrcan-rncan,Natural Resources Canada,Ressources naturelles Canada,active,approved,115.0,105.0,AIPRP.ATIP@NRCan-RNCan.gc.ca,internal,open_gov_slug,1.0,Natural Resources Canada,09-30,A.3,exact,1.0,Ressources naturelles Canada,09-30,A.3,exact,1.0,Natural Resources Canada,https://natural-resources.canada.ca/transparency/access-information-and-privacy/21403,exact,1.0,Ressources naturelles Canada,https://ressources-naturelles.canada.ca/transparence/acces-linformation-et-protection-des-renseignements-personnels/21404,exact,1.0,,,,,,,,,,,,,09-30,direct,https://natural-resources.canada.ca/transparency/access-information-and-privacy/21403,https://ressources-naturelles.canada.ca/transparence/acces-linformation-et-protection-des-renseignements-personnels/21404,https://natural-resources.canada.ca/corporate/transparency/access-information-privacy,https://natural-resources.canada.ca/corporate/transparency/access-information-privacy,https://ressources-naturelles.canada.ca/organisation/transparence/acces-information-protection-renseignements-personnels,https://ressources-naturelles.canada.ca/organisation/transparence/acces-information-protection-renseignements-personnels,https://www.canada.ca/en/treasury-board-secretariat/services/access-information-privacy/access-information/access-informatio-policies-guidance/programs-holdings-online-publishing-requirements.html#toc-a,https://www.canada.ca/fr/secretariat-conseil-tresor/services/acces-information-protection-renseignements-personnels/acces-information/politiques-directives-acces-information/exigences-publication-ligne-programmes-fonds.html#toc-a,https://www.canada.ca/en/treasury-board-secretariat/services/access-information-privacy/access-information/info-source/list-institutions.html,https://www.canada.ca/fr/secretariat-conseil-tresor/services/acces-information-protection-reseignements-personnels/acces-information/info-source/liste-organisations.html,https://www.canada.ca/en/treasury-board-secretariat/services/access-information-privacy/access-information/info-source/list-institutions.html,https://www.canada.ca/fr/secretariat-conseil-tresor/services/acces-information-protection-reseignements-personnels/acces-information/info-source/liste-organisations.html,https://open.canada.ca/data/api/action/organization_list?all_fields=true&include_extras=true,https://open.canada.ca/data/en/api/3/action/datastore_search?resource_id=cb5b5566-f599-4d12-abae-8279a0230928&limit=500,https://open.canada.ca/data/en/api/3/action/datastore_search?resource_id=3faaafb4-00e2-4303-947d-ac786b62559f&limit=500,2026-08-15,verified_info_source,200,https://natural-resources.canada.ca/corporate/transparency/access-information-privacy,verified_info_source,200,https://ressources-naturelles.canada.ca/organisation/transparence/acces-information-protection-renseignements-personnels
ati-schedule-i-department-of-public-safety-and-emergency-preparedness,I,Departments and Ministries of State,18,Department of Public Safety and Emergency Preparedness,Ministère de la Sécurité publique et de la Protection civile,https://laws-lois.justice.gc.ca/eng/XML/A-1.xml,2235.0,exact,1.0,Public Safety Canada,Sécurité publique Canada,Public Safety Canada,Sécurité publique Canada,Public Safety Canada,Sécurité publique Canada,1.0,PS,SP,a,,www.publicsafety.gc.ca,www.securitepublique.gc.ca,ps-sp,135.0,88.0,Public Safety Canada,PSP,PSP00,7C0AF243-753A-465F-8D46-C4FF7397D9B6,ps-sp,Public Safety Canada,Sécurité publique Canada,active,approved,214.0,94.0,atip-aiprp@ps-sp.gc.ca,internal,open_gov_slug,1.0,Public Safety Canada,09-30,A.3,exact,1.0,Sécurité publique Canada,09-30,A.3,exact,1.0,Public Safety Canada,http://www.publicsafety.gc.ca/cnt/trnsprnc/nfsrc-eng.aspx,exact,1.0,Sécurité publique du Canada,http://www.securitepublique.gc.ca/cnt/trnsprnc/nfsrc-fra.aspx,exact,1.0,,,,,,,,,,,,,09-30,direct,http://www.publicsafety.gc.ca/cnt/trnsprnc/nfsrc-eng.aspx,http://www.securitepublique.gc.ca/cnt/trnsprnc/nfsrc-fra.aspx,https://www.publicsafety.gc.ca/cnt/trnsprnc/nfsrc-en.aspx,https://www.publicsafety.gc.ca/cnt/trnsprnc/nfsrc-en.aspx,https://www.securitepublique.gc.ca/cnt/trnsprnc/nfsrc-fr.aspx,https://www.securitepublique.gc.ca/cnt/trnsprnc/nfsrc-fr.aspx,https://www.canada.ca/en/treasury-board-secretariat/services/access-information-privacy/access-information/access-informatio-policies-guidance/programs-holdings-online-publishing-requirements.html#toc-a,https://www.canada.ca/fr/secretariat-conseil-tresor/services/acces-information-protection-renseignements-personnels/acces-information/politiques-directives-acces-information/exigences-publication-ligne-programmes-fonds.html#toc-a,https://www.canada.ca/en/treasury-board-secretariat/services/access-information-privacy/access-information/info-source/list-institutions.html,https://www.canada.ca/fr/secretariat-conseil-tresor/services/acces-information-protection-reseignements-personnels/acces-information/info-source/liste-organisations.html,https://www.canada.ca/en/treasury-board-secretariat/services/access-information-privacy/access-information/info-source/list-institutions.html,https://www.canada.ca/fr/secretariat-conseil-tresor/services/acces-information-protection-reseignements-personnels/acces-information/info-source/liste-organisations.html,https://open.canada.ca/data/api/action/organization_list?all_fields=true&include_extras=true,https://open.canada.ca/data/en/api/3/action/datastore_search?resource_id=cb5b5566-f599-4d12-abae-8279a0230928&limit=500,https://open.canada.ca/data/en/api/3/action/datastore_search?resource_id=3faaafb4-00e2-4303-947d-ac786b62559f&limit=500,2026-08-15,verified_info_source,200,https://www.publicsafety.gc.ca/cnt/trnsprnc/nfsrc-en.aspx,verified_info_source,200,https://www.securitepublique.gc.ca/cnt/trnsprnc/nfsrc-fr.aspx
ati-schedule-i-department-of-public-works-and-government-services,I,Departments and Ministries of State,19,Department of Public Works and Government Services,Ministère des Travaux publics et des Services gouvernementaux,https://laws-lois.justice.gc.ca/eng/XML/A-1.xml,2236.0,exact,1.0,Public Services and Procurement Canada,Services publics et Approvisionnement Canada,Public Services and Procurement Canada,Services publics et Approvisionnement Canada,Public Services and Procurement Canada,Services publics et Approvisionnement Canada,1.0,PSPC,SPAC,a,,www.tpsgc-pwgsc.gc.ca,www.tpsgc-pwgsc.gc.ca,pwgsc-tpsgc,136.0,127.0,Public Services and Procurement Canada,SVC,SVC00,39C93B4D-4F69-4F43-A5B6-FFF89E8B0DF2,pwgsc-tpsgc,Public Services and Procurement Canada,Services publics et Approvisionnement Canada,active,approved,81.0,114.0,aiprp.atip@tpsgc-pwgsc.gc.ca,internal,open_gov_slug,1.0,Public Services and Procurement Canada,09-30,A.3,exact,1.0,Services publics et Approvisionnement Canada,09-30,A.3,exact,1.0,Public Services and Procurement Canada,http://www.tpsgc-pwgsc.gc.ca/aiprp-atip/infosource-eng.html,exact,1.0,Services publics et Approvisionnement Canada,http://www.tpsgc-pwgsc.gc.ca/aiprp-atip/infosource-fra.html,exact,1.0,,,,,,,,,,,,,09-30,direct,http://www.tpsgc-pwgsc.gc.ca/aiprp-atip/infosource-eng.html,http://www.tpsgc-pwgsc.gc.ca/aiprp-atip/infosource-fra.html,http://www.tpsgc-pwgsc.gc.ca/aiprp-atip/infosource-eng.html,http://www.tpsgc-pwgsc.gc.ca/aiprp-atip/infosource-eng.html,http://www.tpsgc-pwgsc.gc.ca/aiprp-atip/infosource-fra.html,http://www.tpsgc-pwgsc.gc.ca/aiprp-atip/infosource-fra.html,https://www.canada.ca/en/treasury-board-secretariat/services/access-information-privacy/access-information/access-informatio-policies-guidance/programs-holdings-online-publishing-requirements.html#toc-a,https://www.canada.ca/fr/secretariat-conseil-tresor/services/acces-information-protection-renseignements-personnels/acces-information/politiques-directives-acces-information/exigences-publication-ligne-programmes-fonds.html#toc-a,https://www.canada.ca/en/treasury-board-secretariat/services/access-information-privacy/access-information/info-source/list-institutions.html,https://www.canada.ca/fr/secretariat-conseil-tresor/services/acces-information-protection-reseignements-personnels/acces-information/info-source/liste-organisations.html,https://www.canada.ca/en/treasury-board-secretariat/services/access-information-privacy/access-information/info-source/list-institutions.html,https://www.canada.ca/fr/secretariat-conseil-tresor/services/acces-information-protection-reseignements-personnels/acces-information/info-source/liste-organisations.html,https://open.canada.ca/data/api/action/organization_list?all_fields=true&include_extras=true,https://open.canada.ca/data/en/api/3/action/datastore_search?resource_id=cb5b5566-f599-4d12-abae-8279a0230928&limit=500,https://open.canada.ca/data/en/api/3/action/datastore_search?resource_id=3faaafb4-00e2-4303-947d-ac786b62559f&limit=500,2026-08-15,request_error,,,request_error,,
ati-schedule-i-department-of-transport,I,Departments and Ministries of State,20,Department of Transport,Ministère des Transports,https://laws-lois.justice.gc.ca/eng/XML/A-1.xml,2238.0,exact,1.0,Transport Canada,Transports Canada,Transport Canada,Transports Canada,Transport Canada,Transports Canada,1.0,TC,TC,a,,www.tc.gc.ca,www.tc.gc.ca,tc,138.0,34.0,Transport Canada,MOT,MOT00,AEAE485F-42DE-4D33-AFA3-F8A3A76FC663,tc,Transport Canada,Transports Canada,active,approved,217.0,71.0,ATIP/AIPRP@tc.gc.ca,internal,open_gov_slug,1.0,Transport Canada,06-30,A.2,exact,1.0,Transports Canada,06-30,A.2,exact,1.0,Transport Canada,http://www.tc.gc.ca/eng/corporate-services/atip-infosource-934.htm,exact,1.0,Transport Canada,http://www.tc.gc.ca/fra/services-generaux/aiprp-infosource-934.htm,exact,1.0,,,,,,,,,,,,,06-30,direct,http://www.tc.gc.ca/eng/corporate-services/atip-infosource-934.htm,http://www.tc.gc.ca/fra/services-generaux/aiprp-infosource-934.htm,https://tc.canada.ca/en/corporate-services/transparency/info-source,https://tc.canada.ca/en/corporate-services/transparency/info-source,https://tc.canada.ca/fr/services-generaux/transparence/info-source,https://tc.canada.ca/fr/services-generaux/transparence/appendice-categories-documents,https://www.canada.ca/en/treasury-board-secretariat/services/access-information-privacy/access-information/access-informatio-policies-guidance/programs-holdings-online-publishing-requirements.html#toc-a,https://www.canada.ca/fr/secretariat-conseil-tresor/services/acces-information-protection-renseignements-personnels/acces-information/politiques-directives-acces-information/exigences-publication-ligne-programmes-fonds.html#toc-a,https://www.canada.ca/en/treasury-board-secretariat/services/access-information-privacy/access-information/info-source/list-institutions.html,https://www.canada.ca/fr/secretariat-conseil-tresor/services/acces-information-protection-reseignements-personnels/acces-information/info-source/liste-organisations.html,https://www.canada.ca/en/treasury-board-secretariat/services/access-information-privacy/access-information/info-source/list-institutions.html,https://www.canada.ca/fr/secretariat-conseil-tresor/services/acces-information-protection-reseignements-personnels/acces-information/info-source/liste-organisations.html,https://open.canada.ca/data/api/action/organization_list?all_fields=true&include_extras=true,https://open.canada.ca/data/en/api/3/action/datastore_search?resource_id=cb5b5566-f599-4d12-abae-8279a0230928&limit=500,https://open.canada.ca/data/en/api/3/action/datastore_search?resource_id=3faaafb4-00e2-4303-947d-ac786b62559f&limit=500,2026-08-15,verified_info_source,200,https://tc.canada.ca/en/corporate-services/transparency/info-source,verified_info_source,200,https://tc.canada.ca/fr/services-generaux/transparence/info-source
ati-schedule-i-department-of-veterans-affairs,I,Departments and Ministries of State,21,Department of Veterans Affairs,Ministère des Anciens Combattants,https://laws-lois.justice.gc.ca/eng/XML/A-1.xml,2239.0,exact,1.0,Veterans Affairs Canada,Anciens Combattants Canada,Veterans Affairs Canada,Anciens Combattants Canada,Veterans Affairs Canada,Anciens Combattants Canada,1.0,VAC,ACC,a,,www.veterans.gc.ca,www.veterans.gc.ca,vac-acc,139.0,21.0,Veterans Affairs Canada,DVA,DVA00,EADD6F05-3BE4-4AF6-AD22-4045878B73CB,vac-acc,Veterans Affairs Canada,Anciens Combattants Canada,active,approved,189.0,35.0,atip-aiprp@veterans.gc.ca,internal,open_gov_slug,1.0,Veterans Affairs Canada,06-30,A.2,exact,1.0,Anciens Combattants Canada,06-30,A.2,exact,1.0,Veterans Affairs Canada,http://www.veterans.gc.ca/eng/about-us/organization/access-to-information-privacy/info-source,exact,1.0,Anciens Combattants Canada,http://www.veterans.gc.ca/fra/about-us/organization/access-to-information-privacy/info-source,exact,1.0,,,,,,,,,,,,,06-30,direct,http://www.veterans.gc.ca/eng/about-us/organization/access-to-information-privacy/info-source,http://www.veterans.gc.ca/fra/about-us/organization/access-to-information-privacy/info-source,https://www.veterans.gc.ca/en/info-source,https://www.veterans.gc.ca/en/info-source,https://www.veterans.gc.ca/fr/info-source,https://www.veterans.gc.ca/fr/info-source,https://www.canada.ca/en/treasury-board-secretariat/services/access-information-privacy/access-information/access-informatio-policies-guidance/programs-holdings-online-publishing-requirements.html#toc-a,https://www.canada.ca/fr/secretariat-conseil-tresor/services/acces-information-protection-renseignements-personnels/acces-information/politiques-directives-acces-information/exigences-publication-ligne-programmes-fonds.html#toc-a,https://www.canada.ca/en/treasury-board-secretariat/services/access-information-privacy/access-information/info-source/list-institutions.html,https://www.canada.ca/fr/secretariat-conseil-tresor/services/acces-information-protection-reseignements-personnels/acces-information/info-source/liste-organisations.html,https://www.canada.ca/en/treasury-board-secretariat/services/access-information-privacy/access-information/info-source/list-institutions.html,https://www.canada.ca/fr/secretariat-conseil-tresor/services/acces-information-protection-reseignements-personnels/acces-information/info-source/liste-organisations.html,https://open.canada.ca/data/api/action/organization_list?all_fields=true&include_extras=true,https://open.canada.ca/data/en/api/3/action/datastore_search?resource_id=cb5b5566-f599-4d12-abae-8279a0230928&limit=500,https://open.canada.ca/data/en/api/3/action/datastore_search?resource_id=3faaafb4-00e2-4303-947d-ac786b62559f&limit=500,2026-08-15,verified_info_source,200,https://www.veterans.gc.ca/en/info-source,verified_info_source,200,https://www.veterans.gc.ca/fr/info-source
ati-schedule-i-department-of-western-economic-diversification,I,Departments and Ministries of State,22,Department of Western Economic Diversification,Ministère de la Diversification de l’économie de l’Ouest canadien,https://laws-lois.justice.gc.ca/eng/XML/A-1.xml,2240.0,exact,1.0,Prairies Economic Development Canada,Développement économique Canada pour les Prairies,Prairies Economic Development Canada,Développement économique Canada pour les Prairies,,Ministre de la Gestion des urgences et de la Résilience des communautés et ministre responsable de Développement économique Canada pour les Prairies,1.0,PrairiesCan,PrairiesCan,a,,https://www.canada.ca/en/prairies-economic-development.html,https://www.canada.ca/fr/developpement-economique-prairies.html,prairiescan,140.0,44.0,Prairies Economic Development Canada (PrairiesCan),WCO,WCO00,f73d09a8-a55a-4a7b-b78a-8b9e9f7cd3d2,prairiescan,Prairies Economic Development Canada,Développement économique Canada pour les Prairies,active,approved,,,atip-aiprp@prairiescan.gc.ca,internal,open_gov_slug,1.0,Prairies Economic Development Canada,09-30,A.3,exact,1.0,Développement économique Canada pour les Prairies,09-30,A.3,exact,1.0,Prairies Economic Development Canada (PrairiesCan),https://www.canada.ca/en/prairies-economic-development/corporate/transparency/information-holdings.html,exact,1.0,,,unmatched,1.0,Prairies Economic Development Canada,Développement économique Canada pour les Prairies,,https://www.canada.ca/en/prairies-economic-development/corporate/transparency/information-holdings.html,https://www.canada.ca/fr/developpement-economique-prairies/organisation/transparence/fonds-renseignements.html,,,,,https://www.canada.ca/en/prairies-economic-development/corporate/transparency/information-holdings.html,https://www.canada.ca/fr/developpement-economique-prairies/organisation/transparence/fonds-renseignements.html,The current successor institution publishes the report under PrairiesCan.,09-30,direct,https://www.canada.ca/en/prairies-economic-development/corporate/transparency/information-holdings.html,https://www.canada.ca/fr/developpement-economique-prairies/organisation/transparence/fonds-renseignements.html,https://www.canada.ca/en/prairies-economic-development/corporate/transparency/information-holdings.html,https://www.canada.ca/en/prairies-economic-development/corporate/transparency/information-holdings.html,https://www.canada.ca/fr/developpement-economique-prairies/organisation/transparence/fonds-renseignements.html,https://www.canada.ca/fr/developpement-economique-prairies/organisation/transparence/fonds-renseignements/categories-documents.html#services,https://www.canada.ca/en/treasury-board-secretariat/services/access-information-privacy/access-information/access-informatio-policies-guidance/programs-holdings-online-publishing-requirements.html#toc-a,https://www.canada.ca/fr/secretariat-conseil-tresor/services/acces-information-protection-renseignements-personnels/acces-information/politiques-directives-acces-information/exigences-publication-ligne-programmes-fonds.html#toc-a,https://www.canada.ca/en/treasury-board-secretariat/services/access-information-privacy/access-information/info-source/list-institutions.html,https://www.canada.ca/fr/secretariat-conseil-tresor/services/acces-information-protection-reseignements-personnels/acces-information/info-source/liste-organisations.html,https://www.canada.ca/en/prairies-economic-development/corporate/transparency/information-holdings.html,https://www.canada.ca/fr/developpement-economique-prairies/organisation/transparence/fonds-renseignements.html,https://open.canada.ca/data/api/action/organization_list?all_fields=true&include_extras=true,https://open.canada.ca/data/en/api/3/action/datastore_search?resource_id=cb5b5566-f599-4d12-abae-8279a0230928&limit=500,https://open.canada.ca/data/en/api/3/action/datastore_search?resource_id=3faaafb4-00e2-4303-947d-ac786b62559f&limit=500,2026-08-15,verified_info_source,200,https://www.canada.ca/en/prairies-economic-development/corporate/transparency/information-holdings.html,verified_info_source,200,https://www.canada.ca/fr/developpement-economique-prairies/organisation/transparence/fonds-renseignements.html
ati-schedule-i-administrative-tribunals-support-service-of-canada,I,Other Government Institutions,23,Administrative Tribunals Support Service of Canada,Service canadien d’appui aux tribunaux administratifs,https://laws-lois.justice.gc.ca/eng/XML/A-1.xml,2297.0,exact,1.0,Administrative Tribunals Support Service of Canada,Service canadien d'appui aux tribunaux administratifs,Administrative Tribunals Support Service of Canada,Service canadien d'appui aux tribunaux administratifs,Department of Justice Canada,Ministère de la Justice Canada,1.1,ATSSC,SCDATA,a,,www.canada.ca/en/administrative-tribunals-support-service.html,www.canada.ca/fr/service-canadien-appui-tribunaux-administratifs.html,atssc-scdata,539.0,170.0,Administrative Tribunals Support Service of Canada,ATS,ATS00,89a7ab6c-c736-11e4-aef9-08002710fcd5,atssc-scdata,Administrative Tribunals Support Service of Canada,Service canadien d'appui aux tribunaux administratifs,active,approved,8888888.0,5.0,ATIP-AIPRP@tribunal.gc.ca,internal,open_gov_slug,1.0,Administrative Tribunals Support Service of Canada,09-30,A.3,exact,1.0,Service canadien d’appui aux tribunaux administratifs du Canada,09-30,A.3,fuzzy,0.9358,Administrative Tribunals Support Services of Canada,https://www.canada.ca/en/administrative-tribunals-support-service/transparency/info-source.html,fuzzy,0.9895,Service canadien d’appui aux tribunaux administratifs,https://www.canada.ca/fr/service-canadien-appui-tribunaux-administratifs/transparence/info-source.html,exact,1.0,,,,,,,,,,,,,09-30,direct,https://www.canada.ca/en/administrative-tribunals-support-service/transparency/info-source.html,https://www.canada.ca/fr/service-canadien-appui-tribunaux-administratifs/transparence/info-source.html,https://www.canada.ca/en/administrative-tribunals-support-service/transparency/info-source.html,https://www.canada.ca/en/administrative-tribunals-support-service/transparency/info-source.html,https://www.canada.ca/fr/service-canadien-appui-tribunaux-administratifs/transparence/info-source.html,https://www.canada.ca/fr/service-canadien-appui-tribunaux-administratifs/transparence/info-source.html,https://www.canada.ca/en/treasury-board-secretariat/services/access-information-privacy/access-information/access-informatio-policies-guidance/programs-holdings-online-publishing-requirements.html#toc-a,https://www.canada.ca/fr/secretariat-conseil-tresor/services/acces-information-protection-renseignements-personnels/acces-information/politiques-directives-acces-information/exigences-publication-ligne-programmes-fonds.html#toc-a,https://www.canada.ca/en/treasury-board-secretariat/services/access-information-privacy/access-information/info-source/list-institutions.html,https://www.canada.ca/fr/secretariat-conseil-tresor/services/acces-information-protection-reseignements-personnels/acces-information/info-source/liste-organisations.html,https://www.canada.ca/en/treasury-board-secretariat/services/access-information-privacy/access-information/info-source/list-institutions.html,https://www.canada.ca/fr/secretariat-conseil-tresor/services/acces-information-protection-reseignements-personnels/acces-information/info-source/liste-organisations.html,https://open.canada.ca/data/api/action/organization_list?all_fields=true&include_extras=true,https://open.canada.ca/data/en/api/3/action/datastore_search?resource_id=cb5b5566-f599-4d12-abae-8279a0230928&limit=500,https://open.canada.ca/data/en/api/3/action/datastore_search?resource_id=3faaafb4-00e2-4303-947d-ac786b62559f&limit=500,2026-08-15,verified_info_source,200,https://www.canada.ca/en/administrative-tribunals-support-service/transparency/info-source.html,verified_info_source,200,https://www.canada.ca/fr/service-canadien-appui-tribunaux-administratifs/transparence/info-source.html
ati-schedule-i-asia-pacific-foundation-of-canada,I,Other Government Institutions,24,Asia-Pacific Foundation of Canada,Fondation Asie-Pacifique du Canada,https://laws-lois.justice.gc.ca/eng/XML/A-1.xml,3437.0,exact,1.0,Asia-Pacific Foundation of Canada,Fondation Asie-Pacifique du Canada,,,,,,,,a,,www.asiapacific.ca,www.asiapacific.ca,apfc-fapc,9.0,,Asia Pacific Foundation of Canada,,,97b5598b-1f72-5f68-8a71-760647e93e45,apfc-fapc,Asia-Pacific Foundation of Canada,Fondation Asie Pacifique du Canada,active,approved,11.0,127.0,atip.coordinator@asiapacific.ca,internal,open_gov_slug,1.0,Asia Pacific Foundation of Canada,12-31,A.4,exact,1.0,Fondation Asie Pacifique du Canada,12-31,A.4,exact,1.0,Asia Pacific Foundation of Canada,https://www.asiapacific.ca/about-us/transparency/info-source,exact,1.0,Fondation Asie Pacifique du Canada,https://www.asiapacific.ca/fr/about-us/transparency/info-source,exact,1.0,,,,,,,,,,,,,12-31,direct,https://www.asiapacific.ca/about-us/transparency/info-source,https://www.asiapacific.ca/fr/about-us/transparency/info-source,https://www.asiapacific.ca/about-us/transparency/info-source,https://www.asiapacific.ca/about-us/transparency/info-source,https://www.asiapacific.ca/fr/about-us/transparency/info-source,https://www.asiapacific.ca/fr/about-us/transparency/info-source,https://www.canada.ca/en/treasury-board-secretariat/services/access-information-privacy/access-information/access-informatio-policies-guidance/programs-holdings-online-publishing-requirements.html#toc-a,https://www.canada.ca/fr/secretariat-conseil-tresor/services/acces-information-protection-renseignements-personnels/acces-information/politiques-directives-acces-information/exigences-publication-ligne-programmes-fonds.html#toc-a,https://www.canada.ca/en/treasury-board-secretariat/services/access-information-privacy/access-information/info-source/list-institutions.html,https://www.canada.ca/fr/secretariat-conseil-tresor/services/acces-information-protection-reseignements-personnels/acces-information/info-source/liste-organisations.html,https://www.canada.ca/en/treasury-board-secretariat/services/access-information-privacy/access-information/info-source/list-institutions.html,https://www.canada.ca/fr/secretariat-conseil-tresor/services/acces-information-protection-reseignements-personnels/acces-information/info-source/liste-organisations.html,https://open.canada.ca/data/api/action/organization_list?all_fields=true&include_extras=true,https://open.canada.ca/data/en/api/3/action/datastore_search?resource_id=cb5b5566-f599-4d12-abae-8279a0230928&limit=500,https://open.canada.ca/data/en/api/3/action/datastore_search?resource_id=3faaafb4-00e2-4303-947d-ac786b62559f&limit=500,2026-08-15,verified_info_source,200,https://www.asiapacific.ca/about-us/transparency/info-source,verified_info_source,200,https://www.asiapacific.ca/fr/about-us/transparency/info-source
ati-schedule-i-atlantic-canada-opportunities-agency,I,Other Government Institutions,25,Atlantic Canada Opportunities Agency,Agence de promotion économique du Canada atlantique,https://laws-lois.justice.gc.ca/eng/XML/A-1.xml,2244.0,exact,1.0,Atlantic Canada Opportunities Agency,Agence de promotion économique du Canada atlantique,,,,Ministre de la Justice et procureur général du Canada et ministre responsable de l’Agence de promotion économique du Canada atlantique,1.1,ACOA,APECA,a,,https://www.canada.ca/en/atlantic-canada-opportunities.html,https://www.canada.ca/fr/promotion-economique-canada-atlantique.html,acoa-apeca,12.0,23.0,Atlantic Canada Opportunities Agency,ACO,ACO00,C3DDAD27-EFA9-41AB-9D12-12856482C0A8,acoa-apeca,Atlantic Canada Opportunities Agency,Agence de promotion économique du Canada atlantique,active,approved,276.0,1.0,atip-aiprp@acoa-apeca.gc.ca,internal,open_gov_slug,1.0,Atlantic Canada Opportunities Agency,06-30,A.2,exact,1.0,Agence de promotion économique du Canada atlantique,06-30,A.2,exact,1.0,Atlantic Canada Opportunities Agency,https://www.canada.ca/en/atlantic-canada-opportunities/corporate/transparency/info-source-introduction1.html,exact,1.0,Agence de promotion économique du Canada atlantique,https://www.canada.ca/fr/promotion-economique-canada-atlantique/organisation/transparence/introduction-a-infosource1.html,exact,1.0,,,,,,,,,,,,,06-30,direct,https://www.canada.ca/en/atlantic-canada-opportunities/corporate/transparency/info-source-introduction1.html,https://www.canada.ca/fr/promotion-economique-canada-atlantique/organisation/transparence/introduction-a-infosource1.html,https://www.canada.ca/en/atlantic-canada-opportunities/corporate/transparency/info-source-introduction1.html,https://www.canada.ca/en/atlantic-canada-opportunities/corporate/transparency/info-source-introduction1.html,https://www.canada.ca/fr/promotion-economique-canada-atlantique/organisation/transparence/introduction-a-infosource1.html,https://www.canada.ca/fr/promotion-economique-canada-atlantique/organisation/transparence/introduction-a-infosource1.html,https://www.canada.ca/en/treasury-board-secretariat/services/access-information-privacy/access-information/access-informatio-policies-guidance/programs-holdings-online-publishing-requirements.html#toc-a,https://www.canada.ca/fr/secretariat-conseil-tresor/services/acces-information-protection-renseignements-personnels/acces-information/politiques-directives-acces-information/exigences-publication-ligne-programmes-fonds.html#toc-a,https://www.canada.ca/en/treasury-board-secretariat/services/access-information-privacy/access-information/info-source/list-institutions.html,https://www.canada.ca/fr/secretariat-conseil-tresor/services/acces-information-protection-reseignements-personnels/acces-information/info-source/liste-organisations.html,https://www.canada.ca/en/treasury-board-secretariat/services/access-information-privacy/access-information/info-source/list-institutions.html,https://www.canada.ca/fr/secretariat-conseil-tresor/services/acces-information-protection-reseignements-personnels/acces-information/info-source/liste-organisations.html,https://open.canada.ca/data/api/action/organization_list?all_fields=true&include_extras=true,https://open.canada.ca/data/en/api/3/action/datastore_search?resource_id=cb5b5566-f599-4d12-abae-8279a0230928&limit=500,https://open.canada.ca/data/en/api/3/action/datastore_search?resource_id=3faaafb4-00e2-4303-947d-ac786b62559f&limit=500,2026-08-15,verified_info_source,200,https://www.canada.ca/en/atlantic-canada-opportunities/corporate/transparency/info-source-introduction1.html,verified_info_source,200,https://www.canada.ca/fr/promotion-economique-canada-atlantique/organisation/transparence/introduction-a-infosource1.html
ati-schedule-i-belledune-port-authority,I,Other Government Institutions,26,Belledune Port Authority,Administration portuaire de Belledune,https://laws-lois.justice.gc.ca/eng/XML/A-1.xml,3439.0,exact,1.0,Belledune Port Authority,Administration portuaire de Belledune,,,,,,,,a,,www.portofbelledune.ca,www.portofbelledune.ca,pb,16.0,,Belledune Port Authority,,,e0dbdcf1-cb74-56e3-8930-fae44afe5bac,pb,Port of Belledune,Port de Belledune,active,approved,60001.0,133.0,moffitt@portofbelledune.ca,internal,open_gov_slug,1.0,Belledune Port Authority,03-31,A.1,exact,1.0,Administration portuaire de Belledune,03-31,A.1,exact,1.0,Belledune Port Authority,http://www.portofbelledune.ca/infoSource.php,exact,1.0,Administration portuaire de Belledune,http://www.portofbelledune.ca/infoSource.php?lang=1,exact,1.0,,,,,,,,,,,,,03-31,direct,http://www.portofbelledune.ca/infoSource.php,http://www.portofbelledune.ca/infoSource.php?lang=1,http://www.portofbelledune.ca/infoSource.php,http://www.portofbelledune.ca/infoSource.php,http://www.portofbelledune.ca/infoSource.php?lang=1,http://www.portofbelledune.ca/infoSource.php?lang=1,https://www.canada.ca/en/treasury-board-secretariat/services/access-information-privacy/access-information/access-informatio-policies-guidance/programs-holdings-online-publishing-requirements.html#toc-a,https://www.canada.ca/fr/secretariat-conseil-tresor/services/acces-information-protection-renseignements-personnels/acces-information/politiques-directives-acces-information/exigences-publication-ligne-programmes-fonds.html#toc-a,https://www.canada.ca/en/treasury-board-secretariat/services/access-information-privacy/access-information/info-source/list-institutions.html,https://www.canada.ca/fr/secretariat-conseil-tresor/services/acces-information-protection-reseignements-personnels/acces-information/info-source/liste-organisations.html,https://www.canada.ca/en/treasury-board-secretariat/services/access-information-privacy/access-information/info-source/list-institutions.html,https://www.canada.ca/fr/secretariat-conseil-tresor/services/acces-information-protection-reseignements-personnels/acces-information/info-source/liste-organisations.html,https://open.canada.ca/data/api/action/organization_list?all_fields=true&include_extras=true,https://open.canada.ca/data/en/api/3/action/datastore_search?resource_id=cb5b5566-f599-4d12-abae-8279a0230928&limit=500,https://open.canada.ca/data/en/api/3/action/datastore_search?resource_id=3faaafb4-00e2-4303-947d-ac786b62559f&limit=500,2026-08-15,http_error,400,https://www.portbelledune.ca/infoSource.php,http_error,400,https://www.portbelledune.ca/infoSource.php?lang=1
ati-schedule-i-british-columbia-treaty-commission,I,Other Government Institutions,27,British Columbia Treaty Commission,Commission des traités de la Colombie-Britannique,https://laws-lois.justice.gc.ca/eng/XML/A-1.xml,,unmatched,0.6022,,,,,,,,,,,,,,,,,,,,180a449f-d9f7-4dad-8848-5f545afb3b78,bctc-ctcb,British Columbia Treaty Commission,Commission des Traités de la Colombie-Britannique,active,approved,,570.0,sgustin@bctreaty.ca,internal,name,1.0,British Columbia Treaty Commission,03-31,A.1,exact,1.0,Commission des traités de la Colombie-Britannique,03-31,A.1,exact,1.0,British Columbia Treaty Commission,https://www.canada.ca/en/treasury-board-secretariat/services/access-information-privacy/access-information/information-about-programs-information-holdings/british-columbia-treaty-commission.html,exact,1.0,Commission des traités de la Colombie Britannique,https://www.canada.ca/fr/secretariat-conseil-tresor/services/acces-information-protection-reseignements-personnels/acces-information/renseignements-programmes-fonds-renseignements/commission-traites-colombie-britannique.html,exact,1.0,,,,,,,,,,,,,03-31,direct,https://www.canada.ca/en/treasury-board-secretariat/services/access-information-privacy/access-information/information-about-programs-information-holdings/british-columbia-treaty-commission.html,https://www.canada.ca/fr/secretariat-conseil-tresor/services/acces-information-protection-reseignements-personnels/acces-information/renseignements-programmes-fonds-renseignements/commission-traites-colombie-britannique.html,https://www.canada.ca/en/treasury-board-secretariat/services/access-information-privacy/access-information/information-about-programs-information-holdings/british-columbia-treaty-commission.html,https://www.canada.ca/en/treasury-board-secretariat/services/access-information-privacy/access-information/information-about-programs-information-holdings/british-columbia-treaty-commission.html,https://www.canada.ca/fr/secretariat-conseil-tresor/services/acces-information-protection-reseignements-personnels/acces-information/renseignements-programmes-fonds-renseignements/commission-traites-colombie-britannique.html,https://www.canada.ca/fr/secretariat-conseil-tresor/services/acces-information-protection-reseignements-personnels/acces-information/renseignements-programmes-fonds-renseignements/commission-traites-colombie-britannique.html,https://www.canada.ca/en/treasury-board-secretariat/services/access-information-privacy/access-information/access-informatio-policies-guidance/programs-holdings-online-publishing-requirements.html#toc-a,https://www.canada.ca/fr/secretariat-conseil-tresor/services/acces-information-protection-renseignements-personnels/acces-information/politiques-directives-acces-information/exigences-publication-ligne-programmes-fonds.html#toc-a,https://www.canada.ca/en/treasury-board-secretariat/services/access-information-privacy/access-information/info-source/list-institutions.html,https://www.canada.ca/fr/secretariat-conseil-tresor/services/acces-information-protection-reseignements-personnels/acces-information/info-source/liste-organisations.html,https://www.canada.ca/en/treasury-board-secretariat/services/access-information-privacy/access-information/info-source/list-institutions.html,https://www.canada.ca/fr/secretariat-conseil-tresor/services/acces-information-protection-reseignements-personnels/acces-information/info-source/liste-organisations.html,https://open.canada.ca/data/api/action/organization_list?all_fields=true&include_extras=true,https://open.canada.ca/data/en/api/3/action/datastore_search?resource_id=cb5b5566-f599-4d12-abae-8279a0230928&limit=500,https://open.canada.ca/data/en/api/3/action/datastore_search?resource_id=3faaafb4-00e2-4303-947d-ac786b62559f&limit=500,2026-08-15,http_error,404,https://www.canada.ca/en/treasury-board-secretariat/services/access-information-privacy/access-information/information-about-programs-information-holdings/british-columbia-treaty-commission.html,http_error,404,https://www.canada.ca/fr/secretariat-conseil-tresor/services/acces-information-protection-reseignements-personnels/acces-information/renseignements-programmes-fonds-renseignements/commission-traites-colombie-britannique.html
ati-schedule-i-canada-border-services-agency,I,Other Government Institutions,28,Canada Border Services Agency,Agence des services frontaliers du Canada,https://laws-lois.justice.gc.ca/eng/XML/A-1.xml,2300.0,exact,1.0,Canada Border Services Agency,Agence des services frontaliers du Canada,Canada Border Services Agency,Agence des services frontaliers du Canada,Public Safety Canada,Sécurité publique Canada,2.0,CBSA,ASFC,a,,www.cbsa.gc.ca,www.asfc.gc.ca,cbsa-asfc,26.0,85.0,Canada Border Services Agency,BSF,BSF00,33DD2B45-8215-44E1-9C60-D7E829B6D48E,cbsa-asfc,Canada Border Services Agency,Agence des services frontaliers du Canada,active,approved,229.0,10.0,ATIP-AIPRP@cbsa-asfc.gc.ca,internal,open_gov_slug,1.0,Canada Border Services Agency,06-30,A.2,exact,1.0,Agence des services frontaliers du Canada,06-30,A.2,exact,1.0,Canada Border Services Agency,http://www.cbsa-asfc.gc.ca/agency-agence/reports-rapports/pia-efvp/atip-aiprp/infosource-eng.html,exact,1.0,Agence des services frontaliers du Canada,http://www.cbsa-asfc.gc.ca/agency-agence/reports-rapports/pia-efvp/atip-aiprp/infosource-fra.html,exact,1.0,,,,,,,,,,,,,06-30,direct,http://www.cbsa-asfc.gc.ca/agency-agence/reports-rapports/pia-efvp/atip-aiprp/infosource-eng.html,http://www.cbsa-asfc.gc.ca/agency-agence/reports-rapports/pia-efvp/atip-aiprp/infosource-fra.html,https://www.cbsa-asfc.gc.ca/agency-agence/reports-rapports/pia-efvp/atip-aiprp/infosource-eng.html,https://www.cbsa-asfc.gc.ca/agency-agence/reports-rapports/pia-efvp/atip-aiprp/infosource-eng.html,https://www.cbsa-asfc.gc.ca/agency-agence/reports-rapports/pia-efvp/atip-aiprp/infosource-fra.html,https://www.cbsa-asfc.gc.ca/agency-agence/reports-rapports/pia-efvp/atip-aiprp/infosource-fra.html,https://www.canada.ca/en/treasury-board-secretariat/services/access-information-privacy/access-information/access-informatio-policies-guidance/programs-holdings-online-publishing-requirements.html#toc-a,https://www.canada.ca/fr/secretariat-conseil-tresor/services/acces-information-protection-renseignements-personnels/acces-information/politiques-directives-acces-information/exigences-publication-ligne-programmes-fonds.html#toc-a,https://www.canada.ca/en/treasury-board-secretariat/services/access-information-privacy/access-information/info-source/list-institutions.html,https://www.canada.ca/fr/secretariat-conseil-tresor/services/acces-information-protection-reseignements-personnels/acces-information/info-source/liste-organisations.html,https://www.canada.ca/en/treasury-board-secretariat/services/access-information-privacy/access-information/info-source/list-institutions.html,https://www.canada.ca/fr/secretariat-conseil-tresor/services/acces-information-protection-reseignements-personnels/acces-information/info-source/liste-organisations.html,https://open.canada.ca/data/api/action/organization_list?all_fields=true&include_extras=true,https://open.canada.ca/data/en/api/3/action/datastore_search?resource_id=cb5b5566-f599-4d12-abae-8279a0230928&limit=500,https://open.canada.ca/data/en/api/3/action/datastore_search?resource_id=3faaafb4-00e2-4303-947d-ac786b62559f&limit=500,2026-08-15,verified_info_source,200,https://www.cbsa-asfc.gc.ca/agency-agence/reports-rapports/pia-efvp/atip-aiprp/infosource-eng.html,verified_info_source,200,https://www.cbsa-asfc.gc.ca/agency-agence/reports-rapports/pia-efvp/atip-aiprp/infosource-fra.html
ati-schedule-i-canada-emission-reduction-incentives-agency,I,Other Government Institutions,29,Canada Emission Reduction Incentives Agency,Agence canadienne pour l’incitation à la réduction des émissions,https://laws-lois.justice.gc.ca/eng/XML/A-1.xml,2301.0,exact,1.0,Canada Emission Reduction Incentives Agency,Agence canadienne pour l'incitation à la réduction des émissions,,,Environment and Climate Change Canada,Environnement et Changement climatique Canada,2.0,,,a,,,,ceria-acire,32.0,,,RED,,4E732FFD-F001-4612-8421-2840CE1E8D34,ceria-acire,Canada Emission Reduction Incentives Agency,Agence canadienne pour l'incitation à la réduction des émissions,active,approved,277.0,102.0,nancy.hamzawi@ec.gc.ca,internal,open_gov_slug,1.0,,,,unmatched,0.5938,,,,unmatched,0.6522,,,unmatched,0.5938,,,unmatched,0.6522,,,,,,,,,,,,,,not_listed_in_tbs_appendix,,,,,,,https://www.canada.ca/en/treasury-board-secretariat/services/access-information-privacy/access-information/access-informatio-policies-guidance/programs-holdings-online-publishing-requirements.html#toc-a,https://www.canada.ca/fr/secretariat-conseil-tresor/services/acces-information-protection-renseignements-personnels/acces-information/politiques-directives-acces-information/exigences-publication-ligne-programmes-fonds.html#toc-a,https://www.canada.ca/en/treasury-board-secretariat/services/access-information-privacy/access-information/info-source/list-institutions.html,https://www.canada.ca/fr/secretariat-conseil-tresor/services/acces-information-protection-reseignements-personnels/acces-information/info-source/liste-organisations.html,,,https://open.canada.ca/data/api/action/organization_list?all_fields=true&include_extras=true,https://open.canada.ca/data/en/api/3/action/datastore_search?resource_id=cb5b5566-f599-4d12-abae-8279a0230928&limit=500,https://open.canada.ca/data/en/api/3/action/datastore_search?resource_id=3faaafb4-00e2-4303-947d-ac786b62559f&limit=500,2026-08-15,missing_url,,,missing_url,,
ati-schedule-i-canada-employment-insurance-commission,I,Other Government Institutions,30,Canada Employment Insurance Commission,Commission de l’assurance-emploi du Canada,https://laws-lois.justice.gc.ca/eng/XML/A-1.xml,2302.0,exact,1.0,Canada Employment Insurance Commission,Commission de l'assurance-emploi du Canada,Canada Employment Insurance Commission,Commission de l'assurance-emploi du Canada,Employment and Social Development Canada,Emploi et Développement social Canada,2.0,CEIC,CAEC,a,,www.esdc.gc.ca/eng/jobs/ei/commission/index.shtml,www.edsc.gc.ca/fra/emplois/ae/commission/index.shtml,ceic-caec,33.0,,,CEI,,7b3c91ea-cb69-4f29-ad0c-c5e77a26260a,ceic-caec,Canada Employment Insurance Commission,Commission de l’assurance-emploi du Canada,active,approved,,142.0,NC-COMM-ATIP-AIPRP-GD@hrsdc-rhdcc.gc.ca,internal,open_gov_slug,1.0,Employment and Social Development Canada,06-30,A.2,override_exact,1.0,Emploi et Développement social Canada,06-30,A.2,override_exact,1.0,,,unmatched,0.7297,,,unmatched,0.7077,Employment and Social Development Canada,Emploi et Développement social Canada,06-30,https://www.canada.ca/en/employment-social-development/corporate/transparency/access-information/reports/infosource.html,https://www.canada.ca/fr/emploi-developpement-social/ministere/transparence/aai/rapports/infosource.html,,,,,https://www.canada.ca/en/employment-social-development/corporate/transparency/access-information/reports/infosource.html,https://www.canada.ca/fr/emploi-developpement-social/ministere/transparence/aai/rapports/infosource.html,Info Source reporting is consolidated with Employment and Social Development Canada.,06-30,reporting_entity_override,https://www.canada.ca/en/employment-social-development/corporate/transparency/access-information/reports/infosource.html,https://www.canada.ca/fr/emploi-developpement-social/ministere/transparence/aai/rapports/infosource.html,https://www.canada.ca/en/employment-social-development/corporate/transparency/access-information/reports/infosource-2023-2024/infosource-detailed.html,https://www.canada.ca/en/employment-social-development/corporate/transparency/access-information/reports/infosource-2023-2024/infosource-detailed.html,https://www.canada.ca/fr/emploi-developpement-social/ministere/transparence/aai/rapports/infosource-2023-2024/infosource-detaille.html,https://www.canada.ca/fr/emploi-developpement-social/ministere/transparence/aai/rapports/infosource-2023-2024/infosource-detaille.html,https://www.canada.ca/en/treasury-board-secretariat/services/access-information-privacy/access-information/access-informatio-policies-guidance/programs-holdings-online-publishing-requirements.html#toc-a,https://www.canada.ca/fr/secretariat-conseil-tresor/services/acces-information-protection-renseignements-personnels/acces-information/politiques-directives-acces-information/exigences-publication-ligne-programmes-fonds.html#toc-a,https://www.canada.ca/en/treasury-board-secretariat/services/access-information-privacy/access-information/info-source/list-institutions.html,https://www.canada.ca/fr/secretariat-conseil-tresor/services/acces-information-protection-reseignements-personnels/acces-information/info-source/liste-organisations.html,https://www.canada.ca/en/employment-social-development/corporate/transparency/access-information/reports/infosource.html,https://www.canada.ca/fr/emploi-developpement-social/ministere/transparence/aai/rapports/infosource.html,https://open.canada.ca/data/api/action/organization_list?all_fields=true&include_extras=true,https://open.canada.ca/data/en/api/3/action/datastore_search?resource_id=cb5b5566-f599-4d12-abae-8279a0230928&limit=500,https://open.canada.ca/data/en/api/3/action/datastore_search?resource_id=3faaafb4-00e2-4303-947d-ac786b62559f&limit=500,2026-08-15,verified_info_source,200,https://www.canada.ca/en/employment-social-development/corporate/transparency/access-information/reports/infosource-2023-2024.html,verified_info_source,200,https://www.canada.ca/fr/emploi-developpement-social/ministere/transparence/aai/rapports/infosource-2023-2024.html
ati-schedule-i-canada-foundation-for-innovation,I,Other Government Institutions,31,Canada Foundation for Innovation,Fondation canadienne pour l’innovation,https://laws-lois.justice.gc.ca/eng/XML/A-1.xml,3443.0,exact,1.0,Canada Foundation for Innovation,Fondation canadienne pour l’innovation,,,,,,,,a,,www.innovation.ca,www.innovation.ca,innovation,35.0,,Canada Foundation for Innovation,,,345d68bd-a46c-5b03-9e88-d98335eb2b8c,innovation,Canada Foundation for Innovation,Fondation canadienne pour l’innovation,active,approved,168.0,143.0,isabelle.henrie@innovation.ca,internal,open_gov_slug,1.0,,,,unmatched,0.5965,,,,unmatched,0.72,Canada Foundation for Innovation,https://www.innovation.ca/access-information-privacy/information-holdings,exact,1.0,Fondation canadienne pour l’innovation,https://www.innovation.ca/fr/acces-linformation-protection-renseignements-personnels/fonds-renseignements,exact,1.0,,,,,,,,,,,,,,not_listed_in_tbs_appendix,https://www.innovation.ca/access-information-privacy/information-holdings,https://www.innovation.ca/fr/acces-linformation-protection-renseignements-personnels/fonds-renseignements,https://www.innovation.ca/access-information-privacy/information-holdings,https://www.innovation.ca/access-information-privacy/information-holdings,https://www.innovation.ca/fr/acces-linformation-protection-renseignements-personnels/fonds-renseignements,https://www.innovation.ca/fr/acces-linformation-protection-renseignements-personnels/fonds-renseignements,https://www.canada.ca/en/treasury-board-secretariat/services/access-information-privacy/access-information/access-informatio-policies-guidance/programs-holdings-online-publishing-requirements.html#toc-a,https://www.canada.ca/fr/secretariat-conseil-tresor/services/acces-information-protection-renseignements-personnels/acces-information/politiques-directives-acces-information/exigences-publication-ligne-programmes-fonds.html#toc-a,https://www.canada.ca/en/treasury-board-secretariat/services/access-information-privacy/access-information/info-source/list-institutions.html,https://www.canada.ca/fr/secretariat-conseil-tresor/services/acces-information-protection-reseignements-personnels/acces-information/info-source/liste-organisations.html,https://www.canada.ca/en/treasury-board-secretariat/services/access-information-privacy/access-information/info-source/list-institutions.html,https://www.canada.ca/fr/secretariat-conseil-tresor/services/acces-information-protection-reseignements-personnels/acces-information/info-source/liste-organisations.html,https://open.canada.ca/data/api/action/organization_list?all_fields=true&include_extras=true,https://open.canada.ca/data/en/api/3/action/datastore_search?resource_id=cb5b5566-f599-4d12-abae-8279a0230928&limit=500,https://open.canada.ca/data/en/api/3/action/datastore_search?resource_id=3faaafb4-00e2-4303-947d-ac786b62559f&limit=500,2026-08-15,verified_info_source,200,https://www.innovation.ca/access-information-privacy/information-holdings,verified_info_source,200,https://www.innovation.ca/fr/acces-linformation-protection-renseignements-personnels/fonds-renseignements
ati-schedule-i-canada-foundation-for-sustainable-development-technology,I,Other Government Institutions,32,Canada Foundation for Sustainable Development Technology,Fondation du Canada pour l’appui technologique au développement durable,https://laws-lois.justice.gc.ca/eng/XML/A-1.xml,3444.0,exact,1.0,Canada Foundation for Sustainable Development Technology,Fondation du Canada pour l’appui technologique au développement durable,,,,,,,,a,,www.sdtc.ca,www.sdtc.ca,,36.0,,Sustainable Development Technology Canada,,,,,,,,,,,,,unmatched,0.8,,,,unmatched,0.7123,,,,unmatched,0.6301,Sustainable Development Technology Canada,https://www.sdtc.ca/en/about/accountability/info-source/,exact,1.0,,,unmatched,0.6301,,,,,,,,,,,,,,not_listed_in_tbs_appendix,https://www.sdtc.ca/en/about/accountability/info-source/,,https://www.sdtc.ca/en/about/accountability/info-source/,https://www.sdtc.ca/en/about/accountability/info-source/,,,https://www.canada.ca/en/treasury-board-secretariat/services/access-information-privacy/access-information/access-informatio-policies-guidance/programs-holdings-online-publishing-requirements.html#toc-a,https://www.canada.ca/fr/secretariat-conseil-tresor/services/acces-information-protection-renseignements-personnels/acces-information/politiques-directives-acces-information/exigences-publication-ligne-programmes-fonds.html#toc-a,https://www.canada.ca/en/treasury-board-secretariat/services/access-information-privacy/access-information/info-source/list-institutions.html,https://www.canada.ca/fr/secretariat-conseil-tresor/services/acces-information-protection-reseignements-personnels/acces-information/info-source/liste-organisations.html,https://www.canada.ca/en/treasury-board-secretariat/services/access-information-privacy/access-information/info-source/list-institutions.html,,https://open.canada.ca/data/api/action/organization_list?all_fields=true&include_extras=true,https://open.canada.ca/data/en/api/3/action/datastore_search?resource_id=cb5b5566-f599-4d12-abae-8279a0230928&limit=500,https://open.canada.ca/data/en/api/3/action/datastore_search?resource_id=3faaafb4-00e2-4303-947d-ac786b62559f&limit=500,2026-08-15,request_error,,,missing_url,,
ati-schedule-i-canada-newfoundland-and-labrador-offshore-energy-regulator,I,Other Government Institutions,33,Canada–Newfoundland and Labrador Offshore Energy Regulator,Régie Canada — Terre-Neuve-et-Labrador de l’énergie extracôtière,https://laws-lois.justice.gc.ca/eng/XML/A-1.xml,3448.0,exact,1.0,Canada-Newfoundland and Labrador Offshore Energy Regulator,Régie Canada-Terre-Neuve et Labrador de l'énergie extracôtière,,,,,,,,a,,https://www.cnloer.ca/,https://www.rctnlee.ca/,cnlopb,48.0,,Canada-Newfoundland and Labrador Offshore Petroleum Board,CFO,,bb5fdf62-75d4-501f-a00b-e09c5eff6eb4,cnlopb,Canada-Newfoundland and Labrador Offshore Petroleum Board,Office Canada–Terre-Neuve-et Labrador des hydrocarbures extracôtiers,active,approved,51.0,152.0,TBennett@cnlopb.nl.ca,internal,open_gov_slug,1.0,Canada-Newfoundland and Labrador Offshore Energy Regulator,03-31,A.1,exact,1.0,Régie Canada–Terre-Neuve-et-Labrador de l’énergie extracôtière,03-31,A.1,exact,1.0,Canada-Newfoundland and Labrador Offshore Petroleum Board,https://www.cnlopb.ca/information/infosource/,exact,1.0,,,unmatched,0.7652,,,,,,,,,,,,,03-31,direct,https://www.cnlopb.ca/information/infosource/,,https://www.cnlopb.ca/information/infosource/,https://www.cnlopb.ca/information/infosource/,,,https://www.canada.ca/en/treasury-board-secretariat/services/access-information-privacy/access-information/access-informatio-policies-guidance/programs-holdings-online-publishing-requirements.html#toc-a,https://www.canada.ca/fr/secretariat-conseil-tresor/services/acces-information-protection-renseignements-personnels/acces-information/politiques-directives-acces-information/exigences-publication-ligne-programmes-fonds.html#toc-a,https://www.canada.ca/en/treasury-board-secretariat/services/access-information-privacy/access-information/info-source/list-institutions.html,https://www.canada.ca/fr/secretariat-conseil-tresor/services/acces-information-protection-reseignements-personnels/acces-information/info-source/liste-organisations.html,https://www.canada.ca/en/treasury-board-secretariat/services/access-information-privacy/access-information/info-source/list-institutions.html,,https://open.canada.ca/data/api/action/organization_list?all_fields=true&include_extras=true,https://open.canada.ca/data/en/api/3/action/datastore_search?resource_id=cb5b5566-f599-4d12-abae-8279a0230928&limit=500,https://open.canada.ca/data/en/api/3/action/datastore_search?resource_id=3faaafb4-00e2-4303-947d-ac786b62559f&limit=500,2026-08-15,reachable_unverified_content,200,https://www.cnlopb.ca/information/infosource/,missing_url,,
ati-schedule-i-canada-nova-scotia-offshore-energy-regulator,I,Other Government Institutions,34,Canada–Nova Scotia Offshore Energy Regulator,Régie Canada — Nouvelle-Écosse de l’énergie extracôtière,https://laws-lois.justice.gc.ca/eng/XML/A-1.xml,3449.0,exact,1.0,Canada-Nova Scotia Offshore Energy Regulator,Régie Canada-Nouvelle-Écosse de l'énergie extracôtière,,,,,,,,a,,https://cnsoer.ca/,https://rcneee.ca/,,49.0,,Canada-Nova-Scotia Offshore Petroleum Board,CNO,,16986d6d-7666-572f-a951-0d32630faca3,cnsopb,Canada-Nova Scotia Offshore Energy Regulator,Régie Canada-Nouvelle-Écosse de l’énergie extracôtière,active,approved,95.0,153.0,atip@cnsoer.ca,internal,name,1.0,Canada-Nova Scotia Offshore Energy Regulator,03-31,A.1,exact,1.0,Régie Canada-Nouvelle-Écosse de l’énergie extracôtière,03-31,A.1,exact,1.0,Canada-Nova Scotia Offshore Petroleum Board,https://www.cnsopb.ns.ca/sites/default/files/resource/infosource_self_publishing_eng.pdf,exact,1.0,,,unmatched,0.7429,,,,,,,,,,,,,03-31,direct,https://www.cnsopb.ns.ca/sites/default/files/resource/infosource_self_publishing_eng.pdf,,https://www.cnsopb.ns.ca/sites/default/files/resource/infosource_self_publishing_eng.pdf,https://www.cnsopb.ns.ca/sites/default/files/resource/infosource_self_publishing_eng.pdf,,,https://www.canada.ca/en/treasury-board-secretariat/services/access-information-privacy/access-information/access-informatio-policies-guidance/programs-holdings-online-publishing-requirements.html#toc-a,https://www.canada.ca/fr/secretariat-conseil-tresor/services/acces-information-protection-renseignements-personnels/acces-information/politiques-directives-acces-information/exigences-publication-ligne-programmes-fonds.html#toc-a,https://www.canada.ca/en/treasury-board-secretariat/services/access-information-privacy/access-information/info-source/list-institutions.html,https://www.canada.ca/fr/secretariat-conseil-tresor/services/acces-information-protection-reseignements-personnels/acces-information/info-source/liste-organisations.html,https://www.canada.ca/en/treasury-board-secretariat/services/access-information-privacy/access-information/info-source/list-institutions.html,,https://open.canada.ca/data/api/action/organization_list?all_fields=true&include_extras=true,https://open.canada.ca/data/en/api/3/action/datastore_search?resource_id=cb5b5566-f599-4d12-abae-8279a0230928&limit=500,https://open.canada.ca/data/en/api/3/action/datastore_search?resource_id=3faaafb4-00e2-4303-947d-ac786b62559f&limit=500,2026-08-15,http_error,404,https://cnsoer.ca/sites/default/files/resource/infosource_self_publishing_eng.pdf,missing_url,,
ati-schedule-i-canada-revenue-agency,I,Other Government Institutions,35,Canada Revenue Agency,Agence du revenu du Canada,https://laws-lois.justice.gc.ca/eng/XML/A-1.xml,2303.0,exact,1.0,Canada Revenue Agency,Agence du revenu du Canada,,,Canada Revenue Agency,Agence du revenu du Canada,2.0,CRA,ARC,a,,www.canada.ca/en/revenue-agency.html,www.canada.ca/fr/agence-revenu.html,cra-arc,46.0,130.0,Canada Revenue Agency,NAR,NAR00,88B6EE4B-AA19-475B-B92A-2A80260806C2,cra-arc,Canada Revenue Agency,Agence du revenu du Canada,active,approved,47.0,72.0,INT-REC-G@cra-arc.gc.ca,internal,open_gov_slug,1.0,Canada Revenue Agency,06-30,A.2,exact,1.0,Agence du revenu du Canada,06-30,A.2,exact,1.0,Canada Revenue Agency,https://www.canada.ca/en/revenue-agency/corporate/about-canada-revenue-agency-cra/access-information-privacy-canada-revenue-agency/info-source-sources-federal-government-employee-information.html,exact,1.0,Agence du revenu du Canada,https://www.canada.ca/fr/agence-revenu/organisation/a-propos-agence-revenu-canada-arc/acces-a-information-protection-renseignements-personnels-a-agence-revenu-canada/fonds-renseignements-agence-revenu-canada-info-source.html,exact,1.0,,,,,,,,,,,,,06-30,direct,https://www.canada.ca/en/revenue-agency/corporate/about-canada-revenue-agency-cra/access-information-privacy-canada-revenue-agency/info-source-sources-federal-government-employee-information.html,https://www.canada.ca/fr/agence-revenu/organisation/a-propos-agence-revenu-canada-arc/acces-a-information-protection-renseignements-personnels-a-agence-revenu-canada/fonds-renseignements-agence-revenu-canada-info-source.html,https://www.canada.ca/en/revenue-agency/corporate/about-canada-revenue-agency-cra/access-information-privacy-canada-revenue-agency/info-source-appendix.html,https://www.canada.ca/en/revenue-agency/corporate/about-canada-revenue-agency-cra/access-information-privacy-canada-revenue-agency/info-source-sources-federal-government-employee-information.html,https://www.canada.ca/fr/agence-revenu/organisation/a-propos-agence-revenu-canada-arc/acces-a-information-protection-renseignements-personnels-a-agence-revenu-canada/fonds-renseignements-agence-revenu-canada-info-source.html,https://www.canada.ca/fr/agence-revenu/organisation/a-propos-agence-revenu-canada-arc/acces-a-information-protection-renseignements-personnels-a-agence-revenu-canada/appendice.html,https://www.canada.ca/en/treasury-board-secretariat/services/access-information-privacy/access-information/access-informatio-policies-guidance/programs-holdings-online-publishing-requirements.html#toc-a,https://www.canada.ca/fr/secretariat-conseil-tresor/services/acces-information-protection-renseignements-personnels/acces-information/politiques-directives-acces-information/exigences-publication-ligne-programmes-fonds.html#toc-a,https://www.canada.ca/en/treasury-board-secretariat/services/access-information-privacy/access-information/info-source/list-institutions.html,https://www.canada.ca/fr/secretariat-conseil-tresor/services/acces-information-protection-reseignements-personnels/acces-information/info-source/liste-organisations.html,https://www.canada.ca/en/treasury-board-secretariat/services/access-information-privacy/access-information/info-source/list-institutions.html,https://www.canada.ca/fr/secretariat-conseil-tresor/services/acces-information-protection-reseignements-personnels/acces-information/info-source/liste-organisations.html,https://open.canada.ca/data/api/action/organization_list?all_fields=true&include_extras=true,https://open.canada.ca/data/en/api/3/action/datastore_search?resource_id=cb5b5566-f599-4d12-abae-8279a0230928&limit=500,https://open.canada.ca/data/en/api/3/action/datastore_search?resource_id=3faaafb4-00e2-4303-947d-ac786b62559f&limit=500,2026-08-15,verified_info_source,200,https://www.canada.ca/en/revenue-agency/corporate/about-canada-revenue-agency-cra/access-information-privacy-canada-revenue-agency/info-source-sources-federal-government-employee-information.html,verified_info_source,200,https://www.canada.ca/fr/agence-revenu/organisation/a-propos-agence-revenu-canada-arc/acces-a-information-protection-renseignements-personnels-a-agence-revenu-canada/fonds-renseignements-agence-revenu-canada-info-source.html
ati-schedule-i-canada-school-of-public-service,I,Other Government Institutions,36,Canada School of Public Service,École de la fonction publique du Canada,https://laws-lois.justice.gc.ca/eng/XML/A-1.xml,2304.0,exact,1.0,Canada School of Public Service,École de la fonction publique du Canada,Canada School of Public Service,École de la fonction publique du Canada,Treasury Board of Canada Secretariat,Secrétariat du Conseil du Trésor du Canada,2.0,CSPS,EFPC,a,,www.csps-efpc.gc.ca,www.csps-efpc.gc.ca,csps-efpc,47.0,52.0,Canada School of Public Service,CES,CES00,892B1E0C-3389-4C9F-A6F0-92FE653016C1,csps-efpc,Canada School of Public Service,École de la fonction publique du Canada,active,approved,73.0,15.0,atipaiprp@csps-efpc.gc.ca,internal,open_gov_slug,1.0,Canada School of Public Service,06-30,A.2,exact,1.0,École de la fonction publique du Canada,06-30,A.2,exact,1.0,Canada School of Public Service,https://csps-efpc.gc.ca/About_Us/currentreport/programs-holdings-eng.aspx,exact,1.0,École de la fonction publique du Canada,https://csps-efpc.gc.ca/about_us/currentreport/programs-holdings-fra.aspx,exact,1.0,,,,,,,,,,,,,06-30,direct,https://csps-efpc.gc.ca/About_Us/currentreport/programs-holdings-eng.aspx,https://csps-efpc.gc.ca/about_us/currentreport/programs-holdings-fra.aspx,https://csps-efpc.gc.ca/About_Us/currentreport/programs-holdings-eng.aspx,https://csps-efpc.gc.ca/About_Us/currentreport/programs-holdings-eng.aspx,https://csps-efpc.gc.ca/about_us/currentreport/programs-holdings-fra.aspx,https://csps-efpc.gc.ca/about_us/currentreport/programs-holdings-fra.aspx,https://www.canada.ca/en/treasury-board-secretariat/services/access-information-privacy/access-information/access-informatio-policies-guidance/programs-holdings-online-publishing-requirements.html#toc-a,https://www.canada.ca/fr/secretariat-conseil-tresor/services/acces-information-protection-renseignements-personnels/acces-information/politiques-directives-acces-information/exigences-publication-ligne-programmes-fonds.html#toc-a,https://www.canada.ca/en/treasury-board-secretariat/services/access-information-privacy/access-information/info-source/list-institutions.html,https://www.canada.ca/fr/secretariat-conseil-tresor/services/acces-information-protection-reseignements-personnels/acces-information/info-source/liste-organisations.html,https://www.canada.ca/en/treasury-board-secretariat/services/access-information-privacy/access-information/info-source/list-institutions.html,https://www.canada.ca/fr/secretariat-conseil-tresor/services/acces-information-protection-reseignements-personnels/acces-information/info-source/liste-organisations.html,https://open.canada.ca/data/api/action/organization_list?all_fields=true&include_extras=true,https://open.canada.ca/data/en/api/3/action/datastore_search?resource_id=cb5b5566-f599-4d12-abae-8279a0230928&limit=500,https://open.canada.ca/data/en/api/3/action/datastore_search?resource_id=3faaafb4-00e2-4303-947d-ac786b62559f&limit=500,2026-08-15,reachable_unverified_content,200,https://www.csps-efpc.gc.ca/error/default.aspx?aspxerrorpath=/about_us/currentreport/programs-holdings-eng.aspx,reachable_unverified_content,200,https://www.csps-efpc.gc.ca/error/default.aspx?aspxerrorpath=/about_us/currentreport/programs-holdings-fra.aspx
ati-schedule-i-canada-water-agency,I,Other Government Institutions,37,Canada Water Agency,Agence canadienne de l’eau,https://laws-lois.justice.gc.ca/eng/XML/A-1.xml,3703.0,exact,1.0,Canada Water Agency,Agence de l'eau du Canada,Canada Water Agency,Agence de l'eau du Canada,,,1.1,CWA,AEC,a,,https://www.canada.ca/en/canada-water-agency.html,https://www.canada.ca/fr/agence-eau-canada.html,,563.0,241.0,,CWA,,293bed0d-fb8a-4946-bfb0-44a69d8fd789,cwa-aec,Canada Water Agency,Agence de l’eau du Canada,active,approved,,,atip-aiprp@cwa-aec.gc.ca,internal,name,1.0,Canada Water Agency,06-30,A.2,exact,1.0,Agence de l’eau du Canada,06-30,A.2,exact,1.0,,,unmatched,0.8,,,unmatched,0.8649,,,,,,,,,,,,,06-30,direct,,,,,,,https://www.canada.ca/en/treasury-board-secretariat/services/access-information-privacy/access-information/access-informatio-policies-guidance/programs-holdings-online-publishing-requirements.html#toc-a,https://www.canada.ca/fr/secretariat-conseil-tresor/services/acces-information-protection-renseignements-personnels/acces-information/politiques-directives-acces-information/exigences-publication-ligne-programmes-fonds.html#toc-a,https://www.canada.ca/en/treasury-board-secretariat/services/access-information-privacy/access-information/info-source/list-institutions.html,https://www.canada.ca/fr/secretariat-conseil-tresor/services/acces-information-protection-reseignements-personnels/acces-information/info-source/liste-organisations.html,,,https://open.canada.ca/data/api/action/organization_list?all_fields=true&include_extras=true,https://open.canada.ca/data/en/api/3/action/datastore_search?resource_id=cb5b5566-f599-4d12-abae-8279a0230928&limit=500,https://open.canada.ca/data/en/api/3/action/datastore_search?resource_id=3faaafb4-00e2-4303-947d-ac786b62559f&limit=500,2026-08-15,missing_url,,,missing_url,,
ati-schedule-i-canadian-accessibility-standards-development-organization,I,Other Government Institutions,38,Canadian Accessibility Standards Development Organization,Organisation canadienne d’élaboration de normes d’accessibilité,https://laws-lois.justice.gc.ca/eng/XML/A-1.xml,2319.0,exact,1.0,Accessibility Standards Canada,Normes d'accessibilité Canada,Accessibility Standards Canada,Normes d'accessibilité Canada,,,2.0,ASC,NAC,a,,https://accessible.canada.ca/,https://accessibilite.canada.ca/,casdo-ocena,558.0,199.0,Canadian Accessibility Standards Development Organization,CAQ,CAQ00,9119d60e-6f80-4ec3-b7ed-ad8ac6c75c37,casdo-ocena,Accessibility Standards Canada,Normes d’accessibilité Canada,active,approved,,,NC-COMM-ATIP-AIPRP-GD@hrsdc-rhdcc.gc.ca,internal,open_gov_slug,1.0,Canadian Accessibility Standards Development Organization,12-31,A.4,exact,1.0,Organisation canadienne d’élaboration de normes d’accessibilité,12-31,A.4,exact,1.0,Accessibility Standards Canada,https://accessible.canada.ca/transparency/ATIP/info-source-sources-federal-government-and-employee-information,exact,1.0,Normes d’accessibilité Canada,https://accessibilite.canada.ca/transparence/AIPRP/info-source-sources-de-renseignements-du-gouvernement-federal-et-sur-les-fonctionnaires-federaux,exact,1.0,,,,,,,,,,,,,12-31,direct,https://accessible.canada.ca/transparency/ATIP/info-source-sources-federal-government-and-employee-information,https://accessibilite.canada.ca/transparence/AIPRP/info-source-sources-de-renseignements-du-gouvernement-federal-et-sur-les-fonctionnaires-federaux,https://accessible.canada.ca/transparency/ATIP/info-source-sources-federal-government-and-employee-information,https://accessible.canada.ca/transparency/ATIP/info-source-sources-federal-government-and-employee-information,https://accessibilite.canada.ca/transparence/AIPRP/info-source-sources-de-renseignements-du-gouvernement-federal-et-sur-les-fonctionnaires-federaux,https://accessibilite.canada.ca/transparence/AIPRP/info-source-sources-de-renseignements-du-gouvernement-federal-et-sur-les-fonctionnaires-federaux,https://www.canada.ca/en/treasury-board-secretariat/services/access-information-privacy/access-information/access-informatio-policies-guidance/programs-holdings-online-publishing-requirements.html#toc-a,https://www.canada.ca/fr/secretariat-conseil-tresor/services/acces-information-protection-renseignements-personnels/acces-information/politiques-directives-acces-information/exigences-publication-ligne-programmes-fonds.html#toc-a,https://www.canada.ca/en/treasury-board-secretariat/services/access-information-privacy/access-information/info-source/list-institutions.html,https://www.canada.ca/fr/secretariat-conseil-tresor/services/acces-information-protection-reseignements-personnels/acces-information/info-source/liste-organisations.html,https://www.canada.ca/en/treasury-board-secretariat/services/access-information-privacy/access-information/info-source/list-institutions.html,https://www.canada.ca/fr/secretariat-conseil-tresor/services/acces-information-protection-reseignements-personnels/acces-information/info-source/liste-organisations.html,https://open.canada.ca/data/api/action/organization_list?all_fields=true&include_extras=true,https://open.canada.ca/data/en/api/3/action/datastore_search?resource_id=cb5b5566-f599-4d12-abae-8279a0230928&limit=500,https://open.canada.ca/data/en/api/3/action/datastore_search?resource_id=3faaafb4-00e2-4303-947d-ac786b62559f&limit=500,2026-08-15,verified_info_source,200,https://accessible.canada.ca/transparency/ATIP/info-source-sources-federal-government-and-employee-information,verified_info_source,200,https://accessibilite.canada.ca/transparence/AIPRP/info-source-sources-de-renseignements-du-gouvernement-federal-et-sur-les-fonctionnaires-federaux
ati-schedule-i-canadian-centre-for-occupational-health-and-safety,I,Other Government Institutions,39,Canadian Centre for Occupational Health and Safety,Centre canadien d’hygiène et de sécurité au travail,https://laws-lois.justice.gc.ca/eng/XML/A-1.xml,2305.0,exact,1.0,Canadian Centre for Occupational Health and Safety,Centre canadien d’hygiène et de sécurité au travail,,,Employment and Social Development Canada,Emploi et Développement social Canada,2.0,CCOHS,CCHST,a,,www.ccohs.ca,www.cchst.ca,ccohs-cchst,55.0,100.0,Canadian Centre for Occupational Health and Safety,OCC,OCC00,5FEE6EF8-AA76-4351-818D-00589C947075,ccohs-cchst,Canadian Centre for Occupational Health and Safety,Centre canadien d'hygiène et de sécurité au travail,active,approved,35.0,157.0,atip_aiprp@ccohs.ca,internal,open_gov_slug,1.0,Canadian Centre for Occupational Health and Safety,12-31,A.4,exact,1.0,Centre canadien d’hygiène et de sécurité au travail,12-31,A.4,exact,1.0,Canadian Centre for Occupational Health and Safety,http://www.ccohs.ca/ccohs/reports/transparency.html,exact,1.0,Centre canadien d’hygiène et de sécurité au travail,http://www.cchst.ca/ccohs/reports/transparency.html,exact,1.0,,,,,,,,,,,,,12-31,direct,http://www.ccohs.ca/ccohs/reports/transparency.html,http://www.cchst.ca/ccohs/reports/transparency.html,https://www.ccohs.ca:443/ccohs/reports/transparency.html,https://www.ccohs.ca:443/ccohs/reports/transparency.html,https://www.cchst.ca:443/ccohs/reports/transparency.html,https://www.cchst.ca:443/ccohs/reports/transparency.html,https://www.canada.ca/en/treasury-board-secretariat/services/access-information-privacy/access-information/access-informatio-policies-guidance/programs-holdings-online-publishing-requirements.html#toc-a,https://www.canada.ca/fr/secretariat-conseil-tresor/services/acces-information-protection-renseignements-personnels/acces-information/politiques-directives-acces-information/exigences-publication-ligne-programmes-fonds.html#toc-a,https://www.canada.ca/en/treasury-board-secretariat/services/access-information-privacy/access-information/info-source/list-institutions.html,https://www.canada.ca/fr/secretariat-conseil-tresor/services/acces-information-protection-reseignements-personnels/acces-information/info-source/liste-organisations.html,https://www.canada.ca/en/treasury-board-secretariat/services/access-information-privacy/access-information/info-source/list-institutions.html,https://www.canada.ca/fr/secretariat-conseil-tresor/services/acces-information-protection-reseignements-personnels/acces-information/info-source/liste-organisations.html,https://open.canada.ca/data/api/action/organization_list?all_fields=true&include_extras=true,https://open.canada.ca/data/en/api/3/action/datastore_search?resource_id=cb5b5566-f599-4d12-abae-8279a0230928&limit=500,https://open.canada.ca/data/en/api/3/action/datastore_search?resource_id=3faaafb4-00e2-4303-947d-ac786b62559f&limit=500,2026-08-15,verified_info_source,200,https://www.ccohs.ca:443/ccohs/reports/transparency.html,verified_info_source,200,https://www.cchst.ca:443/ccohs/reports/transparency.html
ati-schedule-i-canadian-energy-regulator,I,Other Government Institutions,40,Canadian Energy Regulator,Régie canadienne de l’énergie,https://laws-lois.justice.gc.ca/eng/XML/A-1.xml,2312.0,exact,1.0,Canada Energy Regulator,Régie de l'énergie du Canada,Canada Energy Regulator,Régie de l'énergie du Canada,Natural Resources Canada,Ressources naturelles Canada,2.0,CER,REC,a,,https://www.cer-rec.gc.ca/index-eng.html,https://www.cer-rec.gc.ca/index-fra.html,cer-rec,221.0,195.0,National Energy Board,ERG,ENR00,A3EE9522-882F-47B0-BA7D-83420DC8577C,cer-rec,Canada Energy Regulator,La Régie de l’énergie du Canada,active,approved,239.0,38.0,ATIPOffice-BureauAIPRP@neb-one.gc.ca,internal,open_gov_slug,1.0,Canada Energy Regulator,09-30,A.3,exact,1.0,Régie de l’énergie du Canada,09-30,A.3,exact,1.0,Canada Energy Regulator,https://www.cer-rec.gc.ca/en/about/open-government/transparency/completed-access-information-requests/info-source.html,exact,1.0,,,unmatched,0.6512,,,,https://www.cer-rec.gc.ca/en/about/open-government/transparency/completed-access-information-requests/info-source.html,https://www.cer-rec.gc.ca/fr/regie/gouvernement-ouvert/transparence/demandes-acces-information-completees/info-source.html,,,,,https://www.cer-rec.gc.ca/en/about/open-government/transparency/completed-access-information-requests/info-source.html,https://www.cer-rec.gc.ca/fr/regie/gouvernement-ouvert/transparence/demandes-acces-information-completees/info-source.html,Bilingual current reports verified through web search.,09-30,direct,https://www.cer-rec.gc.ca/en/about/open-government/transparency/completed-access-information-requests/info-source.html,https://www.cer-rec.gc.ca/fr/regie/gouvernement-ouvert/transparence/demandes-acces-information-completees/info-source.html,https://www.cer-rec.gc.ca/en/about/open-government/transparency/completed-access-information-requests/info-source.html,https://www.cer-rec.gc.ca/en/about/open-government/transparency/completed-access-information-requests/info-source.html,https://www.cer-rec.gc.ca/fr/regie/gouvernement-ouvert/transparence/demandes-acces-information-completees/info-source.html,https://www.cer-rec.gc.ca/fr/regie/gouvernement-ouvert/transparence/demandes-acces-information-completees/info-source.html,https://www.canada.ca/en/treasury-board-secretariat/services/access-information-privacy/access-information/access-informatio-policies-guidance/programs-holdings-online-publishing-requirements.html#toc-a,https://www.canada.ca/fr/secretariat-conseil-tresor/services/acces-information-protection-renseignements-personnels/acces-information/politiques-directives-acces-information/exigences-publication-ligne-programmes-fonds.html#toc-a,https://www.canada.ca/en/treasury-board-secretariat/services/access-information-privacy/access-information/info-source/list-institutions.html,https://www.canada.ca/fr/secretariat-conseil-tresor/services/acces-information-protection-reseignements-personnels/acces-information/info-source/liste-organisations.html,https://www.cer-rec.gc.ca/en/about/open-government/transparency/completed-access-information-requests/info-source.html,https://www.cer-rec.gc.ca/fr/regie/gouvernement-ouvert/transparence/demandes-acces-information-completees/info-source.html,https://open.canada.ca/data/api/action/organization_list?all_fields=true&include_extras=true,https://open.canada.ca/data/en/api/3/action/datastore_search?resource_id=cb5b5566-f599-4d12-abae-8279a0230928&limit=500,https://open.canada.ca/data/en/api/3/action/datastore_search?resource_id=3faaafb4-00e2-4303-947d-ac786b62559f&limit=500,2026-08-15,verified_info_source,200,https://www.cer-rec.gc.ca/en/about/open-government/transparency/completed-access-information-requests/info-source.html,verified_info_source,200,https://www.cer-rec.gc.ca/fr/regie/gouvernement-ouvert/transparence/demandes-acces-information-completees/info-source.html
ati-schedule-i-canadian-food-inspection-agency,I,Other Government Institutions,41,Canadian Food Inspection Agency,Agence canadienne d’inspection des aliments,https://laws-lois.justice.gc.ca/eng/XML/A-1.xml,2306.0,exact,1.0,Canadian Food Inspection Agency,Agence canadienne d'inspection des aliments,Canadian Food Inspection Agency,Agence canadienne d'inspection des aliments,Health Canada,Santé Canada,2.0,CFIA,ACIA,a,,www.inspection.gc.ca,www.inspection.gc.ca,cfia-acia,65.0,136.0,Canadian Food Inspection Agency,ICA,ICA00,90D94FD0-5E79-4DBB-AF2A-B1DC881749FA,cfia-acia,Canadian Food Inspection Agency,Agence canadienne d'inspection des aliments,active,approved,206.0,58.0,ATIP-CFIA-AIPRP@inspection.gc.ca,internal,open_gov_slug,1.0,Canadian Food Inspection Agency,12-31,A.4,exact,1.0,Agence canadienne d’inspection des aliments,12-31,A.4,exact,1.0,Canadian Food Inspection Agency,http://www.inspection.gc.ca/about-the-cfia/accountability/other-activities/atip/info-source/eng/1388355218800/1388355393470,exact,1.0,Agence canadienne d’inspection des aliments,http://www.inspection.gc.ca/au-sujet-de-l-acia/responsabilisation/autres-activites/aiprp/info-source/fra/1388355218800/1388355393470,exact,1.0,,,,,,,,,,,,,12-31,direct,http://www.inspection.gc.ca/about-the-cfia/accountability/other-activities/atip/info-source/eng/1388355218800/1388355393470,http://www.inspection.gc.ca/au-sujet-de-l-acia/responsabilisation/autres-activites/aiprp/info-source/fra/1388355218800/1388355393470,https://inspection.canada.ca/en/about-cfia/transparency/access-information-and-privacy/info-source,https://inspection.canada.ca/en/about-cfia/transparency/access-information-and-privacy/info-source,https://inspection.canada.ca/fr/propos-lacia/transparence/acces-linformation-protection-renseignements-personnels/info-source,https://inspection.canada.ca/fr/propos-lacia/transparence/acces-linformation-protection-renseignements-personnels/info-source,https://www.canada.ca/en/treasury-board-secretariat/services/access-information-privacy/access-information/access-informatio-policies-guidance/programs-holdings-online-publishing-requirements.html#toc-a,https://www.canada.ca/fr/secretariat-conseil-tresor/services/acces-information-protection-renseignements-personnels/acces-information/politiques-directives-acces-information/exigences-publication-ligne-programmes-fonds.html#toc-a,https://www.canada.ca/en/treasury-board-secretariat/services/access-information-privacy/access-information/info-source/list-institutions.html,https://www.canada.ca/fr/secretariat-conseil-tresor/services/acces-information-protection-reseignements-personnels/acces-information/info-source/liste-organisations.html,https://www.canada.ca/en/treasury-board-secretariat/services/access-information-privacy/access-information/info-source/list-institutions.html,https://www.canada.ca/fr/secretariat-conseil-tresor/services/acces-information-protection-reseignements-personnels/acces-information/info-source/liste-organisations.html,https://open.canada.ca/data/api/action/organization_list?all_fields=true&include_extras=true,https://open.canada.ca/data/en/api/3/action/datastore_search?resource_id=cb5b5566-f599-4d12-abae-8279a0230928&limit=500,https://open.canada.ca/data/en/api/3/action/datastore_search?resource_id=3faaafb4-00e2-4303-947d-ac786b62559f&limit=500,2026-08-15,verified_info_source,200,https://inspection.canada.ca/en/about-cfia/transparency/access-information-and-privacy/info-source,verified_info_source,200,https://inspection.canada.ca/fr/propos-lacia/transparence/acces-linformation-protection-renseignements-personnels/info-source
ati-schedule-i-canadian-forces,I,Other Government Institutions,42,Canadian Forces,Forces canadiennes,https://laws-lois.justice.gc.ca/eng/XML/A-1.xml,,unmatched,0.6977,,,,,,,,,,,,,,,,,,,,30e320bc-7b68-4e04-ad75-7990359ea265,caf-facdnd,Canadian Forces,Forces canadiennes,active,approved,,571.0,PortalSupport-Soutienportail@tbs-sct.gc.ca,internal,name,1.0,National Defence,06-30,A.2,override_exact,1.0,Défense nationale,06-30,A.2,override_exact,1.0,,,unmatched,0.6923,,,unmatched,0.6829,National Defence,Défense nationale,06-30,https://www.canada.ca/en/department-national-defence/corporate/transparency/access-information-privacy/info-source-sources-of-federal-government-and-employee-information.html,https://www.canada.ca/fr/ministere-defense-nationale/organisation/transparence/acces-information-protection-renseignements-personnels/info-source-sources-de-renseignements-du-gouvernement-federal-et-sur-les-fonctionnaires-federaux.html,,,,,https://www.canada.ca/en/department-national-defence/corporate/transparency/access-information-privacy/info-source-sources-of-federal-government-and-employee-information.html,https://www.canada.ca/fr/ministere-defense-nationale/organisation/transparence/acces-information-protection-renseignements-personnels/info-source-sources-de-renseignements-du-gouvernement-federal-et-sur-les-fonctionnaires-federaux.html,Info Source reporting is consolidated with National Defence.,06-30,reporting_entity_override,https://www.canada.ca/en/department-national-defence/corporate/transparency/access-information-privacy/info-source-sources-of-federal-government-and-employee-information.html,https://www.canada.ca/fr/ministere-defense-nationale/organisation/transparence/acces-information-protection-renseignements-personnels/info-source-sources-de-renseignements-du-gouvernement-federal-et-sur-les-fonctionnaires-federaux.html,https://www.canada.ca/en/department-national-defence/corporate/transparency/access-information-privacy/info-source-sources-of-federal-government-and-employee-information.html,https://www.canada.ca/en/department-national-defence/corporate/transparency/access-information-privacy/info-source-sources-of-federal-government-and-employee-information.html,https://www.canada.ca/fr/ministere-defense-nationale/organisation/transparence/acces-information-protection-renseignements-personnels/info-source-sources-de-renseignements-du-gouvernement-federal-et-sur-les-fonctionnaires-federaux.html,https://www.canada.ca/fr/ministere-defense-nationale/organisation/transparence/acces-information-protection-renseignements-personnels/info-source-sources-de-renseignements-du-gouvernement-federal-et-sur-les-fonctionnaires-federaux.html,https://www.canada.ca/en/treasury-board-secretariat/services/access-information-privacy/access-information/access-informatio-policies-guidance/programs-holdings-online-publishing-requirements.html#toc-a,https://www.canada.ca/fr/secretariat-conseil-tresor/services/acces-information-protection-renseignements-personnels/acces-information/politiques-directives-acces-information/exigences-publication-ligne-programmes-fonds.html#toc-a,https://www.canada.ca/en/treasury-board-secretariat/services/access-information-privacy/access-information/info-source/list-institutions.html,https://www.canada.ca/fr/secretariat-conseil-tresor/services/acces-information-protection-reseignements-personnels/acces-information/info-source/liste-organisations.html,https://www.canada.ca/en/department-national-defence/corporate/transparency/access-information-privacy/info-source-sources-of-federal-government-and-employee-information.html,https://www.canada.ca/fr/ministere-defense-nationale/organisation/transparence/acces-information-protection-renseignements-personnels/info-source-sources-de-renseignements-du-gouvernement-federal-et-sur-les-fonctionnaires-federaux.html,https://open.canada.ca/data/api/action/organization_list?all_fields=true&include_extras=true,https://open.canada.ca/data/en/api/3/action/datastore_search?resource_id=cb5b5566-f599-4d12-abae-8279a0230928&limit=500,https://open.canada.ca/data/en/api/3/action/datastore_search?resource_id=3faaafb4-00e2-4303-947d-ac786b62559f&limit=500,2026-08-15,verified_info_source,200,https://www.canada.ca/en/department-national-defence/corporate/transparency/access-information-privacy/info-source-sources-of-federal-government-and-employee-information.html,verified_info_source,200,https://www.canada.ca/fr/ministere-defense-nationale/organisation/transparence/acces-information-protection-renseignements-personnels/info-source-sources-de-renseignements-du-gouvernement-federal-et-sur-les-fonctionnaires-federaux.html
ati-schedule-i-canadian-grain-commission,I,Other Government Institutions,43,Canadian Grain Commission,Commission canadienne des grains,https://laws-lois.justice.gc.ca/eng/XML/A-1.xml,2246.0,exact,1.0,Canadian Grain Commission,Commission canadienne des grains,,,Agriculture and Agri-Food Canada,Agriculture et Agroalimentaire Canada,1.1,CGC,CCG,a,,www.grainscanada.gc.ca,www.grainscanada.gc.ca,cgc-ccg,69.0,133.0,Canadian Grain Commission,CGC,CGC00,196FF0D1-A29E-48AD-829D-24D93D656EAF,cgc-ccg,Canadian Grain Commission,Commission canadienne des grains,active,approved,169.0,17.0,atip-aiprp@grainscanada.gc.ca,internal,open_gov_slug,1.0,Canadian Grain Commission,09-30,A.3,exact,1.0,Commission canadienne des grains,09-30,A.3,exact,1.0,Canadian Grain Commission,https://www.grainscanada.gc.ca/en/transparency/info/info-eng.html,exact,1.0,Commission canadienne des grains,https://www.grainscanada.gc.ca/fr/transparence/info/info-fra.html,exact,1.0,,,,,,,,,,,,,09-30,direct,https://www.grainscanada.gc.ca/en/transparency/info/info-eng.html,https://www.grainscanada.gc.ca/fr/transparence/info/info-fra.html,https://www.grainscanada.gc.ca/en/transparency/info/info-eng.html,https://www.grainscanada.gc.ca/en/transparency/info/info-eng.html,https://www.grainscanada.gc.ca/fr/transparence/info/info-fra.html,https://www.grainscanada.gc.ca/fr/transparence/info/info-fra.html,https://www.canada.ca/en/treasury-board-secretariat/services/access-information-privacy/access-information/access-informatio-policies-guidance/programs-holdings-online-publishing-requirements.html#toc-a,https://www.canada.ca/fr/secretariat-conseil-tresor/services/acces-information-protection-renseignements-personnels/acces-information/politiques-directives-acces-information/exigences-publication-ligne-programmes-fonds.html#toc-a,https://www.canada.ca/en/treasury-board-secretariat/services/access-information-privacy/access-information/info-source/list-institutions.html,https://www.canada.ca/fr/secretariat-conseil-tresor/services/acces-information-protection-reseignements-personnels/acces-information/info-source/liste-organisations.html,https://www.canada.ca/en/treasury-board-secretariat/services/access-information-privacy/access-information/info-source/list-institutions.html,https://www.canada.ca/fr/secretariat-conseil-tresor/services/acces-information-protection-reseignements-personnels/acces-information/info-source/liste-organisations.html,https://open.canada.ca/data/api/action/organization_list?all_fields=true&include_extras=true,https://open.canada.ca/data/en/api/3/action/datastore_search?resource_id=cb5b5566-f599-4d12-abae-8279a0230928&limit=500,https://open.canada.ca/data/en/api/3/action/datastore_search?resource_id=3faaafb4-00e2-4303-947d-ac786b62559f&limit=500,2026-08-15,verified_info_source,200,https://www.grainscanada.gc.ca/en/transparency/info/info-eng.html,verified_info_source,200,https://www.grainscanada.gc.ca/fr/transparence/info/info-fra.html
ati-schedule-i-canadian-high-arctic-research-station,I,Other Government Institutions,44,Canadian High Arctic Research Station,Station canadienne de recherche dans l’Extrême-Arctique,https://laws-lois.justice.gc.ca/eng/XML/A-1.xml,2318.0,exact,1.0,Polar Knowledge Canada,Savoir polaire Canada,Polar Knowledge Canada,Savoir polaire Canada,Crown-Indigenous Relations and Northern Affairs Canada,Relations Couronne-Autochtones et Affaires du Nord Canada,2.0,POLAR,POLAIRE,a,,www.canada.ca/en/polar-knowledge.html,www.canada.ca/fr/savoir-polaire.html,polar-polaire,552.0,171.0,Polar Knowledge Canada,CHR,CHR00,1B0F90FF-3458-47A6-99FD-28AF6E006D75,polar-polaire,Polar Knowledge Canada,Savoir polaire Canada,active,approved,143.0,89.0,Brodie.larocque@polar-polaire.gc.ca,internal,open_gov_slug,1.0,Canadian High Artic Research Station (Polar Knowledge Canada),03-31,A.1,fuzzy,0.9863,Station canadienne de recherche de l’Extrême-Artique (Savoir polaire Canada),03-31,A.1,fuzzy,0.9362,Polar Knowledge Canada,https://www.canada.ca/en/polar-knowledge/proactivedisclosure.html,exact,1.0,Savoir polaire Canada,https://www.canada.ca/fr/savoir-polaire/divulgationproactive.html,exact,1.0,,,,,,,,,,,,,03-31,direct,https://www.canada.ca/en/polar-knowledge/proactivedisclosure.html,https://www.canada.ca/fr/savoir-polaire/divulgationproactive.html,https://www.canada.ca/en/polar-knowledge/proactivedisclosure.html,https://www.canada.ca/en/polar-knowledge/proactivedisclosure.html,https://www.canada.ca/fr/savoir-polaire/divulgationproactive.html,https://www.canada.ca/fr/savoir-polaire/divulgationproactive.html,https://www.canada.ca/en/treasury-board-secretariat/services/access-information-privacy/access-information/access-informatio-policies-guidance/programs-holdings-online-publishing-requirements.html#toc-a,https://www.canada.ca/fr/secretariat-conseil-tresor/services/acces-information-protection-renseignements-personnels/acces-information/politiques-directives-acces-information/exigences-publication-ligne-programmes-fonds.html#toc-a,https://www.canada.ca/en/treasury-board-secretariat/services/access-information-privacy/access-information/info-source/list-institutions.html,https://www.canada.ca/fr/secretariat-conseil-tresor/services/acces-information-protection-reseignements-personnels/acces-information/info-source/liste-organisations.html,https://www.canada.ca/en/treasury-board-secretariat/services/access-information-privacy/access-information/info-source/list-institutions.html,https://www.canada.ca/fr/secretariat-conseil-tresor/services/acces-information-protection-reseignements-personnels/acces-information/info-source/liste-organisations.html,https://open.canada.ca/data/api/action/organization_list?all_fields=true&include_extras=true,https://open.canada.ca/data/en/api/3/action/datastore_search?resource_id=cb5b5566-f599-4d12-abae-8279a0230928&limit=500,https://open.canada.ca/data/en/api/3/action/datastore_search?resource_id=3faaafb4-00e2-4303-947d-ac786b62559f&limit=500,2026-08-15,reachable_unverified_content,200,https://www.canada.ca/en/polar-knowledge/proactivedisclosure.html,reachable_unverified_content,200,https://www.canada.ca/fr/savoir-polaire/divulgationproactive.html
ati-schedule-i-canadian-human-rights-commission,I,Other Government Institutions,45,Canadian Human Rights Commission,Commission canadienne des droits de la personne,https://laws-lois.justice.gc.ca/eng/XML/A-1.xml,2247.0,exact,1.0,Canadian Human Rights Commission,Commission canadienne des droits de la personne,,,Department of Justice Canada,Ministère de la Justice Canada,1.1,CHRC,CCDP,a,,www.chrc-ccdp.gc.ca,www.ccdp-chrc.gc.ca,chrc-ccdp,71.0,75.0,Canadian Human Rights Commission,HRC,HRC00,7989CBA8-1F59-47C1-B9BC-F5FA9A0E03E7,chrc-ccdp,Canadian Human Rights Commission,Commission canadienne des droits de la personne,active,approved,113.0,55.0,atip.aiprp@chrc-ccdp.gc.ca,internal,open_gov_slug,1.0,Canadian Human Rights Commission,09-30,A.3,exact,1.0,Commission canadienne des droits de la personne,09-30,A.3,exact,1.0,Canadian Human Rights Commission,https://www.chrc-ccdp.gc.ca/sites/default/files/2022-09/OTTAWAITI7-%233111281-v1-Info_Source__Sources_of_Federal_Government_and_Employee_Information_2022_FINAL.pdf,exact,1.0,Commission canadienne des droits de la personne,https://www.chrc-ccdp.gc.ca/sites/default/files/2022-09/OTTAWAITI7-%233111276-v1-Info_Source___Sources_de_renseignements_sur_le_gouvernement_et_les_employes_federaux_2022_FINAL.pdf,exact,1.0,,,,,,,,,,,,,09-30,direct,https://www.chrc-ccdp.gc.ca/sites/default/files/2022-09/OTTAWAITI7-%233111281-v1-Info_Source__Sources_of_Federal_Government_and_Employee_Information_2022_FINAL.pdf,https://www.chrc-ccdp.gc.ca/sites/default/files/2022-09/OTTAWAITI7-%233111276-v1-Info_Source___Sources_de_renseignements_sur_le_gouvernement_et_les_employes_federaux_2022_FINAL.pdf,https://www.chrc-ccdp.gc.ca/sites/default/files/2022-09/OTTAWAITI7-%233111281-v1-Info_Source__Sources_of_Federal_Government_and_Employee_Information_2022_FINAL.pdf,https://www.chrc-ccdp.gc.ca/sites/default/files/2022-09/OTTAWAITI7-%233111281-v1-Info_Source__Sources_of_Federal_Government_and_Employee_Information_2022_FINAL.pdf,https://www.chrc-ccdp.gc.ca/sites/default/files/2022-09/OTTAWAITI7-%233111276-v1-Info_Source___Sources_de_renseignements_sur_le_gouvernement_et_les_employes_federaux_2022_FINAL.pdf,https://www.chrc-ccdp.gc.ca/sites/default/files/2022-09/OTTAWAITI7-%233111276-v1-Info_Source___Sources_de_renseignements_sur_le_gouvernement_et_les_employes_federaux_2022_FINAL.pdf,https://www.canada.ca/en/treasury-board-secretariat/services/access-information-privacy/access-information/access-informatio-policies-guidance/programs-holdings-online-publishing-requirements.html#toc-a,https://www.canada.ca/fr/secretariat-conseil-tresor/services/acces-information-protection-renseignements-personnels/acces-information/politiques-directives-acces-information/exigences-publication-ligne-programmes-fonds.html#toc-a,https://www.canada.ca/en/treasury-board-secretariat/services/access-information-privacy/access-information/info-source/list-institutions.html,https://www.canada.ca/fr/secretariat-conseil-tresor/services/acces-information-protection-reseignements-personnels/acces-information/info-source/liste-organisations.html,https://www.canada.ca/en/treasury-board-secretariat/services/access-information-privacy/access-information/info-source/list-institutions.html,https://www.canada.ca/fr/secretariat-conseil-tresor/services/acces-information-protection-reseignements-personnels/acces-information/info-source/liste-organisations.html,https://open.canada.ca/data/api/action/organization_list?all_fields=true&include_extras=true,https://open.canada.ca/data/en/api/3/action/datastore_search?resource_id=cb5b5566-f599-4d12-abae-8279a0230928&limit=500,https://open.canada.ca/data/en/api/3/action/datastore_search?resource_id=3faaafb4-00e2-4303-947d-ac786b62559f&limit=500,2026-08-15,http_error,404,https://www.chrc-ccdp.gc.ca/sites/default/files/2022-09/OTTAWAITI7-%233111281-v1-Info_Source__Sources_of_Federal_Government_and_Employee_Information_2022_FINAL.pdf,http_error,404,https://www.chrc-ccdp.gc.ca/sites/default/files/2022-09/OTTAWAITI7-%233111276-v1-Info_Source___Sources_de_renseignements_sur_le_gouvernement_et_les_employes_federaux_2022_FINAL.pdf
ati-schedule-i-canadian-institutes-of-health-research,I,Other Government Institutions,46,Canadian Institutes of Health Research,Instituts de recherche en santé du Canada,https://laws-lois.justice.gc.ca/eng/XML/A-1.xml,2307.0,exact,1.0,Canadian Institutes of Health Research,Instituts de recherche en santé du Canada,,,Health Canada,Santé Canada,2.0,CIHR,IRSC,a,,www.cihr-irsc.gc.ca,www.irsc-cihr.gc.ca,cihr-irsc,74.0,61.0,Canadian Institutes of Health Research,CRI,CRI00,D767E220-09B6-4AE0-97B2-7E94683DB117,cihr-irsc,Canadian Institutes of Health Research,Instituts de recherche en santé du Canada,active,approved,236.0,24.0,ATIPCoordinator@cihr-irsc.gc.ca,internal,open_gov_slug,1.0,Canadian Institutes of Health Research,12-31,A.4,exact,1.0,Instituts de recherche en santé du Canada,12-31,A.4,exact,1.0,Canadian Institutes of Health Research,http://www.cihr-irsc.gc.ca/e/47695.html,exact,1.0,Instituts de recherche en santé du Canada,http://www.cihr-irsc.gc.ca/f/47695.html,exact,1.0,,,,,,,,,,,,,12-31,direct,http://www.cihr-irsc.gc.ca/e/47695.html,http://www.cihr-irsc.gc.ca/f/47695.html,http://www.cihr-irsc.gc.ca/e/47695.html,http://www.cihr-irsc.gc.ca/e/47695.html,http://www.cihr-irsc.gc.ca/f/47695.html,http://www.cihr-irsc.gc.ca/f/47695.html,https://www.canada.ca/en/treasury-board-secretariat/services/access-information-privacy/access-information/access-informatio-policies-guidance/programs-holdings-online-publishing-requirements.html#toc-a,https://www.canada.ca/fr/secretariat-conseil-tresor/services/acces-information-protection-renseignements-personnels/acces-information/politiques-directives-acces-information/exigences-publication-ligne-programmes-fonds.html#toc-a,https://www.canada.ca/en/treasury-board-secretariat/services/access-information-privacy/access-information/info-source/list-institutions.html,https://www.canada.ca/fr/secretariat-conseil-tresor/services/acces-information-protection-reseignements-personnels/acces-information/info-source/liste-organisations.html,https://www.canada.ca/en/treasury-board-secretariat/services/access-information-privacy/access-information/info-source/list-institutions.html,https://www.canada.ca/fr/secretariat-conseil-tresor/services/acces-information-protection-reseignements-personnels/acces-information/info-source/liste-organisations.html,https://open.canada.ca/data/api/action/organization_list?all_fields=true&include_extras=true,https://open.canada.ca/data/en/api/3/action/datastore_search?resource_id=cb5b5566-f599-4d12-abae-8279a0230928&limit=500,https://open.canada.ca/data/en/api/3/action/datastore_search?resource_id=3faaafb4-00e2-4303-947d-ac786b62559f&limit=500,2026-08-15,request_error,,,request_error,,
ati-schedule-i-canadian-museum-for-human-rights,I,Other Government Institutions,47,Canadian Museum for Human Rights,Musée canadien des droits de la personne,https://laws-lois.justice.gc.ca/eng/XML/A-1.xml,3620.0,exact,1.0,Canadian Museum for Human Rights,Musée canadien pour les droits de la personne,,,Canadian Heritage,Patrimoine canadien,3.0,,,a,,www.humanrights.ca,www.droitsdelapersonne.ca,,81.0,,Canadian Museum for Human Rights,,,3174c597-4041-46cf-8319-49921da0f08b,cmhr-mcdp,Canadian Museum for Human Rights,Musée canadien pour les droits de la personne,active,approved,267.0,163.0,atip@humanrights.ca,internal,name,1.0,Canadian Museum for Human Rights,12-31,A.4,exact,1.0,Musée canadien des droits de la personne,12-31,A.4,exact,1.0,Canadian Museum for Human Rights,https://humanrights.ca/about/transparency/access-information-and-privacy/info-source,exact,1.0,Musée canadien pour les droits de la personne,https://droitsdelapersonne.ca/propos/transparence/acces-linformation-et-protection-des-renseignements-personnels/info-source,exact,1.0,,,,,,,,,,,,,12-31,direct,https://humanrights.ca/about/transparency/access-information-and-privacy/info-source,https://droitsdelapersonne.ca/propos/transparence/acces-linformation-et-protection-des-renseignements-personnels/info-source,https://humanrights.ca/about/governance-and-reports/info-source,https://humanrights.ca/about/governance-and-reports/info-source,https://droitsdelapersonne.ca/propos/gouvernance-et-rapports/info-source,https://droitsdelapersonne.ca/propos/gouvernance-et-rapports/info-source,https://www.canada.ca/en/treasury-board-secretariat/services/access-information-privacy/access-information/access-informatio-policies-guidance/programs-holdings-online-publishing-requirements.html#toc-a,https://www.canada.ca/fr/secretariat-conseil-tresor/services/acces-information-protection-renseignements-personnels/acces-information/politiques-directives-acces-information/exigences-publication-ligne-programmes-fonds.html#toc-a,https://www.canada.ca/en/treasury-board-secretariat/services/access-information-privacy/access-information/info-source/list-institutions.html,https://www.canada.ca/fr/secretariat-conseil-tresor/services/acces-information-protection-reseignements-personnels/acces-information/info-source/liste-organisations.html,https://www.canada.ca/en/treasury-board-secretariat/services/access-information-privacy/access-information/info-source/list-institutions.html,https://www.canada.ca/fr/secretariat-conseil-tresor/services/acces-information-protection-reseignements-personnels/acces-information/info-source/liste-organisations.html,https://open.canada.ca/data/api/action/organization_list?all_fields=true&include_extras=true,https://open.canada.ca/data/en/api/3/action/datastore_search?resource_id=cb5b5566-f599-4d12-abae-8279a0230928&limit=500,https://open.canada.ca/data/en/api/3/action/datastore_search?resource_id=3faaafb4-00e2-4303-947d-ac786b62559f&limit=500,2026-08-15,verified_info_source,200,https://humanrights.ca/about/governance-and-reports/info-source,verified_info_source,200,https://droitsdelapersonne.ca/propos/gouvernance-et-rapports/info-source
ati-schedule-i-canadian-museum-of-immigration-at-pier-21,I,Other Government Institutions,48,Canadian Museum of Immigration at Pier 21,Musée canadien de l’immigration du Quai 21,https://laws-lois.justice.gc.ca/eng/XML/A-1.xml,3622.0,exact,1.0,Canadian Museum of Immigration at Pier 21,Musée canadien de l’immigration du Quai 21,,,Canadian Heritage,Patrimoine canadien,3.0,,,a,,www.pier21.ca,www.quai21.ca,,84.0,,Canadian Museum of Immigration at Pier 21,,,7ccb5e75-7e34-486f-9229-2f573b583653,cmip-mciq,Canadian Museum of Immigration at Pier 21,Musée canadien de l'immigration du Quai 21,active,approved,2.0,165.0,ablack@pier21.ca,internal,name,1.0,Canadian Museum of Immigration at Pier 21,03-31,A.1,exact,1.0,Musée canadien de l’immigration au Quai 21,03-31,A.1,fuzzy,0.9577,Canadian Museum of Immigration at Pier 21,https://pier21.ca/sites/default/files/corporate-reports/2019_Info_Source_EN.pdf,exact,1.0,Musée canadien de l’immigration du Quai 21,https://quai21.ca/sites/default/files/rapports-corporatifs/2019_Info_Source_FR_CMIP21.pdf,exact,1.0,,,,,,,,,,,,,03-31,direct,https://pier21.ca/sites/default/files/corporate-reports/2019_Info_Source_EN.pdf,https://quai21.ca/sites/default/files/rapports-corporatifs/2019_Info_Source_FR_CMIP21.pdf,https://pier21.ca/sites/default/files/corporate-reports/2019_Info_Source_EN.pdf,https://pier21.ca/sites/default/files/corporate-reports/2019_Info_Source_EN.pdf,https://quai21.ca/sites/default/files/rapports-corporatifs/2019_Info_Source_FR_CMIP21.pdf,https://quai21.ca/sites/default/files/rapports-corporatifs/2019_Info_Source_FR_CMIP21.pdf,https://www.canada.ca/en/treasury-board-secretariat/services/access-information-privacy/access-information/access-informatio-policies-guidance/programs-holdings-online-publishing-requirements.html#toc-a,https://www.canada.ca/fr/secretariat-conseil-tresor/services/acces-information-protection-renseignements-personnels/acces-information/politiques-directives-acces-information/exigences-publication-ligne-programmes-fonds.html#toc-a,https://www.canada.ca/en/treasury-board-secretariat/services/access-information-privacy/access-information/info-source/list-institutions.html,https://www.canada.ca/fr/secretariat-conseil-tresor/services/acces-information-protection-reseignements-personnels/acces-information/info-source/liste-organisations.html,https://www.canada.ca/en/treasury-board-secretariat/services/access-information-privacy/access-information/info-source/list-institutions.html,https://www.canada.ca/fr/secretariat-conseil-tresor/services/acces-information-protection-reseignements-personnels/acces-information/info-source/liste-organisations.html,https://open.canada.ca/data/api/action/organization_list?all_fields=true&include_extras=true,https://open.canada.ca/data/en/api/3/action/datastore_search?resource_id=cb5b5566-f599-4d12-abae-8279a0230928&limit=500,https://open.canada.ca/data/en/api/3/action/datastore_search?resource_id=3faaafb4-00e2-4303-947d-ac786b62559f&limit=500,2026-08-15,request_error,,,request_error,,
ati-schedule-i-canadian-northern-economic-development-agency,I,Other Government Institutions,49,Canadian Northern Economic Development Agency,Agence canadienne de développement économique du Nord,https://laws-lois.justice.gc.ca/eng/XML/A-1.xml,2249.0,exact,1.0,Canadian Northern Economic Development Agency,Agence canadienne de développement économique du Nord,Canadian Northern Economic Development Agency,Agence canadienne de développement économique du Nord,,Ministre des Affaires du Nord et de l’Arctique et ministre responsable de l’Agence canadienne de développement économique du Nord,1.1,CanNor,CanNor,a,,www.CanNor.gc.ca,www.CanNor.gc.ca,cannor,86.0,78.0,Canadian Northern Economic Development Agency,NED,NED00,63CFF5A6-FB76-4938-91EB-010D3C0673DE,cannor,Canadian Northern Economic Development Agency,Agence canadienne de développement économique du Nord,active,approved,4.0,74.0,atip-aiprp@cannor.gc.ca,internal,open_gov_slug,1.0,Canadian Northern Economic Development Agency,09-30,A.3,exact,1.0,Agence canadienne de développement économique du Nord,09-30,A.3,exact,1.0,Canadian Northern Economic Development Agency,http://www.cannor.gc.ca/eng/1395919965310/1395920043963,exact,1.0,Agence canadienne de développement économique du Nord,http://www.cannor.gc.ca/fra/1395919965310/1395920043963,exact,1.0,,,,,,,,,,,,,09-30,direct,http://www.cannor.gc.ca/eng/1395919965310/1395920043963,http://www.cannor.gc.ca/fra/1395919965310/1395920043963,https://www.cannor.gc.ca/eng/1395919965310/1395920043963,https://www.cannor.gc.ca/eng/1395919965310/1395920043963,https://www.cannor.gc.ca/fra/1395919965310/1395920043963,https://www.cannor.gc.ca/fra/1395919965310/1395920043963,https://www.canada.ca/en/treasury-board-secretariat/services/access-information-privacy/access-information/access-informatio-policies-guidance/programs-holdings-online-publishing-requirements.html#toc-a,https://www.canada.ca/fr/secretariat-conseil-tresor/services/acces-information-protection-renseignements-personnels/acces-information/politiques-directives-acces-information/exigences-publication-ligne-programmes-fonds.html#toc-a,https://www.canada.ca/en/treasury-board-secretariat/services/access-information-privacy/access-information/info-source/list-institutions.html,https://www.canada.ca/fr/secretariat-conseil-tresor/services/acces-information-protection-reseignements-personnels/acces-information/info-source/liste-organisations.html,https://www.canada.ca/en/treasury-board-secretariat/services/access-information-privacy/access-information/info-source/list-institutions.html,https://www.canada.ca/fr/secretariat-conseil-tresor/services/acces-information-protection-reseignements-personnels/acces-information/info-source/liste-organisations.html,https://open.canada.ca/data/api/action/organization_list?all_fields=true&include_extras=true,https://open.canada.ca/data/en/api/3/action/datastore_search?resource_id=cb5b5566-f599-4d12-abae-8279a0230928&limit=500,https://open.canada.ca/data/en/api/3/action/datastore_search?resource_id=3faaafb4-00e2-4303-947d-ac786b62559f&limit=500,2026-08-15,verified_info_source,200,https://www.cannor.gc.ca/eng/1395919965310/1395920043963,verified_info_source,200,https://www.cannor.gc.ca/fra/1395919965310/1395920043963
ati-schedule-i-canadian-nuclear-safety-commission,I,Other Government Institutions,50,Canadian Nuclear Safety Commission,Commission canadienne de sûreté nucléaire,https://laws-lois.justice.gc.ca/eng/XML/A-1.xml,2308.0,exact,1.0,Canadian Nuclear Safety Commission,Commission canadienne de sûreté nucléaire,Canadian Nuclear Safety Commission,Commission canadienne de sûreté nucléaire,Natural Resources Canada,Ressources naturelles Canada,2.0,CNSC,CCSN,a,,https://www.cnsc-ccsn.gc.ca/eng/,https://www.cnsc-ccsn.gc.ca/fra/,cnsc-ccsn,87.0,47.0,Canadian Nuclear Safety Commission,CSN,CSN00,261F1DF4-DD3A-4DAD-939B-55B4F2853FBB,cnsc-ccsn,Canadian Nuclear Safety Commission,Commission canadienne de sûreté nucléaire,active,approved,58.0,29.0,ATIP-AIPRP@cnsc-ccsn.gc.ca,internal,open_gov_slug,1.0,Canadian Nuclear Safety Commission,12-31,A.4,exact,1.0,Commission canadienne de sûreté nucléaire,12-31,A.4,exact,1.0,Canadian Nuclear Safety Commission,http://www.nuclearsafety.gc.ca/eng/resources/publications/reports/access-to-information-and-privacy/info-source/index.cfm,exact,1.0,Commission canadienne de sûreté nucléaire,http://www.nuclearsafety.gc.ca/fra/resources/publications/reports/access-to-information-and-privacy/info-source/index.cfm,exact,1.0,,,,,,,,,,,,,12-31,direct,http://www.nuclearsafety.gc.ca/eng/resources/publications/reports/access-to-information-and-privacy/info-source/index.cfm,http://www.nuclearsafety.gc.ca/fra/resources/publications/reports/access-to-information-and-privacy/info-source/index.cfm,http://www.nuclearsafety.gc.ca/eng/resources/publications/reports/access-to-information-and-privacy/info-source/index.cfm,http://www.nuclearsafety.gc.ca/eng/resources/publications/reports/access-to-information-and-privacy/info-source/index.cfm,http://www.nuclearsafety.gc.ca/fra/resources/publications/reports/access-to-information-and-privacy/info-source/index.cfm,http://www.nuclearsafety.gc.ca/fra/resources/publications/reports/access-to-information-and-privacy/info-source/index.cfm,https://www.canada.ca/en/treasury-board-secretariat/services/access-information-privacy/access-information/access-informatio-policies-guidance/programs-holdings-online-publishing-requirements.html#toc-a,https://www.canada.ca/fr/secretariat-conseil-tresor/services/acces-information-protection-renseignements-personnels/acces-information/politiques-directives-acces-information/exigences-publication-ligne-programmes-fonds.html#toc-a,https://www.canada.ca/en/treasury-board-secretariat/services/access-information-privacy/access-information/info-source/list-institutions.html,https://www.canada.ca/fr/secretariat-conseil-tresor/services/acces-information-protection-reseignements-personnels/acces-information/info-source/liste-organisations.html,https://www.canada.ca/en/treasury-board-secretariat/services/access-information-privacy/access-information/info-source/list-institutions.html,https://www.canada.ca/fr/secretariat-conseil-tresor/services/acces-information-protection-reseignements-personnels/acces-information/info-source/liste-organisations.html,https://open.canada.ca/data/api/action/organization_list?all_fields=true&include_extras=true,https://open.canada.ca/data/en/api/3/action/datastore_search?resource_id=cb5b5566-f599-4d12-abae-8279a0230928&limit=500,https://open.canada.ca/data/en/api/3/action/datastore_search?resource_id=3faaafb4-00e2-4303-947d-ac786b62559f&limit=500,2026-08-15,http_error,404,https://www.nuclearsafety.gc.ca/eng/resources/publications/reports/access-to-information-and-privacy/info-source/index.cfm,http_error,404,https://www.nuclearsafety.gc.ca/fra/resources/publications/reports/access-to-information-and-privacy/info-source/index.cfm
ati-schedule-i-canadian-radio-television-and-telecommunications-commission,I,Other Government Institutions,51,Canadian Radio-television and Telecommunications Commission,Conseil de la radiodiffusion et des télécommunications canadiennes,https://laws-lois.justice.gc.ca/eng/XML/A-1.xml,2396.0,exact,1.0,Canadian Radio-television and Telecommunications Commission,Conseil de la radiodiffusion et des télécommunications canadiennes,Canadian Radio-television and Telecommunications Commission,Conseil de la radiodiffusion et des télécommunications canadiennes,Canadian Heritage,Patrimoine canadien,1.1,CRTC,CRTC,a,,www.crtc.gc.ca,www.crtc.gc.ca,crtc,93.0,16.0,Canadian Radio-television and Telecommunications Commission,RTC,RTC00,DFDD27DD-1BE6-4735-A763-F3D3360A46FE,crtc,Canadian Radio-television and Telecommunications Commission,Conseil de la radiodiffusion et des télécommunications canadiennes,active,approved,126.0,106.0,AIPRP-ATIP@crtc.gc.ca,internal,open_gov_slug,1.0,Canadian Radio-television and Telecommunications Commission,06-30,A.2,exact,1.0,Conseil de la radiodiffusion et des télécommunications canadiennes,06-30,A.2,exact,1.0,Canadian Radio-television and Telecommunications Commission,http://www.crtc.gc.ca/eng/about/sources.htm,exact,1.0,Conseil de la radiodiffusion et des télécommunications canadiennes,http://www.crtc.gc.ca/fra/about/sources.htm,exact,1.0,,,,,,,,,,,,,06-30,direct,http://www.crtc.gc.ca/eng/about/sources.htm,http://www.crtc.gc.ca/fra/about/sources.htm,https://crtc.gc.ca/eng/about/sources.htm,https://crtc.gc.ca/eng/about/sources.htm,https://crtc.gc.ca/fra/about/sources.htm,https://crtc.gc.ca/fra/about/sources.htm,https://www.canada.ca/en/treasury-board-secretariat/services/access-information-privacy/access-information/access-informatio-policies-guidance/programs-holdings-online-publishing-requirements.html#toc-a,https://www.canada.ca/fr/secretariat-conseil-tresor/services/acces-information-protection-renseignements-personnels/acces-information/politiques-directives-acces-information/exigences-publication-ligne-programmes-fonds.html#toc-a,https://www.canada.ca/en/treasury-board-secretariat/services/access-information-privacy/access-information/info-source/list-institutions.html,https://www.canada.ca/fr/secretariat-conseil-tresor/services/acces-information-protection-reseignements-personnels/acces-information/info-source/liste-organisations.html,https://www.canada.ca/en/treasury-board-secretariat/services/access-information-privacy/access-information/info-source/list-institutions.html,https://www.canada.ca/fr/secretariat-conseil-tresor/services/acces-information-protection-reseignements-personnels/acces-information/info-source/liste-organisations.html,https://open.canada.ca/data/api/action/organization_list?all_fields=true&include_extras=true,https://open.canada.ca/data/en/api/3/action/datastore_search?resource_id=cb5b5566-f599-4d12-abae-8279a0230928&limit=500,https://open.canada.ca/data/en/api/3/action/datastore_search?resource_id=3faaafb4-00e2-4303-947d-ac786b62559f&limit=500,2026-08-15,verified_info_source,200,https://crtc.gc.ca/eng/about/sources.htm,verified_info_source,200,https://crtc.gc.ca/fra/about/sources.htm
ati-schedule-i-canadian-security-intelligence-service,I,Other Government Institutions,52,Canadian Security Intelligence Service,Service canadien du renseignement de sécurité,https://laws-lois.justice.gc.ca/eng/XML/A-1.xml,2250.0,exact,1.0,Canadian Security Intelligence Service,Service canadien du renseignement de sécurité,Canadian Security Intelligence Service,Service canadien du renseignement de sécurité,Public Safety Canada,Sécurité publique Canada,1.1,CSIS,SCRS,a,,https://www.canada.ca/en/security-intelligence-service.html,https://www.canada.ca/fr/service-renseignement-securite.html,csis-scrs,94.0,95.0,Canadian Security Intelligence Service,CSI,PAY00,F06CF54B-F618-4358-8F47-82B54D2979B7,csis-scrs,Canadian Security Intelligence Service,Service canadien du renseignement de sécurité,active,approved,90.0,28.0,ATIP-AIPRP@smtp.gc.ca,internal,open_gov_slug,1.0,Canadian Security Intelligence Service,06-30,A.2,exact,1.0,Service canadien du renseignement de sécurité,06-30,A.2,exact,1.0,Canadian Security Intelligence Service,https://www.canada.ca/en/security-intelligence-service/corporate/transparency/access-to-information-and-privacy/info-source.html,exact,1.0,Service canadien du renseignement de sécurité,https://www.canada.ca/fr/service-renseignement-securite/organisation/transparence/acces-a-linformation-et-protection-des-renseignements-personnels/info-source.html,exact,1.0,,,,,,,,,,,,,06-30,direct,https://www.canada.ca/en/security-intelligence-service/corporate/transparency/access-to-information-and-privacy/info-source.html,https://www.canada.ca/fr/service-renseignement-securite/organisation/transparence/acces-a-linformation-et-protection-des-renseignements-personnels/info-source.html,https://www.canada.ca/en/security-intelligence-service/corporate/transparency/access-to-information-and-privacy/info-source.html,https://www.canada.ca/en/security-intelligence-service/corporate/transparency/access-to-information-and-privacy/info-source.html,https://www.canada.ca/fr/service-renseignement-securite/organisation/transparence/acces-a-linformation-et-protection-des-renseignements-personnels/info-source.html,https://www.canada.ca/fr/service-renseignement-securite/organisation/transparence/acces-a-linformation-et-protection-des-renseignements-personnels/info-source.html,https://www.canada.ca/en/treasury-board-secretariat/services/access-information-privacy/access-information/access-informatio-policies-guidance/programs-holdings-online-publishing-requirements.html#toc-a,https://www.canada.ca/fr/secretariat-conseil-tresor/services/acces-information-protection-renseignements-personnels/acces-information/politiques-directives-acces-information/exigences-publication-ligne-programmes-fonds.html#toc-a,https://www.canada.ca/en/treasury-board-secretariat/services/access-information-privacy/access-information/info-source/list-institutions.html,https://www.canada.ca/fr/secretariat-conseil-tresor/services/acces-information-protection-reseignements-personnels/acces-information/info-source/liste-organisations.html,https://www.canada.ca/en/treasury-board-secretariat/services/access-information-privacy/access-information/info-source/list-institutions.html,https://www.canada.ca/fr/secretariat-conseil-tresor/services/acces-information-protection-reseignements-personnels/acces-information/info-source/liste-organisations.html,https://open.canada.ca/data/api/action/organization_list?all_fields=true&include_extras=true,https://open.canada.ca/data/en/api/3/action/datastore_search?resource_id=cb5b5566-f599-4d12-abae-8279a0230928&limit=500,https://open.canada.ca/data/en/api/3/action/datastore_search?resource_id=3faaafb4-00e2-4303-947d-ac786b62559f&limit=500,2026-08-15,verified_info_source,200,https://www.canada.ca/en/security-intelligence-service/corporate/transparency/access-to-information-and-privacy/info-source.html,verified_info_source,200,https://www.canada.ca/fr/service-renseignement-securite/organisation/transparence/acces-a-linformation-et-protection-des-renseignements-personnels/info-source.html
ati-schedule-i-canadian-space-agency,I,Other Government Institutions,53,Canadian Space Agency,Agence spatiale canadienne,https://laws-lois.justice.gc.ca/eng/XML/A-1.xml,2251.0,exact,1.0,Canadian Space Agency,Agence spatiale canadienne,Canadian Space Agency,Agence spatiale canadienne,"Innovation, Science and Economic Development Canada","Innovation, Sciences et Développement économique Canada",1.1,CSA,ASC,a,,www.asc-csa.gc.ca,www.asc-csa.gc.ca,csa-asc,95.0,119.0,Canadian Space Agency,CSA,CSA00,95F65CF9-ED6A-4630-9C1A-8339FDB15CF0,csa-asc,Canadian Space Agency,Agence spatiale canadienne,active,approved,3.0,25.0,AIPRP-ATIP@asc-csa.gc.ca,internal,open_gov_slug,1.0,Canadian Space Agency,03-31,A.1,exact,1.0,Agence spatiale canadienne,03-31,A.1,exact,1.0,Canadian Space Agency,http://asc-csa.gc.ca/eng/transparency/aipa/info-source.asp,exact,1.0,Agence spatiale canadienne,http://asc-csa.gc.ca/fra/transparence/aiprp/info-source.asp,exact,1.0,,,,,,,,,,,,,03-31,direct,http://asc-csa.gc.ca/eng/transparency/aipa/info-source.asp,http://asc-csa.gc.ca/fra/transparence/aiprp/info-source.asp,https://www.asc-csa.gc.ca/eng/transparency/aipa/info-source.asp,https://www.asc-csa.gc.ca/eng/transparency/aipa/info-source.asp,https://www.asc-csa.gc.ca/fra/transparence/aiprp/info-source.asp,https://www.asc-csa.gc.ca/fra/transparence/aiprp/info-source.asp,https://www.canada.ca/en/treasury-board-secretariat/services/access-information-privacy/access-information/access-informatio-policies-guidance/programs-holdings-online-publishing-requirements.html#toc-a,https://www.canada.ca/fr/secretariat-conseil-tresor/services/acces-information-protection-renseignements-personnels/acces-information/politiques-directives-acces-information/exigences-publication-ligne-programmes-fonds.html#toc-a,https://www.canada.ca/en/treasury-board-secretariat/services/access-information-privacy/access-information/info-source/list-institutions.html,https://www.canada.ca/fr/secretariat-conseil-tresor/services/acces-information-protection-reseignements-personnels/acces-information/info-source/liste-organisations.html,https://www.canada.ca/en/treasury-board-secretariat/services/access-information-privacy/access-information/info-source/list-institutions.html,https://www.canada.ca/fr/secretariat-conseil-tresor/services/acces-information-protection-reseignements-personnels/acces-information/info-source/liste-organisations.html,https://open.canada.ca/data/api/action/organization_list?all_fields=true&include_extras=true,https://open.canada.ca/data/en/api/3/action/datastore_search?resource_id=cb5b5566-f599-4d12-abae-8279a0230928&limit=500,https://open.canada.ca/data/en/api/3/action/datastore_search?resource_id=3faaafb4-00e2-4303-947d-ac786b62559f&limit=500,2026-08-15,verified_info_source,200,https://www.asc-csa.gc.ca/eng/transparency/aipa/info-source.asp,verified_info_source,200,https://www.asc-csa.gc.ca/fra/transparence/aiprp/info-source.asp
ati-schedule-i-canadian-transportation-accident-investigation-and-safety-board,I,Other Government Institutions,54,Canadian Transportation Accident Investigation and Safety Board,Bureau canadien d’enquête sur les accidents de transport et de la sécurité des transports,https://laws-lois.justice.gc.ca/eng/XML/A-1.xml,2309.0,exact,1.0,Transportation Safety Board of Canada,Bureau de la sécurité des transports du Canada,Transportation Safety Board of Canada,Bureau de la sécurité des transports du Canada,Privy Council Office,Bureau du Conseil privé,2.0,TSB,BST,a,,www.tsb-bst.gc.ca,www.bst-tsb.gc.ca,tsb-bst,98.0,101.0,Transportation Safety Board of Canada,TSB,TSB00,6D84AB23-F352-42EF-9F6E-F025F17F9675,tsb-bst,Transportation Safety Board of Canada,Bureau de la sécurité des transports du Canada,active,approved,215.0,120.0,AIPRP-ATIP@bst-tsb.gc.ca,internal,open_gov_slug,1.0,Transportation Safety Board of Canada,12-31,A.4,exact,1.0,Bureau de la sécurité des transports du Canada,12-31,A.4,exact,1.0,Transportation Safety Board of Canada,http://tsb-bst.gc.ca/eng/divulgation-disclosure/infosource/index.asp,exact,1.0,Bureau de la sécurité des transports du Canada,http://tsb-bst.gc.ca/fra/divulgation-disclosure/infosource/index.asp,exact,1.0,,,,,,,,,,,,,12-31,direct,http://tsb-bst.gc.ca/eng/divulgation-disclosure/infosource/index.asp,http://tsb-bst.gc.ca/fra/divulgation-disclosure/infosource/index.asp,http://tsb-bst.gc.ca/eng/divulgation-disclosure/infosource/index.asp,http://tsb-bst.gc.ca/eng/divulgation-disclosure/infosource/index.asp,http://tsb-bst.gc.ca/fra/divulgation-disclosure/infosource/index.asp,http://tsb-bst.gc.ca/fra/divulgation-disclosure/infosource/index.asp,https://www.canada.ca/en/treasury-board-secretariat/services/access-information-privacy/access-information/access-informatio-policies-guidance/programs-holdings-online-publishing-requirements.html#toc-a,https://www.canada.ca/fr/secretariat-conseil-tresor/services/acces-information-protection-renseignements-personnels/acces-information/politiques-directives-acces-information/exigences-publication-ligne-programmes-fonds.html#toc-a,https://www.canada.ca/en/treasury-board-secretariat/services/access-information-privacy/access-information/info-source/list-institutions.html,https://www.canada.ca/fr/secretariat-conseil-tresor/services/acces-information-protection-reseignements-personnels/acces-information/info-source/liste-organisations.html,https://www.canada.ca/en/treasury-board-secretariat/services/access-information-privacy/access-information/info-source/list-institutions.html,https://www.canada.ca/fr/secretariat-conseil-tresor/services/acces-information-protection-reseignements-personnels/acces-information/info-source/liste-organisations.html,https://open.canada.ca/data/api/action/organization_list?all_fields=true&include_extras=true,https://open.canada.ca/data/en/api/3/action/datastore_search?resource_id=cb5b5566-f599-4d12-abae-8279a0230928&limit=500,https://open.canada.ca/data/en/api/3/action/datastore_search?resource_id=3faaafb4-00e2-4303-947d-ac786b62559f&limit=500,2026-08-15,reachable_unverified_content,200,https://tsb-bst.gc.ca/splash?destination=/homepage,reachable_unverified_content,200,https://tsb-bst.gc.ca/splash?destination=/homepage
ati-schedule-i-canadian-transportation-agency,I,Other Government Institutions,55,Canadian Transportation Agency,Office des transports du Canada,https://laws-lois.justice.gc.ca/eng/XML/A-1.xml,2252.0,exact,1.0,Canadian Transportation Agency,Office des transports du Canada,Canadian Transportation Agency,Office des transports du Canada,Transport Canada,Transports Canada,1.1,CTA,OTC,a,,https://www.otc-cta.gc.ca/eng,https://www.otc-cta.gc.ca/fra,cta-otc,99.0,40.0,Canadian Transportation Agency,ATN,ATN00,18CECF2C-DE86-43E2-8B4D-5B1E4C9EDD84,cta-otc,Canadian Transportation Agency,Office des transports du Canada,active,approved,124.0,4.0,OTC.AIPRP-ATIP.CTA@otc-cta.gc.ca,internal,open_gov_slug,1.0,Canadian Transportation Agency,06-30,A.2,exact,1.0,Office des transports du Canada,06-30,A.2,exact,1.0,Canadian Transportation Agency,https://www.otc-cta.gc.ca/eng/publication/sources-federal-government-and-employee-information,exact,1.0,Office des transports du Canada,https://www.otc-cta.gc.ca/fra/publication/sources-de-renseignements-du-gouvernement-federal-et-sur-les-fonctionnaires-federaux-201,exact,1.0,,,,,,,,,,,,,06-30,direct,https://www.otc-cta.gc.ca/eng/publication/sources-federal-government-and-employee-information,https://www.otc-cta.gc.ca/fra/publication/sources-de-renseignements-du-gouvernement-federal-et-sur-les-fonctionnaires-federaux-201,https://otc-cta.gc.ca/eng/publication/sources-federal-government-and-employee-information,https://otc-cta.gc.ca/eng/publication/sources-federal-government-and-employee-information,https://otc-cta.gc.ca/fra/publication/sources-de-renseignements-du-gouvernement-federal-et-sur-les-fonctionnaires-federaux-201,https://otc-cta.gc.ca/fra/publication/sources-de-renseignements-du-gouvernement-federal-et-sur-les-fonctionnaires-federaux-201,https://www.canada.ca/en/treasury-board-secretariat/services/access-information-privacy/access-information/access-informatio-policies-guidance/programs-holdings-online-publishing-requirements.html#toc-a,https://www.canada.ca/fr/secretariat-conseil-tresor/services/acces-information-protection-renseignements-personnels/acces-information/politiques-directives-acces-information/exigences-publication-ligne-programmes-fonds.html#toc-a,https://www.canada.ca/en/treasury-board-secretariat/services/access-information-privacy/access-information/info-source/list-institutions.html,https://www.canada.ca/fr/secretariat-conseil-tresor/services/acces-information-protection-reseignements-personnels/acces-information/info-source/liste-organisations.html,https://www.canada.ca/en/treasury-board-secretariat/services/access-information-privacy/access-information/info-source/list-institutions.html,https://www.canada.ca/fr/secretariat-conseil-tresor/services/acces-information-protection-reseignements-personnels/acces-information/info-source/liste-organisations.html,https://open.canada.ca/data/api/action/organization_list?all_fields=true&include_extras=true,https://open.canada.ca/data/en/api/3/action/datastore_search?resource_id=cb5b5566-f599-4d12-abae-8279a0230928&limit=500,https://open.canada.ca/data/en/api/3/action/datastore_search?resource_id=3faaafb4-00e2-4303-947d-ac786b62559f&limit=500,2026-08-15,verified_info_source,200,https://otc-cta.gc.ca/eng/publication/sources-federal-government-and-employee-information,verified_info_source,200,https://otc-cta.gc.ca/fra/publication/sources-de-renseignements-du-gouvernement-federal-et-sur-les-fonctionnaires-federaux-201
ati-schedule-i-civilian-review-and-complaints-commission-for-the-royal-canadian-mounted-police,I,Other Government Institutions,56,Civilian Review and Complaints Commission for the Royal Canadian Mounted Police,Commission civile d’examen et de traitement des plaintes relatives à la Gendarmerie royale du Canada,https://laws-lois.justice.gc.ca/eng/XML/A-1.xml,2290.0,exact,1.0,Civilian Review and Complaints Commission for the RCMP,Commission civile d'examen et de traitement des plaintes relatives à la GRC,Civilian Review and Complaints Commission for the RCMP,Commission civile d'examen et de traitement des plaintes relatives à la GRC,Public Safety Canada,Sécurité publique Canada,1.1,CRCC,CCETP,a,,www.crcc-ccetp.gc.ca/,www.crcc-ccetp.gc.ca/fr,cpc-cpp,297.0,,Civilian Review and Complaints Commission for the Royal Canadian Mounted Police,RPP,,35e24585-b7b9-4def-a1be-93a185744753,cpc-cpp,Civilian Review and Complaints Commission for the RCMP,Commission civile d'examen et de traitement des plaintes relatives à la Gendarmerie royale du Canada,active,approved,136.0,104.0,ATIP.AIPRP@crcc-ccetp.gc.ca,internal,open_gov_slug,1.0,Civilian Review and Complaints Commission for the Royal Canadian Mounted Police,12-31,A.4,exact,1.0,Commission civile d’examen et de traitement des plaintes relatives à la GRC,12-31,A.4,exact,1.0,Civilian Review and Complaints Commission for the RCMP,http://www.crcc-ccetp.gc.ca/en/info-source-sources-federal-government-and-employee-information,exact,1.0,Commission civile d’examen et de traitement des plaintes relatives à la GRC,http://www.crcc-ccetp.gc.ca/fr/info-source-sources-de-renseignements-du-gouvernement-f-d-ral-et-sur-les-fonctionnaires-f-d-raux,exact,1.0,,,,,,,,,,,,,12-31,direct,http://www.crcc-ccetp.gc.ca/en/info-source-sources-federal-government-and-employee-information,http://www.crcc-ccetp.gc.ca/fr/info-source-sources-de-renseignements-du-gouvernement-f-d-ral-et-sur-les-fonctionnaires-f-d-raux,http://www.crcc-ccetp.gc.ca/en/info-source-sources-federal-government-and-employee-information,http://www.crcc-ccetp.gc.ca/en/info-source-sources-federal-government-and-employee-information,http://www.crcc-ccetp.gc.ca/fr/info-source-sources-de-renseignements-du-gouvernement-f-d-ral-et-sur-les-fonctionnaires-f-d-raux,http://www.crcc-ccetp.gc.ca/fr/info-source-sources-de-renseignements-du-gouvernement-f-d-ral-et-sur-les-fonctionnaires-f-d-raux,https://www.canada.ca/en/treasury-board-secretariat/services/access-information-privacy/access-information/access-informatio-policies-guidance/programs-holdings-online-publishing-requirements.html#toc-a,https://www.canada.ca/fr/secretariat-conseil-tresor/services/acces-information-protection-renseignements-personnels/acces-information/politiques-directives-acces-information/exigences-publication-ligne-programmes-fonds.html#toc-a,https://www.canada.ca/en/treasury-board-secretariat/services/access-information-privacy/access-information/info-source/list-institutions.html,https://www.canada.ca/fr/secretariat-conseil-tresor/services/acces-information-protection-reseignements-personnels/acces-information/info-source/liste-organisations.html,https://www.canada.ca/en/treasury-board-secretariat/services/access-information-privacy/access-information/info-source/list-institutions.html,https://www.canada.ca/fr/secretariat-conseil-tresor/services/acces-information-protection-reseignements-personnels/acces-information/info-source/liste-organisations.html,https://open.canada.ca/data/api/action/organization_list?all_fields=true&include_extras=true,https://open.canada.ca/data/en/api/3/action/datastore_search?resource_id=cb5b5566-f599-4d12-abae-8279a0230928&limit=500,https://open.canada.ca/data/en/api/3/action/datastore_search?resource_id=3faaafb4-00e2-4303-947d-ac786b62559f&limit=500,2026-08-15,request_error,,,request_error,,
ati-schedule-i-college-of-immigration-and-citizenship-consultants,I,Other Government Institutions,57,College of Immigration and Citizenship Consultants,Collège des consultants en immigration et en citoyenneté,https://laws-lois.justice.gc.ca/eng/XML/A-1.xml,,unmatched,0.6585,,,,,,,,,,,,,,,,,,,,e00ab53e-f10b-434d-9378-e9ccf074e03e,cicc-ccic,College of Immigration and Citizenship Consultants,Collège des Consultants en Immigration et en Citoyenneté,active,approved,,,atip-aiprp@college-ic.ca,internal,name,1.0,College of Immigration and Citizenship Consultants,12-31,A.4,exact,1.0,Collège des consultants en immigration et en citoyenneté,12-31,A.4,exact,1.0,,,unmatched,0.6585,,,unmatched,0.5682,,,,,,,,,,,,,12-31,direct,,,,,,,https://www.canada.ca/en/treasury-board-secretariat/services/access-information-privacy/access-information/access-informatio-policies-guidance/programs-holdings-online-publishing-requirements.html#toc-a,https://www.canada.ca/fr/secretariat-conseil-tresor/services/acces-information-protection-renseignements-personnels/acces-information/politiques-directives-acces-information/exigences-publication-ligne-programmes-fonds.html#toc-a,https://www.canada.ca/en/treasury-board-secretariat/services/access-information-privacy/access-information/info-source/list-institutions.html,https://www.canada.ca/fr/secretariat-conseil-tresor/services/acces-information-protection-reseignements-personnels/acces-information/info-source/liste-organisations.html,,,https://open.canada.ca/data/api/action/organization_list?all_fields=true&include_extras=true,https://open.canada.ca/data/en/api/3/action/datastore_search?resource_id=cb5b5566-f599-4d12-abae-8279a0230928&limit=500,https://open.canada.ca/data/en/api/3/action/datastore_search?resource_id=3faaafb4-00e2-4303-947d-ac786b62559f&limit=500,2026-08-15,missing_url,,,missing_url,,
ati-schedule-i-college-of-patent-agents-and-trademark-agents,I,Other Government Institutions,58,College of Patent Agents and Trademark Agents,Collège des agents de brevets et des agents de marques de commerce,https://laws-lois.justice.gc.ca/eng/XML/A-1.xml,,unmatched,0.5045,,,,,,,,,,,,,,,,,,,,0fe663a9-16ea-41da-b776-3e02b7a966bf,cpata-cabamc,College of Patent Agents and Trademark Agents,Collège des agents de brevets et des agents de marques de commerce,active,approved,,,adiaz@cpata-cabamc.ca,internal,name,1.0,College of Patent and Trademark Agents,12-31,A.4,override_exact,1.0,Collège des agents de brevets et des agents de marques de commerce,12-31,A.4,exact,1.0,,,unmatched,0.4444,,,unmatched,0.4651,,,,https://cpata-cabamc.ca/en/about-us/info-source/,https://cpata-cabamc.ca/fr/a-propos-de-nous/info-source/,,,,,https://cpata-cabamc.ca/en/about-us/info-source/,https://cpata-cabamc.ca/fr/a-propos-de-nous/info-source/,Institution website result verified through web search.,12-31,direct,https://cpata-cabamc.ca/en/about-us/info-source/,https://cpata-cabamc.ca/fr/a-propos-de-nous/info-source/,https://cpata-cabamc.ca/en/about-us/info-source/,https://cpata-cabamc.ca/en/about-us/info-source/,https://cpata-cabamc.ca/fr/a-propos-de-nous/info-source/,https://cpata-cabamc.ca/fr/a-propos-de-nous/info-source/,https://www.canada.ca/en/treasury-board-secretariat/services/access-information-privacy/access-information/access-informatio-policies-guidance/programs-holdings-online-publishing-requirements.html#toc-a,https://www.canada.ca/fr/secretariat-conseil-tresor/services/acces-information-protection-renseignements-personnels/acces-information/politiques-directives-acces-information/exigences-publication-ligne-programmes-fonds.html#toc-a,https://www.canada.ca/en/treasury-board-secretariat/services/access-information-privacy/access-information/info-source/list-institutions.html,https://www.canada.ca/fr/secretariat-conseil-tresor/services/acces-information-protection-reseignements-personnels/acces-information/info-source/liste-organisations.html,https://cpata-cabamc.ca/en/about-us/info-source/,https://cpata-cabamc.ca/fr/a-propos-de-nous/info-source/,https://open.canada.ca/data/api/action/organization_list?all_fields=true&include_extras=true,https://open.canada.ca/data/en/api/3/action/datastore_search?resource_id=cb5b5566-f599-4d12-abae-8279a0230928&limit=500,https://open.canada.ca/data/en/api/3/action/datastore_search?resource_id=3faaafb4-00e2-4303-947d-ac786b62559f&limit=500,2026-08-15,verified_info_source,200,https://cpata-cabamc.ca/en/about-us/info-source/,verified_info_source,200,https://cpata-cabamc.ca/fr/a-propos-de-nous/info-source/
ati-schedule-i-communications-security-establishment,I,Other Government Institutions,59,Communications Security Establishment,Centre de la sécurité des télécommunications,https://laws-lois.justice.gc.ca/eng/XML/A-1.xml,2253.0,exact,1.0,Communications Security Establishment Canada,Centre de la sécurité des télécommunications Canada,Communications Security Establishment Canada,Centre de la sécurité des télécommunications Canada,National Defence,Défense nationale,1.1,CSE,CST,a,,www.cse-cst.gc.ca,www.cse-cst.gc.ca,csec-cstc,110.0,165.0,Communication Security Establishment,CSE,CSE00,321F1015-551D-45A0-B1B7-C1FDFCB20F66,csec-cstc,Communications Security Establishment Canada,Centre de la sécurité des télécommunications Canada,active,approved,156.0,27.0,atip-aiprp@cse-cst.gc.ca,internal,open_gov_slug,1.0,Communications Security Establishment Canada,12-31,A.4,exact,1.0,Centre de la sécurité des télécommunications Canada,12-31,A.4,exact,1.0,Communications Security Establishment Canada,https://www.cse-cst.gc.ca/en/transparency-transparence/atip-aiprp/infosource,exact,1.0,Centre de la sécurité des télécommunications Canada,https://www.cse-cst.gc.ca/fr/transparency-transparence/atip-aiprp/infosource,exact,1.0,,,,,,,,,,,,,12-31,direct,https://www.cse-cst.gc.ca/en/transparency-transparence/atip-aiprp/infosource,https://www.cse-cst.gc.ca/fr/transparency-transparence/atip-aiprp/infosource,https://www.cse-cst.gc.ca/en/accountability/transparency/atip/info-source,https://www.cse-cst.gc.ca/en/accountability/transparency/atip/info-source,https://www.cse-cst.gc.ca/fr/reddition-de-comptes/transparence/info-source,https://www.cse-cst.gc.ca/fr/reddition-de-comptes/transparence/info-source,https://www.canada.ca/en/treasury-board-secretariat/services/access-information-privacy/access-information/access-informatio-policies-guidance/programs-holdings-online-publishing-requirements.html#toc-a,https://www.canada.ca/fr/secretariat-conseil-tresor/services/acces-information-protection-renseignements-personnels/acces-information/politiques-directives-acces-information/exigences-publication-ligne-programmes-fonds.html#toc-a,https://www.canada.ca/en/treasury-board-secretariat/services/access-information-privacy/access-information/info-source/list-institutions.html,https://www.canada.ca/fr/secretariat-conseil-tresor/services/acces-information-protection-reseignements-personnels/acces-information/info-source/liste-organisations.html,https://www.canada.ca/en/treasury-board-secretariat/services/access-information-privacy/access-information/info-source/list-institutions.html,https://www.canada.ca/fr/secretariat-conseil-tresor/services/acces-information-protection-reseignements-personnels/acces-information/info-source/liste-organisations.html,https://open.canada.ca/data/api/action/organization_list?all_fields=true&include_extras=true,https://open.canada.ca/data/en/api/3/action/datastore_search?resource_id=cb5b5566-f599-4d12-abae-8279a0230928&limit=500,https://open.canada.ca/data/en/api/3/action/datastore_search?resource_id=3faaafb4-00e2-4303-947d-ac786b62559f&limit=500,2026-08-15,verified_info_source,200,https://www.cse-cst.gc.ca/en/accountability/transparency/atip/info-source,verified_info_source,200,https://www.cse-cst.gc.ca/fr/reddition-de-comptes/transparence/info-source
ati-schedule-i-copyright-board,I,Other Government Institutions,60,Copyright Board,Commission du droit d’auteur,https://laws-lois.justice.gc.ca/eng/XML/A-1.xml,2254.0,exact,1.0,Copyright Board Canada,Commission du droit d'auteur Canada,Copyright Board Canada,Commission du droit d'auteur Canada,"Innovation, Science and Economic Development Canada","Innovation, Sciences et Développement économique Canada",1.1,CB,CDA,a,,https://cb-cda.gc.ca/en,https://cb-cda.gc.ca/fr,cb-cda,114.0,116.0,Copyright Board Canada,COP,COP00,0560B521-A423-4A01-A993-F8AA2EA353F5,cb-cda,Copyright Board Canada,Commission du droit d'auteur du Canada,active,approved,116.0,22.0,nancy.laframboise@cb-cda.gc.ca,internal,open_gov_slug,1.0,Copyright Board Canada,12-31,A.4,exact,1.0,Commission du droit d’auteur du Canada,12-31,A.4,exact,1.0,Copyright Board of Canada,https://cb-cda.gc.ca/en/transparency/access-to-information-and-privacy-acts/how-to-file-a-request,exact,1.0,Commission du droit d’auteur du Canada,https://cb-cda.gc.ca/fr/transparence/acces-information-et-protection-des-renseignements-personnels/comment-deposer-une-demande,exact,1.0,,,,,,,,,,,,,12-31,direct,https://cb-cda.gc.ca/en/transparency/access-to-information-and-privacy-acts/how-to-file-a-request,https://cb-cda.gc.ca/fr/transparence/acces-information-et-protection-des-renseignements-personnels/comment-deposer-une-demande,https://cb-cda.gc.ca/en/transparency/access-to-information-and-privacy-acts/how-to-file-a-request,https://cb-cda.gc.ca/en/transparency/access-to-information-and-privacy-acts/how-to-file-a-request,https://cb-cda.gc.ca/fr/transparence/acces-information-et-protection-des-renseignements-personnels/comment-deposer-une-demande,https://cb-cda.gc.ca/fr/transparence/acces-information-et-protection-des-renseignements-personnels/comment-deposer-une-demande,https://www.canada.ca/en/treasury-board-secretariat/services/access-information-privacy/access-information/access-informatio-policies-guidance/programs-holdings-online-publishing-requirements.html#toc-a,https://www.canada.ca/fr/secretariat-conseil-tresor/services/acces-information-protection-renseignements-personnels/acces-information/politiques-directives-acces-information/exigences-publication-ligne-programmes-fonds.html#toc-a,https://www.canada.ca/en/treasury-board-secretariat/services/access-information-privacy/access-information/info-source/list-institutions.html,https://www.canada.ca/fr/secretariat-conseil-tresor/services/acces-information-protection-reseignements-personnels/acces-information/info-source/liste-organisations.html,https://www.canada.ca/en/treasury-board-secretariat/services/access-information-privacy/access-information/info-source/list-institutions.html,https://www.canada.ca/fr/secretariat-conseil-tresor/services/acces-information-protection-reseignements-personnels/acces-information/info-source/liste-organisations.html,https://open.canada.ca/data/api/action/organization_list?all_fields=true&include_extras=true,https://open.canada.ca/data/en/api/3/action/datastore_search?resource_id=cb5b5566-f599-4d12-abae-8279a0230928&limit=500,https://open.canada.ca/data/en/api/3/action/datastore_search?resource_id=3faaafb4-00e2-4303-947d-ac786b62559f&limit=500,2026-08-15,verified_info_source,200,https://cb-cda.gc.ca/en/transparency/access-to-information-and-privacy-acts/how-to-file-a-request,verified_info_source,200,https://cb-cda.gc.ca/fr/transparence/acces-information-et-protection-des-renseignements-personnels/comment-deposer-une-demande
ati-schedule-i-correctional-service-of-canada,I,Other Government Institutions,61,Correctional Service of Canada,Service correctionnel du Canada,https://laws-lois.justice.gc.ca/eng/XML/A-1.xml,2255.0,exact,1.0,Correctional Service Canada,Service correctionnel Canada,Correctional Service Canada,Service correctionnel Canada,Public Safety Canada,Sécurité publique Canada,1.1,CSC,SCC,a,,www.canada.ca/correctional-service,www.canada.ca/service-correctionnel,csc-scc,117.0,53.0,Correctional Service of Canada,PEN,PEN00,3EEE5483-9B34-492D-AE39-3C378F3C2354,csc-scc,Correctional Service of Canada,Service correctionnel du Canada,active,approved,193.0,88.0,CSC.ATIP-AIPRP.SCC@csc-scc.gc.ca,internal,open_gov_slug,1.0,Correctional Service of Canada,06-30,A.2,exact,1.0,Service correctionnel Canada,06-30,A.2,exact,1.0,Correctional Service of Canada,https://www.canada.ca/en/correctional-service/corporate/transparency/info-source.html,exact,1.0,Service correctionnel Canada,https://www.canada.ca/fr/service-correctionnel/organisation/transparence/info-source.html,exact,1.0,,,,,,,,,,,,,06-30,direct,https://www.canada.ca/en/correctional-service/corporate/transparency/info-source.html,https://www.canada.ca/fr/service-correctionnel/organisation/transparence/info-source.html,https://www.canada.ca/en/correctional-service/corporate/transparency/info-source.html,https://www.canada.ca/en/correctional-service/corporate/transparency/info-source.html,https://www.canada.ca/fr/service-correctionnel/organisation/transparence/info-source.html,https://www.canada.ca/fr/service-correctionnel/organisation/transparence/info-source.html,https://www.canada.ca/en/treasury-board-secretariat/services/access-information-privacy/access-information/access-informatio-policies-guidance/programs-holdings-online-publishing-requirements.html#toc-a,https://www.canada.ca/fr/secretariat-conseil-tresor/services/acces-information-protection-renseignements-personnels/acces-information/politiques-directives-acces-information/exigences-publication-ligne-programmes-fonds.html#toc-a,https://www.canada.ca/en/treasury-board-secretariat/services/access-information-privacy/access-information/info-source/list-institutions.html,https://www.canada.ca/fr/secretariat-conseil-tresor/services/acces-information-protection-reseignements-personnels/acces-information/info-source/liste-organisations.html,https://www.canada.ca/en/treasury-board-secretariat/services/access-information-privacy/access-information/info-source/list-institutions.html,https://www.canada.ca/fr/secretariat-conseil-tresor/services/acces-information-protection-reseignements-personnels/acces-information/info-source/liste-organisations.html,https://open.canada.ca/data/api/action/organization_list?all_fields=true&include_extras=true,https://open.canada.ca/data/en/api/3/action/datastore_search?resource_id=cb5b5566-f599-4d12-abae-8279a0230928&limit=500,https://open.canada.ca/data/en/api/3/action/datastore_search?resource_id=3faaafb4-00e2-4303-947d-ac786b62559f&limit=500,2026-08-15,verified_info_source,200,https://www.canada.ca/en/correctional-service/corporate/transparency/info-source.html,verified_info_source,200,https://www.canada.ca/fr/service-correctionnel/organisation/transparence/info-source.html
ati-schedule-i-director-of-soldier-settlement,I,Other Government Institutions,62,Director of Soldier Settlement,Directeur de l’établissement de soldats,https://laws-lois.justice.gc.ca/eng/XML/A-1.xml,3422.0,exact,1.0,Director of Soldier Settlement,Directeur de l’établissement de soldats,,,,,4.0,,,a,,,,,541.0,,,SST,,,,,,,,,,,,unmatched,0.5333,,,,unmatched,0.5333,,,,unmatched,0.4918,,,unmatched,0.5333,,,unmatched,0.5667,,,,,,,,,,,,,,not_listed_in_tbs_appendix,,,,,,,https://www.canada.ca/en/treasury-board-secretariat/services/access-information-privacy/access-information/access-informatio-policies-guidance/programs-holdings-online-publishing-requirements.html#toc-a,https://www.canada.ca/fr/secretariat-conseil-tresor/services/acces-information-protection-renseignements-personnels/acces-information/politiques-directives-acces-information/exigences-publication-ligne-programmes-fonds.html#toc-a,https://www.canada.ca/en/treasury-board-secretariat/services/access-information-privacy/access-information/info-source/list-institutions.html,https://www.canada.ca/fr/secretariat-conseil-tresor/services/acces-information-protection-reseignements-personnels/acces-information/info-source/liste-organisations.html,,,https://open.canada.ca/data/api/action/organization_list?all_fields=true&include_extras=true,https://open.canada.ca/data/en/api/3/action/datastore_search?resource_id=cb5b5566-f599-4d12-abae-8279a0230928&limit=500,https://open.canada.ca/data/en/api/3/action/datastore_search?resource_id=3faaafb4-00e2-4303-947d-ac786b62559f&limit=500,2026-08-15,missing_url,,,missing_url,,
ati-schedule-i-the-director-the-veterans-land-act,I,Other Government Institutions,63,"The Director, The Veterans’ Land Act",Directeur des terres destinées aux anciens combattants,https://laws-lois.justice.gc.ca/eng/XML/A-1.xml,3423.0,exact,1.0,"The Director, The Veterans’ Land Act",Directeur des terres destinées aux anciens combattants,,,,,4.0,,,a,,,,,542.0,,,DVL,,,,,,,,,,,,unmatched,0.6154,,,,unmatched,0.549,,,,unmatched,0.6154,,,unmatched,0.5455,,,unmatched,0.6154,,,,,,,,,,,,,,not_listed_in_tbs_appendix,,,,,,,https://www.canada.ca/en/treasury-board-secretariat/services/access-information-privacy/access-information/access-informatio-policies-guidance/programs-holdings-online-publishing-requirements.html#toc-a,https://www.canada.ca/fr/secretariat-conseil-tresor/services/acces-information-protection-renseignements-personnels/acces-information/politiques-directives-acces-information/exigences-publication-ligne-programmes-fonds.html#toc-a,https://www.canada.ca/en/treasury-board-secretariat/services/access-information-privacy/access-information/info-source/list-institutions.html,https://www.canada.ca/fr/secretariat-conseil-tresor/services/acces-information-protection-reseignements-personnels/acces-information/info-source/liste-organisations.html,,,https://open.canada.ca/data/api/action/organization_list?all_fields=true&include_extras=true,https://open.canada.ca/data/en/api/3/action/datastore_search?resource_id=cb5b5566-f599-4d12-abae-8279a0230928&limit=500,https://open.canada.ca/data/en/api/3/action/datastore_search?resource_id=3faaafb4-00e2-4303-947d-ac786b62559f&limit=500,2026-08-15,missing_url,,,missing_url,,
ati-schedule-i-economic-development-agency-of-canada-for-the-regions-of-quebec,I,Other Government Institutions,64,Economic Development Agency of Canada for the Regions of Quebec,Agence de développement économique du Canada pour les régions du Québec,https://laws-lois.justice.gc.ca/eng/XML/A-1.xml,2257.0,exact,1.0,Canada Economic Development for Quebec Regions,Développement économique Canada pour les régions du Québec,Canada Economic Development for Quebec Regions,Développement économique Canada pour les régions du Québec,,Ministre de l’Industrie et ministre responsable de Développement économique Canada pour les régions du Québec,1.1,CED,DEC,a,,https://www.canada.ca/en/economic-development-quebec-regions.html,https://www.canada.ca/fr/developpement-economique-regions-quebec.html,ced-dec,141.0,12.0,Economic Development Agency of Canada for the Regions of Quebec,FRD,FRD00,5F75CE60-887A-43DC-B182-95FFB80407D0,ced-dec,Canada Economic Development for Quebec Regions,Développement économique Canada pour les régions du Québec,active,approved,93.0,49.0,dec.aiprp-atip.ced@canada.ca,internal,open_gov_slug,1.0,Canada Economic Development for Quebec Regions,09-30,A.3,exact,1.0,Agence de développement économique du Canada pour les régions du Québec,09-30,A.3,exact,1.0,Canada Economic Development for Quebec Regions,https://www.canada.ca/en/economic-development-quebec-regions/about/transparency-proactive-disclosure/infosource.html,exact,1.0,Développement économique Canada pour les régions du Québec,https://www.canada.ca/fr/developpement-economique-regions-quebec/a-propos/transparence-divulgations-proactives/infosource.html,exact,1.0,,,,,,,,,,,,,09-30,direct,https://www.canada.ca/en/economic-development-quebec-regions/about/transparency-proactive-disclosure/infosource.html,https://www.canada.ca/fr/developpement-economique-regions-quebec/a-propos/transparence-divulgations-proactives/infosource.html,https://www.canada.ca/en/economic-development-quebec-regions/about/transparency-proactive-disclosure/infosource.html,https://www.canada.ca/en/economic-development-quebec-regions/about/transparency-proactive-disclosure/infosource.html,https://www.canada.ca/fr/developpement-economique-regions-quebec/a-propos/transparence-divulgations-proactives/infosource.html,https://www.canada.ca/fr/developpement-economique-regions-quebec/a-propos/transparence-divulgations-proactives/infosource.html,https://www.canada.ca/en/treasury-board-secretariat/services/access-information-privacy/access-information/access-informatio-policies-guidance/programs-holdings-online-publishing-requirements.html#toc-a,https://www.canada.ca/fr/secretariat-conseil-tresor/services/acces-information-protection-renseignements-personnels/acces-information/politiques-directives-acces-information/exigences-publication-ligne-programmes-fonds.html#toc-a,https://www.canada.ca/en/treasury-board-secretariat/services/access-information-privacy/access-information/info-source/list-institutions.html,https://www.canada.ca/fr/secretariat-conseil-tresor/services/acces-information-protection-reseignements-personnels/acces-information/info-source/liste-organisations.html,https://www.canada.ca/en/treasury-board-secretariat/services/access-information-privacy/access-information/info-source/list-institutions.html,https://www.canada.ca/fr/secretariat-conseil-tresor/services/acces-information-protection-reseignements-personnels/acces-information/info-source/liste-organisations.html,https://open.canada.ca/data/api/action/organization_list?all_fields=true&include_extras=true,https://open.canada.ca/data/en/api/3/action/datastore_search?resource_id=cb5b5566-f599-4d12-abae-8279a0230928&limit=500,https://open.canada.ca/data/en/api/3/action/datastore_search?resource_id=3faaafb4-00e2-4303-947d-ac786b62559f&limit=500,2026-08-15,verified_info_source,200,https://www.canada.ca/en/economic-development-quebec-regions/about/transparency-proactive-disclosure/infosource.html,verified_info_source,200,https://www.canada.ca/fr/developpement-economique-regions-quebec/a-propos/transparence-divulgations-proactives/infosource.html
ati-schedule-i-energy-supplies-allocation-board,I,Other Government Institutions,65,Energy Supplies Allocation Board,Office de répartition des approvisionnements d’énergie,https://laws-lois.justice.gc.ca/eng/XML/A-1.xml,3424.0,exact,1.0,Energy Supplies Allocation Board,Office de répartition des approvisionnements d’énergie,,,Natural Resources Canada,Ressources naturelles Canada,4.0,,,a,,,,esab-orad,543.0,,,ESR,,83d10e21-5c8f-4274-be3b-5208cd754c44,esab-orad,Energy Supplies Allocation Board,Office de répartition des approvisionnements d’énergie,active,approved,,40.0,PortalSupport-Soutienportail@tbs-sct.gc.ca,internal,open_gov_slug,1.0,,,,unmatched,0.5301,,,,unmatched,0.6047,,,unmatched,0.5301,,,unmatched,0.6176,,,,,,,,,,,,,,not_listed_in_tbs_appendix,,,,,,,https://www.canada.ca/en/treasury-board-secretariat/services/access-information-privacy/access-information/access-informatio-policies-guidance/programs-holdings-online-publishing-requirements.html#toc-a,https://www.canada.ca/fr/secretariat-conseil-tresor/services/acces-information-protection-renseignements-personnels/acces-information/politiques-directives-acces-information/exigences-publication-ligne-programmes-fonds.html#toc-a,https://www.canada.ca/en/treasury-board-secretariat/services/access-information-privacy/access-information/info-source/list-institutions.html,https://www.canada.ca/fr/secretariat-conseil-tresor/services/acces-information-protection-reseignements-personnels/acces-information/info-source/liste-organisations.html,,,https://open.canada.ca/data/api/action/organization_list?all_fields=true&include_extras=true,https://open.canada.ca/data/en/api/3/action/datastore_search?resource_id=cb5b5566-f599-4d12-abae-8279a0230928&limit=500,https://open.canada.ca/data/en/api/3/action/datastore_search?resource_id=3faaafb4-00e2-4303-947d-ac786b62559f&limit=500,2026-08-15,missing_url,,,missing_url,,
ati-schedule-i-federal-economic-development-agency-for-northern-ontario,I,Other Government Institutions,66,Federal Economic Development Agency for Northern Ontario,Agence fédérale de développement économique pour le Nord de l’Ontario,https://laws-lois.justice.gc.ca/eng/XML/A-1.xml,2299.0,exact,1.0,Federal Economic Development Agency for Northern Ontario,Agence fédérale de développement économique pour le Nord de l'Ontario,Federal Economic Development Agency for Northern Ontario,Agence fédérale de développement économique pour le Nord de l'Ontario,,Ministre de l’Emploi et des Familles et ministre responsable de l’Agence fédérale de développement économique pour le Nord de l’Ontario,1.1,FedNor,FedNor,a,,http://fednor.gc.ca/eic/site/fednor-fednor.nsf/eng/home,http://fednor.gc.ca/eic/site/fednor-fednor.nsf/fra/accueil,fednor,561.0,200.0,Federal Economic Development Agency for Northern Ontario,NOR,,d83ab29c-c1e3-437c-97bb-bb5984ae6666,fednor,Federal Economic Development Agency for Northern Ontario,Agence fédérale de développement économique pour le Nord de l’Ontario,active,approved,,,fednor-atipinbox@ised-isde.gc.ca,internal,open_gov_slug,1.0,Federal Economic Development Agency for Northern Ontario,12-31,A.4,exact,1.0,Agence fédérale de développement économique pour le Nord de l’Ontario,12-31,A.4,exact,1.0,Federal Economic Development Agency for Northern Ontario,https://fednor.canada.ca/en/transparency/info-source-2025,exact,1.0,Agence fédérale de développement économique pour le Nord de l’Ontario,https://fednor.canada.ca/fr/transparence/info-source-2025,exact,1.0,,,,,,,,,,,,,12-31,direct,https://fednor.canada.ca/en/transparency/info-source-2025,https://fednor.canada.ca/fr/transparence/info-source-2025,https://fednor.canada.ca/en/transparency/info-source-2025,https://fednor.canada.ca/en/transparency/info-source-2025,https://fednor.canada.ca/fr/transparence/info-source-2025,https://fednor.canada.ca/fr/transparence/info-source-2025,https://www.canada.ca/en/treasury-board-secretariat/services/access-information-privacy/access-information/access-informatio-policies-guidance/programs-holdings-online-publishing-requirements.html#toc-a,https://www.canada.ca/fr/secretariat-conseil-tresor/services/acces-information-protection-renseignements-personnels/acces-information/politiques-directives-acces-information/exigences-publication-ligne-programmes-fonds.html#toc-a,https://www.canada.ca/en/treasury-board-secretariat/services/access-information-privacy/access-information/info-source/list-institutions.html,https://www.canada.ca/fr/secretariat-conseil-tresor/services/acces-information-protection-reseignements-personnels/acces-information/info-source/liste-organisations.html,https://www.canada.ca/en/treasury-board-secretariat/services/access-information-privacy/access-information/info-source/list-institutions.html,https://www.canada.ca/fr/secretariat-conseil-tresor/services/acces-information-protection-reseignements-personnels/acces-information/info-source/liste-organisations.html,https://open.canada.ca/data/api/action/organization_list?all_fields=true&include_extras=true,https://open.canada.ca/data/en/api/3/action/datastore_search?resource_id=cb5b5566-f599-4d12-abae-8279a0230928&limit=500,https://open.canada.ca/data/en/api/3/action/datastore_search?resource_id=3faaafb4-00e2-4303-947d-ac786b62559f&limit=500,2026-08-15,verified_info_source,200,https://fednor.canada.ca/en/transparency/info-source-2025,verified_info_source,200,https://fednor.canada.ca/fr/transparence/info-source-2025
ati-schedule-i-federal-economic-development-agency-for-southern-ontario,I,Other Government Institutions,67,Federal Economic Development Agency for Southern Ontario,Agence fédérale de développement économique pour le Sud de l’Ontario,https://laws-lois.justice.gc.ca/eng/XML/A-1.xml,2258.0,exact,1.0,Federal Economic Development Agency for Southern Ontario,Agence fédérale de développement économique pour le Sud de l'Ontario,Federal Economic Development Agency for Southern Ontario,Agence fédérale de développement économique pour le Sud de l'Ontario,,Ministre de l’Intelligence artificielle et de l’Innovation numérique et ministre responsable de l’Agence fédérale de développement économique pour le Sud de l’Ontario,1.1,FedDev Ontario,FedDev Ontario,a,,www.feddevontario.gc.ca,www.feddevontario.gc.ca,feddevontario,150.0,62.0,Federal Economic Development Agency for Southern Ontario,ESO,ESO00,1918B8AE-B298-4809-B5DB-43100F93AEAC,feddevontario,Federal Economic Development Agency for Southern Ontario,Agence fédérale de développement économique pour le Sud de l'Ontario,active,approved,21.0,39.0,atip-aiprp@feddevontario.gc.ca,internal,open_gov_slug,1.0,Federal Economic Development Agency for Southern Ontario,12-31,A.4,exact,1.0,Agence fédérale de développement économique pour le Sud de l’Ontario,12-31,A.4,exact,1.0,Federal Economic Development Agency for Southern Ontario,http://www.feddevontario.gc.ca/eic/site/723.nsf/eng/01754.html,exact,1.0,Agence fédérale de développement économique pour le Sud de l’Ontario,http://www.feddevontario.gc.ca/eic/site/723.nsf/fra/01754.html,exact,1.0,,,,,,,,,,,,,12-31,direct,http://www.feddevontario.gc.ca/eic/site/723.nsf/eng/01754.html,http://www.feddevontario.gc.ca/eic/site/723.nsf/fra/01754.html,http://www.feddevontario.gc.ca/eic/site/723.nsf/eng/01754.html,http://www.feddevontario.gc.ca/eic/site/723.nsf/eng/01754.html,http://www.feddevontario.gc.ca/eic/site/723.nsf/fra/01754.html,http://www.feddevontario.gc.ca/eic/site/723.nsf/fra/01754.html,https://www.canada.ca/en/treasury-board-secretariat/services/access-information-privacy/access-information/access-informatio-policies-guidance/programs-holdings-online-publishing-requirements.html#toc-a,https://www.canada.ca/fr/secretariat-conseil-tresor/services/acces-information-protection-renseignements-personnels/acces-information/politiques-directives-acces-information/exigences-publication-ligne-programmes-fonds.html#toc-a,https://www.canada.ca/en/treasury-board-secretariat/services/access-information-privacy/access-information/info-source/list-institutions.html,https://www.canada.ca/fr/secretariat-conseil-tresor/services/acces-information-protection-reseignements-personnels/acces-information/info-source/liste-organisations.html,https://www.canada.ca/en/treasury-board-secretariat/services/access-information-privacy/access-information/info-source/list-institutions.html,https://www.canada.ca/fr/secretariat-conseil-tresor/services/acces-information-protection-reseignements-personnels/acces-information/info-source/liste-organisations.html,https://open.canada.ca/data/api/action/organization_list?all_fields=true&include_extras=true,https://open.canada.ca/data/en/api/3/action/datastore_search?resource_id=cb5b5566-f599-4d12-abae-8279a0230928&limit=500,https://open.canada.ca/data/en/api/3/action/datastore_search?resource_id=3faaafb4-00e2-4303-947d-ac786b62559f&limit=500,2026-08-15,request_error,,,request_error,,
ati-schedule-i-federal-public-service-health-care-plan-administration-authority,I,Other Government Institutions,68,Federal Public Service Health Care Plan Administration Authority,Administration du Régime de soins de santé de la fonction publiquefédérale,https://laws-lois.justice.gc.ca/eng/XML/A-1.xml,,unmatched,0.6182,,,,,,,,,,,,,,,,,,,,7b161522-87d8-5213-bb3d-409a853cf241,pshcp-rssfp,Federal Public Service Health Care Plan Administration Authority,Administration du Régime de soins de santé de la fonction publique fédérale,active,approved,,573.0,atip-aiprp@pshcp.ca,internal,name,1.0,Federal Public Service Health Care Plan Administration Authority,03-31,A.1,exact,1.0,Administration du régime de soins de santé de la fonction publique fédérale,03-31,A.1,fuzzy,0.9916,Federal Public Service Health Care Plan Administration Authority,http://www.pshcp.ca/about-the-pshcp/atip/infosourceen.aspx,exact,1.0,Administration du Régime de soins de santé de la fonction publique fédérale,https://www.rssfp.ca/a-propos-du-rssfp/aiprp/infosourcefr/,override_exact,1.0,,,,,,,,,,,,French source contains a spacing error in the Act XML.,03-31,direct,http://www.pshcp.ca/about-the-pshcp/atip/infosourceen.aspx,https://www.rssfp.ca/a-propos-du-rssfp/aiprp/infosourcefr/,https://pshcp.ca/about-the-pshcp/atip/infosourceen/,https://pshcp.ca/about-the-pshcp/atip/infosourceen/,https://www.rssfp.ca/a-propos-du-rssfp/aiprp/infosourcefr/,https://www.rssfp.ca/a-propos-du-rssfp/aiprp/infosourcefr/,https://www.canada.ca/en/treasury-board-secretariat/services/access-information-privacy/access-information/access-informatio-policies-guidance/programs-holdings-online-publishing-requirements.html#toc-a,https://www.canada.ca/fr/secretariat-conseil-tresor/services/acces-information-protection-renseignements-personnels/acces-information/politiques-directives-acces-information/exigences-publication-ligne-programmes-fonds.html#toc-a,https://www.canada.ca/en/treasury-board-secretariat/services/access-information-privacy/access-information/info-source/list-institutions.html,https://www.canada.ca/fr/secretariat-conseil-tresor/services/acces-information-protection-reseignements-personnels/acces-information/info-source/liste-organisations.html,https://www.canada.ca/en/treasury-board-secretariat/services/access-information-privacy/access-information/info-source/list-institutions.html,https://www.canada.ca/fr/secretariat-conseil-tresor/services/acces-information-protection-reseignements-personnels/acces-information/info-source/liste-organisations.html,https://open.canada.ca/data/api/action/organization_list?all_fields=true&include_extras=true,https://open.canada.ca/data/en/api/3/action/datastore_search?resource_id=cb5b5566-f599-4d12-abae-8279a0230928&limit=500,https://open.canada.ca/data/en/api/3/action/datastore_search?resource_id=3faaafb4-00e2-4303-947d-ac786b62559f&limit=500,2026-08-15,verified_info_source,200,https://pshcp.ca/about-the-pshcp/atip/infosourceen/,verified_info_source,200,https://www.rssfp.ca/a-propos-du-rssfp/aiprp/infosourcefr/
ati-schedule-i-financial-consumer-agency-of-canada,I,Other Government Institutions,69,Financial Consumer Agency of Canada,Agence de la consommation en matière financière du Canada,https://laws-lois.justice.gc.ca/eng/XML/A-1.xml,2259.0,exact,1.0,Financial Consumer Agency of Canada,Agence de la consommation en matière financière du Canada,Financial Consumer Agency of Canada,Agence de la consommation en matière financière du Canada,Department of Finance Canada,Ministère des Finances Canada,1.1,FCAC,ACFC,a,,www.fcac.gc.ca,www.acfc.gc.ca,fcac-acfc,151.0,141.0,Financial Consumer Agency of Canada,FNA,FNA00,F5FFE147-68EC-4DC5-AA38-825F432002DC,fcac-acfc,Financial Consumer Agency of Canada,Agence de la consommation en matière financière du Canada,active,approved,224.0,46.0,Nathalie.forester@fcac-acfc.gc.ca,internal,open_gov_slug,1.0,Financial Consumer Agency of Canada,09-30,A.3,exact,1.0,Agence de la consommation en matière financière du Canada,09-30,A.3,exact,1.0,Financial Consumer Agency of Canada,https://www.canada.ca/en/financial-consumer-agency/corporate/transparency/infosource.html,exact,1.0,Agence de la consommation en matière financière du Canada,https://www.canada.ca/fr/agence-consommation-matiere-financiere/organisation/transparence/infosource.html,exact,1.0,,,,,,,,,,,,,09-30,direct,https://www.canada.ca/en/financial-consumer-agency/corporate/transparency/infosource.html,https://www.canada.ca/fr/agence-consommation-matiere-financiere/organisation/transparence/infosource.html,https://www.canada.ca/en/financial-consumer-agency/corporate/transparency/infosource.html,https://www.canada.ca/en/financial-consumer-agency/corporate/transparency/infosource.html,https://www.canada.ca/fr/agence-consommation-matiere-financiere/organisation/transparence/infosource.html,https://www.canada.ca/fr/agence-consommation-matiere-financiere/organisation/transparence/infosource.html,https://www.canada.ca/en/treasury-board-secretariat/services/access-information-privacy/access-information/access-informatio-policies-guidance/programs-holdings-online-publishing-requirements.html#toc-a,https://www.canada.ca/fr/secretariat-conseil-tresor/services/acces-information-protection-renseignements-personnels/acces-information/politiques-directives-acces-information/exigences-publication-ligne-programmes-fonds.html#toc-a,https://www.canada.ca/en/treasury-board-secretariat/services/access-information-privacy/access-information/info-source/list-institutions.html,https://www.canada.ca/fr/secretariat-conseil-tresor/services/acces-information-protection-reseignements-personnels/acces-information/info-source/liste-organisations.html,https://www.canada.ca/en/treasury-board-secretariat/services/access-information-privacy/access-information/info-source/list-institutions.html,https://www.canada.ca/fr/secretariat-conseil-tresor/services/acces-information-protection-reseignements-personnels/acces-information/info-source/liste-organisations.html,https://open.canada.ca/data/api/action/organization_list?all_fields=true&include_extras=true,https://open.canada.ca/data/en/api/3/action/datastore_search?resource_id=cb5b5566-f599-4d12-abae-8279a0230928&limit=500,https://open.canada.ca/data/en/api/3/action/datastore_search?resource_id=3faaafb4-00e2-4303-947d-ac786b62559f&limit=500,2026-08-15,http_error,404,https://www.canada.ca/en/financial-consumer-agency/corporate/transparency/infosource.html,http_error,404,https://www.canada.ca/fr/agence-consommation-matiere-financiere/organisation/transparence/infosource.html
ati-schedule-i-financial-transactions-and-reports-analysis-centre-of-canada,I,Other Government Institutions,70,Financial Transactions and Reports Analysis Centre of Canada,Centre d’analyse des opérations et déclarations financières du Canada,https://laws-lois.justice.gc.ca/eng/XML/A-1.xml,2260.0,exact,1.0,Financial Transactions and Reports Analysis Centre of Canada,Centre d'analyse des opérations et déclarations financières du Canada,Financial Transactions and Reports Analysis Centre of Canada,Centre d'analyse des opérations et déclarations financières du Canada,Department of Finance Canada,Ministère des Finances Canada,1.1,FINTRAC,CANAFE,a,,www.fintrac-canafe.gc.ca,www.canafe-fintrac.gc.ca,fintrac-canafe,152.0,139.0,Financial Transactions and Reports Analysis Centre of Canada,CFC,CFC00,0C38B176-A05C-4462-8F16-AE8335F1A332,fintrac-canafe,Financial Transactions and Reports Analysis Centre of Canada,Centre d'analyse des opérations et déclarations financières du Canada,active,approved,127.0,16.0,atip-aiprp@fintrac-canafe.gc.ca,internal,open_gov_slug,1.0,Financial Transactions and Reports Analysis Centre of Canada,09-30,A.3,exact,1.0,Centre d’analyse des opérations et déclarations financières du Canada,09-30,A.3,exact,1.0,Financial Transactions and Reports Analysis Centre of Canada,http://www.fintrac-canafe.gc.ca/atip-aiprp/infosource-eng.asp,exact,1.0,Centre d’analyse des opérations et déclarations financières du Canada,http://www.canafe-fintrac.gc.ca/atip-aiprp/infosource-fra.asp,exact,1.0,,,,,,,,,,,,,09-30,direct,http://www.fintrac-canafe.gc.ca/atip-aiprp/infosource-eng.asp,http://www.canafe-fintrac.gc.ca/atip-aiprp/infosource-fra.asp,http://www.fintrac-canafe.gc.ca/atip-aiprp/infosource-eng.asp,http://www.fintrac-canafe.gc.ca/atip-aiprp/infosource-eng.asp,http://www.canafe-fintrac.gc.ca/atip-aiprp/infosource-fra.asp,http://www.canafe-fintrac.gc.ca/atip-aiprp/infosource-fra.asp,https://www.canada.ca/en/treasury-board-secretariat/services/access-information-privacy/access-information/access-informatio-policies-guidance/programs-holdings-online-publishing-requirements.html#toc-a,https://www.canada.ca/fr/secretariat-conseil-tresor/services/acces-information-protection-renseignements-personnels/acces-information/politiques-directives-acces-information/exigences-publication-ligne-programmes-fonds.html#toc-a,https://www.canada.ca/en/treasury-board-secretariat/services/access-information-privacy/access-information/info-source/list-institutions.html,https://www.canada.ca/fr/secretariat-conseil-tresor/services/acces-information-protection-reseignements-personnels/acces-information/info-source/liste-organisations.html,https://www.canada.ca/en/treasury-board-secretariat/services/access-information-privacy/access-information/info-source/list-institutions.html,https://www.canada.ca/fr/secretariat-conseil-tresor/services/acces-information-protection-reseignements-personnels/acces-information/info-source/liste-organisations.html,https://open.canada.ca/data/api/action/organization_list?all_fields=true&include_extras=true,https://open.canada.ca/data/en/api/3/action/datastore_search?resource_id=cb5b5566-f599-4d12-abae-8279a0230928&limit=500,https://open.canada.ca/data/en/api/3/action/datastore_search?resource_id=3faaafb4-00e2-4303-947d-ac786b62559f&limit=500,2026-08-15,http_error,404,https://fintrac-canafe.canada.ca/atip-aiprp/infosource-eng.asp,http_error,404,https://fintrac-canafe.canada.ca/atip-aiprp/infosource-fra.asp
ati-schedule-i-first-nations-financial-management-board,I,Other Government Institutions,71,First Nations Financial Management Board,Conseil de gestion financière des premières nations,https://laws-lois.justice.gc.ca/eng/XML/A-1.xml,3524.0,exact,1.0,First Nations Financial Management Board,Conseil de gestion financière des premières nations,,,,,,,,d,2013.0,,,fnfmb-cgfpn,153.0,,First Nations Financial Management Board,,,a7efe0ac-4768-42af-b29f-ff7f8deb5c8f,fnfmb-cgfpn,First Nations Financial Management Board,Conseil de gestion financière des premières nations,active,approved,,316.0,mail@fnfmb.com,internal,open_gov_slug,1.0,First Nations Financial Management Board,12-31,A.4,exact,1.0,Conseil de gestion financière des Premières Nations,12-31,A.4,exact,1.0,First Nations Financial Management Board,https://fnfmb.com/en/privacy-and-disclosure/info-source,exact,1.0,Conseil de gestion financière des Premières nations,https://fnfmb.com/fr/protection-et-communication-des-renseignements/info-source,exact,1.0,,,,,,,,,,,,,12-31,direct,https://fnfmb.com/en/privacy-and-disclosure/info-source,https://fnfmb.com/fr/protection-et-communication-des-renseignements/info-source,https://fnfmb.com/en/privacy-and-disclosure/info-source,https://fnfmb.com/en/privacy-and-disclosure/info-source,https://fnfmb.com/fr/protection-et-communication-des-renseignements/info-source,https://fnfmb.com/fr/protection-et-communication-des-renseignements/info-source,https://www.canada.ca/en/treasury-board-secretariat/services/access-information-privacy/access-information/access-informatio-policies-guidance/programs-holdings-online-publishing-requirements.html#toc-a,https://www.canada.ca/fr/secretariat-conseil-tresor/services/acces-information-protection-renseignements-personnels/acces-information/politiques-directives-acces-information/exigences-publication-ligne-programmes-fonds.html#toc-a,https://www.canada.ca/en/treasury-board-secretariat/services/access-information-privacy/access-information/info-source/list-institutions.html,https://www.canada.ca/fr/secretariat-conseil-tresor/services/acces-information-protection-reseignements-personnels/acces-information/info-source/liste-organisations.html,https://www.canada.ca/en/treasury-board-secretariat/services/access-information-privacy/access-information/info-source/list-institutions.html,https://www.canada.ca/fr/secretariat-conseil-tresor/services/acces-information-protection-reseignements-personnels/acces-information/info-source/liste-organisations.html,https://open.canada.ca/data/api/action/organization_list?all_fields=true&include_extras=true,https://open.canada.ca/data/en/api/3/action/datastore_search?resource_id=cb5b5566-f599-4d12-abae-8279a0230928&limit=500,https://open.canada.ca/data/en/api/3/action/datastore_search?resource_id=3faaafb4-00e2-4303-947d-ac786b62559f&limit=500,2026-08-15,http_error,404,https://fnfmb.com/en/privacy-and-disclosure/info-source,http_error,404,https://fnfmb.com/fr/protection-et-communication-des-renseignements/info-source
ati-schedule-i-first-nations-infrastructure-institute,I,Other Government Institutions,72,First Nations Infrastructure Institute,Institut des infrastructures des premières nations,https://laws-lois.justice.gc.ca/eng/XML/A-1.xml,,unmatched,0.775,,,,,,,,,,,,,,,,,,,,,,,,,,,,,,unmatched,0.775,,,,unmatched,0.5938,,,,unmatched,0.6744,,,unmatched,0.5938,,,unmatched,0.6744,,,,,,,,,,,,,,not_listed_in_tbs_appendix,,,,,,,https://www.canada.ca/en/treasury-board-secretariat/services/access-information-privacy/access-information/access-informatio-policies-guidance/programs-holdings-online-publishing-requirements.html#toc-a,https://www.canada.ca/fr/secretariat-conseil-tresor/services/acces-information-protection-renseignements-personnels/acces-information/politiques-directives-acces-information/exigences-publication-ligne-programmes-fonds.html#toc-a,https://www.canada.ca/en/treasury-board-secretariat/services/access-information-privacy/access-information/info-source/list-institutions.html,https://www.canada.ca/fr/secretariat-conseil-tresor/services/acces-information-protection-reseignements-personnels/acces-information/info-source/liste-organisations.html,,,https://open.canada.ca/data/api/action/organization_list?all_fields=true&include_extras=true,https://open.canada.ca/data/en/api/3/action/datastore_search?resource_id=cb5b5566-f599-4d12-abae-8279a0230928&limit=500,https://open.canada.ca/data/en/api/3/action/datastore_search?resource_id=3faaafb4-00e2-4303-947d-ac786b62559f&limit=500,2026-08-15,missing_url,,,missing_url,,
ati-schedule-i-first-nations-tax-commission,I,Other Government Institutions,73,First Nations Tax Commission,Commission de la fiscalité des premières nations,https://laws-lois.justice.gc.ca/eng/XML/A-1.xml,3525.0,exact,1.0,First Nations Tax Commission,Commission de la fiscalité des premières nations,,,,,,,,d,2013.0,,,fntc-cfpn,155.0,,First Nations Tax Commission,,,d9b68c15-0ffc-574a-964f-1180d034c2ae,fntc-cfpn,First Nations Tax Commission,Commission de la fiscalité des premières nations,active,approved,112.0,318.0,atip@fntc.ca,internal,open_gov_slug,1.0,First Nations Tax Commission,12-31,A.4,exact,1.0,Commission de la fiscalité des Premières Nations,12-31,A.4,exact,1.0,First Nations Tax Commission,http://fntc.ca/access-and-privacy/,exact,1.0,Commission de la fiscalité des Premières nations,http://fntc.ca/access-and-privacy/?lang=fr,exact,1.0,,,,,,,,,,,,,12-31,direct,http://fntc.ca/access-and-privacy/,http://fntc.ca/access-and-privacy/?lang=fr,http://fntc.ca/access-and-privacy/,http://fntc.ca/access-and-privacy/,http://fntc.ca/access-and-privacy/?lang=fr,http://fntc.ca/access-and-privacy/?lang=fr,https://www.canada.ca/en/treasury-board-secretariat/services/access-information-privacy/access-information/access-informatio-policies-guidance/programs-holdings-online-publishing-requirements.html#toc-a,https://www.canada.ca/fr/secretariat-conseil-tresor/services/acces-information-protection-renseignements-personnels/acces-information/politiques-directives-acces-information/exigences-publication-ligne-programmes-fonds.html#toc-a,https://www.canada.ca/en/treasury-board-secretariat/services/access-information-privacy/access-information/info-source/list-institutions.html,https://www.canada.ca/fr/secretariat-conseil-tresor/services/acces-information-protection-reseignements-personnels/acces-information/info-source/liste-organisations.html,https://www.canada.ca/en/treasury-board-secretariat/services/access-information-privacy/access-information/info-source/list-institutions.html,https://www.canada.ca/fr/secretariat-conseil-tresor/services/acces-information-protection-reseignements-personnels/acces-information/info-source/liste-organisations.html,https://open.canada.ca/data/api/action/organization_list?all_fields=true&include_extras=true,https://open.canada.ca/data/en/api/3/action/datastore_search?resource_id=cb5b5566-f599-4d12-abae-8279a0230928&limit=500,https://open.canada.ca/data/en/api/3/action/datastore_search?resource_id=3faaafb4-00e2-4303-947d-ac786b62559f&limit=500,2026-08-15,http_error,404,https://fntc.ca/access-and-privacy/,http_error,404,https://fntc.ca/access-and-privacy/?lang=fr
ati-schedule-i-gwich-in-land-and-water-board,I,Other Government Institutions,74,Gwich’in Land and Water Board,Office gwich’in des terres et des eaux,https://laws-lois.justice.gc.ca/eng/XML/A-1.xml,,unmatched,0.5455,,,,,,,,,,,,,,,,,,,,3a79a5d1-58c1-4e5f-8971-b38807fc0532,glwb-ogte,Gwich’in Land and Water Board,Office Gwich’in des terres et des eaux,active,approved,,574.0,snorrish@wlwb.ca,internal,name,1.0,Gwich’in Land and Water Board,03-31,A.1,exact,1.0,Office gwich’in des terres et des eaux,03-31,A.1,exact,1.0,Gwich'in Land and Water Board,https://glwb.com/our-board/access-information-requests-2,exact,1.0,Office Gwich’in des terres et des eaux,https://www.canada.ca/fr/secretariat-conseil-tresor/services/acces-information-protection-reseignements-personnels/acces-information/renseignements-programmes-fonds-renseignements/office-gwichin-terres-eaux.html,exact,1.0,,,,,,,,,,,,,03-31,direct,https://glwb.com/our-board/access-information-requests-2,https://www.canada.ca/fr/secretariat-conseil-tresor/services/acces-information-protection-reseignements-personnels/acces-information/renseignements-programmes-fonds-renseignements/office-gwichin-terres-eaux.html,https://glwb.com/our-board/access-information-requests-2,https://glwb.com/our-board/access-information-requests-2,https://www.canada.ca/fr/secretariat-conseil-tresor/services/acces-information-protection-renseignements-personnels/acces-information/info-source/office-gwichin-terres-eaux.html,https://www.canada.ca/fr/secretariat-conseil-tresor/services/acces-information-protection-renseignements-personnels/acces-information/info-source/office-gwichin-terres-eaux.html,https://www.canada.ca/en/treasury-board-secretariat/services/access-information-privacy/access-information/access-informatio-policies-guidance/programs-holdings-online-publishing-requirements.html#toc-a,https://www.canada.ca/fr/secretariat-conseil-tresor/services/acces-information-protection-renseignements-personnels/acces-information/politiques-directives-acces-information/exigences-publication-ligne-programmes-fonds.html#toc-a,https://www.canada.ca/en/treasury-board-secretariat/services/access-information-privacy/access-information/info-source/list-institutions.html,https://www.canada.ca/fr/secretariat-conseil-tresor/services/acces-information-protection-reseignements-personnels/acces-information/info-source/liste-organisations.html,https://www.canada.ca/en/treasury-board-secretariat/services/access-information-privacy/access-information/info-source/list-institutions.html,https://www.canada.ca/fr/secretariat-conseil-tresor/services/acces-information-protection-reseignements-personnels/acces-information/info-source/liste-organisations.html,https://open.canada.ca/data/api/action/organization_list?all_fields=true&include_extras=true,https://open.canada.ca/data/en/api/3/action/datastore_search?resource_id=cb5b5566-f599-4d12-abae-8279a0230928&limit=500,https://open.canada.ca/data/en/api/3/action/datastore_search?resource_id=3faaafb4-00e2-4303-947d-ac786b62559f&limit=500,2026-08-15,verified_info_source,200,https://glwb.com/our-board/access-information-requests-2,verified_info_source,200,https://www.canada.ca/fr/secretariat-conseil-tresor/services/acces-information-protection-renseignements-personnels/acces-information/info-source/office-gwichin-terres-eaux.html
ati-schedule-i-gwich-in-land-use-planning-board,I,Other Government Institutions,75,Gwich’in Land Use Planning Board,Office gwich’in d’aménagement territorial,https://laws-lois.justice.gc.ca/eng/XML/A-1.xml,,unmatched,0.5588,,,,,,,,,,,,,,,,,,,,48a85098-d1e8-4b23-a80d-da317d06d447,glupb-ogat,Gwich’in Land Use Planning Board,Office Gwich’in d’aménagement territorial,active,approved,,575.0,planner@gwichinplanning.nt.ca,internal,name,1.0,Gwich’in Land Use Planning Board,03-31,A.1,exact,1.0,Office gwich’in d’aménagement territorial,03-31,A.1,exact,1.0,Gwich'in Land Use Planning Board,,exact,1.0,Office Gwich’in d’aménagement territorial,https://www.canada.ca/fr/secretariat-conseil-tresor/services/acces-information-protection-reseignements-personnels/acces-information/renseignements-programmes-fonds-renseignements/office-gwichin-amenagement-territorial.html,exact,1.0,,,,,,,,,,,,,03-31,direct,,https://www.canada.ca/fr/secretariat-conseil-tresor/services/acces-information-protection-reseignements-personnels/acces-information/renseignements-programmes-fonds-renseignements/office-gwichin-amenagement-territorial.html,,,https://www.canada.ca/fr/secretariat-conseil-tresor/services/acces-information-protection-renseignements-personnels/acces-information/info-source/office-gwichin-amenagement-territorial.html,https://www.canada.ca/fr/secretariat-conseil-tresor/services/acces-information-protection-renseignements-personnels/acces-information/info-source/office-gwichin-amenagement-territorial.html,https://www.canada.ca/en/treasury-board-secretariat/services/access-information-privacy/access-information/access-informatio-policies-guidance/programs-holdings-online-publishing-requirements.html#toc-a,https://www.canada.ca/fr/secretariat-conseil-tresor/services/acces-information-protection-renseignements-personnels/acces-information/politiques-directives-acces-information/exigences-publication-ligne-programmes-fonds.html#toc-a,https://www.canada.ca/en/treasury-board-secretariat/services/access-information-privacy/access-information/info-source/list-institutions.html,https://www.canada.ca/fr/secretariat-conseil-tresor/services/acces-information-protection-reseignements-personnels/acces-information/info-source/liste-organisations.html,,https://www.canada.ca/fr/secretariat-conseil-tresor/services/acces-information-protection-reseignements-personnels/acces-information/info-source/liste-organisations.html,https://open.canada.ca/data/api/action/organization_list?all_fields=true&include_extras=true,https://open.canada.ca/data/en/api/3/action/datastore_search?resource_id=cb5b5566-f599-4d12-abae-8279a0230928&limit=500,https://open.canada.ca/data/en/api/3/action/datastore_search?resource_id=3faaafb4-00e2-4303-947d-ac786b62559f&limit=500,2026-08-15,missing_url,,,verified_info_source,200,https://www.canada.ca/fr/secretariat-conseil-tresor/services/acces-information-protection-renseignements-personnels/acces-information/info-source/office-gwichin-amenagement-territorial.html
ati-schedule-i-halifax-port-authority,I,Other Government Institutions,76,Halifax Port Authority,Administration portuaire de Halifax,https://laws-lois.justice.gc.ca/eng/XML/A-1.xml,3468.0,exact,1.0,Halifax Port Authority,Administration portuaire d'Halifax,,,,,,,,a,,www.portofhalifax.ca,www.portofhalifax.ca,halpa-aphal,168.0,,Halifax Port Authority,,,a88243b5-40f8-4f3c-8a6c-045ef1e44f6d,halpa-aphal,Halifax Port Authority,Administration portuaire de Halifax,active,approved,,190.0,ATIP-AIPRP@porthalifax.ca,internal,open_gov_slug,1.0,Halifax Port Authority,12-31,A.4,exact,1.0,Administration portuaire de Halifax,12-31,A.4,exact,1.0,Halifax Port Authority,https://www.portofhalifax.ca/about-us/,exact,1.0,Administration portuaire de Halifax,https://www.portofhalifax.ca/a-propos-de-nous/administration-portuaire/info-source/?lang=fr,exact,1.0,,,,,,,,,,,,,12-31,direct,https://www.portofhalifax.ca/about-us/,https://www.portofhalifax.ca/a-propos-de-nous/administration-portuaire/info-source/?lang=fr,https://www.portofhalifax.ca/about-us/,https://www.portofhalifax.ca/about-us/,https://www.portofhalifax.ca/a-propos-de-nous/administration-portuaire/info-source/?lang=fr,https://www.portofhalifax.ca/a-propos-de-nous/administration-portuaire/info-source/?lang=fr,https://www.canada.ca/en/treasury-board-secretariat/services/access-information-privacy/access-information/access-informatio-policies-guidance/programs-holdings-online-publishing-requirements.html#toc-a,https://www.canada.ca/fr/secretariat-conseil-tresor/services/acces-information-protection-renseignements-personnels/acces-information/politiques-directives-acces-information/exigences-publication-ligne-programmes-fonds.html#toc-a,https://www.canada.ca/en/treasury-board-secretariat/services/access-information-privacy/access-information/info-source/list-institutions.html,https://www.canada.ca/fr/secretariat-conseil-tresor/services/acces-information-protection-reseignements-personnels/acces-information/info-source/liste-organisations.html,https://www.canada.ca/en/treasury-board-secretariat/services/access-information-privacy/access-information/info-source/list-institutions.html,https://www.canada.ca/fr/secretariat-conseil-tresor/services/acces-information-protection-reseignements-personnels/acces-information/info-source/liste-organisations.html,https://open.canada.ca/data/api/action/organization_list?all_fields=true&include_extras=true,https://open.canada.ca/data/en/api/3/action/datastore_search?resource_id=cb5b5566-f599-4d12-abae-8279a0230928&limit=500,https://open.canada.ca/data/en/api/3/action/datastore_search?resource_id=3faaafb4-00e2-4303-947d-ac786b62559f&limit=500,2026-08-15,http_error,403,https://www.portofhalifax.ca/about-us/,http_error,403,https://www.portofhalifax.ca/a-propos-de-nous/administration-portuaire/info-source/?lang=fr
ati-schedule-i-hamilton-oshawa-port-authority,I,Other Government Institutions,77,Hamilton-Oshawa Port Authority,Administration portuaire Hamilton-Oshawa,https://laws-lois.justice.gc.ca/eng/XML/A-1.xml,3469.0,exact,1.0,Hamiton-Oshawa Port Authority (HOPA),Administration portuaire de Hamilton-Oshawa (APHO),,,,,,,,a,,https://www.hopaports.ca/,https://www.aphoports.ca/,hampa-apham,169.0,,Hamilton-Oshawa Port Authority,,,aaf80f1a-83e3-4a5d-a730-4f653e927e2a,hampa-apham,Hamilton-Oshawa Port Authority,Administration portuaire de Hamilton-Oshawa,active,approved,,191.0,atip@hopaports.ca,internal,open_gov_slug,1.0,Hamilton-Oshawa Port Authority,12-31,A.4,exact,1.0,Administration portuaire de Hamilton-Oshawa,12-31,A.4,exact,1.0,,,unmatched,0.84,,,unmatched,0.9041,,,,,,,,,,,,Use the current combined entity name and do not reuse a legacy Hamilton-only or Oshawa-only row.,12-31,direct,,,,,,,https://www.canada.ca/en/treasury-board-secretariat/services/access-information-privacy/access-information/access-informatio-policies-guidance/programs-holdings-online-publishing-requirements.html#toc-a,https://www.canada.ca/fr/secretariat-conseil-tresor/services/acces-information-protection-renseignements-personnels/acces-information/politiques-directives-acces-information/exigences-publication-ligne-programmes-fonds.html#toc-a,https://www.canada.ca/en/treasury-board-secretariat/services/access-information-privacy/access-information/info-source/list-institutions.html,https://www.canada.ca/fr/secretariat-conseil-tresor/services/acces-information-protection-reseignements-personnels/acces-information/info-source/liste-organisations.html,,,https://open.canada.ca/data/api/action/organization_list?all_fields=true&include_extras=true,https://open.canada.ca/data/en/api/3/action/datastore_search?resource_id=cb5b5566-f599-4d12-abae-8279a0230928&limit=500,https://open.canada.ca/data/en/api/3/action/datastore_search?resource_id=3faaafb4-00e2-4303-947d-ac786b62559f&limit=500,2026-08-15,missing_url,,,missing_url,,
ati-schedule-i-historic-sites-and-monuments-board-of-canada,I,Other Government Institutions,78,Historic Sites and Monuments Board of Canada,Commission des lieux et monuments historiques du Canada,https://laws-lois.justice.gc.ca/eng/XML/A-1.xml,3572.0,exact,1.0,Historic Sites and Monuments Board of Canada,Commission des lieux et monuments historiques du Canada,,,,,,,,,,,,hsmbc-clmhc,,,Historic Sites and Monuments Board of Canada,,,d052a5e1-3944-4bd3-8ac4-efafb45d2938,hsmbc-clmhc,Historic Sites and Monuments Board of Canada,Commission des lieux et monuments historiques du Canada,active,approved,,576.0,pc.clmhc-hsmbc.pc@canada.ca,internal,open_gov_slug,1.0,Historic Sites and Monument Board of Canada,03-31,A.1,fuzzy,0.9863,Commission des lieux et monuments historiques du Canada,03-31,A.1,exact,1.0,Historic Sites and Monuments Board of Canada,https://www.canada.ca/en/treasury-board-secretariat/services/access-information-privacy/access-information/information-about-programs-information-holdings/historic-sites-monuments-board-canada.html,exact,1.0,Commission des lieux et monuments historiques du Canada,https://www.canada.ca/fr/secretariat-conseil-tresor/services/acces-information-protection-reseignements-personnels/acces-information/renseignements-programmes-fonds-renseignements/commission-lieux-monuments-historiques-canada.html,exact,1.0,,,,,,,,,,,,,03-31,direct,https://www.canada.ca/en/treasury-board-secretariat/services/access-information-privacy/access-information/information-about-programs-information-holdings/historic-sites-monuments-board-canada.html,https://www.canada.ca/fr/secretariat-conseil-tresor/services/acces-information-protection-reseignements-personnels/acces-information/renseignements-programmes-fonds-renseignements/commission-lieux-monuments-historiques-canada.html,https://www.canada.ca/en/treasury-board-secretariat/services/access-information-privacy/access-information/info-source/historic-sites-monuments-board-canada.html,https://www.canada.ca/en/treasury-board-secretariat/services/access-information-privacy/access-information/info-source/historic-sites-monuments-board-canada.html,https://www.canada.ca/fr/secretariat-conseil-tresor/services/acces-information-protection-renseignements-personnels/acces-information/info-source/commission-lieux-monuments-historiques-canada.html,https://www.canada.ca/fr/secretariat-conseil-tresor/services/acces-information-protection-renseignements-personnels/acces-information/info-source/commission-lieux-monuments-historiques-canada.html,https://www.canada.ca/en/treasury-board-secretariat/services/access-information-privacy/access-information/access-informatio-policies-guidance/programs-holdings-online-publishing-requirements.html#toc-a,https://www.canada.ca/fr/secretariat-conseil-tresor/services/acces-information-protection-renseignements-personnels/acces-information/politiques-directives-acces-information/exigences-publication-ligne-programmes-fonds.html#toc-a,https://www.canada.ca/en/treasury-board-secretariat/services/access-information-privacy/access-information/info-source/list-institutions.html,https://www.canada.ca/fr/secretariat-conseil-tresor/services/acces-information-protection-reseignements-personnels/acces-information/info-source/liste-organisations.html,https://www.canada.ca/en/treasury-board-secretariat/services/access-information-privacy/access-information/info-source/list-institutions.html,https://www.canada.ca/fr/secretariat-conseil-tresor/services/acces-information-protection-reseignements-personnels/acces-information/info-source/liste-organisations.html,https://open.canada.ca/data/api/action/organization_list?all_fields=true&include_extras=true,https://open.canada.ca/data/en/api/3/action/datastore_search?resource_id=cb5b5566-f599-4d12-abae-8279a0230928&limit=500,https://open.canada.ca/data/en/api/3/action/datastore_search?resource_id=3faaafb4-00e2-4303-947d-ac786b62559f&limit=500,2026-08-15,verified_info_source,200,https://www.canada.ca/en/treasury-board-secretariat/services/access-information-privacy/access-information/info-source/historic-sites-monuments-board-canada.html,verified_info_source,200,https://www.canada.ca/fr/secretariat-conseil-tresor/services/acces-information-protection-renseignements-personnels/acces-information/info-source/commission-lieux-monuments-historiques-canada.html
ati-schedule-i-immigration-and-refugee-board,I,Other Government Institutions,79,Immigration and Refugee Board,Commission de l’immigration et du statut de réfugié,https://laws-lois.justice.gc.ca/eng/XML/A-1.xml,2261.0,exact,1.0,Immigration and Refugee Board of Canada,Commission de l'immigration et du statut de réfugié du Canada,Immigration and Refugee Board of Canada,Commission de l'immigration et du statut de réfugié du Canada,"Immigration, Refugees and Citizenship Canada","Immigration, Réfugiés et Citoyenneté Canada",1.1,IRB,CISR,a,,www.irb-cisr.gc.ca,www.cisr-irb.gc.ca,irb-cisr,174.0,32.0,Immigration and Refugee Board,IRB,IRB00,E93D81B4-C6FC-475E-904A-825F56A4902F,irb-cisr,Immigration and Refugee Board of Canada,Commission de l'immigration et du statut de réfugié du Canada,active,approved,5.0,67.0,atip@irb-cisr.gc.ca,internal,open_gov_slug,1.0,Immigration and Refugee Board of Canada,09-30,A.3,exact,1.0,Commission de l’immigration et du statut de réfugié du Canada,09-30,A.3,exact,1.0,Immigration and Refugee Board of Canada,https://irb-cisr.gc.ca/en/transparency/atip/Pages/infosource.aspx,exact,1.0,Commission de l’immigration et du statut de réfugié du Canada,https://irb-cisr.gc.ca/fr/transparence/efvp/Pages/infosource.aspx,exact,1.0,,,,,,,,,,,,,09-30,direct,https://irb-cisr.gc.ca/en/transparency/atip/Pages/infosource.aspx,https://irb-cisr.gc.ca/fr/transparence/efvp/Pages/infosource.aspx,https://irb-cisr.gc.ca/en/transparency/atip/Pages/infosource.aspx,https://irb-cisr.gc.ca/en/transparency/atip/Pages/infosource.aspx,https://irb-cisr.gc.ca/fr/transparence/efvp/Pages/infosource.aspx,https://irb-cisr.gc.ca/fr/transparence/efvp/Pages/infosource.aspx,https://www.canada.ca/en/treasury-board-secretariat/services/access-information-privacy/access-information/access-informatio-policies-guidance/programs-holdings-online-publishing-requirements.html#toc-a,https://www.canada.ca/fr/secretariat-conseil-tresor/services/acces-information-protection-renseignements-personnels/acces-information/politiques-directives-acces-information/exigences-publication-ligne-programmes-fonds.html#toc-a,https://www.canada.ca/en/treasury-board-secretariat/services/access-information-privacy/access-information/info-source/list-institutions.html,https://www.canada.ca/fr/secretariat-conseil-tresor/services/acces-information-protection-reseignements-personnels/acces-information/info-source/liste-organisations.html,https://www.canada.ca/en/treasury-board-secretariat/services/access-information-privacy/access-information/info-source/list-institutions.html,https://www.canada.ca/fr/secretariat-conseil-tresor/services/acces-information-protection-reseignements-personnels/acces-information/info-source/liste-organisations.html,https://open.canada.ca/data/api/action/organization_list?all_fields=true&include_extras=true,https://open.canada.ca/data/en/api/3/action/datastore_search?resource_id=cb5b5566-f599-4d12-abae-8279a0230928&limit=500,https://open.canada.ca/data/en/api/3/action/datastore_search?resource_id=3faaafb4-00e2-4303-947d-ac786b62559f&limit=500,2026-08-15,verified_info_source,200,https://irb-cisr.gc.ca/en/transparency/atip/Pages/infosource.aspx,verified_info_source,200,https://irb-cisr.gc.ca/fr/transparence/efvp/Pages/infosource.aspx
ati-schedule-i-impact-assessment-agency-of-canada,I,Other Government Institutions,80,Impact Assessment Agency of Canada,Agence canadienne d’évaluation d’impact,https://laws-lois.justice.gc.ca/eng/XML/A-1.xml,2245.0,exact,1.0,Impact Assessment Agency of Canada,Agence d'évaluation d'impact du Canada,Impact Assessment Agency of Canada,Agence d'évaluation d'impact du Canada,Environment and Climate Change Canada,Environnement et Changement climatique Canada,1.1,IAAC,AEIC,a,,https://www.canada.ca/en/impact-assessment-agency.html,https://www.canada.ca/fr/agence-evaluation-impact.html,iaac-aeic,63.0,,Impact Assessment Agency of Canada,IAA,DOE01,04F792C7-7836-4581-94ED-00BCCB22AB5D,iaac-aeic,Impact Assessment Agency of Canada,Agence d'évaluation d'impact du Canada,active,approved,270.0,37.0,atip-aiprp@iaac-aeic.gc.ca,internal,open_gov_slug,1.0,Impact Assessment Agency of Canada,09-30,A.3,exact,1.0,Agence d’évaluation d’impact du Canada,09-30,A.3,exact,1.0,Impact Assessment Agency of Canada,https://www.canada.ca/en/impact-assessment-agency/corporate/transparency/info-source.html,exact,1.0,Agence d’évaluation d’impact du Canada,https://www.canada.ca/fr/agence-evaluation-impact/organisation/transparence/info-source.html,exact,1.0,,,,,,,,,,,,,09-30,direct,https://www.canada.ca/en/impact-assessment-agency/corporate/transparency/info-source.html,https://www.canada.ca/fr/agence-evaluation-impact/organisation/transparence/info-source.html,https://www.canada.ca/en/impact-assessment-agency/corporate/transparency/info-source.html,https://www.canada.ca/en/impact-assessment-agency/corporate/transparency/info-source.html,https://www.canada.ca/fr/agence-evaluation-impact/organisation/transparence/info-source.html,https://www.canada.ca/fr/agence-evaluation-impact/organisation/transparence/info-source.html,https://www.canada.ca/en/treasury-board-secretariat/services/access-information-privacy/access-information/access-informatio-policies-guidance/programs-holdings-online-publishing-requirements.html#toc-a,https://www.canada.ca/fr/secretariat-conseil-tresor/services/acces-information-protection-renseignements-personnels/acces-information/politiques-directives-acces-information/exigences-publication-ligne-programmes-fonds.html#toc-a,https://www.canada.ca/en/treasury-board-secretariat/services/access-information-privacy/access-information/info-source/list-institutions.html,https://www.canada.ca/fr/secretariat-conseil-tresor/services/acces-information-protection-reseignements-personnels/acces-information/info-source/liste-organisations.html,https://www.canada.ca/en/treasury-board-secretariat/services/access-information-privacy/access-information/info-source/list-institutions.html,https://www.canada.ca/fr/secretariat-conseil-tresor/services/acces-information-protection-reseignements-personnels/acces-information/info-source/liste-organisations.html,https://open.canada.ca/data/api/action/organization_list?all_fields=true&include_extras=true,https://open.canada.ca/data/en/api/3/action/datastore_search?resource_id=cb5b5566-f599-4d12-abae-8279a0230928&limit=500,https://open.canada.ca/data/en/api/3/action/datastore_search?resource_id=3faaafb4-00e2-4303-947d-ac786b62559f&limit=500,2026-08-15,verified_info_source,200,https://www.canada.ca/en/impact-assessment-agency/corporate/transparency/info-source.html,verified_info_source,200,https://www.canada.ca/fr/agence-evaluation-impact/organisation/transparence/info-source.html
ati-schedule-i-invest-in-canada-hub,I,Other Government Institutions,81,Invest in Canada Hub,Investir au Canada,https://laws-lois.justice.gc.ca/eng/XML/A-1.xml,2317.0,exact,1.0,Invest in Canada Hub,Investir au Canada,,,Global Affairs Canada,Affaires mondiales Canada,2.0,,,a,,,,iic-iac,347.0,180.0,Invest in Canada,ICH,,781ee2ff-fa0a-4bac-9192-bf648c6dc92a,iic-iac,Invest in Canada,Investir Au Canada,active,approved,,,atip-aiprp@invcanada.ca,internal,open_gov_slug,1.0,Invest in Canada Hub,12-31,A.4,exact,1.0,Investir au Canada,12-31,A.4,exact,1.0,,,unmatched,0.7368,,,unmatched,0.7059,,,,https://www.investcanada.ca/transparency/info-source-chapter-invest-canada,,,,,,https://www.investcanada.ca/transparency/info-source-chapter-invest-canada,,English institution website result verified through web search; no French report was found.,12-31,direct,https://www.investcanada.ca/transparency/info-source-chapter-invest-canada,,https://www.investcanada.ca/transparency/info-source-chapter-invest-canada,https://www.investcanada.ca/transparency/info-source-chapter-invest-canada,,,https://www.canada.ca/en/treasury-board-secretariat/services/access-information-privacy/access-information/access-informatio-policies-guidance/programs-holdings-online-publishing-requirements.html#toc-a,https://www.canada.ca/fr/secretariat-conseil-tresor/services/acces-information-protection-renseignements-personnels/acces-information/politiques-directives-acces-information/exigences-publication-ligne-programmes-fonds.html#toc-a,https://www.canada.ca/en/treasury-board-secretariat/services/access-information-privacy/access-information/info-source/list-institutions.html,https://www.canada.ca/fr/secretariat-conseil-tresor/services/acces-information-protection-reseignements-personnels/acces-information/info-source/liste-organisations.html,https://www.investcanada.ca/transparency/info-source-chapter-invest-canada,,https://open.canada.ca/data/api/action/organization_list?all_fields=true&include_extras=true,https://open.canada.ca/data/en/api/3/action/datastore_search?resource_id=cb5b5566-f599-4d12-abae-8279a0230928&limit=500,https://open.canada.ca/data/en/api/3/action/datastore_search?resource_id=3faaafb4-00e2-4303-947d-ac786b62559f&limit=500,2026-08-15,http_error,403,https://www.investcanada.ca/transparency/info-source-chapter-invest-canada,missing_url,,
ati-schedule-i-law-commission-of-canada,I,Other Government Institutions,82,Law Commission of Canada,Commission du droit du Canada,https://laws-lois.justice.gc.ca/eng/XML/A-1.xml,2310.0,exact,1.0,Law Commission of Canada,Commission du droit du Canada,Law Commission of Canada,Commission du droit du Canada,Department of Justice Canada,Ministère de la Justice Canada,2.0,,,a,,,,org231,198.0,131.0,,CLD,CLD00,DB890CD6-68E6-4765-81B5-0061F904F0B9,org231,Law Commission of Canada,Commission du droit du Canada,active,approved,231.0,284.0,BMS-SGA@lcc-cdc.gc.ca,internal,open_gov_slug,1.0,Law Commission of Canada,09-30,A.3,exact,1.0,Commission du droit du Canada,09-30,A.3,exact,1.0,,,unmatched,0.717,,,unmatched,0.8679,,,,,,,,,,,,,09-30,direct,,,,,,,https://www.canada.ca/en/treasury-board-secretariat/services/access-information-privacy/access-information/access-informatio-policies-guidance/programs-holdings-online-publishing-requirements.html#toc-a,https://www.canada.ca/fr/secretariat-conseil-tresor/services/acces-information-protection-renseignements-personnels/acces-information/politiques-directives-acces-information/exigences-publication-ligne-programmes-fonds.html#toc-a,https://www.canada.ca/en/treasury-board-secretariat/services/access-information-privacy/access-information/info-source/list-institutions.html,https://www.canada.ca/fr/secretariat-conseil-tresor/services/acces-information-protection-reseignements-personnels/acces-information/info-source/liste-organisations.html,,,https://open.canada.ca/data/api/action/organization_list?all_fields=true&include_extras=true,https://open.canada.ca/data/en/api/3/action/datastore_search?resource_id=cb5b5566-f599-4d12-abae-8279a0230928&limit=500,https://open.canada.ca/data/en/api/3/action/datastore_search?resource_id=3faaafb4-00e2-4303-947d-ac786b62559f&limit=500,2026-08-15,missing_url,,,missing_url,,
ati-schedule-i-library-and-archives-of-canada,I,Other Government Institutions,83,Library and Archives of Canada,Bibliothèque et Archives du Canada,https://laws-lois.justice.gc.ca/eng/XML/A-1.xml,2262.0,exact,1.0,Library and Archives Canada,Bibliothèque et Archives Canada,Library and Archives Canada,Bibliothèque et Archives Canada,Canadian Heritage,Patrimoine canadien,1.1,LAC,BAC,a,,library-archives.canada.ca,bibliotheque-archives.canada.ca,lac-bac,199.0,145.0,Library and Archives of Canada,BAL,BAL00,75BDAB68-199F-4C06-92A3-E1E6769B0B8E,lac-bac,Library and Archives Canada,Bibliothèque et Archives Canada,active,approved,129.0,8.0,daiprp-atipd@bac-lac.gc.ca,internal,open_gov_slug,1.0,Library and Archives Canada,06-30,A.2,exact,1.0,Bibliothèque et Archives Canada,06-30,A.2,exact,1.0,Library and Archives Canada,http://www.bac-lac.gc.ca/eng/transparency/atip/info-source/Pages/infosource.aspx,exact,1.0,Bibliothèque et Archives Canada,http://www.bac-lac.gc.ca/fra/transparence/aiprp/info-source/Pages/infosource.aspx,exact,1.0,,,,https://www.canada.ca/en/library-archives/services/public/access-information-privacy/infosource.html,https://www.canada.ca/fr/bibliotheque-archives/services/public/acces-information-renseignements-personnels/infosource.html,https://www.canada.ca/en/library-archives/services/public/access-information-privacy/infosource/institution-specific-personal-information-banks.html,https://www.canada.ca/fr/bibliotheque-archives/services/public/acces-information-renseignements-personnels/infosource/categories-documents-renseignements-institution.html,https://www.canada.ca/en/library-archives/services/public/access-information-privacy/infosource/institution-specific-personal-information-banks.html,https://www.canada.ca/fr/bibliotheque-archives/services/public/acces-information-renseignements-personnels/infosource/categories-documents-renseignements-institution.html,https://www.canada.ca/en/library-archives/services/public/access-information-privacy/infosource.html,https://www.canada.ca/fr/bibliotheque-archives/services/public/acces-information-renseignements-personnels/infosource.html,The detailed bilingual pages combine institution-specific Classes of Records and PIBs.,06-30,direct,https://www.canada.ca/en/library-archives/services/public/access-information-privacy/infosource.html,https://www.canada.ca/fr/bibliotheque-archives/services/public/acces-information-renseignements-personnels/infosource.html,https://www.canada.ca/en/library-archives/services/public/access-information-privacy/infosource/institution-specific-personal-information-banks.html,https://www.canada.ca/en/library-archives/services/public/access-information-privacy/infosource/institution-specific-personal-information-banks.html,https://www.canada.ca/fr/bibliotheque-archives/services/public/acces-information-renseignements-personnels/infosource/categories-documents-renseignements-institution.html,https://www.canada.ca/fr/bibliotheque-archives/services/public/acces-information-renseignements-personnels/infosource/categories-documents-renseignements-institution.html,https://www.canada.ca/en/treasury-board-secretariat/services/access-information-privacy/access-information/access-informatio-policies-guidance/programs-holdings-online-publishing-requirements.html#toc-a,https://www.canada.ca/fr/secretariat-conseil-tresor/services/acces-information-protection-renseignements-personnels/acces-information/politiques-directives-acces-information/exigences-publication-ligne-programmes-fonds.html#toc-a,https://www.canada.ca/en/treasury-board-secretariat/services/access-information-privacy/access-information/info-source/list-institutions.html,https://www.canada.ca/fr/secretariat-conseil-tresor/services/acces-information-protection-reseignements-personnels/acces-information/info-source/liste-organisations.html,https://www.canada.ca/en/library-archives/services/public/access-information-privacy/infosource.html,https://www.canada.ca/fr/bibliotheque-archives/services/public/acces-information-renseignements-personnels/infosource.html,https://open.canada.ca/data/api/action/organization_list?all_fields=true&include_extras=true,https://open.canada.ca/data/en/api/3/action/datastore_search?resource_id=cb5b5566-f599-4d12-abae-8279a0230928&limit=500,https://open.canada.ca/data/en/api/3/action/datastore_search?resource_id=3faaafb4-00e2-4303-947d-ac786b62559f&limit=500,2026-08-15,verified_info_source,200,https://www.canada.ca/en/library-archives/services/public/access-information-privacy/infosource.html,verified_info_source,200,https://www.canada.ca/fr/bibliotheque-archives/services/public/acces-information-renseignements-personnels/infosource.html
ati-schedule-i-mackenzie-valley-environmental-impact-review-board,I,Other Government Institutions,84,Mackenzie Valley Environmental Impact Review Board,Office d’examen des répercussions environnementales de la vallée du Mackenzie,https://laws-lois.justice.gc.ca/eng/XML/A-1.xml,,unmatched,0.605,,,,,,,,,,,,,,,,,,,,6048d791-7971-4f05-b549-5dec1d7e7742,mveirb-oervm,Mackenzie Valley Environmental Impact Review Board,Office d’examen des répercussions environnementales de la vallée du Mackenzie,active,approved,,579.0,atipcoordinator@reviewboard.ca,internal,name,1.0,Mackenzie Valley Environmental Impact Review Board,03-31,A.1,exact,1.0,Office d’examen des répercussions environnementales de la vallée du Mackenzie,03-31,A.1,exact,1.0,Mackenzie Valley Environmental Impact Review Board,http://reviewboard.ca/about/access_information_requests.php,exact,1.0,Office d’examen des répercussions environnementales de la vallée du Mackenzie,http://www.reviewboard.ca/about/access_information_requests.php,exact,1.0,,,,,,,,,,,,,03-31,direct,http://reviewboard.ca/about/access_information_requests.php,http://www.reviewboard.ca/about/access_information_requests.php,https://reviewboard.ca/about/access_information_requests,https://reviewboard.ca/about/access_information_requests,http://www.reviewboard.ca/about/access_information_requests.php,http://www.reviewboard.ca/about/access_information_requests.php,https://www.canada.ca/en/treasury-board-secretariat/services/access-information-privacy/access-information/access-informatio-policies-guidance/programs-holdings-online-publishing-requirements.html#toc-a,https://www.canada.ca/fr/secretariat-conseil-tresor/services/acces-information-protection-renseignements-personnels/acces-information/politiques-directives-acces-information/exigences-publication-ligne-programmes-fonds.html#toc-a,https://www.canada.ca/en/treasury-board-secretariat/services/access-information-privacy/access-information/info-source/list-institutions.html,https://www.canada.ca/fr/secretariat-conseil-tresor/services/acces-information-protection-reseignements-personnels/acces-information/info-source/liste-organisations.html,https://www.canada.ca/en/treasury-board-secretariat/services/access-information-privacy/access-information/info-source/list-institutions.html,https://www.canada.ca/fr/secretariat-conseil-tresor/services/acces-information-protection-reseignements-personnels/acces-information/info-source/liste-organisations.html,https://open.canada.ca/data/api/action/organization_list?all_fields=true&include_extras=true,https://open.canada.ca/data/en/api/3/action/datastore_search?resource_id=cb5b5566-f599-4d12-abae-8279a0230928&limit=500,https://open.canada.ca/data/en/api/3/action/datastore_search?resource_id=3faaafb4-00e2-4303-947d-ac786b62559f&limit=500,2026-08-15,verified_info_source,200,https://reviewboard.ca/about/access_information_requests,request_error,,
ati-schedule-i-mackenzie-valley-land-and-water-board,I,Other Government Institutions,85,Mackenzie Valley Land and Water Board,Office des terres et des eaux de la vallée du Mackenzie,https://laws-lois.justice.gc.ca/eng/XML/A-1.xml,,unmatched,0.5333,,,,,,,,,,,,,,,,,,,,6d17c478-bfe6-4ef3-bdc4-1e99d831f79a,mlvwb-otevm,Mackenzie Valley Land and Water Board,Office des terres et des eaux de la vallée du Mackenzie Valley,active,approved,,580.0,snorrish@wlwb.ca,internal,name,1.0,Mackenzie Valley Land and Water Board,03-31,A.1,exact,1.0,Office des terres et des eaux de la vallée du Mackenzie,03-31,A.1,exact,1.0,Mackenzie Valley Land and Water Board,https://mvlwb.com/our-board/access-information-requests,exact,1.0,Office des terres et des eaux de la vallée du Mackenzie,https://wlwb.ca/sites/default/files/mvlwb_-_info_source_-_may_14_19.pdf,exact,1.0,,,,,,,,,,,,,03-31,direct,https://mvlwb.com/our-board/access-information-requests,https://wlwb.ca/sites/default/files/mvlwb_-_info_source_-_may_14_19.pdf,https://mvlwb.com/our-board/access-information-requests,https://mvlwb.com/our-board/access-information-requests,https://wlwb.ca/sites/default/files/mvlwb_-_info_source_-_may_14_19.pdf,https://wlwb.ca/sites/default/files/mvlwb_-_info_source_-_may_14_19.pdf,https://www.canada.ca/en/treasury-board-secretariat/services/access-information-privacy/access-information/access-informatio-policies-guidance/programs-holdings-online-publishing-requirements.html#toc-a,https://www.canada.ca/fr/secretariat-conseil-tresor/services/acces-information-protection-renseignements-personnels/acces-information/politiques-directives-acces-information/exigences-publication-ligne-programmes-fonds.html#toc-a,https://www.canada.ca/en/treasury-board-secretariat/services/access-information-privacy/access-information/info-source/list-institutions.html,https://www.canada.ca/fr/secretariat-conseil-tresor/services/acces-information-protection-reseignements-personnels/acces-information/info-source/liste-organisations.html,https://www.canada.ca/en/treasury-board-secretariat/services/access-information-privacy/access-information/info-source/list-institutions.html,https://www.canada.ca/fr/secretariat-conseil-tresor/services/acces-information-protection-reseignements-personnels/acces-information/info-source/liste-organisations.html,https://open.canada.ca/data/api/action/organization_list?all_fields=true&include_extras=true,https://open.canada.ca/data/en/api/3/action/datastore_search?resource_id=cb5b5566-f599-4d12-abae-8279a0230928&limit=500,https://open.canada.ca/data/en/api/3/action/datastore_search?resource_id=3faaafb4-00e2-4303-947d-ac786b62559f&limit=500,2026-08-15,verified_info_source,200,https://mvlwb.com/our-board/access-information-requests,request_error,,
ati-schedule-i-military-grievances-external-review-committee,I,Other Government Institutions,86,Military Grievances External Review Committee,Comité externe d’examen des griefs militaires,https://laws-lois.justice.gc.ca/eng/XML/A-1.xml,2263.0,exact,1.0,Military Grievances External Review Committee,Comité externe d'examen des griefs militaires,Military Grievances External Review Committee,Comité externe d'examen des griefs militaires,National Defence,Défense nationale,1.1,MGERC,CEEGM,a,,www.canada.ca/en/military-grievances-external-review.html,www.canada.ca/fr/externe-examen-griefs-militaires.html,mgerc-ceegm,209.0,138.0,Military Grievances External Review Committee,FCG,FCG00,C3C6F115-462E-40EE-AE9C-1957152F52E5,mgerc-ceegm,Military Grievances External Review Committee,Comité externe d’examen des griefs militaires,active,approved,43.0,42.0,mgerc.atip-aiprp.ceegm@mgerc-ceegm.gc.ca,internal,open_gov_slug,1.0,Military Grievances External Review Committee,09-30,A.3,exact,1.0,Comité externe d’examen des griefs militaires,09-30,A.3,exact,1.0,Military Grievances External Review Committee,https://www.canada.ca/en/military-grievances-external-review/corporate/transparency/info-source-sources-federal-government-employee-information.html,exact,1.0,Comité externe d’examen des griefs militaires,https://www.canada.ca/fr/externe-examen-griefs-militaires/organisation/transparence/info-source-sources-renseignements-gouvernement-federal-fonctionnaires-federaux.html,exact,1.0,,,,,,,,,,,,,09-30,direct,https://www.canada.ca/en/military-grievances-external-review/corporate/transparency/info-source-sources-federal-government-employee-information.html,https://www.canada.ca/fr/externe-examen-griefs-militaires/organisation/transparence/info-source-sources-renseignements-gouvernement-federal-fonctionnaires-federaux.html,https://www.canada.ca/en/military-grievances-external-review/corporate/transparency/info-source-sources-federal-government-employee-information.html,https://www.canada.ca/en/military-grievances-external-review/corporate/transparency/info-source-sources-federal-government-employee-information.html,https://www.canada.ca/fr/externe-examen-griefs-militaires/organisation/transparence/info-source-sources-renseignements-gouvernement-federal-fonctionnaires-federaux.html,https://www.canada.ca/fr/externe-examen-griefs-militaires/organisation/transparence/info-source-sources-renseignements-gouvernement-federal-fonctionnaires-federaux.html,https://www.canada.ca/en/treasury-board-secretariat/services/access-information-privacy/access-information/access-informatio-policies-guidance/programs-holdings-online-publishing-requirements.html#toc-a,https://www.canada.ca/fr/secretariat-conseil-tresor/services/acces-information-protection-renseignements-personnels/acces-information/politiques-directives-acces-information/exigences-publication-ligne-programmes-fonds.html#toc-a,https://www.canada.ca/en/treasury-board-secretariat/services/access-information-privacy/access-information/info-source/list-institutions.html,https://www.canada.ca/fr/secretariat-conseil-tresor/services/acces-information-protection-reseignements-personnels/acces-information/info-source/liste-organisations.html,https://www.canada.ca/en/treasury-board-secretariat/services/access-information-privacy/access-information/info-source/list-institutions.html,https://www.canada.ca/fr/secretariat-conseil-tresor/services/acces-information-protection-reseignements-personnels/acces-information/info-source/liste-organisations.html,https://open.canada.ca/data/api/action/organization_list?all_fields=true&include_extras=true,https://open.canada.ca/data/en/api/3/action/datastore_search?resource_id=cb5b5566-f599-4d12-abae-8279a0230928&limit=500,https://open.canada.ca/data/en/api/3/action/datastore_search?resource_id=3faaafb4-00e2-4303-947d-ac786b62559f&limit=500,2026-08-15,verified_info_source,200,https://www.canada.ca/en/military-grievances-external-review/corporate/transparency/info-source-sources-federal-government-employee-information.html,verified_info_source,200,https://www.canada.ca/fr/externe-examen-griefs-militaires/organisation/transparence/info-source-sources-renseignements-gouvernement-federal-fonctionnaires-federaux.html
ati-schedule-i-military-police-complaints-commission,I,Other Government Institutions,87,Military Police Complaints Commission,Commission d’examen des plaintes concernant la police militaire,https://laws-lois.justice.gc.ca/eng/XML/A-1.xml,2264.0,exact,1.0,Military Police Complaints Commission of Canada,Commission d'examen des plaintes concernant la police militaire du Canada,Military Police Complaints Commission of Canada,Commission d'examen des plaintes concernant la police militaire du Canada,National Defence,Défense nationale,1.1,MPCC,CPPM,a,,www.mpcc-cppm.gc.ca,www.mpcc-cppm.gc.ca,mpcc-cppm,210.0,137.0,Military Police Complaints Commission,CPM,CPM00,88E53539-2A56-4169-B682-C11DF3CB405F,mpcc-cppm,Military Police Complaints Commission of Canada,Commission d'examen des plaintes concernant la police militaire du Canada,active,approved,66.0,23.0,atip-aiprp@mpcc-cppm.gc.ca,internal,open_gov_slug,1.0,Military Police Complaints Commission,09-30,A.3,exact,1.0,Commission d’examen des plaintes concernant la police militaire,09-30,A.3,exact,1.0,Military Police Complaints Commission,https://www.mpcc-cppm.gc.ca/corporate-organisation/transparency-transparence/infosource-eng.aspx,exact,1.0,Commission d’examen des plaintes concernant la police militaire,https://www.mpcc-cppm.gc.ca/corporate-organisation/transparency-transparence/infosource-fra.aspx,exact,1.0,,,,,,,,,,,,,09-30,direct,https://www.mpcc-cppm.gc.ca/corporate-organisation/transparency-transparence/infosource-eng.aspx,https://www.mpcc-cppm.gc.ca/corporate-organisation/transparency-transparence/infosource-fra.aspx,https://www.mpcc-cppm.gc.ca/corporate-organisation/transparency-transparence/infosource-eng.aspx,https://www.mpcc-cppm.gc.ca/corporate-organisation/transparency-transparence/infosource-eng.aspx,https://www.mpcc-cppm.gc.ca/corporate-organisation/transparency-transparence/infosource-fra.aspx,https://www.mpcc-cppm.gc.ca/corporate-organisation/transparency-transparence/infosource-fra.aspx,https://www.canada.ca/en/treasury-board-secretariat/services/access-information-privacy/access-information/access-informatio-policies-guidance/programs-holdings-online-publishing-requirements.html#toc-a,https://www.canada.ca/fr/secretariat-conseil-tresor/services/acces-information-protection-renseignements-personnels/acces-information/politiques-directives-acces-information/exigences-publication-ligne-programmes-fonds.html#toc-a,https://www.canada.ca/en/treasury-board-secretariat/services/access-information-privacy/access-information/info-source/list-institutions.html,https://www.canada.ca/fr/secretariat-conseil-tresor/services/acces-information-protection-reseignements-personnels/acces-information/info-source/liste-organisations.html,https://www.canada.ca/en/treasury-board-secretariat/services/access-information-privacy/access-information/info-source/list-institutions.html,https://www.canada.ca/fr/secretariat-conseil-tresor/services/acces-information-protection-reseignements-personnels/acces-information/info-source/liste-organisations.html,https://open.canada.ca/data/api/action/organization_list?all_fields=true&include_extras=true,https://open.canada.ca/data/en/api/3/action/datastore_search?resource_id=cb5b5566-f599-4d12-abae-8279a0230928&limit=500,https://open.canada.ca/data/en/api/3/action/datastore_search?resource_id=3faaafb4-00e2-4303-947d-ac786b62559f&limit=500,2026-08-15,http_error,403,https://www.mpcc-cppm.gc.ca/corporate-organisation/transparency-transparence/infosource-eng.aspx,http_error,403,https://www.mpcc-cppm.gc.ca/corporate-organisation/transparency-transparence/infosource-fra.aspx
ati-schedule-i-miscarriage-of-justice-review-commission,I,Other Government Institutions,88,Miscarriage of Justice Review Commission,Commission d’examen des erreurs du système judiciaire,https://laws-lois.justice.gc.ca/eng/XML/A-1.xml,3706.0,exact,1.0,Miscarriage of Justice Review Commission,Commission d’examen des erreurs du système judiciaire,,,,,1.1,,,a,,,,,564.0,,,MJR,,,,,,,,,,,,unmatched,0.5854,,,,unmatched,0.5806,,,,unmatched,0.5918,,,unmatched,0.5806,,,unmatched,0.5918,,,,,,,,,,,,,,not_listed_in_tbs_appendix,,,,,,,https://www.canada.ca/en/treasury-board-secretariat/services/access-information-privacy/access-information/access-informatio-policies-guidance/programs-holdings-online-publishing-requirements.html#toc-a,https://www.canada.ca/fr/secretariat-conseil-tresor/services/acces-information-protection-renseignements-personnels/acces-information/politiques-directives-acces-information/exigences-publication-ligne-programmes-fonds.html#toc-a,https://www.canada.ca/en/treasury-board-secretariat/services/access-information-privacy/access-information/info-source/list-institutions.html,https://www.canada.ca/fr/secretariat-conseil-tresor/services/acces-information-protection-reseignements-personnels/acces-information/info-source/liste-organisations.html,,,https://open.canada.ca/data/api/action/organization_list?all_fields=true&include_extras=true,https://open.canada.ca/data/en/api/3/action/datastore_search?resource_id=cb5b5566-f599-4d12-abae-8279a0230928&limit=500,https://open.canada.ca/data/en/api/3/action/datastore_search?resource_id=3faaafb4-00e2-4303-947d-ac786b62559f&limit=500,2026-08-15,missing_url,,,missing_url,,
ati-schedule-i-montreal-port-authority,I,Other Government Institutions,89,Montreal Port Authority,Administration portuaire de Montréal,https://laws-lois.justice.gc.ca/eng/XML/A-1.xml,3477.0,exact,1.0,Montréal Port Authority,Administration portuaire de Montréal,,,,,,,,a,,www.port-montreal.com,www.port-montreal.com,mpa-apm,212.0,,Montreal Port Authority,,,e3d94b32-1653-52e0-be82-9bbf6d4323db,mpa-apm,Montreal Port Authority,Administration portuaire de Montréal,active,approved,74.0,210.0,rouaneta@port-montreal.com,public,open_gov_slug,1.0,Montreal Port Authority,03-31,A.1,exact,1.0,Administration portuaire de Montréal,03-31,A.1,exact,1.0,Montreal Port Authority,https://www.port-montreal.com/images/pdf/2015-03-10_Info-Source-en.pdf,exact,1.0,Administration portuaire de Montréal,https://www.port-montreal.com/fr/centre-de-documentation/acces-a-l-information,exact,1.0,,,,,,,,,,,,,03-31,direct,https://www.port-montreal.com/images/pdf/2015-03-10_Info-Source-en.pdf,https://www.port-montreal.com/fr/centre-de-documentation/acces-a-l-information,https://www.port-montreal.com/images/pdf/2015-03-10_Info-Source-en.pdf,https://www.port-montreal.com/images/pdf/2015-03-10_Info-Source-en.pdf,https://www.port-montreal.com/fr/centre-de-documentation/acces-a-l-information,https://www.port-montreal.com/fr/centre-de-documentation/acces-a-l-information,https://www.canada.ca/en/treasury-board-secretariat/services/access-information-privacy/access-information/access-informatio-policies-guidance/programs-holdings-online-publishing-requirements.html#toc-a,https://www.canada.ca/fr/secretariat-conseil-tresor/services/acces-information-protection-renseignements-personnels/acces-information/politiques-directives-acces-information/exigences-publication-ligne-programmes-fonds.html#toc-a,https://www.canada.ca/en/treasury-board-secretariat/services/access-information-privacy/access-information/info-source/list-institutions.html,https://www.canada.ca/fr/secretariat-conseil-tresor/services/acces-information-protection-reseignements-personnels/acces-information/info-source/liste-organisations.html,https://www.canada.ca/en/treasury-board-secretariat/services/access-information-privacy/access-information/info-source/list-institutions.html,https://www.canada.ca/fr/secretariat-conseil-tresor/services/acces-information-protection-reseignements-personnels/acces-information/info-source/liste-organisations.html,https://open.canada.ca/data/api/action/organization_list?all_fields=true&include_extras=true,https://open.canada.ca/data/en/api/3/action/datastore_search?resource_id=cb5b5566-f599-4d12-abae-8279a0230928&limit=500,https://open.canada.ca/data/en/api/3/action/datastore_search?resource_id=3faaafb4-00e2-4303-947d-ac786b62559f&limit=500,2026-08-15,request_error,,,http_error,403,https://www.port-montreal.com/fr/centre-de-documentation/acces-a-l-information
ati-schedule-i-nanaimo-port-authority,I,Other Government Institutions,90,Nanaimo Port Authority,Administration portuaire de Nanaïmo,https://laws-lois.justice.gc.ca/eng/XML/A-1.xml,3478.0,exact,1.0,Nanaimo Port Authority,Administration portuaire de Nanaimo,,,,,,,,a,,www.npa.ca,www.npa.ca,nnpa-apn,214.0,,Nanaimo Port Authority,,,3c5dda60-94a2-5d89-b3c1-677de8fd5ac2,nnpa-apn,Nanaimo Port Authority,Administration portuaire de Nanaïmo,active,approved,104.0,212.0,bwashburn@npa.ca,internal,open_gov_slug,1.0,Nanaimo Port Authority,03-31,A.1,exact,1.0,Administration portuaire de Nanaïmo,03-31,A.1,exact,1.0,Nanaimo Port Authority,https://portauthority.npa.ca/en/info-source/,exact,1.0,Administration portuaire de Nanaimo,https://portauthority.npa.ca/fr/info-source/,exact,1.0,,,,,,,,,,,,,03-31,direct,https://portauthority.npa.ca/en/info-source/,https://portauthority.npa.ca/fr/info-source/,https://portauthority.npa.ca/en/info-source/,https://portauthority.npa.ca/en/info-source/,https://portauthority.npa.ca/fr/info-source/,https://portauthority.npa.ca/fr/info-source/,https://www.canada.ca/en/treasury-board-secretariat/services/access-information-privacy/access-information/access-informatio-policies-guidance/programs-holdings-online-publishing-requirements.html#toc-a,https://www.canada.ca/fr/secretariat-conseil-tresor/services/acces-information-protection-renseignements-personnels/acces-information/politiques-directives-acces-information/exigences-publication-ligne-programmes-fonds.html#toc-a,https://www.canada.ca/en/treasury-board-secretariat/services/access-information-privacy/access-information/info-source/list-institutions.html,https://www.canada.ca/fr/secretariat-conseil-tresor/services/acces-information-protection-reseignements-personnels/acces-information/info-source/liste-organisations.html,https://www.canada.ca/en/treasury-board-secretariat/services/access-information-privacy/access-information/info-source/list-institutions.html,https://www.canada.ca/fr/secretariat-conseil-tresor/services/acces-information-protection-reseignements-personnels/acces-information/info-source/liste-organisations.html,https://open.canada.ca/data/api/action/organization_list?all_fields=true&include_extras=true,https://open.canada.ca/data/en/api/3/action/datastore_search?resource_id=cb5b5566-f599-4d12-abae-8279a0230928&limit=500,https://open.canada.ca/data/en/api/3/action/datastore_search?resource_id=3faaafb4-00e2-4303-947d-ac786b62559f&limit=500,2026-08-15,http_error,403,https://portauthority.npa.ca/en/info-source/,http_error,403,https://portauthority.npa.ca/fr/info-source/
ati-schedule-i-the-national-battlefields-commission,I,Other Government Institutions,91,The National Battlefields Commission,Commission des champs de bataille nationaux,https://laws-lois.justice.gc.ca/eng/XML/A-1.xml,2311.0,exact,1.0,The National Battlefields Commission,Commission des champs de bataille nationaux,The National Battlefields Commission,Commission des champs de bataille nationaux,Canadian Heritage,Patrimoine canadien,2.0,NBC,CCBN,a,,www.ccbn-nbc.gc.ca,www.ccbn-nbc.gc.ca,nbc-ccbn,218.0,102.0,The National Battlefields Commission,NBC,NBC00,fe84271e-2a3e-4a69-91a7-05fdb5d19ca8,nbc-ccbn,The National Battlefields Commission,Commission des champs de bataille nationaux,active,approved,262.0,214.0,anne.chouinard@ccbn-nbc.gc.ca,internal,open_gov_slug,1.0,The National Battlefields Commission,12-31,A.4,exact,1.0,Commission des champs de bataille nationaux,12-31,A.4,exact,1.0,National Battlefields Commission,http://www.ccbn-nbc.gc.ca/en/access-information-and-privacy/info-source-2018/,exact,1.0,Commission des champs de bataille nationaux,http://www.ccbn-nbc.gc.ca/fr/acces-information-protection-des-renseignements-personnels/info-source-2018/,exact,1.0,,,,,,,,,,,,,12-31,direct,http://www.ccbn-nbc.gc.ca/en/access-information-and-privacy/info-source-2018/,http://www.ccbn-nbc.gc.ca/fr/acces-information-protection-des-renseignements-personnels/info-source-2018/,https://www.ccbn-nbc.gc.ca/en/access-information-and-privacy/info-source-2018/,https://www.ccbn-nbc.gc.ca/en/access-information-and-privacy/info-source-2018/,https://www.canada.ca/fr/commission-champs-bataille-nationaux/organisation/transparence.html,https://www.canada.ca/fr/commission-champs-bataille-nationaux/organisation/transparence.html,https://www.canada.ca/en/treasury-board-secretariat/services/access-information-privacy/access-information/access-informatio-policies-guidance/programs-holdings-online-publishing-requirements.html#toc-a,https://www.canada.ca/fr/secretariat-conseil-tresor/services/acces-information-protection-renseignements-personnels/acces-information/politiques-directives-acces-information/exigences-publication-ligne-programmes-fonds.html#toc-a,https://www.canada.ca/en/treasury-board-secretariat/services/access-information-privacy/access-information/info-source/list-institutions.html,https://www.canada.ca/fr/secretariat-conseil-tresor/services/acces-information-protection-reseignements-personnels/acces-information/info-source/liste-organisations.html,https://www.canada.ca/en/treasury-board-secretariat/services/access-information-privacy/access-information/info-source/list-institutions.html,https://www.canada.ca/fr/secretariat-conseil-tresor/services/acces-information-protection-reseignements-personnels/acces-information/info-source/liste-organisations.html,https://open.canada.ca/data/api/action/organization_list?all_fields=true&include_extras=true,https://open.canada.ca/data/en/api/3/action/datastore_search?resource_id=cb5b5566-f599-4d12-abae-8279a0230928&limit=500,https://open.canada.ca/data/en/api/3/action/datastore_search?resource_id=3faaafb4-00e2-4303-947d-ac786b62559f&limit=500,2026-08-15,verified_info_source,200,https://www.ccbn-nbc.gc.ca/en/access-information-and-privacy/info-source-2018/,verified_info_source,200,https://www.canada.ca/fr/commission-champs-bataille-nationaux/organisation/transparence.html
ati-schedule-i-national-farm-products-council,I,Other Government Institutions,92,National Farm Products Council,Conseil national des produits agricoles,https://laws-lois.justice.gc.ca/eng/XML/A-1.xml,2265.0,exact,1.0,Farm Products Council of Canada,Conseil des produits agricoles du Canada,Farm Products Council of Canada,Conseil des produits agricoles du Canada,Agriculture and Agri-Food Canada,Agriculture et Agroalimentaire Canada,1.1,FPCC,CPAC,a,,www.fpcc-cpac.gc.ca,www.fpcc-cpac.gc.ca,fpcc-cpac,222.0,,Farm Products Council of Canada,FPN,,DFCB28FB-9A1F-48E4-8C3D-A916257CA7CF,fpcc-cpac,Farm Products Council of Canada,Conseil des produits agricoles du Canada,active,approved,200.0,48.0,FPCATIP-AIPRPCPAC.CPAC@canada.ca,internal,open_gov_slug,1.0,Farm Products Council of Canada,09-30,A.3,exact,1.0,Conseil des produits agricoles du Canada,09-30,A.3,exact,1.0,Farm Products Council of Canada,http://fpcc-cpac.gc.ca/index.php/en-GB/proactive-disclosures,exact,1.0,Conseil des produits agricoles du Canada,http://fpcc-cpac.gc.ca/index.php/fr-FR/divulgations-proactive,exact,1.0,,,,,,,,,,,,,09-30,direct,http://fpcc-cpac.gc.ca/index.php/en-GB/proactive-disclosures,http://fpcc-cpac.gc.ca/index.php/fr-FR/divulgations-proactive,http://fpcc-cpac.gc.ca/index.php/en-GB/proactive-disclosures,http://fpcc-cpac.gc.ca/index.php/en-GB/proactive-disclosures,http://fpcc-cpac.gc.ca/index.php/fr-FR/divulgations-proactive,http://fpcc-cpac.gc.ca/index.php/fr-FR/divulgations-proactive,https://www.canada.ca/en/treasury-board-secretariat/services/access-information-privacy/access-information/access-informatio-policies-guidance/programs-holdings-online-publishing-requirements.html#toc-a,https://www.canada.ca/fr/secretariat-conseil-tresor/services/acces-information-protection-renseignements-personnels/acces-information/politiques-directives-acces-information/exigences-publication-ligne-programmes-fonds.html#toc-a,https://www.canada.ca/en/treasury-board-secretariat/services/access-information-privacy/access-information/info-source/list-institutions.html,https://www.canada.ca/fr/secretariat-conseil-tresor/services/acces-information-protection-reseignements-personnels/acces-information/info-source/liste-organisations.html,https://www.canada.ca/en/treasury-board-secretariat/services/access-information-privacy/access-information/info-source/list-institutions.html,https://www.canada.ca/fr/secretariat-conseil-tresor/services/acces-information-protection-reseignements-personnels/acces-information/info-source/liste-organisations.html,https://open.canada.ca/data/api/action/organization_list?all_fields=true&include_extras=true,https://open.canada.ca/data/en/api/3/action/datastore_search?resource_id=cb5b5566-f599-4d12-abae-8279a0230928&limit=500,https://open.canada.ca/data/en/api/3/action/datastore_search?resource_id=3faaafb4-00e2-4303-947d-ac786b62559f&limit=500,2026-08-15,request_error,,,request_error,,
ati-schedule-i-national-film-board,I,Other Government Institutions,93,National Film Board,Office national du film,https://laws-lois.justice.gc.ca/eng/XML/A-1.xml,2266.0,exact,1.0,National Film Board,Office national du film,,,Canadian Heritage,Patrimoine canadien,1.1,NFB,ONF,a,,www.canada.ca/en/national-film-board.html,www.canada.ca/fr/office-national-film.html,nfb-onf,223.0,39.0,National Film Board of Canada,NFB,NFB00,581B66BD-5C64-4F1F-86C8-D653A1539EAD,nfb-onf,National Film Board,Office national du film,active,approved,167.0,76.0,ATIP-AIPRP@nfb.ca,internal,open_gov_slug,1.0,National Film Board of Canada,09-30,A.3,exact,1.0,Office national du film du Canada,09-30,A.3,fuzzy,0.8511,National Film Board of Canada,http://onf-nfb.gc.ca/en/about-the-nfb/publications/info-source/,override_exact,1.0,Office national du film du Canada,http://onf-nfb.gc.ca/fr/a-propos-de-lonf/publications/info-source/,override_exact,1.0,,,,,,,,,,,,Public-facing name includes Canada.,09-30,direct,http://onf-nfb.gc.ca/en/about-the-nfb/publications/info-source/,http://onf-nfb.gc.ca/fr/a-propos-de-lonf/publications/info-source/,http://onf-nfb.gc.ca/en/about-the-nfb/publications/info-source/,http://onf-nfb.gc.ca/en/about-the-nfb/publications/info-source/,http://onf-nfb.gc.ca/fr/a-propos-de-lonf/publications/info-source/,http://onf-nfb.gc.ca/fr/a-propos-de-lonf/publications/info-source/,https://www.canada.ca/en/treasury-board-secretariat/services/access-information-privacy/access-information/access-informatio-policies-guidance/programs-holdings-online-publishing-requirements.html#toc-a,https://www.canada.ca/fr/secretariat-conseil-tresor/services/acces-information-protection-renseignements-personnels/acces-information/politiques-directives-acces-information/exigences-publication-ligne-programmes-fonds.html#toc-a,https://www.canada.ca/en/treasury-board-secretariat/services/access-information-privacy/access-information/info-source/list-institutions.html,https://www.canada.ca/fr/secretariat-conseil-tresor/services/acces-information-protection-reseignements-personnels/acces-information/info-source/liste-organisations.html,https://www.canada.ca/en/treasury-board-secretariat/services/access-information-privacy/access-information/info-source/list-institutions.html,https://www.canada.ca/fr/secretariat-conseil-tresor/services/acces-information-protection-reseignements-personnels/acces-information/info-source/liste-organisations.html,https://open.canada.ca/data/api/action/organization_list?all_fields=true&include_extras=true,https://open.canada.ca/data/en/api/3/action/datastore_search?resource_id=cb5b5566-f599-4d12-abae-8279a0230928&limit=500,https://open.canada.ca/data/en/api/3/action/datastore_search?resource_id=3faaafb4-00e2-4303-947d-ac786b62559f&limit=500,2026-08-15,request_error,,,request_error,,
ati-schedule-i-national-research-council-of-canada,I,Other Government Institutions,94,National Research Council of Canada,Conseil national de recherches du Canada,https://laws-lois.justice.gc.ca/eng/XML/A-1.xml,2313.0,exact,1.0,National Research Council Canada,Conseil national de recherches Canada,National Research Council Canada,Conseil national de recherches Canada,"Innovation, Science and Economic Development Canada","Innovation, Sciences et Développement économique Canada",2.0,NRC,CNRC,a,,https://nrc.canada.ca/en,https://nrc.canada.ca/fr,nrc-cnrc,228.0,35.0,National Research Council of Canada,NRC,NRC00,EF74C91F-8B81-4C59-8D5F-17094D96F057,nrc-cnrc,National Research Council Canada,Conseil national de recherches Canada,active,approved,172.0,80.0,ATIP-AIPRP@nrc-cnrc.gc.ca,internal,open_gov_slug,1.0,National Research Council Canada,06-30,A.2,exact,1.0,Conseil national de recherches du Canada,06-30,A.2,exact,1.0,National Research Council Canada,https://nrc.canada.ca/en/corporate/transparency/access-information-privacy-acts-info-source,exact,1.0,Conseil national de recherches Canada,https://nrc.canada.ca/fr/organisation/transparence/lois-lacces-linformation-protection-renseignements-personnels-info-source,exact,1.0,,,,,,,,,,,,,06-30,direct,https://nrc.canada.ca/en/corporate/transparency/access-information-privacy-acts-info-source,https://nrc.canada.ca/fr/organisation/transparence/lois-lacces-linformation-protection-renseignements-personnels-info-source,https://nrc.canada.ca/en/corporate/transparency/access-information-privacy-acts-info-source,https://nrc.canada.ca/en/corporate/transparency/access-information-privacy-acts-info-source,https://nrc.canada.ca/fr/organisation/transparence/lois-lacces-linformation-protection-renseignements-personnels-info-source,https://nrc.canada.ca/fr/organisation/transparence/lois-lacces-linformation-protection-renseignements-personnels-info-source,https://www.canada.ca/en/treasury-board-secretariat/services/access-information-privacy/access-information/access-informatio-policies-guidance/programs-holdings-online-publishing-requirements.html#toc-a,https://www.canada.ca/fr/secretariat-conseil-tresor/services/acces-information-protection-renseignements-personnels/acces-information/politiques-directives-acces-information/exigences-publication-ligne-programmes-fonds.html#toc-a,https://www.canada.ca/en/treasury-board-secretariat/services/access-information-privacy/access-information/info-source/list-institutions.html,https://www.canada.ca/fr/secretariat-conseil-tresor/services/acces-information-protection-reseignements-personnels/acces-information/info-source/liste-organisations.html,https://www.canada.ca/en/treasury-board-secretariat/services/access-information-privacy/access-information/info-source/list-institutions.html,https://www.canada.ca/fr/secretariat-conseil-tresor/services/acces-information-protection-reseignements-personnels/acces-information/info-source/liste-organisations.html,https://open.canada.ca/data/api/action/organization_list?all_fields=true&include_extras=true,https://open.canada.ca/data/en/api/3/action/datastore_search?resource_id=cb5b5566-f599-4d12-abae-8279a0230928&limit=500,https://open.canada.ca/data/en/api/3/action/datastore_search?resource_id=3faaafb4-00e2-4303-947d-ac786b62559f&limit=500,2026-08-15,verified_info_source,200,https://nrc.canada.ca/en/corporate/transparency/access-information-privacy-acts-info-source,verified_info_source,200,https://nrc.canada.ca/fr/organisation/transparence/lois-lacces-linformation-protection-renseignements-personnels-info-source
ati-schedule-i-natural-sciences-and-engineering-research-council,I,Other Government Institutions,95,Natural Sciences and Engineering Research Council,Conseil de recherches en sciences naturelles et en génie,https://laws-lois.justice.gc.ca/eng/XML/A-1.xml,2314.0,exact,1.0,Natural Sciences and Engineering Research Council of Canada,Conseil de recherches en sciences naturelles et en génie du Canada,Natural Sciences and Engineering Research Council of Canada,Conseil de recherches en sciences naturelles et en génie du Canada,"Innovation, Science and Economic Development Canada","Innovation, Sciences et Développement économique Canada",2.0,NSERC,CRSNG,a,,www.nserc-crsng.gc.ca,www.nserc-crsng.gc.ca,nserc-crsng,230.0,27.0,Natural Sciences and Engineering Research Council of Canada,NSE,NSE00,ab393e59-2e93-4932-a447-179a784c2553,nserc-crsng,Natural Sciences and Engineering Research Council of Canada,Conseil de recherches en sciences naturelles et en génie du Canada,active,approved,110.0,81.0,ATIP-AIPRP@NSERC-CRSNG.GC.CA,internal,open_gov_slug,1.0,Natural Sciences and Engineering Research Council of Canada,12-31,A.4,exact,1.0,Conseil de recherches en sciences naturelles et en génie du Canada,12-31,A.4,exact,1.0,Natural Sciences and Engineering Research Council of Canada,http://www.nserc-crsng.gc.ca/ATIP-AIPRP/InfoSource-InfoSource/index_eng.asp,exact,1.0,Conseil de recherches en sciences naturelles et en génie du Canada,http://www.nserc-crsng.gc.ca/ATIP-AIPRP/InfoSource-InfoSource/index_fra.asp,exact,1.0,,,,,,,,,,,,,12-31,direct,http://www.nserc-crsng.gc.ca/ATIP-AIPRP/InfoSource-InfoSource/index_eng.asp,http://www.nserc-crsng.gc.ca/ATIP-AIPRP/InfoSource-InfoSource/index_fra.asp,https://nserc-crsng.canada.ca/en/about/transparency/info-source,https://nserc-crsng.canada.ca/en/about/transparency/info-source,https://nserc-crsng.canada.ca/fr/propos-de/transparence/info-source,https://nserc-crsng.canada.ca/fr/propos-de/transparence/info-source,https://www.canada.ca/en/treasury-board-secretariat/services/access-information-privacy/access-information/access-informatio-policies-guidance/programs-holdings-online-publishing-requirements.html#toc-a,https://www.canada.ca/fr/secretariat-conseil-tresor/services/acces-information-protection-renseignements-personnels/acces-information/politiques-directives-acces-information/exigences-publication-ligne-programmes-fonds.html#toc-a,https://www.canada.ca/en/treasury-board-secretariat/services/access-information-privacy/access-information/info-source/list-institutions.html,https://www.canada.ca/fr/secretariat-conseil-tresor/services/acces-information-protection-reseignements-personnels/acces-information/info-source/liste-organisations.html,https://www.canada.ca/en/treasury-board-secretariat/services/access-information-privacy/access-information/info-source/list-institutions.html,https://www.canada.ca/fr/secretariat-conseil-tresor/services/acces-information-protection-reseignements-personnels/acces-information/info-source/liste-organisations.html,https://open.canada.ca/data/api/action/organization_list?all_fields=true&include_extras=true,https://open.canada.ca/data/en/api/3/action/datastore_search?resource_id=cb5b5566-f599-4d12-abae-8279a0230928&limit=500,https://open.canada.ca/data/en/api/3/action/datastore_search?resource_id=3faaafb4-00e2-4303-947d-ac786b62559f&limit=500,2026-08-15,verified_info_source,200,https://nserc-crsng.canada.ca/en/about/transparency/info-source,verified_info_source,200,https://nserc-crsng.canada.ca/fr/propos-de/transparence/info-source
ati-schedule-i-national-security-and-intelligence-review-agency-secretariat,I,Other Government Institutions,96,National Security and Intelligence Review Agency Secretariat,Secrétariat de l’Office de surveillance des activités en matière de sécurité nationale et de renseignement,https://laws-lois.justice.gc.ca/eng/XML/A-1.xml,2291.0,exact,1.0,National Security and Intelligence Review Agency Secretariat,Secrétariat de l’Office de surveillance des activités en matière de sécurité nationale et de renseignement,,,Privy Council Office,Bureau du Conseil privé,1.1,,,a,,https://nsira-ossnr.gc.ca/,https://nsira-ossnr.gc.ca/fr/,,302.0,196.0,,NRA,NRA00,eec19c60-1de5-4431-ad53-552957343bec,nsira-ossnr,National Security and Intelligence Review Agency,Office de surveillance des activités en matière de sécurité nationale et de renseignement,active,approved,,,ATIP-AIPRP@nsira-ossnr.gc.ca,internal,name,0.9241,National Security and Intelligence Review Agency,09-30,A.3,override_exact,1.0,Office de surveillance des activités en matière de sécurité nationale et de renseignement,09-30,A.3,override_exact,1.0,National Security Intelligence Review Agency,http://www.sirc-csars.gc.ca/prddpr/index-eng.html,override_exact,1.0,,,unmatched,0.5839,National Security and Intelligence Review Agency,Office de surveillance des activités en matière de sécurité nationale et de renseignement,,https://nsira-ossnr.gc.ca/en/secretariat/access-to-information-and-privacy/info-source/,https://nsira-ossnr.gc.ca/fr/secretariat/acces-a-l-information-et-a-la-protection-des-renseignements-personnels/info-source/,,,,,https://nsira-ossnr.gc.ca/en/secretariat/access-to-information-and-privacy/info-source/,https://nsira-ossnr.gc.ca/fr/secretariat/acces-a-l-information-et-a-la-protection-des-renseignements-personnels/info-source/,TBS uses the agency name while the Act lists its secretariat; current bilingual pages verified through web search.,09-30,direct,https://nsira-ossnr.gc.ca/en/secretariat/access-to-information-and-privacy/info-source/,https://nsira-ossnr.gc.ca/fr/secretariat/acces-a-l-information-et-a-la-protection-des-renseignements-personnels/info-source/,https://nsira-ossnr.gc.ca/en/secretariat/access-to-information-and-privacy/info-source/,https://nsira-ossnr.gc.ca/en/secretariat/access-to-information-and-privacy/info-source/,https://nsira-ossnr.gc.ca/fr/secretariat/acces-a-l-information-et-a-la-protection-des-renseignements-personnels/info-source/,https://nsira-ossnr.gc.ca/fr/secretariat/acces-a-l-information-et-a-la-protection-des-renseignements-personnels/info-source/,https://www.canada.ca/en/treasury-board-secretariat/services/access-information-privacy/access-information/access-informatio-policies-guidance/programs-holdings-online-publishing-requirements.html#toc-a,https://www.canada.ca/fr/secretariat-conseil-tresor/services/acces-information-protection-renseignements-personnels/acces-information/politiques-directives-acces-information/exigences-publication-ligne-programmes-fonds.html#toc-a,https://www.canada.ca/en/treasury-board-secretariat/services/access-information-privacy/access-information/info-source/list-institutions.html,https://www.canada.ca/fr/secretariat-conseil-tresor/services/acces-information-protection-reseignements-personnels/acces-information/info-source/liste-organisations.html,https://nsira-ossnr.gc.ca/en/secretariat/access-to-information-and-privacy/info-source/,https://nsira-ossnr.gc.ca/fr/secretariat/acces-a-l-information-et-a-la-protection-des-renseignements-personnels/info-source/,https://open.canada.ca/data/api/action/organization_list?all_fields=true&include_extras=true,https://open.canada.ca/data/en/api/3/action/datastore_search?resource_id=cb5b5566-f599-4d12-abae-8279a0230928&limit=500,https://open.canada.ca/data/en/api/3/action/datastore_search?resource_id=3faaafb4-00e2-4303-947d-ac786b62559f&limit=500,2026-08-15,verified_info_source,200,https://nsira-ossnr.gc.ca/en/secretariat/access-to-information-and-privacy/info-source/,verified_info_source,200,https://nsira-ossnr.gc.ca/fr/secretariat/acces-a-l-information-et-a-la-protection-des-renseignements-personnels/info-source/
ati-schedule-i-northern-pipeline-agency,I,Other Government Institutions,97,Northern Pipeline Agency,Administration du pipe-line du Nord,https://laws-lois.justice.gc.ca/eng/XML/A-1.xml,2268.0,exact,1.0,Northern Pipeline Agency Canada,Administration du pipe-line du Nord Canada,Northern Pipeline Agency Canada,Administration du pipe-line du Nord Canada,Natural Resources Canada,Ressources naturelles Canada,1.1,NPA,APN,a,,https://northern-pipeline.canada.ca/home,https://pipe-line-nord.canada.ca/accueil,npa-apn,235.0,66.0,Northern Pipeline Agency Canada,NPA,,53e03e33-27af-492f-ba63-e25d8c7b91ef,npa-apn,Northern Pipeline Agency Canada,Administration du pipe-line du Nord Canada,active,approved,10.0,78.0,AIPRP.ATIP@NRCan-RNCan.gc.ca,internal,open_gov_slug,1.0,Northern Pipeline Agency Canada,09-30,A.3,exact,1.0,Administration du pipeline du Nord Canada,09-30,A.3,fuzzy,0.9859,Northern Pipeline Agency Canada,http://npa.gc.ca/177?wb48617274=03F2D5A0,exact,1.0,Administration du pipe-line du Nord Canada,http://apn.gc.ca/180?wb48617274=0F1523F5,exact,1.0,,,,,,,,,,,,,09-30,direct,http://npa.gc.ca/177?wb48617274=03F2D5A0,http://apn.gc.ca/180?wb48617274=0F1523F5,http://npa.gc.ca/177?wb48617274=03F2D5A0,http://npa.gc.ca/177?wb48617274=03F2D5A0,http://apn.gc.ca/180?wb48617274=0F1523F5,http://apn.gc.ca/180?wb48617274=0F1523F5,https://www.canada.ca/en/treasury-board-secretariat/services/access-information-privacy/access-information/access-informatio-policies-guidance/programs-holdings-online-publishing-requirements.html#toc-a,https://www.canada.ca/fr/secretariat-conseil-tresor/services/acces-information-protection-renseignements-personnels/acces-information/politiques-directives-acces-information/exigences-publication-ligne-programmes-fonds.html#toc-a,https://www.canada.ca/en/treasury-board-secretariat/services/access-information-privacy/access-information/info-source/list-institutions.html,https://www.canada.ca/fr/secretariat-conseil-tresor/services/acces-information-protection-reseignements-personnels/acces-information/info-source/liste-organisations.html,https://www.canada.ca/en/treasury-board-secretariat/services/access-information-privacy/access-information/info-source/list-institutions.html,https://www.canada.ca/fr/secretariat-conseil-tresor/services/acces-information-protection-reseignements-personnels/acces-information/info-source/liste-organisations.html,https://open.canada.ca/data/api/action/organization_list?all_fields=true&include_extras=true,https://open.canada.ca/data/en/api/3/action/datastore_search?resource_id=cb5b5566-f599-4d12-abae-8279a0230928&limit=500,https://open.canada.ca/data/en/api/3/action/datastore_search?resource_id=3faaafb4-00e2-4303-947d-ac786b62559f&limit=500,2026-08-15,http_error,404,https://northern-pipeline.canada.ca/177?wb48617274=03F2D5A0,http_error,404,https://pipe-line-nord.canada.ca/180?wb48617274=0F1523F5
ati-schedule-i-nunavut-impact-review-board,I,Other Government Institutions,98,Nunavut Impact Review Board,Commission du Nunavut chargée de l’examen des répercussions,https://laws-lois.justice.gc.ca/eng/XML/A-1.xml,,unmatched,0.5818,,,,,,,,,,,,,,,,,,,,7bcf1984-ed0f-4512-9e48-21b043f41d9f,nirb-cner,Nunavut Impact Review Board,La Commission du Nunavut chargée de l’examen des répercussions,active,approved,,581.0,bbeattie@nirb.ca,internal,name,1.0,Nunavut Impact Review Board,03-31,A.1,exact,1.0,Commission du Nunavut chargée de l’examen des répercussions,03-31,A.1,exact,1.0,Nunavut Impact Review Board,,exact,1.0,,,unmatched,0.907,,,,,,,,,,,,,03-31,direct,,,,,,,https://www.canada.ca/en/treasury-board-secretariat/services/access-information-privacy/access-information/access-informatio-policies-guidance/programs-holdings-online-publishing-requirements.html#toc-a,https://www.canada.ca/fr/secretariat-conseil-tresor/services/acces-information-protection-renseignements-personnels/acces-information/politiques-directives-acces-information/exigences-publication-ligne-programmes-fonds.html#toc-a,https://www.canada.ca/en/treasury-board-secretariat/services/access-information-privacy/access-information/info-source/list-institutions.html,https://www.canada.ca/fr/secretariat-conseil-tresor/services/acces-information-protection-reseignements-personnels/acces-information/info-source/liste-organisations.html,,,https://open.canada.ca/data/api/action/organization_list?all_fields=true&include_extras=true,https://open.canada.ca/data/en/api/3/action/datastore_search?resource_id=cb5b5566-f599-4d12-abae-8279a0230928&limit=500,https://open.canada.ca/data/en/api/3/action/datastore_search?resource_id=3faaafb4-00e2-4303-947d-ac786b62559f&limit=500,2026-08-15,missing_url,,,missing_url,,
ati-schedule-i-nunavut-planning-commission,I,Other Government Institutions,99,Nunavut Planning Commission,Commission d’aménagement du Nunavut,https://laws-lois.justice.gc.ca/eng/XML/A-1.xml,,unmatched,0.6885,,,,,,,,,,,,,,,,,,,,44768e19-b359-4bb4-94bc-2330d1c73be5,npc-can,Nunavut Planning Commission,Commission d’aménagement du Nunavut,active,approved,,582.0,PortalSupport-Soutienportail@tbs-sct.gc.ca,internal,name,1.0,Nunavut Planning Commission,03-31,A.1,exact,1.0,Commission d’aménagement du Nunavut,03-31,A.1,exact,1.0,Nunavut Planning Commission,,exact,1.0,Commission d’Aménagement du Nunavut,,exact,1.0,,,,,,,,,,,,,03-31,direct,,,,,,,https://www.canada.ca/en/treasury-board-secretariat/services/access-information-privacy/access-information/access-informatio-policies-guidance/programs-holdings-online-publishing-requirements.html#toc-a,https://www.canada.ca/fr/secretariat-conseil-tresor/services/acces-information-protection-renseignements-personnels/acces-information/politiques-directives-acces-information/exigences-publication-ligne-programmes-fonds.html#toc-a,https://www.canada.ca/en/treasury-board-secretariat/services/access-information-privacy/access-information/info-source/list-institutions.html,https://www.canada.ca/fr/secretariat-conseil-tresor/services/acces-information-protection-reseignements-personnels/acces-information/info-source/liste-organisations.html,,,https://open.canada.ca/data/api/action/organization_list?all_fields=true&include_extras=true,https://open.canada.ca/data/en/api/3/action/datastore_search?resource_id=cb5b5566-f599-4d12-abae-8279a0230928&limit=500,https://open.canada.ca/data/en/api/3/action/datastore_search?resource_id=3faaafb4-00e2-4303-947d-ac786b62559f&limit=500,2026-08-15,missing_url,,,missing_url,,
ati-schedule-i-nunavut-surface-rights-tribunal,I,Other Government Institutions,100,Nunavut Surface Rights Tribunal,Tribunal des droits de surface du Nunavut,https://laws-lois.justice.gc.ca/eng/XML/A-1.xml,,unmatched,0.6557,,,,,,,,,,,,,,,,,,,,6efdd362-c4dc-4563-8450-0a825f87f754,nsrt-tdsn,Nunavut Surface Rights Tribunal,Le Tribunal des droits de surface du Nunavut,active,approved,,583.0,PortalSupport-Soutienportail@tbs-sct.gc.ca,internal,name,1.0,Nunavut Surface Rights Tribunal,03-31,A.1,exact,1.0,Tribunal des droits de surface du Nunavut,03-31,A.1,exact,1.0,Nunavut Surface Rights Tribunal,,exact,1.0,Le Tribunal des droits de surface du Nunavut,,exact,1.0,,,,,,,,,,,,,03-31,direct,,,,,,,https://www.canada.ca/en/treasury-board-secretariat/services/access-information-privacy/access-information/access-informatio-policies-guidance/programs-holdings-online-publishing-requirements.html#toc-a,https://www.canada.ca/fr/secretariat-conseil-tresor/services/acces-information-protection-renseignements-personnels/acces-information/politiques-directives-acces-information/exigences-publication-ligne-programmes-fonds.html#toc-a,https://www.canada.ca/en/treasury-board-secretariat/services/access-information-privacy/access-information/info-source/list-institutions.html,https://www.canada.ca/fr/secretariat-conseil-tresor/services/acces-information-protection-reseignements-personnels/acces-information/info-source/liste-organisations.html,,,https://open.canada.ca/data/api/action/organization_list?all_fields=true&include_extras=true,https://open.canada.ca/data/en/api/3/action/datastore_search?resource_id=cb5b5566-f599-4d12-abae-8279a0230928&limit=500,https://open.canada.ca/data/en/api/3/action/datastore_search?resource_id=3faaafb4-00e2-4303-947d-ac786b62559f&limit=500,2026-08-15,missing_url,,,missing_url,,
ati-schedule-i-nunavut-water-board,I,Other Government Institutions,101,Nunavut Water Board,Office des eaux du Nunavut,https://laws-lois.justice.gc.ca/eng/XML/A-1.xml,,unmatched,0.6154,,,,,,,,,,,,,,,,,,,,9b63d08e-8d4c-497b-979a-c11882e6781f,nwb-oen,Nunavut Water Board,l’Office des Eaux du Nunavut,active,approved,,584.0,atip-aiprp@nwb-oen.ca,internal,name,1.0,Nunavut Water Board,03-31,A.1,exact,1.0,Office des eaux du Nunavut,03-31,A.1,exact,1.0,Nunavut Water Board,https://www.nwb-oen.ca/content/info-source-annual-report-2013-2014,exact,1.0,Office des eaux du Nunavut,http://www.nwb-oen.ca/fr/content/transparence,exact,1.0,,,,,,,,,,,,,03-31,direct,https://www.nwb-oen.ca/content/info-source-annual-report-2013-2014,http://www.nwb-oen.ca/fr/content/transparence,https://www.nwb-oen.ca/content/info-source-annual-report-2013-2014,https://www.nwb-oen.ca/content/info-source-annual-report-2013-2014,http://www.nwb-oen.ca/fr/content/transparence,http://www.nwb-oen.ca/fr/content/transparence,https://www.canada.ca/en/treasury-board-secretariat/services/access-information-privacy/access-information/access-informatio-policies-guidance/programs-holdings-online-publishing-requirements.html#toc-a,https://www.canada.ca/fr/secretariat-conseil-tresor/services/acces-information-protection-renseignements-personnels/acces-information/politiques-directives-acces-information/exigences-publication-ligne-programmes-fonds.html#toc-a,https://www.canada.ca/en/treasury-board-secretariat/services/access-information-privacy/access-information/info-source/list-institutions.html,https://www.canada.ca/fr/secretariat-conseil-tresor/services/acces-information-protection-reseignements-personnels/acces-information/info-source/liste-organisations.html,https://www.canada.ca/en/treasury-board-secretariat/services/access-information-privacy/access-information/info-source/list-institutions.html,https://www.canada.ca/fr/secretariat-conseil-tresor/services/acces-information-protection-reseignements-personnels/acces-information/info-source/liste-organisations.html,https://open.canada.ca/data/api/action/organization_list?all_fields=true&include_extras=true,https://open.canada.ca/data/en/api/3/action/datastore_search?resource_id=cb5b5566-f599-4d12-abae-8279a0230928&limit=500,https://open.canada.ca/data/en/api/3/action/datastore_search?resource_id=3faaafb4-00e2-4303-947d-ac786b62559f&limit=500,2026-08-15,verified_info_source,200,https://www.nwb-oen.ca/content/info-source-annual-report-2013-2014,reachable_unverified_content,200,http://www.nwb-oen.ca/fr/content/transparence
ati-schedule-i-office-of-the-administrator-of-the-fund-for-railway-accidents-involving-designated-goods,I,Other Government Institutions,102,Office of the Administrator of the Fund for Railway Accidents Involving Designated Goods,Bureau de l’administrateur de la Caisse d’indemnisation pour les accidents ferroviaires impliquant des marchandises désignées,https://laws-lois.justice.gc.ca/eng/XML/A-1.xml,,unmatched,0.4961,,,,,,,,,,,,,,,,,,,,,,,,,,,,,,unmatched,0.8631,Ship and Rail Compensation Canada,12-31,A.4,override_exact,1.0,Indemnisation Navire et Rail Canada,12-31,A.4,override_exact,1.0,,,unmatched,0.8235,,,unmatched,0.8817,Ship and Rail Compensation Canada,Indemnisation navire et rail Canada,12-31,https://ship-rail.gc.ca/corporate/info-source,https://navire-rail.gc.ca/organisation/source-information,,,,,https://ship-rail.gc.ca/corporate/info-source,https://navire-rail.gc.ca/organisation/source-information,TBS assigns the combined reporting entity Ship and Rail Compensation Canada.,12-31,reporting_entity_override,https://ship-rail.gc.ca/corporate/info-source,https://navire-rail.gc.ca/organisation/source-information,https://ship-rail.gc.ca/corporate/info-source,https://ship-rail.gc.ca/corporate/info-source,https://navire-rail.gc.ca/organisation/source-information,https://navire-rail.gc.ca/organisation/source-information,https://www.canada.ca/en/treasury-board-secretariat/services/access-information-privacy/access-information/access-informatio-policies-guidance/programs-holdings-online-publishing-requirements.html#toc-a,https://www.canada.ca/fr/secretariat-conseil-tresor/services/acces-information-protection-renseignements-personnels/acces-information/politiques-directives-acces-information/exigences-publication-ligne-programmes-fonds.html#toc-a,https://www.canada.ca/en/treasury-board-secretariat/services/access-information-privacy/access-information/info-source/list-institutions.html,https://www.canada.ca/fr/secretariat-conseil-tresor/services/acces-information-protection-reseignements-personnels/acces-information/info-source/liste-organisations.html,https://ship-rail.gc.ca/corporate/info-source,https://navire-rail.gc.ca/organisation/source-information,https://open.canada.ca/data/api/action/organization_list?all_fields=true&include_extras=true,https://open.canada.ca/data/en/api/3/action/datastore_search?resource_id=cb5b5566-f599-4d12-abae-8279a0230928&limit=500,https://open.canada.ca/data/en/api/3/action/datastore_search?resource_id=3faaafb4-00e2-4303-947d-ac786b62559f&limit=500,2026-08-15,verified_info_source,200,https://ship-rail.gc.ca/corporate/info-source,verified_info_source,200,https://navire-rail.gc.ca/organisation/source-information
ati-schedule-i-office-of-the-administrator-of-the-ship-source-oil-pollution-fund,I,Other Government Institutions,103,Office of the Administrator of the Ship-source Oil Pollution Fund,Bureau de l’administrateur de la Caisse d’indemnisation des dommages dus à la pollution par les hydrocarbures causée par les navires,https://laws-lois.justice.gc.ca/eng/XML/A-1.xml,3613.0,fuzzy,0.8817,Ship-source Oil Pollution Fund,Caisse d'indemnisation des dommages dus à la pollution par les hydrocarbures causée par les navires,,,,,,,,,,,,sopf-cidp,,,,,,ba9e4fcd-845b-41a7-9671-06e836979177,sopf-cidp,Office of the Administrator of the Ship-source Oil Pollution Fund; (operating under the name) Ship and Rail Compensation Canada,Bureau de l’administrateur de la Caisse d’indemnisation des dommages dus à la pollution par les hydrocarbures causée par les navires; (qui mène ses activités sous le nom de) Indemnisation Navire et Rail Canada,active,approved,65656.0,586.0,atip-aiprp@sr-nr.gc.ca,internal,open_gov_slug,1.0,Ship and Rail Compensation Canada,12-31,A.4,override_exact,1.0,Indemnisation Navire et Rail Canada,12-31,A.4,override_exact,1.0,Ship Source Oil Pollution Fund,https://sopf.gc.ca/?page_id=3123,exact,1.0,,,unmatched,1.0,Ship and Rail Compensation Canada,Indemnisation navire et rail Canada,12-31,https://ship-rail.gc.ca/corporate/info-source,https://navire-rail.gc.ca/organisation/source-information,,,,,https://ship-rail.gc.ca/corporate/info-source,https://navire-rail.gc.ca/organisation/source-information,TBS assigns the combined reporting entity Ship and Rail Compensation Canada.,12-31,reporting_entity_override,https://ship-rail.gc.ca/corporate/info-source,https://navire-rail.gc.ca/organisation/source-information,https://ship-rail.gc.ca/corporate/info-source,https://ship-rail.gc.ca/corporate/info-source,https://navire-rail.gc.ca/organisation/source-information,https://navire-rail.gc.ca/organisation/source-information,https://www.canada.ca/en/treasury-board-secretariat/services/access-information-privacy/access-information/access-informatio-policies-guidance/programs-holdings-online-publishing-requirements.html#toc-a,https://www.canada.ca/fr/secretariat-conseil-tresor/services/acces-information-protection-renseignements-personnels/acces-information/politiques-directives-acces-information/exigences-publication-ligne-programmes-fonds.html#toc-a,https://www.canada.ca/en/treasury-board-secretariat/services/access-information-privacy/access-information/info-source/list-institutions.html,https://www.canada.ca/fr/secretariat-conseil-tresor/services/acces-information-protection-reseignements-personnels/acces-information/info-source/liste-organisations.html,https://ship-rail.gc.ca/corporate/info-source,https://navire-rail.gc.ca/organisation/source-information,https://open.canada.ca/data/api/action/organization_list?all_fields=true&include_extras=true,https://open.canada.ca/data/en/api/3/action/datastore_search?resource_id=cb5b5566-f599-4d12-abae-8279a0230928&limit=500,https://open.canada.ca/data/en/api/3/action/datastore_search?resource_id=3faaafb4-00e2-4303-947d-ac786b62559f&limit=500,2026-08-15,verified_info_source,200,https://ship-rail.gc.ca/corporate/info-source,verified_info_source,200,https://navire-rail.gc.ca/organisation/source-information
ati-schedule-i-office-of-the-auditor-general-of-canada,I,Other Government Institutions,104,Office of the Auditor General of Canada,Bureau du vérificateur général du Canada,https://laws-lois.justice.gc.ca/eng/XML/A-1.xml,2270.0,exact,1.0,Office of the Auditor General of Canada,Bureau du vérificateur général du Canada,,,Department of Finance Canada,Ministère des Finances Canada,1.1,,,a,,www.oag-bvg.gc.ca,www.oag-bvg.gc.ca,oag-bvg,238.0,2.0,Office of the Auditor General of Canada,AUD,AUD00,4DDD2FC7-A8EA-4633-841B-248A5F792540,oag-bvg,Office of the Auditor General of Canada,Bureau du vérificateur général du Canada,active,approved,125.0,6.0,atip-aiprp@oag-bvg.gc.ca,internal,open_gov_slug,1.0,Office of the Auditor General of Canada,09-30,A.3,exact,1.0,Bureau du vérificateur général du Canada,09-30,A.3,exact,1.0,Office of the Auditor General of Canada,http://www.oag-bvg.gc.ca/internet/English/acc_fs_e_38857.html,exact,1.0,Bureau du vérificateur général du Canada,http://www.oag-bvg.gc.ca/internet/Francais/acc_fs_f_38857.html,exact,1.0,,,,,,,,,,,,,09-30,direct,http://www.oag-bvg.gc.ca/internet/English/acc_fs_e_38857.html,http://www.oag-bvg.gc.ca/internet/Francais/acc_fs_f_38857.html,http://www.oag-bvg.gc.ca/internet/English/acc_fs_e_38857.html,http://www.oag-bvg.gc.ca/internet/English/acc_fs_e_38857.html,http://www.oag-bvg.gc.ca/internet/Francais/acc_fs_f_38857.html,http://www.oag-bvg.gc.ca/internet/Francais/acc_fs_f_38857.html,https://www.canada.ca/en/treasury-board-secretariat/services/access-information-privacy/access-information/access-informatio-policies-guidance/programs-holdings-online-publishing-requirements.html#toc-a,https://www.canada.ca/fr/secretariat-conseil-tresor/services/acces-information-protection-renseignements-personnels/acces-information/politiques-directives-acces-information/exigences-publication-ligne-programmes-fonds.html#toc-a,https://www.canada.ca/en/treasury-board-secretariat/services/access-information-privacy/access-information/info-source/list-institutions.html,https://www.canada.ca/fr/secretariat-conseil-tresor/services/acces-information-protection-reseignements-personnels/acces-information/info-source/liste-organisations.html,https://www.canada.ca/en/treasury-board-secretariat/services/access-information-privacy/access-information/info-source/list-institutions.html,https://www.canada.ca/fr/secretariat-conseil-tresor/services/acces-information-protection-reseignements-personnels/acces-information/info-source/liste-organisations.html,https://open.canada.ca/data/api/action/organization_list?all_fields=true&include_extras=true,https://open.canada.ca/data/en/api/3/action/datastore_search?resource_id=cb5b5566-f599-4d12-abae-8279a0230928&limit=500,https://open.canada.ca/data/en/api/3/action/datastore_search?resource_id=3faaafb4-00e2-4303-947d-ac786b62559f&limit=500,2026-08-15,reachable_unverified_content,200,https://www.oag-bvg.gc.ca/internet/English/acc_fs_e_38857.html,reachable_unverified_content,200,https://www.oag-bvg.gc.ca/internet/Francais/acc_fs_f_38857.html
ati-schedule-i-office-of-the-chief-electoral-officer,I,Other Government Institutions,105,Office of the Chief Electoral Officer,Bureau du directeur général des élections,https://laws-lois.justice.gc.ca/eng/XML/A-1.xml,2271.0,exact,1.0,Elections Canada,Élections Canada,,,,,1.1,elections,elections,a,,www.elections.ca,www.elections.ca,elections,239.0,15.0,Office of the Chief Electoral Officer,CEO,CEO00,177F4C5D-5EB5-469F-B0DB-7CBF3CC313F9,elections,Elections Canada,Élections Canada,active,approved,285.0,14.0,aiprp-atip@elections.ca,internal,open_gov_slug,1.0,Office of the Chief Electoral Officer,09-30,A.3,exact,1.0,Bureau du directeur général des élections,09-30,A.3,exact,1.0,Elections Canada,http://www.elections.ca/content.aspx?section=abo&dir=atip/info&document=index&lang=e,exact,1.0,Élections Canada,http://www.elections.ca/content.aspx?section=abo&dir=atip/info&document=index&lang=f,exact,1.0,,,,,,,,,,,,,09-30,direct,http://www.elections.ca/content.aspx?section=abo&dir=atip/info&document=index&lang=e,http://www.elections.ca/content.aspx?section=abo&dir=atip/info&document=index&lang=f,https://www.elections.ca:443/content.aspx?section=abo&dir=atip/info&document=p7&lang=e,https://www.elections.ca:443/content.aspx?section=abo&dir=atip/info&document=index&lang=e,https://www.elections.ca:443/content.aspx?section=abo&dir=atip/info&document=p7&lang=f,https://www.elections.ca:443/content.aspx?section=abo&dir=atip/info&document=index&lang=f,https://www.canada.ca/en/treasury-board-secretariat/services/access-information-privacy/access-information/access-informatio-policies-guidance/programs-holdings-online-publishing-requirements.html#toc-a,https://www.canada.ca/fr/secretariat-conseil-tresor/services/acces-information-protection-renseignements-personnels/acces-information/politiques-directives-acces-information/exigences-publication-ligne-programmes-fonds.html#toc-a,https://www.canada.ca/en/treasury-board-secretariat/services/access-information-privacy/access-information/info-source/list-institutions.html,https://www.canada.ca/fr/secretariat-conseil-tresor/services/acces-information-protection-reseignements-personnels/acces-information/info-source/liste-organisations.html,https://www.canada.ca/en/treasury-board-secretariat/services/access-information-privacy/access-information/info-source/list-institutions.html,https://www.canada.ca/fr/secretariat-conseil-tresor/services/acces-information-protection-reseignements-personnels/acces-information/info-source/liste-organisations.html,https://open.canada.ca/data/api/action/organization_list?all_fields=true&include_extras=true,https://open.canada.ca/data/en/api/3/action/datastore_search?resource_id=cb5b5566-f599-4d12-abae-8279a0230928&limit=500,https://open.canada.ca/data/en/api/3/action/datastore_search?resource_id=3faaafb4-00e2-4303-947d-ac786b62559f&limit=500,2026-08-15,verified_info_source,200,https://www.elections.ca:443/content.aspx?section=abo&dir=atip/info&document=index&lang=e,verified_info_source,200,https://www.elections.ca:443/content.aspx?section=abo&dir=atip/info&document=index&lang=f
ati-schedule-i-office-of-the-commissioner-of-lobbying,I,Other Government Institutions,106,Office of the Commissioner of Lobbying,Commissariat au lobbying,https://laws-lois.justice.gc.ca/eng/XML/A-1.xml,2273.0,exact,1.0,Office of the Commissioner of Lobbying of Canada,Commissariat au lobbying du Canada,Office of the Commissioner of Lobbying of Canada,Commissariat au lobbying du Canada,Treasury Board of Canada Secretariat,Secrétariat du Conseil du Trésor du Canada,1.1,OCL,CAL,a,,https://lobbycanada.gc.ca/en,https://lobbycanada.gc.ca/fr,ocl-cal,241.0,154.0,Office of the Commissioner of Lobbying,LOB,LOB00,6B85304C-C856-463D-A6DB-463091FEE549,ocl-cal,Office of the Commissioner of Lobbying of Canada,Commissariat au lobbying du Canada,active,approved,205.0,70.0,atip-aiprp@ocl-cal.gc.ca,internal,open_gov_slug,1.0,Office of the Commissioner of Lobbying of Canada,09-30,A.3,exact,1.0,Commissariat au lobbying du Canada,09-30,A.3,exact,1.0,Office of the Commissioner of Lobbying of Canada,https://lobbycanada.gc.ca/en/info-source/,exact,1.0,Commissariat au lobbying du Canada,https://lobbycanada.gc.ca/fr/info-source/,exact,1.0,,,,,,,,,,,,,09-30,direct,https://lobbycanada.gc.ca/en/info-source/,https://lobbycanada.gc.ca/fr/info-source/,https://lobbycanada.gc.ca/en/info-source/,https://lobbycanada.gc.ca/en/info-source/,https://lobbycanada.gc.ca/fr/info-source/,https://lobbycanada.gc.ca/fr/info-source/,https://www.canada.ca/en/treasury-board-secretariat/services/access-information-privacy/access-information/access-informatio-policies-guidance/programs-holdings-online-publishing-requirements.html#toc-a,https://www.canada.ca/fr/secretariat-conseil-tresor/services/acces-information-protection-renseignements-personnels/acces-information/politiques-directives-acces-information/exigences-publication-ligne-programmes-fonds.html#toc-a,https://www.canada.ca/en/treasury-board-secretariat/services/access-information-privacy/access-information/info-source/list-institutions.html,https://www.canada.ca/fr/secretariat-conseil-tresor/services/acces-information-protection-reseignements-personnels/acces-information/info-source/liste-organisations.html,https://www.canada.ca/en/treasury-board-secretariat/services/access-information-privacy/access-information/info-source/list-institutions.html,https://www.canada.ca/fr/secretariat-conseil-tresor/services/acces-information-protection-reseignements-personnels/acces-information/info-source/liste-organisations.html,https://open.canada.ca/data/api/action/organization_list?all_fields=true&include_extras=true,https://open.canada.ca/data/en/api/3/action/datastore_search?resource_id=cb5b5566-f599-4d12-abae-8279a0230928&limit=500,https://open.canada.ca/data/en/api/3/action/datastore_search?resource_id=3faaafb4-00e2-4303-947d-ac786b62559f&limit=500,2026-08-15,http_error,403,https://lobbycanada.gc.ca/en/info-source/,http_error,403,https://lobbycanada.gc.ca/fr/info-source/
ati-schedule-i-office-of-the-commissioner-of-official-languages,I,Other Government Institutions,107,Office of the Commissioner of Official Languages,Commissariat aux langues officielles,https://laws-lois.justice.gc.ca/eng/XML/A-1.xml,2274.0,exact,1.0,Office of the Commissioner of Official Languages,Commissariat aux langues officielles,,,Privy Council Office,Bureau du Conseil privé,1.1,OCOL,CLO,a,,www.officiallanguages.gc.ca/en,www.officiallanguages.gc.ca/fr,ocol-clo,242.0,76.0,Office of the Commissioner of Official Languages,COL,COL00,E45B1486-67DB-431A-96C5-E127DF594DBA,ocol-clo,Office of the Commissioner of Official Languages,Commissariat aux langues officielles,active,approved,258.0,21.0,AIPRP-ATIP@clo-ocol.gc.ca,internal,open_gov_slug,1.0,Office of the Commissioner of Official Languages,09-30,A.3,exact,1.0,Commissariat aux langues officielles,09-30,A.3,exact,1.0,Office of the Commissioner of Official Languages,https://www.clo-ocol.gc.ca/en/publications/other/2021/info-source-2021,exact,1.0,Commissariat aux langues officielles,https://www.clo-ocol.gc.ca/fr/publications/autres/2021/info-source-2021,exact,1.0,,,,,,,,,,,,,09-30,direct,https://www.clo-ocol.gc.ca/en/publications/other/2021/info-source-2021,https://www.clo-ocol.gc.ca/fr/publications/autres/2021/info-source-2021,https://www.clo-ocol.gc.ca/en/publications/other/2021/info-source-2021,https://www.clo-ocol.gc.ca/en/publications/other/2021/info-source-2021,https://www.clo-ocol.gc.ca/fr/publications/autres/2021/info-source-2021,https://www.clo-ocol.gc.ca/fr/publications/autres/2021/info-source-2021,https://www.canada.ca/en/treasury-board-secretariat/services/access-information-privacy/access-information/access-informatio-policies-guidance/programs-holdings-online-publishing-requirements.html#toc-a,https://www.canada.ca/fr/secretariat-conseil-tresor/services/acces-information-protection-renseignements-personnels/acces-information/politiques-directives-acces-information/exigences-publication-ligne-programmes-fonds.html#toc-a,https://www.canada.ca/en/treasury-board-secretariat/services/access-information-privacy/access-information/info-source/list-institutions.html,https://www.canada.ca/fr/secretariat-conseil-tresor/services/acces-information-protection-reseignements-personnels/acces-information/info-source/liste-organisations.html,https://www.canada.ca/en/treasury-board-secretariat/services/access-information-privacy/access-information/info-source/list-institutions.html,https://www.canada.ca/fr/secretariat-conseil-tresor/services/acces-information-protection-reseignements-personnels/acces-information/info-source/liste-organisations.html,https://open.canada.ca/data/api/action/organization_list?all_fields=true&include_extras=true,https://open.canada.ca/data/en/api/3/action/datastore_search?resource_id=cb5b5566-f599-4d12-abae-8279a0230928&limit=500,https://open.canada.ca/data/en/api/3/action/datastore_search?resource_id=3faaafb4-00e2-4303-947d-ac786b62559f&limit=500,2026-08-15,request_error,,,request_error,,
ati-schedule-i-office-of-the-correctional-investigator-of-canada,I,Other Government Institutions,108,Office of the Correctional Investigator of Canada,Bureau de l’enquêteur correctionnel du Canada,https://laws-lois.justice.gc.ca/eng/XML/A-1.xml,2276.0,exact,1.0,The Correctional Investigator Canada,L'Enquêteur correctionnel Canada,The Correctional Investigator Canada,L'Enquêteur correctionnel Canada,Public Safety Canada,Sécurité publique Canada,1.1,OCI,BEC,a,,www.oci-bec.gc.ca,www.oci-bec.gc.ca,oci-bec,247.0,,Office of the Correctional Investigator of Canada,OCI,,11e44621-6b0c-47aa-88a2-4afa97e07090,oci-bec,The Correctional Investigator Canada,L'Enquêteur correctionnel Canada,active,approved,5555.0,83.0,jean-frederic.boulais@oci-bec.gc.ca,internal,open_gov_slug,1.0,Office of the Correctional Investigator of Canada,09-30,A.3,exact,1.0,,,,unmatched,1.0,Office of the Correctional Investigator,http://www.oci-bec.gc.ca/cnt/disc-div/atip-aiprp/infosource/infosource2018-1-eng.aspx,override_exact,1.0,,,unmatched,0.8955,Office of the Correctional Investigator,Bureau de l’enquêteur correctionnel,,https://oci-bec.gc.ca/en/content/transparency/info-source,https://oci-bec.gc.ca/fr/content/transparence/info-source,,,,,https://oci-bec.gc.ca/en/content/transparency/info-source,https://oci-bec.gc.ca/fr/content/transparence/info-source,Public-facing name omits of Canada; bilingual current routes verified through web search.,09-30,direct,https://oci-bec.gc.ca/en/content/transparency/info-source,https://oci-bec.gc.ca/fr/content/transparence/info-source,https://oci-bec.gc.ca/en/content/transparency/info-source,https://oci-bec.gc.ca/en/content/transparency/info-source,https://oci-bec.gc.ca/fr/content/transparence/info-source,https://oci-bec.gc.ca/fr/content/transparence/info-source,https://www.canada.ca/en/treasury-board-secretariat/services/access-information-privacy/access-information/access-informatio-policies-guidance/programs-holdings-online-publishing-requirements.html#toc-a,https://www.canada.ca/fr/secretariat-conseil-tresor/services/acces-information-protection-renseignements-personnels/acces-information/politiques-directives-acces-information/exigences-publication-ligne-programmes-fonds.html#toc-a,https://www.canada.ca/en/treasury-board-secretariat/services/access-information-privacy/access-information/info-source/list-institutions.html,https://www.canada.ca/fr/secretariat-conseil-tresor/services/acces-information-protection-reseignements-personnels/acces-information/info-source/liste-organisations.html,https://oci-bec.gc.ca/en/content/transparency/info-source,https://oci-bec.gc.ca/fr/content/transparence/info-source,https://open.canada.ca/data/api/action/organization_list?all_fields=true&include_extras=true,https://open.canada.ca/data/en/api/3/action/datastore_search?resource_id=cb5b5566-f599-4d12-abae-8279a0230928&limit=500,https://open.canada.ca/data/en/api/3/action/datastore_search?resource_id=3faaafb4-00e2-4303-947d-ac786b62559f&limit=500,2026-08-15,verified_info_source,200,https://oci-bec.gc.ca/en/content/transparency/info-source,verified_info_source,200,https://oci-bec.gc.ca/fr/content/transparence/info-source
ati-schedule-i-office-of-the-director-of-public-prosecutions,I,Other Government Institutions,109,Office of the Director of Public Prosecutions,Bureau du directeur des poursuites pénales,https://laws-lois.justice.gc.ca/eng/XML/A-1.xml,2277.0,exact,1.0,Public Prosecution Service of Canada,Service des poursuites pénales du Canada,Public Prosecution Service of Canada,Service des poursuites pénales du Canada,Department of Justice Canada,Ministère de la Justice Canada,1.1,PPSC,SPPC,a,,www.ppsc-sppc.gc.ca/,www.ppsc-sppc.gc.ca,ppsc-sppc,248.0,19.0,Public Prosecution Service of Canada,PPD,PPD00,3E9C5012-AD1D-452C-9432-4C3A66E5F1F8,ppsc-sppc,Public Prosecution Service of Canada,Service des poursuites pénales du Canada,active,approved,98.0,90.0,ATIP-AIPRP@ppsc-sppc.gc.ca,internal,open_gov_slug,1.0,Public Prosecution Service of Canada,06-30,A.2,exact,1.0,Service des poursuites pénales du Canada,06-30,A.2,exact,1.0,Public Prosecution Service of Canada,http://www.ppsc-sppc.gc.ca/eng/tra/is/index.html,exact,1.0,Service des poursuites pénales du Canada,https://www.ppsc-sppc.gc.ca/fra/tra/is/index.html,exact,1.0,,,,,,,,,,,,,06-30,direct,http://www.ppsc-sppc.gc.ca/eng/tra/is/index.html,https://www.ppsc-sppc.gc.ca/fra/tra/is/index.html,http://www.ppsc-sppc.gc.ca/eng/tra/is/index.html,http://www.ppsc-sppc.gc.ca/eng/tra/is/index.html,https://www.ppsc-sppc.gc.ca/fra/tra/is/frp-pib.html,https://www.ppsc-sppc.gc.ca/fra/tra/is/cds-cor.html,https://www.canada.ca/en/treasury-board-secretariat/services/access-information-privacy/access-information/access-informatio-policies-guidance/programs-holdings-online-publishing-requirements.html#toc-a,https://www.canada.ca/fr/secretariat-conseil-tresor/services/acces-information-protection-renseignements-personnels/acces-information/politiques-directives-acces-information/exigences-publication-ligne-programmes-fonds.html#toc-a,https://www.canada.ca/en/treasury-board-secretariat/services/access-information-privacy/access-information/info-source/list-institutions.html,https://www.canada.ca/fr/secretariat-conseil-tresor/services/acces-information-protection-reseignements-personnels/acces-information/info-source/liste-organisations.html,https://www.canada.ca/en/treasury-board-secretariat/services/access-information-privacy/access-information/info-source/list-institutions.html,https://www.canada.ca/fr/secretariat-conseil-tresor/services/acces-information-protection-reseignements-personnels/acces-information/info-source/liste-organisations.html,https://open.canada.ca/data/api/action/organization_list?all_fields=true&include_extras=true,https://open.canada.ca/data/en/api/3/action/datastore_search?resource_id=cb5b5566-f599-4d12-abae-8279a0230928&limit=500,https://open.canada.ca/data/en/api/3/action/datastore_search?resource_id=3faaafb4-00e2-4303-947d-ac786b62559f&limit=500,2026-08-15,request_error,,,verified_info_source,200,https://www.ppsc-sppc.gc.ca/fra/tra/is/index.html
ati-schedule-i-office-of-the-information-commissioner,I,Other Government Institutions,110,Office of the Information Commissioner,Commissariat à l’information,https://laws-lois.justice.gc.ca/eng/XML/A-1.xml,2281.0,fuzzy,0.8986,Office of the Information Commissioner of Canada,Commissariat à l'information au Canada,,,Department of Justice Canada,Ministère de la Justice Canada,4.0,OIC,CI,a,,https://www.oic-ci.gc.ca/en,https://www.oic-ci.gc.ca/fr,oic-ci,256.0,96.0,Office of the Information Commissioner of Canada,IPC,IPC00,29a15a37-bb1f-5e43-aacc-48781b297fd6,oic-ci,Office of the Information Commissioner of Canada,Commissariat à l'information du Canada,active,approved,41.0,65.0,ATIP-Services-AIPRP@oic-ci.gc.ca,internal,open_gov_slug,1.0,Office of the Information Commissioner of Canada,09-30,A.3,exact,1.0,Commissariat à l’information du Canada,09-30,A.3,fuzzy,0.9565,Office of the Information Commissioner of Canada,https://www.oic-ci.gc.ca/en/info-source,override_exact,1.0,Commissariat à l’information du Canada,https://www.oic-ci.gc.ca/fr/info-source,override_exact,1.0,,,,,,,,,,,,Public-facing name includes Canada.,09-30,direct,https://www.oic-ci.gc.ca/en/info-source,https://www.oic-ci.gc.ca/fr/info-source,https://www.oic-ci.gc.ca/en/info-source,https://www.oic-ci.gc.ca/en/info-source,https://www.oic-ci.gc.ca/fr/info-source,https://www.oic-ci.gc.ca/fr/info-source,https://www.canada.ca/en/treasury-board-secretariat/services/access-information-privacy/access-information/access-informatio-policies-guidance/programs-holdings-online-publishing-requirements.html#toc-a,https://www.canada.ca/fr/secretariat-conseil-tresor/services/acces-information-protection-renseignements-personnels/acces-information/politiques-directives-acces-information/exigences-publication-ligne-programmes-fonds.html#toc-a,https://www.canada.ca/en/treasury-board-secretariat/services/access-information-privacy/access-information/info-source/list-institutions.html,https://www.canada.ca/fr/secretariat-conseil-tresor/services/acces-information-protection-reseignements-personnels/acces-information/info-source/liste-organisations.html,https://www.canada.ca/en/treasury-board-secretariat/services/access-information-privacy/access-information/info-source/list-institutions.html,https://www.canada.ca/fr/secretariat-conseil-tresor/services/acces-information-protection-reseignements-personnels/acces-information/info-source/liste-organisations.html,https://open.canada.ca/data/api/action/organization_list?all_fields=true&include_extras=true,https://open.canada.ca/data/en/api/3/action/datastore_search?resource_id=cb5b5566-f599-4d12-abae-8279a0230928&limit=500,https://open.canada.ca/data/en/api/3/action/datastore_search?resource_id=3faaafb4-00e2-4303-947d-ac786b62559f&limit=500,2026-08-15,verified_info_source,200,https://www.oic-ci.gc.ca/en/info-source,verified_info_source,200,https://www.oic-ci.gc.ca/fr/info-source
ati-schedule-i-office-of-the-intelligence-commissioner,I,Other Government Institutions,111,Office of the Intelligence Commissioner,Bureau du commissaire au renseignement,https://laws-lois.justice.gc.ca/eng/XML/A-1.xml,2275.0,exact,1.0,Office of the Intelligence Commissioner,Bureau du commissaire au renseignement,,,Privy Council Office,Bureau du Conseil privé,1.1,,,a,,https://www.canada.ca/en/intelligence-commissioner.html,https://www.canada.ca/fr/commissaire-renseignement.html,ocsec-bccst,244.0,197.0,Office of the Intelligence Commissioner of Canada,OLC,OLC00,626F5B6F-4BC3-4622-A60C-EA10FDCCAA90,ocsec-bccst,Office of the Intelligence Commissioner,Bureau du commissaire au renseignement,active,approved,279.0,221.0,Info@ico-bcr.gc.ca,internal,open_gov_slug,1.0,Office of the Intelligence Commissioner of Canada,09-30,A.3,exact,1.0,Bureau du commissaire au renseignement,09-30,A.3,exact,1.0,,,unmatched,0.8312,,,unmatched,0.5758,,,,https://www.canada.ca/content/dam/oic-bcr/info-source/2025%20-%20Info%20Source%20-%20Sources%20of%20Federal%20Government%20and%20Employee%20Information.pdf,https://www.canada.ca/content/dam/oic-bcr/info-source/2025%20-%20Info%20Source%20-%20Sources%20de%20renseignements%20du%20gouvernement%20f%C3%A9d%C3%A9ral%20et%20sur%20les%20fonctionnaires%20f%C3%A9d%C3%A9raux.pdf,,,,,https://www.canada.ca/content/dam/oic-bcr/info-source/2025%20-%20Info%20Source%20-%20Sources%20of%20Federal%20Government%20and%20Employee%20Information.pdf,https://www.canada.ca/content/dam/oic-bcr/info-source/2025%20-%20Info%20Source%20-%20Sources%20de%20renseignements%20du%20gouvernement%20f%C3%A9d%C3%A9ral%20et%20sur%20les%20fonctionnaires%20f%C3%A9d%C3%A9raux.pdf,Bilingual 2025 reports verified through web search.,09-30,direct,https://www.canada.ca/content/dam/oic-bcr/info-source/2025%20-%20Info%20Source%20-%20Sources%20of%20Federal%20Government%20and%20Employee%20Information.pdf,https://www.canada.ca/content/dam/oic-bcr/info-source/2025%20-%20Info%20Source%20-%20Sources%20de%20renseignements%20du%20gouvernement%20f%C3%A9d%C3%A9ral%20et%20sur%20les%20fonctionnaires%20f%C3%A9d%C3%A9raux.pdf,https://www.canada.ca/content/dam/oic-bcr/info-source/2025%20-%20Info%20Source%20-%20Sources%20of%20Federal%20Government%20and%20Employee%20Information.pdf,https://www.canada.ca/content/dam/oic-bcr/info-source/2025%20-%20Info%20Source%20-%20Sources%20of%20Federal%20Government%20and%20Employee%20Information.pdf,https://www.canada.ca/content/dam/oic-bcr/info-source/2025%20-%20Info%20Source%20-%20Sources%20de%20renseignements%20du%20gouvernement%20f%C3%A9d%C3%A9ral%20et%20sur%20les%20fonctionnaires%20f%C3%A9d%C3%A9raux.pdf,https://www.canada.ca/content/dam/oic-bcr/info-source/2025%20-%20Info%20Source%20-%20Sources%20de%20renseignements%20du%20gouvernement%20f%C3%A9d%C3%A9ral%20et%20sur%20les%20fonctionnaires%20f%C3%A9d%C3%A9raux.pdf,https://www.canada.ca/en/treasury-board-secretariat/services/access-information-privacy/access-information/access-informatio-policies-guidance/programs-holdings-online-publishing-requirements.html#toc-a,https://www.canada.ca/fr/secretariat-conseil-tresor/services/acces-information-protection-renseignements-personnels/acces-information/politiques-directives-acces-information/exigences-publication-ligne-programmes-fonds.html#toc-a,https://www.canada.ca/en/treasury-board-secretariat/services/access-information-privacy/access-information/info-source/list-institutions.html,https://www.canada.ca/fr/secretariat-conseil-tresor/services/acces-information-protection-reseignements-personnels/acces-information/info-source/liste-organisations.html,https://www.canada.ca/content/dam/oic-bcr/info-source/2025%20-%20Info%20Source%20-%20Sources%20of%20Federal%20Government%20and%20Employee%20Information.pdf,https://www.canada.ca/content/dam/oic-bcr/info-source/2025%20-%20Info%20Source%20-%20Sources%20de%20renseignements%20du%20gouvernement%20f%C3%A9d%C3%A9ral%20et%20sur%20les%20fonctionnaires%20f%C3%A9d%C3%A9raux.pdf,https://open.canada.ca/data/api/action/organization_list?all_fields=true&include_extras=true,https://open.canada.ca/data/en/api/3/action/datastore_search?resource_id=cb5b5566-f599-4d12-abae-8279a0230928&limit=500,https://open.canada.ca/data/en/api/3/action/datastore_search?resource_id=3faaafb4-00e2-4303-947d-ac786b62559f&limit=500,2026-08-15,request_error,,,request_error,,
ati-schedule-i-office-of-the-privacy-commissioner,I,Other Government Institutions,112,Office of the Privacy Commissioner,Commissariat à la protection de la vie privée,https://laws-lois.justice.gc.ca/eng/XML/A-1.xml,2282.0,fuzzy,0.9114,Office of the Privacy Commissioner of Canada,Commissariat à la protection de la vie privée du Canada,,,Department of Justice Canada,Ministère de la Justice Canada,4.0,OPC,CPVP,a,,https://www.priv.gc.ca/en/,https://www.priv.gc.ca/fr/,opc-cpvp,256.0,96.0,Office of the Privacy Commissioner of Canada,OPC,IPC00,1E85EDF7-8D3C-4E68-8B47-D17B5A69BD42,opc-cpvp,Office of the Privacy Commissioner of Canada,Commissariat à la protection de la vie privée du Canada,active,approved,226.0,84.0,atip-aiprp@priv.gc.ca,internal,open_gov_slug,1.0,Office of the Privacy Commissioner of Canada,09-30,A.3,exact,1.0,Commissariat à la protection de la vie privée du Canada,09-30,A.3,exact,1.0,Office of the Privacy Commissioner of Canada,https://www.priv.gc.ca/en/about-the-opc/opc-access-to-information-and-privacy/infosource/,exact,1.0,Commissariat à la protection de la vie privée du Canada,https://www.priv.gc.ca/fr/a-propos-du-commissariat/acces-a-l-information-et-protection-des-renseignements-personnels-au-commissariat/infosource/,exact,1.0,,,,,,,,,,,,,09-30,direct,https://www.priv.gc.ca/en/about-the-opc/opc-access-to-information-and-privacy/infosource/,https://www.priv.gc.ca/fr/a-propos-du-commissariat/acces-a-l-information-et-protection-des-renseignements-personnels-au-commissariat/infosource/,https://www.priv.gc.ca/en/about-the-opc/opc-access-to-information-and-privacy/infosource/,https://www.priv.gc.ca/en/about-the-opc/opc-access-to-information-and-privacy/infosource/,https://www.priv.gc.ca/fr/a-propos-du-commissariat/acces-a-l-information-et-protection-des-renseignements-personnels-au-commissariat/infosource/,https://www.priv.gc.ca/fr/a-propos-du-commissariat/acces-a-l-information-et-protection-des-renseignements-personnels-au-commissariat/infosource/,https://www.canada.ca/en/treasury-board-secretariat/services/access-information-privacy/access-information/access-informatio-policies-guidance/programs-holdings-online-publishing-requirements.html#toc-a,https://www.canada.ca/fr/secretariat-conseil-tresor/services/acces-information-protection-renseignements-personnels/acces-information/politiques-directives-acces-information/exigences-publication-ligne-programmes-fonds.html#toc-a,https://www.canada.ca/en/treasury-board-secretariat/services/access-information-privacy/access-information/info-source/list-institutions.html,https://www.canada.ca/fr/secretariat-conseil-tresor/services/acces-information-protection-reseignements-personnels/acces-information/info-source/liste-organisations.html,https://www.canada.ca/en/treasury-board-secretariat/services/access-information-privacy/access-information/info-source/list-institutions.html,https://www.canada.ca/fr/secretariat-conseil-tresor/services/acces-information-protection-reseignements-personnels/acces-information/info-source/liste-organisations.html,https://open.canada.ca/data/api/action/organization_list?all_fields=true&include_extras=true,https://open.canada.ca/data/en/api/3/action/datastore_search?resource_id=cb5b5566-f599-4d12-abae-8279a0230928&limit=500,https://open.canada.ca/data/en/api/3/action/datastore_search?resource_id=3faaafb4-00e2-4303-947d-ac786b62559f&limit=500,2026-08-15,verified_info_source,200,https://www.priv.gc.ca/en/about-the-opc/opc-access-to-information-and-privacy/infosource/,verified_info_source,200,https://www.priv.gc.ca/fr/a-propos-du-commissariat/acces-a-l-information-et-protection-des-renseignements-personnels-au-commissariat/infosource/
ati-schedule-i-office-of-the-public-sector-integrity-commissioner,I,Other Government Institutions,113,Office of the Public Sector Integrity Commissioner,Commissariat à l’intégrité du secteur public,https://laws-lois.justice.gc.ca/eng/XML/A-1.xml,2279.0,exact,1.0,Office of the Public Sector Integrity Commissioner of Canada,Commissariat à l'intégrité du secteur public du Canada,Office of the Public Sector Integrity Commissioner of Canada,Commissariat à l'intégrité du secteur public du Canada,Treasury Board of Canada Secretariat,Secrétariat du Conseil du Trésor du Canada,1.1,PSIC,ISPC,a,,www.psic-ispc.gc.ca,www.psic-ispc.gc.ca,psic-ispc,250.0,46.0,Office of the Public Sector Integrity Commissioner of Canada,INT,INT00,fa99e4f5-bf48-4622-9fc1-722ac1dac79f,psic-ispc,Office of the Public Sector Integrity Commissioner of Canada,Commissariat à l'intégrité du secteur public du Canada,active,approved,210.0,63.0,info@psic-ispc.gc.ca,internal,open_gov_slug,1.0,Office of the Public Sector Integrity Commissioner of Canada,09-30,A.3,exact,1.0,Commissariat à l’intégrité du secteur public du Canada,09-30,A.3,exact,1.0,Office of the Public Sector Integrity Commissioner of Canada,https://www.psic-ispc.gc.ca/en/info-source-sources-federal-government-and-employee-information,exact,1.0,Commissariat à l’intégrité du secteur public du Canada,https://www.psic-ispc.gc.ca/fr/info-source-sources-de-renseignements-du-gouvernement-federal-et-sur-les-fonctionnaires-federaux,exact,1.0,,,,,,,,,,,,,09-30,direct,https://www.psic-ispc.gc.ca/en/info-source-sources-federal-government-and-employee-information,https://www.psic-ispc.gc.ca/fr/info-source-sources-de-renseignements-du-gouvernement-federal-et-sur-les-fonctionnaires-federaux,https://www.psic-ispc.gc.ca/en/info-source-sources-federal-government-and-employee-information,https://www.psic-ispc.gc.ca/en/info-source-sources-federal-government-and-employee-information,https://www.psic-ispc.gc.ca/fr/info-source-sources-de-renseignements-du-gouvernement-federal-et-sur-les-fonctionnaires-federaux,https://www.psic-ispc.gc.ca/fr/info-source-sources-de-renseignements-du-gouvernement-federal-et-sur-les-fonctionnaires-federaux,https://www.canada.ca/en/treasury-board-secretariat/services/access-information-privacy/access-information/access-informatio-policies-guidance/programs-holdings-online-publishing-requirements.html#toc-a,https://www.canada.ca/fr/secretariat-conseil-tresor/services/acces-information-protection-renseignements-personnels/acces-information/politiques-directives-acces-information/exigences-publication-ligne-programmes-fonds.html#toc-a,https://www.canada.ca/en/treasury-board-secretariat/services/access-information-privacy/access-information/info-source/list-institutions.html,https://www.canada.ca/fr/secretariat-conseil-tresor/services/acces-information-protection-reseignements-personnels/acces-information/info-source/liste-organisations.html,https://www.canada.ca/en/treasury-board-secretariat/services/access-information-privacy/access-information/info-source/list-institutions.html,https://www.canada.ca/fr/secretariat-conseil-tresor/services/acces-information-protection-reseignements-personnels/acces-information/info-source/liste-organisations.html,https://open.canada.ca/data/api/action/organization_list?all_fields=true&include_extras=true,https://open.canada.ca/data/en/api/3/action/datastore_search?resource_id=cb5b5566-f599-4d12-abae-8279a0230928&limit=500,https://open.canada.ca/data/en/api/3/action/datastore_search?resource_id=3faaafb4-00e2-4303-947d-ac786b62559f&limit=500,2026-08-15,verified_info_source,200,https://www.psic-ispc.gc.ca/en/info-source-sources-federal-government-and-employee-information,verified_info_source,200,https://www.psic-ispc.gc.ca/fr/info-source-sources-de-renseignements-du-gouvernement-federal-et-sur-les-fonctionnaires-federaux
ati-schedule-i-office-of-the-superintendent-of-financial-institutions,I,Other Government Institutions,114,Office of the Superintendent of Financial Institutions,Bureau du surintendant des institutions financières,https://laws-lois.justice.gc.ca/eng/XML/A-1.xml,2280.0,exact,1.0,Office of the Superintendent of Financial Institutions Canada,Bureau du surintendant des institutions financières Canada,Office of the Superintendent of Financial Institutions Canada,Bureau du surintendant des institutions financières Canada,Department of Finance Canada,Ministère des Finances Canada,1.1,OSFI,BSIF,a,,https://www.osfi-bsif.gc.ca/en,https://www.osfi-bsif.gc.ca/fr,osfi-bsif,253.0,11.0,Office of the Superintendent of Financial Institutions Canada,SIF,SIF00,4F01090B-C049-4CAF-9C6C-D00312B23DCB,osfi-bsif,Office of the Superintendent of Financial Institutions Canada,Bureau du surintendant des institutions financières Canada,active,approved,184.0,108.0,atip-aiprp@osfi-bsif.gc.ca,internal,open_gov_slug,1.0,Office of the Superintendent of Financial Institutions Canada,06-30,A.2,exact,1.0,Bureau du surintendant des institutions financières Canada,06-30,A.2,exact,1.0,Office of the Superintendent of Financial Institutions Canada,http://www.osfi-bsif.gc.ca/Eng/trp/atip-aiprp/Pages/fin.aspx,exact,1.0,Bureau du surintendant des institutions financières Canada,http://www.osfi-bsif.gc.ca/Fra/trp/atip-aiprp/Pages/fin.aspx,exact,1.0,,,,,,,,,,,,,06-30,direct,http://www.osfi-bsif.gc.ca/Eng/trp/atip-aiprp/Pages/fin.aspx,http://www.osfi-bsif.gc.ca/Fra/trp/atip-aiprp/Pages/fin.aspx,https://www.osfi-bsif.gc.ca/en/transparency/sources-federal-government-employee-information-info-source,https://www.osfi-bsif.gc.ca/en/transparency/sources-federal-government-employee-information-info-source,https://www.osfi-bsif.gc.ca/fr/transparence/sources-renseignements-du-gouvernement-federal-sur-fonctionnaires-federaux-info-source,https://www.osfi-bsif.gc.ca/fr/transparence/sources-renseignements-du-gouvernement-federal-sur-fonctionnaires-federaux-info-source,https://www.canada.ca/en/treasury-board-secretariat/services/access-information-privacy/access-information/access-informatio-policies-guidance/programs-holdings-online-publishing-requirements.html#toc-a,https://www.canada.ca/fr/secretariat-conseil-tresor/services/acces-information-protection-renseignements-personnels/acces-information/politiques-directives-acces-information/exigences-publication-ligne-programmes-fonds.html#toc-a,https://www.canada.ca/en/treasury-board-secretariat/services/access-information-privacy/access-information/info-source/list-institutions.html,https://www.canada.ca/fr/secretariat-conseil-tresor/services/acces-information-protection-reseignements-personnels/acces-information/info-source/liste-organisations.html,https://www.canada.ca/en/treasury-board-secretariat/services/access-information-privacy/access-information/info-source/list-institutions.html,https://www.canada.ca/fr/secretariat-conseil-tresor/services/acces-information-protection-reseignements-personnels/acces-information/info-source/liste-organisations.html,https://open.canada.ca/data/api/action/organization_list?all_fields=true&include_extras=true,https://open.canada.ca/data/en/api/3/action/datastore_search?resource_id=cb5b5566-f599-4d12-abae-8279a0230928&limit=500,https://open.canada.ca/data/en/api/3/action/datastore_search?resource_id=3faaafb4-00e2-4303-947d-ac786b62559f&limit=500,2026-08-15,verified_info_source,200,https://www.osfi-bsif.gc.ca/en/transparency/sources-federal-government-employee-information-info-source,verified_info_source,200,https://www.osfi-bsif.gc.ca/fr/transparence/sources-renseignements-du-gouvernement-federal-sur-fonctionnaires-federaux-info-source
ati-schedule-i-pacific-economic-development-agency-of-canada,I,Other Government Institutions,115,Pacific Economic Development Agency of Canada,Agence de développement économique du Pacifique Canada,https://laws-lois.justice.gc.ca/eng/XML/A-1.xml,2298.0,exact,1.0,Pacific Economic Development Canada,Développement économique Canada pour le Pacifique,Pacific Economic Development Canada,Développement économique Canada pour le Pacifique,,Ministre du Logement et de l’Infrastructure et ministre responsable de Développement économique Canada pour le Pacifique,1.1,PacifiCan,PacifiCan,a,,https://www.canada.ca/en/pacific-economic-development.html,https://www.canada.ca/fr/developpement-economique-pacifique.html,pacifican,560.0,240.0,Pacific Economic Development Canada (PacifiCan),PED,,0e2bfa59-fd8d-4480-8add-aa6fb615db0d,pacifican,Pacific Economic Development Canada,Développement économique Canada pour le Pacifique,active,approved,,,pacifican.atip-aiprp@pacifican.gc.ca,internal,open_gov_slug,1.0,Pacific Economic Development Canada,09-30,A.3,exact,1.0,Développement économique Canada pour le Pacifique,09-30,A.3,exact,1.0,Pacific Economic Development Canada,https://www.canada.ca/en/pacific-economic-development/corporate/transparency/information-holdings.html,exact,1.0,Développement économique Canada pour le Pacifique,https://www.canada.ca/fr/developpement-economique-pacifique/organisation/transparence/fonds-renseignements.html,exact,1.0,,,,,,,,,,,,,09-30,direct,https://www.canada.ca/en/pacific-economic-development/corporate/transparency/information-holdings.html,https://www.canada.ca/fr/developpement-economique-pacifique/organisation/transparence/fonds-renseignements.html,https://www.canada.ca/en/pacific-economic-development/corporate/transparency/information-holdings.html,https://www.canada.ca/en/pacific-economic-development/corporate/transparency/information-holdings.html,https://www.canada.ca/fr/developpement-economique-pacifique/organisation/transparence/fonds-renseignements.html,https://www.canada.ca/fr/developpement-economique-pacifique/organisation/transparence/fonds-renseignements.html,https://www.canada.ca/en/treasury-board-secretariat/services/access-information-privacy/access-information/access-informatio-policies-guidance/programs-holdings-online-publishing-requirements.html#toc-a,https://www.canada.ca/fr/secretariat-conseil-tresor/services/acces-information-protection-renseignements-personnels/acces-information/politiques-directives-acces-information/exigences-publication-ligne-programmes-fonds.html#toc-a,https://www.canada.ca/en/treasury-board-secretariat/services/access-information-privacy/access-information/info-source/list-institutions.html,https://www.canada.ca/fr/secretariat-conseil-tresor/services/acces-information-protection-reseignements-personnels/acces-information/info-source/liste-organisations.html,https://www.canada.ca/en/treasury-board-secretariat/services/access-information-privacy/access-information/info-source/list-institutions.html,https://www.canada.ca/fr/secretariat-conseil-tresor/services/acces-information-protection-reseignements-personnels/acces-information/info-source/liste-organisations.html,https://open.canada.ca/data/api/action/organization_list?all_fields=true&include_extras=true,https://open.canada.ca/data/en/api/3/action/datastore_search?resource_id=cb5b5566-f599-4d12-abae-8279a0230928&limit=500,https://open.canada.ca/data/en/api/3/action/datastore_search?resource_id=3faaafb4-00e2-4303-947d-ac786b62559f&limit=500,2026-08-15,verified_info_source,200,https://www.canada.ca/en/pacific-economic-development/corporate/transparency/information-holdings.html,verified_info_source,200,https://www.canada.ca/fr/developpement-economique-pacifique/organisation/transparence/fonds-renseignements.html
ati-schedule-i-parks-canada-agency,I,Other Government Institutions,116,Parks Canada Agency,Agence Parcs Canada,https://laws-lois.justice.gc.ca/eng/XML/A-1.xml,2315.0,exact,1.0,Parks Canada,Parcs Canada,Parks Canada,Parcs Canada,Environment and Climate Change Canada,Environnement et Changement climatique Canada,2.0,PC,PC,a,,www.pc.gc.ca,www.pc.gc.ca,pc,263.0,124.0,Parks Canada Agency,CAP,CAP00,B578A1C3-FDCF-4F36-89E2-3B2E75020C43,pc,Parks Canada,Parcs Canada,active,approved,154.0,12.0,pc.aiprp-atip.pc@canada.ca,internal,open_gov_slug,1.0,Parks Canada,06-30,A.2,exact,1.0,Parcs Canada,06-30,A.2,exact,1.0,Parks Canada Agency,https://parks.canada.ca/agence-agency/dp-pd/infosource,exact,1.0,Agence Parcs Canada,https://parcs.canada.ca/agence-agency/dp-pd/infosource,exact,1.0,,,,,,,,,,,,,06-30,direct,https://parks.canada.ca/agence-agency/dp-pd/infosource,https://parcs.canada.ca/agence-agency/dp-pd/infosource,https://parks.canada.ca/agence-agency/dp-pd/infosource/appendice-1-appendix,https://parks.canada.ca/agence-agency/dp-pd/infosource/appendice-2-appendix,https://parcs.canada.ca/agence-agency/dp-pd/infosource/appendice-1-appendix,https://parcs.canada.ca/agence-agency/dp-pd/infosource/appendice-2-appendix,https://www.canada.ca/en/treasury-board-secretariat/services/access-information-privacy/access-information/access-informatio-policies-guidance/programs-holdings-online-publishing-requirements.html#toc-a,https://www.canada.ca/fr/secretariat-conseil-tresor/services/acces-information-protection-renseignements-personnels/acces-information/politiques-directives-acces-information/exigences-publication-ligne-programmes-fonds.html#toc-a,https://www.canada.ca/en/treasury-board-secretariat/services/access-information-privacy/access-information/info-source/list-institutions.html,https://www.canada.ca/fr/secretariat-conseil-tresor/services/acces-information-protection-reseignements-personnels/acces-information/info-source/liste-organisations.html,https://www.canada.ca/en/treasury-board-secretariat/services/access-information-privacy/access-information/info-source/list-institutions.html,https://www.canada.ca/fr/secretariat-conseil-tresor/services/acces-information-protection-reseignements-personnels/acces-information/info-source/liste-organisations.html,https://open.canada.ca/data/api/action/organization_list?all_fields=true&include_extras=true,https://open.canada.ca/data/en/api/3/action/datastore_search?resource_id=cb5b5566-f599-4d12-abae-8279a0230928&limit=500,https://open.canada.ca/data/en/api/3/action/datastore_search?resource_id=3faaafb4-00e2-4303-947d-ac786b62559f&limit=500,2026-08-15,verified_info_source,200,https://parks.canada.ca/agence-agency/dp-pd/infosource,verified_info_source,200,https://parcs.canada.ca/agence-agency/dp-pd/infosource
ati-schedule-i-parole-board-of-canada,I,Other Government Institutions,117,Parole Board of Canada,Commission des libérations conditionnelles du Canada,https://laws-lois.justice.gc.ca/eng/XML/A-1.xml,2267.0,exact,1.0,Parole Board of Canada,Commission des libérations conditionnelles du Canada,Parole Board of Canada,Commission des libérations conditionnelles du Canada,Public Safety Canada,Sécurité publique Canada,1.1,PBC,CLCC,a,,www.canada.ca/en/parole-board.html,www.canada.ca/fr/commission-liberations-conditionnelles.html,pbc-clcc,227.0,57.0,Parole Board of Canada,NPB,NPB00,6AF7EAE0-2351-43BB-AD44-262BDDD45E08,pbc-clcc,Parole Board of Canada,Commission des libérations conditionnelles du Canada,active,approved,246.0,79.0,ATIP-AIPRP@PBC-CLCC.GC.CA,internal,open_gov_slug,1.0,Parole Board of Canada,09-30,A.3,exact,1.0,Commission des libérations conditionnelles du Canada,09-30,A.3,exact,1.0,Parole Board of Canada,https://www.canada.ca/en/parole-board/corporate/transparency/access-to-information-and-privacy/infosource.html,exact,1.0,Commission des libérations conditionnelles du Canada,https://www.canada.ca/fr/commission-liberations-conditionnelles/organisation/transparence/access-a-information-et-protection-des-renseignements-personnels/infosource.html,exact,1.0,,,,,,,,,,,,,09-30,direct,https://www.canada.ca/en/parole-board/corporate/transparency/access-to-information-and-privacy/infosource.html,https://www.canada.ca/fr/commission-liberations-conditionnelles/organisation/transparence/access-a-information-et-protection-des-renseignements-personnels/infosource.html,https://www.canada.ca/en/parole-board/corporate/transparency/access-to-information-and-privacy/infosource.html,https://www.canada.ca/en/parole-board/corporate/transparency/access-to-information-and-privacy/infosource.html,https://www.canada.ca/fr/commission-liberations-conditionnelles/organisation/transparence/access-a-information-et-protection-des-renseignements-personnels/infosource.html,https://www.canada.ca/fr/commission-liberations-conditionnelles/organisation/transparence/access-a-information-et-protection-des-renseignements-personnels/infosource.html,https://www.canada.ca/en/treasury-board-secretariat/services/access-information-privacy/access-information/access-informatio-policies-guidance/programs-holdings-online-publishing-requirements.html#toc-a,https://www.canada.ca/fr/secretariat-conseil-tresor/services/acces-information-protection-renseignements-personnels/acces-information/politiques-directives-acces-information/exigences-publication-ligne-programmes-fonds.html#toc-a,https://www.canada.ca/en/treasury-board-secretariat/services/access-information-privacy/access-information/info-source/list-institutions.html,https://www.canada.ca/fr/secretariat-conseil-tresor/services/acces-information-protection-reseignements-personnels/acces-information/info-source/liste-organisations.html,https://www.canada.ca/en/treasury-board-secretariat/services/access-information-privacy/access-information/info-source/list-institutions.html,https://www.canada.ca/fr/secretariat-conseil-tresor/services/acces-information-protection-reseignements-personnels/acces-information/info-source/liste-organisations.html,https://open.canada.ca/data/api/action/organization_list?all_fields=true&include_extras=true,https://open.canada.ca/data/en/api/3/action/datastore_search?resource_id=cb5b5566-f599-4d12-abae-8279a0230928&limit=500,https://open.canada.ca/data/en/api/3/action/datastore_search?resource_id=3faaafb4-00e2-4303-947d-ac786b62559f&limit=500,2026-08-15,verified_info_source,200,https://www.canada.ca/en/parole-board/corporate/transparency/access-to-information-and-privacy/infosource.html,verified_info_source,200,https://www.canada.ca/fr/commission-liberations-conditionnelles/organisation/transparence/access-a-information-et-protection-des-renseignements-personnels/infosource.html
ati-schedule-i-patented-medicine-prices-review-board,I,Other Government Institutions,118,Patented Medicine Prices Review Board,Conseil d’examen du prix des médicaments brevetés,https://laws-lois.justice.gc.ca/eng/XML/A-1.xml,2283.0,exact,1.0,Patented Medicine Prices Review Board Canada,Conseil d'examen du prix des médicaments brevetés Canada,Patented Medicine Prices Review Board Canada,Conseil d'examen du prix des médicaments brevetés Canada,Health Canada,Santé Canada,1.1,PMPRB,CEPMB,a,,https://www.canada.ca/en/patented-medicine-prices-review.html,https://www.canada.ca/en/patented-medicine-prices-review.html,pmprb-cepmb,266.0,109.0,Patented Medicine Prices Review Board,PXR,PXR00,13A37B05-6384-45FF-A2AE-2DE2CD380B59,pmprb-cepmb,Patented Medicine Prices Review Board Canada,Conseil d'examen du prix des médicaments brevetés Canada,active,approved,15.0,96.0,pmprb.atip-aiprb.cepmb@pmprb-cepmb.gc.ca,internal,open_gov_slug,1.0,Patented Medicine Prices Review Board,09-30,A.3,exact,1.0,Conseil d’examen du prix des médicaments brevetés,09-30,A.3,exact,1.0,Patented Medicine Prices Review Board,http://www.pmprb-cepmb.gc.ca/en/view.asp?ccid=1093,exact,1.0,Conseil d’examen du prix des médicaments brevetés,http://www.pmprb-cepmb.gc.ca/view.asp?ccid=1093,exact,1.0,,,,,,,,,,,,,09-30,direct,http://www.pmprb-cepmb.gc.ca/en/view.asp?ccid=1093,http://www.pmprb-cepmb.gc.ca/view.asp?ccid=1093,http://www.pmprb-cepmb.gc.ca/view.asp?ccid=1093,http://www.pmprb-cepmb.gc.ca/view.asp?ccid=1093,http://www.pmprb-cepmb.gc.ca/view.asp?ccid=1093,http://www.pmprb-cepmb.gc.ca/view.asp?ccid=1093,https://www.canada.ca/en/treasury-board-secretariat/services/access-information-privacy/access-information/access-informatio-policies-guidance/programs-holdings-online-publishing-requirements.html#toc-a,https://www.canada.ca/fr/secretariat-conseil-tresor/services/acces-information-protection-renseignements-personnels/acces-information/politiques-directives-acces-information/exigences-publication-ligne-programmes-fonds.html#toc-a,https://www.canada.ca/en/treasury-board-secretariat/services/access-information-privacy/access-information/info-source/list-institutions.html,https://www.canada.ca/fr/secretariat-conseil-tresor/services/acces-information-protection-reseignements-personnels/acces-information/info-source/liste-organisations.html,https://www.canada.ca/en/treasury-board-secretariat/services/access-information-privacy/access-information/info-source/list-institutions.html,https://www.canada.ca/fr/secretariat-conseil-tresor/services/acces-information-protection-reseignements-personnels/acces-information/info-source/liste-organisations.html,https://open.canada.ca/data/api/action/organization_list?all_fields=true&include_extras=true,https://open.canada.ca/data/en/api/3/action/datastore_search?resource_id=cb5b5566-f599-4d12-abae-8279a0230928&limit=500,https://open.canada.ca/data/en/api/3/action/datastore_search?resource_id=3faaafb4-00e2-4303-947d-ac786b62559f&limit=500,2026-08-15,verified_info_source,200,http://www.pmprb-cepmb.gc.ca/view.asp?ccid=1093,verified_info_source,200,http://www.pmprb-cepmb.gc.ca/view.asp?ccid=1093
ati-schedule-i-the-pierre-elliott-trudeau-foundation,I,Other Government Institutions,119,The Pierre Elliott Trudeau Foundation,La Fondation Pierre-Elliott-Trudeau,https://laws-lois.justice.gc.ca/eng/XML/A-1.xml,3484.0,exact,1.0,"Pierre Elliott Trudeau Foundation, The","Fondation Pierre Elliott Trudeau, La",,,,,,,,a,,www.trudeaufoundation.ca,www.fondationtrudeau.ca,petf-fpet,269.0,,Pierre Eliott Trudeau Foundation,,,17245196-1b85-5c04-8138-f5a5f3e65304,petf-fpet,Pierre Elliott Trudeau Foundation,Fondation Pierre Elliott Trudeau,active,approved,269.0,228.0,communications@FondationTrudeau.ca,internal,open_gov_slug,1.0,Pierre Elliott Trudeau Foundation,12-31,A.4,exact,1.0,La Fondation Pierre-Elliott-Trudeau,12-31,A.4,exact,1.0,"Pierre Elliott Trudeau Foundation, The",http://www.trudeaufoundation.ca/en/about/publications/info-source,exact,1.0,Fondation Pierre Elliott Trudeau,https://www.fondationtrudeau.ca/activites/nouvelles/covid-19-ressources-pour-la-communaute-de-la-fondation-pierre-elliott-trudeau,exact,1.0,,,,,,,,,,,,,12-31,direct,http://www.trudeaufoundation.ca/en/about/publications/info-source,https://www.fondationtrudeau.ca/activites/nouvelles/covid-19-ressources-pour-la-communaute-de-la-fondation-pierre-elliott-trudeau,http://www.trudeaufoundation.ca/en/about/publications/info-source,http://www.trudeaufoundation.ca/en/about/publications/info-source,https://www.fondationtrudeau.ca/activites/nouvelles/covid-19-ressources-pour-la-communaute-de-la-fondation-pierre-elliott-trudeau,https://www.fondationtrudeau.ca/activites/nouvelles/covid-19-ressources-pour-la-communaute-de-la-fondation-pierre-elliott-trudeau,https://www.canada.ca/en/treasury-board-secretariat/services/access-information-privacy/access-information/access-informatio-policies-guidance/programs-holdings-online-publishing-requirements.html#toc-a,https://www.canada.ca/fr/secretariat-conseil-tresor/services/acces-information-protection-renseignements-personnels/acces-information/politiques-directives-acces-information/exigences-publication-ligne-programmes-fonds.html#toc-a,https://www.canada.ca/en/treasury-board-secretariat/services/access-information-privacy/access-information/info-source/list-institutions.html,https://www.canada.ca/fr/secretariat-conseil-tresor/services/acces-information-protection-reseignements-personnels/acces-information/info-source/liste-organisations.html,https://www.canada.ca/en/treasury-board-secretariat/services/access-information-privacy/access-information/info-source/list-institutions.html,https://www.canada.ca/fr/secretariat-conseil-tresor/services/acces-information-protection-reseignements-personnels/acces-information/info-source/liste-organisations.html,https://open.canada.ca/data/api/action/organization_list?all_fields=true&include_extras=true,https://open.canada.ca/data/en/api/3/action/datastore_search?resource_id=cb5b5566-f599-4d12-abae-8279a0230928&limit=500,https://open.canada.ca/data/en/api/3/action/datastore_search?resource_id=3faaafb4-00e2-4303-947d-ac786b62559f&limit=500,2026-08-15,http_error,404,http://www.trudeaufoundation.ca/en/about/publications/info-source,http_error,404,https://www.fondationtrudeau.ca/activites/nouvelles/covid-19-ressources-pour-la-communaute-de-la-fondation-pierre-elliott-trudeau
ati-schedule-i-port-alberni-port-authority,I,Other Government Institutions,120,Port Alberni Port Authority,Administration portuaire de Port-Alberni,https://laws-lois.justice.gc.ca/eng/XML/A-1.xml,3486.0,exact,1.0,Port Alberni Port Authority,Administration portuaire de Port Alberni,,,,,,,,a,,www.portalberniportauthority.ca,www.portalberniportauthority.ca,papa-appa,271.0,,Port Alberni Port Authority,,,b4b763c3-4b7f-5d50-a57a-b9c2fc1c718c,papa-appa,Port Alberni Port Authority,Administration portuaire de Port Alberni,active,approved,174.0,230.0,molson@papa-appa.ca,internal,open_gov_slug,1.0,Port Alberni Port Authority,03-31,A.1,exact,1.0,Administration portuaire de Port-Alberni,03-31,A.1,exact,1.0,Port Alberni Port Authority,http://www.portalberniportauthority.ca/en/info-source,exact,1.0,Administration portuaire de Port Alberni,http://www.portalberniportauthority.ca/fr/sources-de-renseignements,exact,1.0,,,,,,,,,,,,,03-31,direct,http://www.portalberniportauthority.ca/en/info-source,http://www.portalberniportauthority.ca/fr/sources-de-renseignements,http://www.portalberniportauthority.ca/en/info-source,http://www.portalberniportauthority.ca/en/info-source,http://www.portalberniportauthority.ca/fr/sources-de-renseignements,http://www.portalberniportauthority.ca/fr/sources-de-renseignements,https://www.canada.ca/en/treasury-board-secretariat/services/access-information-privacy/access-information/access-informatio-policies-guidance/programs-holdings-online-publishing-requirements.html#toc-a,https://www.canada.ca/fr/secretariat-conseil-tresor/services/acces-information-protection-renseignements-personnels/acces-information/politiques-directives-acces-information/exigences-publication-ligne-programmes-fonds.html#toc-a,https://www.canada.ca/en/treasury-board-secretariat/services/access-information-privacy/access-information/info-source/list-institutions.html,https://www.canada.ca/fr/secretariat-conseil-tresor/services/acces-information-protection-reseignements-personnels/acces-information/info-source/liste-organisations.html,https://www.canada.ca/en/treasury-board-secretariat/services/access-information-privacy/access-information/info-source/list-institutions.html,https://www.canada.ca/fr/secretariat-conseil-tresor/services/acces-information-protection-reseignements-personnels/acces-information/info-source/liste-organisations.html,https://open.canada.ca/data/api/action/organization_list?all_fields=true&include_extras=true,https://open.canada.ca/data/en/api/3/action/datastore_search?resource_id=cb5b5566-f599-4d12-abae-8279a0230928&limit=500,https://open.canada.ca/data/en/api/3/action/datastore_search?resource_id=3faaafb4-00e2-4303-947d-ac786b62559f&limit=500,2026-08-15,request_error,,,request_error,,
ati-schedule-i-prince-rupert-port-authority,I,Other Government Institutions,121,Prince Rupert Port Authority,Administration portuaire de Prince-Rupert,https://laws-lois.justice.gc.ca/eng/XML/A-1.xml,3489.0,exact,1.0,Prince Rupert Port Authority,Administration portuaire de Prince Rupert,,,,,,,,a,,www.rupertport.com,www.rupertport.com,prpa-appr,276.0,,Prince Rupert Port Authority,,,57b2f507-4d22-42ed-a844-85498d0091c6,prpa-appr,Prince Rupert Port Authority,L’Administration portuaire de Prince Rupert,active,approved,89632.0,233.0,accesstoinformation@rupertport.com,internal,open_gov_slug,1.0,Prince Rupert Port Authority,03-31,A.1,exact,1.0,Administration portuaire de Prince-Rupert,03-31,A.1,exact,1.0,Prince Rupert Port Authority,,exact,1.0,Administration portuaire de Prince Rupert,,exact,1.0,,,,https://www.rupertport.com/infosource/,https://www.rupertport.com/fr/linfosource/,,,,,https://www.rupertport.com/infosource/,https://www.rupertport.com/fr/linfosource/,Bilingual institution website results verified through web search.,03-31,direct,https://www.rupertport.com/infosource/,https://www.rupertport.com/fr/linfosource/,https://www.rupertport.com/infosource/,https://www.rupertport.com/infosource/,https://www.rupertport.com/fr/linfosource/,https://www.rupertport.com/fr/linfosource/,https://www.canada.ca/en/treasury-board-secretariat/services/access-information-privacy/access-information/access-informatio-policies-guidance/programs-holdings-online-publishing-requirements.html#toc-a,https://www.canada.ca/fr/secretariat-conseil-tresor/services/acces-information-protection-renseignements-personnels/acces-information/politiques-directives-acces-information/exigences-publication-ligne-programmes-fonds.html#toc-a,https://www.canada.ca/en/treasury-board-secretariat/services/access-information-privacy/access-information/info-source/list-institutions.html,https://www.canada.ca/fr/secretariat-conseil-tresor/services/acces-information-protection-reseignements-personnels/acces-information/info-source/liste-organisations.html,https://www.rupertport.com/infosource/,https://www.rupertport.com/fr/linfosource/,https://open.canada.ca/data/api/action/organization_list?all_fields=true&include_extras=true,https://open.canada.ca/data/en/api/3/action/datastore_search?resource_id=cb5b5566-f599-4d12-abae-8279a0230928&limit=500,https://open.canada.ca/data/en/api/3/action/datastore_search?resource_id=3faaafb4-00e2-4303-947d-ac786b62559f&limit=500,2026-08-15,verified_info_source,200,https://www.rupertport.com/infosource/,verified_info_source,200,https://www.rupertport.com/fr/linfosource/
ati-schedule-i-privy-council-office,I,Other Government Institutions,122,Privy Council Office,Bureau du Conseil privé,https://laws-lois.justice.gc.ca/eng/XML/A-1.xml,2284.0,exact,1.0,Privy Council Office,Bureau du Conseil privé,Privy Council Office,Bureau du Conseil privé,Privy Council Office,Bureau du Conseil privé,1.1,PCO,BCP,a,,www.pco-bcp.gc.ca,www.pco-bcp.gc.ca,pco-bcp,278.0,25.0,Privy Council Office,PCO,PCO00,26DF0856-0FA2-404C-87E9-21443F333990,pco-bcp,Privy Council Office,Bureau du Conseil privé,active,approved,173.0,87.0,ATIP-AIPRP@pco-bcp.gc.ca,internal,open_gov_slug,1.0,Privy Council Office,09-30,A.3,exact,1.0,Bureau du Conseil privé,09-30,A.3,exact,1.0,Privy Council Office,https://www.canada.ca/en/privy-council/services/publications/info-source-federal-government-employee-information.html,exact,1.0,Bureau du Conseil privé,https://www.canada.ca/fr/conseil-prive/services/publications/info-source-renseignements-gouvernement-federal-fonctionnaires-federaux.html,exact,1.0,,,,,,,,,,,,,09-30,direct,https://www.canada.ca/en/privy-council/services/publications/info-source-federal-government-employee-information.html,https://www.canada.ca/fr/conseil-prive/services/publications/info-source-renseignements-gouvernement-federal-fonctionnaires-federaux.html,https://www.canada.ca/en/privy-council/services/publications/info-source-federal-government-employee-information.html,https://www.canada.ca/en/privy-council/services/publications/info-source-federal-government-employee-information.html,https://www.canada.ca/fr/conseil-prive/services/publications/info-source-renseignements-gouvernement-federal-fonctionnaires-federaux.html,https://www.canada.ca/fr/conseil-prive/services/publications/info-source-renseignements-gouvernement-federal-fonctionnaires-federaux.html,https://www.canada.ca/en/treasury-board-secretariat/services/access-information-privacy/access-information/access-informatio-policies-guidance/programs-holdings-online-publishing-requirements.html#toc-a,https://www.canada.ca/fr/secretariat-conseil-tresor/services/acces-information-protection-renseignements-personnels/acces-information/politiques-directives-acces-information/exigences-publication-ligne-programmes-fonds.html#toc-a,https://www.canada.ca/en/treasury-board-secretariat/services/access-information-privacy/access-information/info-source/list-institutions.html,https://www.canada.ca/fr/secretariat-conseil-tresor/services/acces-information-protection-reseignements-personnels/acces-information/info-source/liste-organisations.html,https://www.canada.ca/en/treasury-board-secretariat/services/access-information-privacy/access-information/info-source/list-institutions.html,https://www.canada.ca/fr/secretariat-conseil-tresor/services/acces-information-protection-reseignements-personnels/acces-information/info-source/liste-organisations.html,https://open.canada.ca/data/api/action/organization_list?all_fields=true&include_extras=true,https://open.canada.ca/data/en/api/3/action/datastore_search?resource_id=cb5b5566-f599-4d12-abae-8279a0230928&limit=500,https://open.canada.ca/data/en/api/3/action/datastore_search?resource_id=3faaafb4-00e2-4303-947d-ac786b62559f&limit=500,2026-08-15,verified_info_source,200,https://www.canada.ca/en/privy-council/services/publications/info-source-federal-government-employee-information.html,verified_info_source,200,https://www.canada.ca/fr/conseil-prive/services/publications/info-source-renseignements-gouvernement-federal-fonctionnaires-federaux.html
ati-schedule-i-public-health-agency-of-canada,I,Other Government Institutions,123,Public Health Agency of Canada,Agence de la santé publique du Canada,https://laws-lois.justice.gc.ca/eng/XML/A-1.xml,2285.0,exact,1.0,Public Health Agency of Canada,Agence de la santé publique du Canada,Public Health Agency of Canada,Agence de la santé publique du Canada,Health Canada,Santé Canada,1.1,PHAC,ASPC,a,,www.phac-aspc.gc.ca,www.phac-aspc.gc.ca,phac-aspc,280.0,148.0,Public Health Agency of Canada,AHS,AHS00,1C71053B-AA64-4646-956B-41631C396018,phac-aspc,Public Health Agency of Canada,Agence de la santé publique du Canada,active,approved,135.0,3.0,access.informal-demandes.informelles@phac-aspc.gc.ca,internal,open_gov_slug,1.0,Public Health Agency of Canada,06-30,A.2,exact,1.0,Agence de la santé publique du Canada,06-30,A.2,exact,1.0,Public Health Agency of Canada,https://www.canada.ca/en/public-health/corporate/mandate/about-agency/access-information-privacy/info-source-federal-government-employee-information.html,exact,1.0,Agence de la santé publique du Canada,https://www.canada.ca/fr/sante-publique/organisation/mandat/a-propos-agence/acces-a-information-protection-renseignements-personnels/info-source-renseignements-gouvernement-federal-fonctionnaires-federaux.html,exact,1.0,,,,,,,,,,,,,06-30,direct,https://www.canada.ca/en/public-health/corporate/mandate/about-agency/access-information-privacy/info-source-federal-government-employee-information.html,https://www.canada.ca/fr/sante-publique/organisation/mandat/a-propos-agence/acces-a-information-protection-renseignements-personnels/info-source-renseignements-gouvernement-federal-fonctionnaires-federaux.html,https://www.canada.ca/en/public-health/corporate/mandate/about-agency/access-information-privacy/info-source-federal-government-employee-information.html,https://www.canada.ca/en/public-health/corporate/mandate/about-agency/access-information-privacy/info-source-federal-government-employee-information.html,https://www.canada.ca/fr/sante-publique/organisation/mandat/a-propos-agence/acces-a-information-protection-renseignements-personnels/info-source-renseignements-gouvernement-federal-fonctionnaires-federaux.html,https://www.canada.ca/fr/sante-publique/organisation/mandat/a-propos-agence/acces-a-information-protection-renseignements-personnels/info-source-renseignements-gouvernement-federal-fonctionnaires-federaux.html,https://www.canada.ca/en/treasury-board-secretariat/services/access-information-privacy/access-information/access-informatio-policies-guidance/programs-holdings-online-publishing-requirements.html#toc-a,https://www.canada.ca/fr/secretariat-conseil-tresor/services/acces-information-protection-renseignements-personnels/acces-information/politiques-directives-acces-information/exigences-publication-ligne-programmes-fonds.html#toc-a,https://www.canada.ca/en/treasury-board-secretariat/services/access-information-privacy/access-information/info-source/list-institutions.html,https://www.canada.ca/fr/secretariat-conseil-tresor/services/acces-information-protection-reseignements-personnels/acces-information/info-source/liste-organisations.html,https://www.canada.ca/en/treasury-board-secretariat/services/access-information-privacy/access-information/info-source/list-institutions.html,https://www.canada.ca/fr/secretariat-conseil-tresor/services/acces-information-protection-reseignements-personnels/acces-information/info-source/liste-organisations.html,https://open.canada.ca/data/api/action/organization_list?all_fields=true&include_extras=true,https://open.canada.ca/data/en/api/3/action/datastore_search?resource_id=cb5b5566-f599-4d12-abae-8279a0230928&limit=500,https://open.canada.ca/data/en/api/3/action/datastore_search?resource_id=3faaafb4-00e2-4303-947d-ac786b62559f&limit=500,2026-08-15,verified_info_source,200,https://www.canada.ca/en/public-health/corporate/mandate/about-agency/access-information-privacy/info-source-federal-government-employee-information.html,verified_info_source,200,https://www.canada.ca/fr/sante-publique/organisation/mandat/a-propos-agence/acces-a-information-protection-renseignements-personnels/info-source-renseignements-gouvernement-federal-fonctionnaires-federaux.html
ati-schedule-i-public-service-commission,I,Other Government Institutions,124,Public Service Commission,Commission de la fonction publique,https://laws-lois.justice.gc.ca/eng/XML/A-1.xml,2286.0,exact,1.0,Public Service Commission of Canada,Commission de la fonction publique du Canada,Public Service Commission of Canada,Commission de la fonction publique du Canada,Privy Council Office,Bureau du Conseil privé,1.1,PSC,CFP,a,,https://www.canada.ca/en/public-service-commission.html,https://www.canada.ca/fr/commission-fonction-publique.html,psc-cfp,282.0,4.0,Public Service Commission of Canada,PSC,PSC00,2FFBA23B-83C0-425B-8846-952A407F3D6E,psc-cfp,Public Service Commission of Canada,Commission de la fonction publique du Canada,active,approved,227.0,93.0,CFP.AIPRP-ATIP.PSC@cfp-psc.gc.ca,internal,open_gov_slug,1.0,Public Service Commission of Canada,09-30,A.3,exact,1.0,Commission de la fonction publique du Canada,09-30,A.3,exact,1.0,Public Service Commission of Canada,https://www.canada.ca/en/public-service-commission/corporate/about-us/access-information-privacy-office/info-source-sources-federal-government-employee-information.html,exact,1.0,Commission de la fonction publique du Canada,https://www.canada.ca/fr/commission-fonction-publique/organisation/propos-nous/bureau-acces-information-protection-renseignements-personnels/info-source.html,exact,1.0,,,,,,,,,,,,,09-30,direct,https://www.canada.ca/en/public-service-commission/corporate/about-us/access-information-privacy-office/info-source-sources-federal-government-employee-information.html,https://www.canada.ca/fr/commission-fonction-publique/organisation/propos-nous/bureau-acces-information-protection-renseignements-personnels/info-source.html,https://www.canada.ca/en/public-service-commission/corporate/about-us/access-information-privacy-office/info-source-sources-federal-government-employee-information.html,https://www.canada.ca/en/public-service-commission/corporate/about-us/access-information-privacy-office/info-source-sources-federal-government-employee-information.html,https://www.canada.ca/fr/commission-fonction-publique/organisation/propos-nous/bureau-acces-information-protection-renseignements-personnels/info-source.html,https://www.canada.ca/fr/commission-fonction-publique/organisation/propos-nous/bureau-acces-information-protection-renseignements-personnels/info-source.html,https://www.canada.ca/en/treasury-board-secretariat/services/access-information-privacy/access-information/access-informatio-policies-guidance/programs-holdings-online-publishing-requirements.html#toc-a,https://www.canada.ca/fr/secretariat-conseil-tresor/services/acces-information-protection-renseignements-personnels/acces-information/politiques-directives-acces-information/exigences-publication-ligne-programmes-fonds.html#toc-a,https://www.canada.ca/en/treasury-board-secretariat/services/access-information-privacy/access-information/info-source/list-institutions.html,https://www.canada.ca/fr/secretariat-conseil-tresor/services/acces-information-protection-reseignements-personnels/acces-information/info-source/liste-organisations.html,https://www.canada.ca/en/treasury-board-secretariat/services/access-information-privacy/access-information/info-source/list-institutions.html,https://www.canada.ca/fr/secretariat-conseil-tresor/services/acces-information-protection-reseignements-personnels/acces-information/info-source/liste-organisations.html,https://open.canada.ca/data/api/action/organization_list?all_fields=true&include_extras=true,https://open.canada.ca/data/en/api/3/action/datastore_search?resource_id=cb5b5566-f599-4d12-abae-8279a0230928&limit=500,https://open.canada.ca/data/en/api/3/action/datastore_search?resource_id=3faaafb4-00e2-4303-947d-ac786b62559f&limit=500,2026-08-15,verified_info_source,200,https://www.canada.ca/en/public-service-commission/corporate/about-us/access-information-privacy-office/info-source-sources-federal-government-employee-information.html,verified_info_source,200,https://www.canada.ca/fr/commission-fonction-publique/organisation/propos-nous/bureau-acces-information-protection-renseignements-personnels/info-source.html
ati-schedule-i-quebec-port-authority,I,Other Government Institutions,125,Quebec Port Authority,Administration portuaire de Québec,https://laws-lois.justice.gc.ca/eng/XML/A-1.xml,3490.0,exact,1.0,Québec Port Authority,Administration portuaire de Québec,,,,,,,,a,,www.portquebec.ca,www.portquebec.ca,qpa-apq,286.0,,Quebec Port Authority,,,00105186-7a84-5fb4-8833-3c9d1d1d898a,qpa-apq,Quebec Port Authority,Administration portuaire de Québec,active,approved,60004.0,235.0,demande-acces@portquebec.ca,internal,open_gov_slug,1.0,Quebec Port Authority,12-31,A.4,exact,1.0,Administration portuaire de Québec,12-31,A.4,exact,1.0,Quebec Port Authority,http://www.portquebec.ca/en/infosource-9a8f2afa-f22c-4c73-8684-3b4613d65aa9,exact,1.0,Administration portuaire de Québec,http://www.portquebec.ca/infosource,exact,1.0,,,,,,,,,,,,,12-31,direct,http://www.portquebec.ca/en/infosource-9a8f2afa-f22c-4c73-8684-3b4613d65aa9,http://www.portquebec.ca/infosource,https://www.portquebec.ca/en/access-to-information-requests/,https://www.portquebec.ca/en/access-to-information-requests/,http://www.portquebec.ca/infosource,http://www.portquebec.ca/infosource,https://www.canada.ca/en/treasury-board-secretariat/services/access-information-privacy/access-information/access-informatio-policies-guidance/programs-holdings-online-publishing-requirements.html#toc-a,https://www.canada.ca/fr/secretariat-conseil-tresor/services/acces-information-protection-renseignements-personnels/acces-information/politiques-directives-acces-information/exigences-publication-ligne-programmes-fonds.html#toc-a,https://www.canada.ca/en/treasury-board-secretariat/services/access-information-privacy/access-information/info-source/list-institutions.html,https://www.canada.ca/fr/secretariat-conseil-tresor/services/acces-information-protection-reseignements-personnels/acces-information/info-source/liste-organisations.html,https://www.canada.ca/en/treasury-board-secretariat/services/access-information-privacy/access-information/info-source/list-institutions.html,https://www.canada.ca/fr/secretariat-conseil-tresor/services/acces-information-protection-reseignements-personnels/acces-information/info-source/liste-organisations.html,https://open.canada.ca/data/api/action/organization_list?all_fields=true&include_extras=true,https://open.canada.ca/data/en/api/3/action/datastore_search?resource_id=cb5b5566-f599-4d12-abae-8279a0230928&limit=500,https://open.canada.ca/data/en/api/3/action/datastore_search?resource_id=3faaafb4-00e2-4303-947d-ac786b62559f&limit=500,2026-08-15,verified_info_source,200,https://www.portquebec.ca/en/access-to-information-requests/,http_error,404,https://www.portquebec.ca/infosource
ati-schedule-i-regional-development-incentives-board,I,Other Government Institutions,126,Regional Development Incentives Board,Conseil des subventions au développement régional,https://laws-lois.justice.gc.ca/eng/XML/A-1.xml,,unmatched,0.6216,,,,,,,,,,,,,,,,,,,,,,,,,,,,,,unmatched,0.6154,,,,unmatched,0.6154,,,,unmatched,0.6118,,,unmatched,0.6301,,,unmatched,0.6118,,,,,,,,,,,,,,not_listed_in_tbs_appendix,,,,,,,https://www.canada.ca/en/treasury-board-secretariat/services/access-information-privacy/access-information/access-informatio-policies-guidance/programs-holdings-online-publishing-requirements.html#toc-a,https://www.canada.ca/fr/secretariat-conseil-tresor/services/acces-information-protection-renseignements-personnels/acces-information/politiques-directives-acces-information/exigences-publication-ligne-programmes-fonds.html#toc-a,https://www.canada.ca/en/treasury-board-secretariat/services/access-information-privacy/access-information/info-source/list-institutions.html,https://www.canada.ca/fr/secretariat-conseil-tresor/services/acces-information-protection-reseignements-personnels/acces-information/info-source/liste-organisations.html,,,https://open.canada.ca/data/api/action/organization_list?all_fields=true&include_extras=true,https://open.canada.ca/data/en/api/3/action/datastore_search?resource_id=cb5b5566-f599-4d12-abae-8279a0230928&limit=500,https://open.canada.ca/data/en/api/3/action/datastore_search?resource_id=3faaafb4-00e2-4303-947d-ac786b62559f&limit=500,2026-08-15,missing_url,,,missing_url,,
ati-schedule-i-royal-canadian-mounted-police,I,Other Government Institutions,127,Royal Canadian Mounted Police,Gendarmerie royale du Canada,https://laws-lois.justice.gc.ca/eng/XML/A-1.xml,2288.0,exact,1.0,Royal Canadian Mounted Police,Gendarmerie royale du Canada,,,Public Safety Canada,Sécurité publique Canada,1.1,RCMP,GRC,a,,www.rcmp-grc.gc.ca,www.rcmp-grc.gc.ca,rcmp-grc,295.0,30.0,Royal Canadian Mounted Police,RCM,RCM00,32365B12-5BF6-4B3A-AD1F-F5DAD76D2FDB,rcmp-grc,Royal Canadian Mounted Police,Gendarmerie royale du Canada,active,approved,131.0,97.0,ATIP-AIPRP@rcmp-grc.gc.ca,internal,open_gov_slug,1.0,Royal Canadian Mounted Police,06-30,A.2,exact,1.0,Gendarmerie royale du Canada,06-30,A.2,exact,1.0,Royal Canadian Mounted Police,https://rcmp.ca/en/corporate-information/access-information-and-privacy/info-source,exact,1.0,Gendarmerie royale du Canada,https://grc.ca/fr/renseignements-organisationnels/acces-linformation-et-protection-renseignements-personnels/info-source,exact,1.0,,,,,,,,,,,,,06-30,direct,https://rcmp.ca/en/corporate-information/access-information-and-privacy/info-source,https://grc.ca/fr/renseignements-organisationnels/acces-linformation-et-protection-renseignements-personnels/info-source,https://rcmp.ca/en/corporate-information/access-information-and-privacy/info-source/rcmp-specific-personal-information-banks,https://rcmp.ca/en/corporate-information/access-information-and-privacy/info-source/rcmp-specific-classes-records,https://grc.ca/fr/renseignements-organisationnels/acces-linformation-et-protection-renseignements-personnels/info-source/fichiers-renseignements-personnels-specifiques-grc,https://grc.ca/fr/renseignements-organisationnels/acces-linformation-et-protection-renseignements-personnels/info-source/categories-documents-specifiques-grc,https://www.canada.ca/en/treasury-board-secretariat/services/access-information-privacy/access-information/access-informatio-policies-guidance/programs-holdings-online-publishing-requirements.html#toc-a,https://www.canada.ca/fr/secretariat-conseil-tresor/services/acces-information-protection-renseignements-personnels/acces-information/politiques-directives-acces-information/exigences-publication-ligne-programmes-fonds.html#toc-a,https://www.canada.ca/en/treasury-board-secretariat/services/access-information-privacy/access-information/info-source/list-institutions.html,https://www.canada.ca/fr/secretariat-conseil-tresor/services/acces-information-protection-reseignements-personnels/acces-information/info-source/liste-organisations.html,https://www.canada.ca/en/treasury-board-secretariat/services/access-information-privacy/access-information/info-source/list-institutions.html,https://www.canada.ca/fr/secretariat-conseil-tresor/services/acces-information-protection-reseignements-personnels/acces-information/info-source/liste-organisations.html,https://open.canada.ca/data/api/action/organization_list?all_fields=true&include_extras=true,https://open.canada.ca/data/en/api/3/action/datastore_search?resource_id=cb5b5566-f599-4d12-abae-8279a0230928&limit=500,https://open.canada.ca/data/en/api/3/action/datastore_search?resource_id=3faaafb4-00e2-4303-947d-ac786b62559f&limit=500,2026-08-15,verified_info_source,200,https://rcmp.ca/en/corporate-information/access-information-and-privacy/info-source,verified_info_source,200,https://grc.ca/fr/renseignements-organisationnels/acces-linformation-et-protection-renseignements-personnels/info-source
ati-schedule-i-royal-canadian-mounted-police-external-review-committee,I,Other Government Institutions,128,Royal Canadian Mounted Police External Review Committee,Comité externe d’examen de la Gendarmerie royale du Canada,https://laws-lois.justice.gc.ca/eng/XML/A-1.xml,2289.0,exact,1.0,RCMP External Review Committee,Comité externe d'examen de la GRC,RCMP External Review Committee,Comité externe d'examen de la GRC,Public Safety Canada,Sécurité publique Canada,1.1,ERC,CEE,a,,www.erc-cee.gc.ca,www.erc-cee.gc.ca,erc-cee,296.0,,Royal Canadian Mounted Police External Review Committee,REC,,FE709A24-3483-49EF-9A04-8F61D0C2806F,erc-cee,RCMP External Review Committee,Comité externe d'examen de la GRC,active,approved,232.0,100.0,corporateandhrservices-servicesgenerauxetrh@erc-cee.gc.ca,internal,open_gov_slug,1.0,Royal Canadian Mountain Police External Review Committee,09-30,A.3,fuzzy,0.955,Comité externe d’examen de la Gendarmerie Royal du Canada,09-30,A.3,fuzzy,0.9892,Royal Canadian Mounted Police External Review Committee,https://www.canada.ca/en/rcmp-external-review-committee/corporate/transparency/access-information-privacy/info-source-sources-federal-government-employee-information.html,exact,1.0,Comité externe d’examen de la Gendarmerie royale du Canada,https://www.canada.ca/fr/comite-externe-examen-grc/organisation/transparence/acces-information-protection-renseignements-personnels/info-source-sources-renseignements-gouvernement-federal-fonctionnaires-federaux.html,exact,1.0,,,,,,,,,,,,TBS English due-date source contains Mountain instead of Mounted.,09-30,direct,https://www.canada.ca/en/rcmp-external-review-committee/corporate/transparency/access-information-privacy/info-source-sources-federal-government-employee-information.html,https://www.canada.ca/fr/comite-externe-examen-grc/organisation/transparence/acces-information-protection-renseignements-personnels/info-source-sources-renseignements-gouvernement-federal-fonctionnaires-federaux.html,https://www.canada.ca/en/rcmp-external-review-committee/corporate/transparency/access-information-privacy/info-source-sources-federal-government-employee-information.html,https://www.canada.ca/en/rcmp-external-review-committee/corporate/transparency/access-information-privacy/info-source-sources-federal-government-employee-information.html,https://www.canada.ca/fr/comite-externe-examen-grc/organisation/transparence/acces-information-protection-renseignements-personnels/info-source-sources-renseignements-gouvernement-federal-fonctionnaires-federaux.html,https://www.canada.ca/fr/comite-externe-examen-grc/organisation/transparence/acces-information-protection-renseignements-personnels/info-source-sources-renseignements-gouvernement-federal-fonctionnaires-federaux.html,https://www.canada.ca/en/treasury-board-secretariat/services/access-information-privacy/access-information/access-informatio-policies-guidance/programs-holdings-online-publishing-requirements.html#toc-a,https://www.canada.ca/fr/secretariat-conseil-tresor/services/acces-information-protection-renseignements-personnels/acces-information/politiques-directives-acces-information/exigences-publication-ligne-programmes-fonds.html#toc-a,https://www.canada.ca/en/treasury-board-secretariat/services/access-information-privacy/access-information/info-source/list-institutions.html,https://www.canada.ca/fr/secretariat-conseil-tresor/services/acces-information-protection-reseignements-personnels/acces-information/info-source/liste-organisations.html,https://www.canada.ca/en/treasury-board-secretariat/services/access-information-privacy/access-information/info-source/list-institutions.html,https://www.canada.ca/fr/secretariat-conseil-tresor/services/acces-information-protection-reseignements-personnels/acces-information/info-source/liste-organisations.html,https://open.canada.ca/data/api/action/organization_list?all_fields=true&include_extras=true,https://open.canada.ca/data/en/api/3/action/datastore_search?resource_id=cb5b5566-f599-4d12-abae-8279a0230928&limit=500,https://open.canada.ca/data/en/api/3/action/datastore_search?resource_id=3faaafb4-00e2-4303-947d-ac786b62559f&limit=500,2026-08-15,verified_info_source,200,https://www.canada.ca/en/rcmp-external-review-committee/corporate/transparency/access-information-privacy/info-source-sources-federal-government-employee-information.html,verified_info_source,200,https://www.canada.ca/fr/comite-externe-examen-grc/organisation/transparence/acces-information-protection-renseignements-personnels/info-source-sources-renseignements-gouvernement-federal-fonctionnaires-federaux.html
ati-schedule-i-saguenay-port-authority,I,Other Government Institutions,129,Saguenay Port Authority,Administration portuaire du Saguenay,https://laws-lois.justice.gc.ca/eng/XML/A-1.xml,3493.0,exact,1.0,Saguenay Port Authority,Administration portuaire du Saguenay,,,,,,,,a,,www.portsaguenay.ca,www.portsaguenay.ca,spa-aps,298.0,,Saguenay Port Authority,,,abf1cd5a-0c3b-59a3-aa4f-eeef5f6b977a,spa-aps,Saguenay Port Authority,Administration portuaire du Saguenay,active,approved,78.0,240.0,apoudrier@portsaguenay.ca,internal,open_gov_slug,1.0,Saguenay Port Authority,03-31,A.1,exact,1.0,Administration portuaire du Saguenay,03-31,A.1,exact,1.0,Saguenay Port Authority,http://www.portsaguenay.ca/en/page/info-source,exact,1.0,Administration portuaire du Saguenay,http://www.portsaguenay.ca/fr/page/info-source,exact,1.0,,,,,,,,,,,,,03-31,direct,http://www.portsaguenay.ca/en/page/info-source,http://www.portsaguenay.ca/fr/page/info-source,https://www.portsaguenay.ca/en/page/info-source,https://www.portsaguenay.ca/en/page/info-source,https://www.portsaguenay.ca/fr/page/info-source,https://www.portsaguenay.ca/fr/page/info-source,https://www.canada.ca/en/treasury-board-secretariat/services/access-information-privacy/access-information/access-informatio-policies-guidance/programs-holdings-online-publishing-requirements.html#toc-a,https://www.canada.ca/fr/secretariat-conseil-tresor/services/acces-information-protection-renseignements-personnels/acces-information/politiques-directives-acces-information/exigences-publication-ligne-programmes-fonds.html#toc-a,https://www.canada.ca/en/treasury-board-secretariat/services/access-information-privacy/access-information/info-source/list-institutions.html,https://www.canada.ca/fr/secretariat-conseil-tresor/services/acces-information-protection-reseignements-personnels/acces-information/info-source/liste-organisations.html,https://www.canada.ca/en/treasury-board-secretariat/services/access-information-privacy/access-information/info-source/list-institutions.html,https://www.canada.ca/fr/secretariat-conseil-tresor/services/acces-information-protection-reseignements-personnels/acces-information/info-source/liste-organisations.html,https://open.canada.ca/data/api/action/organization_list?all_fields=true&include_extras=true,https://open.canada.ca/data/en/api/3/action/datastore_search?resource_id=cb5b5566-f599-4d12-abae-8279a0230928&limit=500,https://open.canada.ca/data/en/api/3/action/datastore_search?resource_id=3faaafb4-00e2-4303-947d-ac786b62559f&limit=500,2026-08-15,verified_info_source,200,https://www.portsaguenay.ca/en/page/info-source,verified_info_source,200,https://www.portsaguenay.ca/fr/page/info-source
ati-schedule-i-sahtu-land-and-water-board,I,Other Government Institutions,130,Sahtu Land and Water Board,Office des terres et des eaux du Sahtu,https://laws-lois.justice.gc.ca/eng/XML/A-1.xml,,unmatched,0.619,,,,,,,,,,,,,,,,,,,,4d88aa15-822c-48ea-b340-3d4a3b32d4cd,slwb-otes,Sahtu Land and Water Board,Office des terres et des eaux du Sahtu,active,approved,,587.0,snorrish@wlwb.ca,internal,name,1.0,Sahtu Land and Water Board,03-31,A.1,exact,1.0,Office des terres et des eaux du Sahtu,03-31,A.1,exact,1.0,Sahtu Land and Water Board,https://slwb.com/our-board/access-information-requests-0,exact,1.0,Office des terres et des eaux du Sahtu,https://wlwb.ca/sites/default/files/mvlwb_-_info_source_-_may_14_19.pdf?_gl=1*1qsdw3z*_ga*ODE3NjYzOTEwLjE2NjYyMDQwNTQ.*_ga_1YN4RQ50MS*MTY2NjIwNDA1My4xLjEuMTY2NjIwNDQ1Ny4wLjAuMA..*_ga_DM4CTC801Y*MTY2NjIwNDA1My4xLjEuMTY2NjIwNDQ1Ny4wLjAuMA..*_ga_WH73GNZLKK*MTY2NjIwNDA1My4xLjEuMTY2NjIwNDQ1Ny4wLjAuMA..*_ga_FFVRERZXBW*MTY2NjIwNDA1My4xLjEuMTY2NjIwNDQ1Ny4wLjAuMA..,exact,1.0,,,,,,,,,,,,,03-31,direct,https://slwb.com/our-board/access-information-requests-0,https://wlwb.ca/sites/default/files/mvlwb_-_info_source_-_may_14_19.pdf?_gl=1*1qsdw3z*_ga*ODE3NjYzOTEwLjE2NjYyMDQwNTQ.*_ga_1YN4RQ50MS*MTY2NjIwNDA1My4xLjEuMTY2NjIwNDQ1Ny4wLjAuMA..*_ga_DM4CTC801Y*MTY2NjIwNDA1My4xLjEuMTY2NjIwNDQ1Ny4wLjAuMA..*_ga_WH73GNZLKK*MTY2NjIwNDA1My4xLjEuMTY2NjIwNDQ1Ny4wLjAuMA..*_ga_FFVRERZXBW*MTY2NjIwNDA1My4xLjEuMTY2NjIwNDQ1Ny4wLjAuMA..,https://slwb.com/our-board/access-information-requests-0,https://slwb.com/our-board/access-information-requests-0,https://wlwb.ca/sites/default/files/mvlwb_-_info_source_-_may_14_19.pdf?_gl=1*1qsdw3z*_ga*ODE3NjYzOTEwLjE2NjYyMDQwNTQ.*_ga_1YN4RQ50MS*MTY2NjIwNDA1My4xLjEuMTY2NjIwNDQ1Ny4wLjAuMA..*_ga_DM4CTC801Y*MTY2NjIwNDA1My4xLjEuMTY2NjIwNDQ1Ny4wLjAuMA..*_ga_WH73GNZLKK*MTY2NjIwNDA1My4xLjEuMTY2NjIwNDQ1Ny4wLjAuMA..*_ga_FFVRERZXBW*MTY2NjIwNDA1My4xLjEuMTY2NjIwNDQ1Ny4wLjAuMA..,https://wlwb.ca/sites/default/files/mvlwb_-_info_source_-_may_14_19.pdf?_gl=1*1qsdw3z*_ga*ODE3NjYzOTEwLjE2NjYyMDQwNTQ.*_ga_1YN4RQ50MS*MTY2NjIwNDA1My4xLjEuMTY2NjIwNDQ1Ny4wLjAuMA..*_ga_DM4CTC801Y*MTY2NjIwNDA1My4xLjEuMTY2NjIwNDQ1Ny4wLjAuMA..*_ga_WH73GNZLKK*MTY2NjIwNDA1My4xLjEuMTY2NjIwNDQ1Ny4wLjAuMA..*_ga_FFVRERZXBW*MTY2NjIwNDA1My4xLjEuMTY2NjIwNDQ1Ny4wLjAuMA..,https://www.canada.ca/en/treasury-board-secretariat/services/access-information-privacy/access-information/access-informatio-policies-guidance/programs-holdings-online-publishing-requirements.html#toc-a,https://www.canada.ca/fr/secretariat-conseil-tresor/services/acces-information-protection-renseignements-personnels/acces-information/politiques-directives-acces-information/exigences-publication-ligne-programmes-fonds.html#toc-a,https://www.canada.ca/en/treasury-board-secretariat/services/access-information-privacy/access-information/info-source/list-institutions.html,https://www.canada.ca/fr/secretariat-conseil-tresor/services/acces-information-protection-reseignements-personnels/acces-information/info-source/liste-organisations.html,https://www.canada.ca/en/treasury-board-secretariat/services/access-information-privacy/access-information/info-source/list-institutions.html,https://www.canada.ca/fr/secretariat-conseil-tresor/services/acces-information-protection-reseignements-personnels/acces-information/info-source/liste-organisations.html,https://open.canada.ca/data/api/action/organization_list?all_fields=true&include_extras=true,https://open.canada.ca/data/en/api/3/action/datastore_search?resource_id=cb5b5566-f599-4d12-abae-8279a0230928&limit=500,https://open.canada.ca/data/en/api/3/action/datastore_search?resource_id=3faaafb4-00e2-4303-947d-ac786b62559f&limit=500,2026-08-15,http_error,403,https://slwb.com/our-board/access-information-requests-0,request_error,,
ati-schedule-i-sahtu-land-use-planning-board,I,Other Government Institutions,131,Sahtu Land Use Planning Board,Office d’aménagement territorial du Sahtu,https://laws-lois.justice.gc.ca/eng/XML/A-1.xml,,unmatched,0.5538,,,,,,,,,,,,,,,,,,,,666998ab-420a-4aba-9006-a43f9ad1ad7f,slupb-cats,Sahtu Land Use Planning Board,Conseil de l’aménagement du territoire du Sahtu,active,approved,,588.0,exec_director@sahtulanduseplan.org,internal,name,1.0,Sahtu Land Use Planning Board,03-31,A.1,exact,1.0,Office d’aménagement territorial du Sahtu,03-31,A.1,exact,1.0,Sahtu Land Use Planning Board,https://slwb.com/our-board/access-information-requests-0,exact,1.0,Office d’aménagement territorial du Sahtu,https://sahtulanduseplan.org/sites/default/files/sahtu_land_use_planning_board-fr.pdf,exact,1.0,,,,,,,,,,,,,03-31,direct,https://slwb.com/our-board/access-information-requests-0,https://sahtulanduseplan.org/sites/default/files/sahtu_land_use_planning_board-fr.pdf,https://slwb.com/our-board/access-information-requests-0,https://slwb.com/our-board/access-information-requests-0,https://sahtulanduseplan.org/sites/default/files/sahtu_land_use_planning_board-fr.pdf,https://sahtulanduseplan.org/sites/default/files/sahtu_land_use_planning_board-fr.pdf,https://www.canada.ca/en/treasury-board-secretariat/services/access-information-privacy/access-information/access-informatio-policies-guidance/programs-holdings-online-publishing-requirements.html#toc-a,https://www.canada.ca/fr/secretariat-conseil-tresor/services/acces-information-protection-renseignements-personnels/acces-information/politiques-directives-acces-information/exigences-publication-ligne-programmes-fonds.html#toc-a,https://www.canada.ca/en/treasury-board-secretariat/services/access-information-privacy/access-information/info-source/list-institutions.html,https://www.canada.ca/fr/secretariat-conseil-tresor/services/acces-information-protection-reseignements-personnels/acces-information/info-source/liste-organisations.html,https://www.canada.ca/en/treasury-board-secretariat/services/access-information-privacy/access-information/info-source/list-institutions.html,https://www.canada.ca/fr/secretariat-conseil-tresor/services/acces-information-protection-reseignements-personnels/acces-information/info-source/liste-organisations.html,https://open.canada.ca/data/api/action/organization_list?all_fields=true&include_extras=true,https://open.canada.ca/data/en/api/3/action/datastore_search?resource_id=cb5b5566-f599-4d12-abae-8279a0230928&limit=500,https://open.canada.ca/data/en/api/3/action/datastore_search?resource_id=3faaafb4-00e2-4303-947d-ac786b62559f&limit=500,2026-08-15,http_error,403,https://slwb.com/our-board/access-information-requests-0,http_error,404,https://sahtulanduseplan.org/sites/default/files/sahtu_land_use_planning_board-fr.pdf
ati-schedule-i-saint-john-port-authority,I,Other Government Institutions,132,Saint John Port Authority,Administration portuaire de Saint-Jean,https://laws-lois.justice.gc.ca/eng/XML/A-1.xml,3495.0,exact,1.0,Saint John Port Authority,Administration portuaire de Saint John,,,,,,,,a,,www.sjport.com,www.sjport.com,stjpa-apstj,300.0,,Saint John Port Authority,,,5626cda5-35dd-4707-9088-672ea292c14c,stjpa-apstj,Saint John Port Authority,Administration portuaire de Saint John,active,approved,,242.0,pcopeland@sjport.com,internal,open_gov_slug,1.0,Saint John Port Authority,03-31,A.1,exact,1.0,Administration portuaire de Saint John,03-31,A.1,exact,1.0,Saint John Port Authority,,exact,1.0,Administration portuaire de Saint John,,exact,1.0,,,,,,,,,,,,,03-31,direct,,,,,,,https://www.canada.ca/en/treasury-board-secretariat/services/access-information-privacy/access-information/access-informatio-policies-guidance/programs-holdings-online-publishing-requirements.html#toc-a,https://www.canada.ca/fr/secretariat-conseil-tresor/services/acces-information-protection-renseignements-personnels/acces-information/politiques-directives-acces-information/exigences-publication-ligne-programmes-fonds.html#toc-a,https://www.canada.ca/en/treasury-board-secretariat/services/access-information-privacy/access-information/info-source/list-institutions.html,https://www.canada.ca/fr/secretariat-conseil-tresor/services/acces-information-protection-reseignements-personnels/acces-information/info-source/liste-organisations.html,,,https://open.canada.ca/data/api/action/organization_list?all_fields=true&include_extras=true,https://open.canada.ca/data/en/api/3/action/datastore_search?resource_id=cb5b5566-f599-4d12-abae-8279a0230928&limit=500,https://open.canada.ca/data/en/api/3/action/datastore_search?resource_id=3faaafb4-00e2-4303-947d-ac786b62559f&limit=500,2026-08-15,missing_url,,,missing_url,,
ati-schedule-i-secretariat-of-the-national-security-and-intelligence-committee-of-parliamentarians,I,Other Government Institutions,133,Secretariat of the National Security and Intelligence Committee of Parliamentarians,Secrétariat du Comité des parlementaires sur la sécurité nationale et le renseignement,https://laws-lois.justice.gc.ca/eng/XML/A-1.xml,2295.0,exact,1.0,Secretariat of the National Security and Intelligence Committee of Parliamentarians,Secrétariat du Comité des parlementaires sur la sécurité nationale et le renseignement,Secretariat of the National Security and Intelligence Committee of Parliamentarians,Secrétariat du Comité des parlementaires sur la sécurité nationale et le renseignement,Privy Council Office,Bureau du Conseil privé,1.1,SNSICP,SCPSNR,a,,https://www.nsicop-cpsnr.ca/index-en.html,https://www.nsicop-cpsnr.ca/index-fr.html,snsicp-scpssnr,345.0,192.0,Secretariat of the National Security and Intelligence Committee of Parliamentarians,NSI,NSI00,14d92451-590d-4ae5-9e2e-ad00b903788d,snsicp-scpssnr,Secretariat of the National Security and Intelligence Committee of Parliamentarians,Secrétariat du Comité des parlementaires sur la sécurité nationale et le renseignement,active,approved,,359.0,Secretariat@nsicop-cpsnr.gc.ca,internal,open_gov_slug,1.0,Secretariat of the National Security and Intelligence Committee of Parliamentarians,09-30,A.3,exact,1.0,Secrétariat du Comité des parlementaires sur la sécurité nationale et le renseignement,09-30,A.3,exact,1.0,,,unmatched,0.6549,,,unmatched,0.4754,,,,https://www.canada.ca/en/secretariat-national-security-intelligence-committee-parliamentarians/corporate/transparency/info-source/2025.html,https://www.canada.ca/fr/secretariat-comite-parlementaires-securite-nationale-renseignement/organisation/transparence/info-source/2025.html,,,,,https://www.canada.ca/en/secretariat-national-security-intelligence-committee-parliamentarians/corporate/transparency/info-source/2025.html,https://www.canada.ca/fr/secretariat-comite-parlementaires-securite-nationale-renseignement/organisation/transparence/info-source/2025.html,Bilingual 2025 pages verified through web search.,09-30,direct,https://www.canada.ca/en/secretariat-national-security-intelligence-committee-parliamentarians/corporate/transparency/info-source/2025.html,https://www.canada.ca/fr/secretariat-comite-parlementaires-securite-nationale-renseignement/organisation/transparence/info-source/2025.html,https://www.canada.ca/en/secretariat-national-security-intelligence-committee-parliamentarians/corporate/transparency/info-source/2025.html,https://www.canada.ca/en/secretariat-national-security-intelligence-committee-parliamentarians/corporate/transparency/info-source/2025.html,https://www.canada.ca/fr/secretariat-comite-parlementaires-securite-nationale-renseignement/organisation/transparence/info-source/2025.html,https://www.canada.ca/fr/secretariat-comite-parlementaires-securite-nationale-renseignement/organisation/transparence/info-source/2025.html,https://www.canada.ca/en/treasury-board-secretariat/services/access-information-privacy/access-information/access-informatio-policies-guidance/programs-holdings-online-publishing-requirements.html#toc-a,https://www.canada.ca/fr/secretariat-conseil-tresor/services/acces-information-protection-renseignements-personnels/acces-information/politiques-directives-acces-information/exigences-publication-ligne-programmes-fonds.html#toc-a,https://www.canada.ca/en/treasury-board-secretariat/services/access-information-privacy/access-information/info-source/list-institutions.html,https://www.canada.ca/fr/secretariat-conseil-tresor/services/acces-information-protection-reseignements-personnels/acces-information/info-source/liste-organisations.html,https://www.canada.ca/en/secretariat-national-security-intelligence-committee-parliamentarians/corporate/transparency/info-source/2025.html,https://www.canada.ca/fr/secretariat-comite-parlementaires-securite-nationale-renseignement/organisation/transparence/info-source/2025.html,https://open.canada.ca/data/api/action/organization_list?all_fields=true&include_extras=true,https://open.canada.ca/data/en/api/3/action/datastore_search?resource_id=cb5b5566-f599-4d12-abae-8279a0230928&limit=500,https://open.canada.ca/data/en/api/3/action/datastore_search?resource_id=3faaafb4-00e2-4303-947d-ac786b62559f&limit=500,2026-08-15,verified_info_source,200,https://www.canada.ca/en/secretariat-national-security-intelligence-committee-parliamentarians/corporate/transparency/info-source/2025.html,verified_info_source,200,https://www.canada.ca/fr/secretariat-comite-parlementaires-securite-nationale-renseignement/organisation/transparence/info-source/2025.html
ati-schedule-i-sept-iles-port-authority,I,Other Government Institutions,134,Sept-Îles Port Authority,Administration portuaire de Sept-Îles,https://laws-lois.justice.gc.ca/eng/XML/A-1.xml,3497.0,exact,1.0,Sept-Îles Port Authority,Administration portuaire de Sept-Îles,,,,,,,,a,,www.portsi.com,www.portsi.com,psi,304.0,,Sept-Îles Port Authority,,,c26063c1-511a-5343-b0a7-1d651aef3efb,psi,Port of Sept-Iles,Port de Sept-Îles,active,approved,219.0,244.0,pkeays@portsi.com,internal,open_gov_slug,1.0,Sept-Îles Port Authority,03-31,A.1,exact,1.0,Administration portuaire de Sept-Îles,03-31,A.1,exact,1.0,Sept-Îles Port Authority,http://www.portsi.com/access-information/info-source/?lang=en,exact,1.0,Administration portuaire de Sept-Îles,http://www.portsi.com/acces-a-linformation/info-source/,exact,1.0,,,,,,,,,,,,,03-31,direct,http://www.portsi.com/access-information/info-source/?lang=en,http://www.portsi.com/acces-a-linformation/info-source/,https://www.portsi.com/knowledge-base/info-source/?lang=en,https://www.portsi.com/knowledge-base/info-source/?lang=en,https://www.portsi.com/centre-de-documentation/info-source/,https://www.portsi.com/centre-de-documentation/info-source/,https://www.canada.ca/en/treasury-board-secretariat/services/access-information-privacy/access-information/access-informatio-policies-guidance/programs-holdings-online-publishing-requirements.html#toc-a,https://www.canada.ca/fr/secretariat-conseil-tresor/services/acces-information-protection-renseignements-personnels/acces-information/politiques-directives-acces-information/exigences-publication-ligne-programmes-fonds.html#toc-a,https://www.canada.ca/en/treasury-board-secretariat/services/access-information-privacy/access-information/info-source/list-institutions.html,https://www.canada.ca/fr/secretariat-conseil-tresor/services/acces-information-protection-reseignements-personnels/acces-information/info-source/liste-organisations.html,https://www.canada.ca/en/treasury-board-secretariat/services/access-information-privacy/access-information/info-source/list-institutions.html,https://www.canada.ca/fr/secretariat-conseil-tresor/services/acces-information-protection-reseignements-personnels/acces-information/info-source/liste-organisations.html,https://open.canada.ca/data/api/action/organization_list?all_fields=true&include_extras=true,https://open.canada.ca/data/en/api/3/action/datastore_search?resource_id=cb5b5566-f599-4d12-abae-8279a0230928&limit=500,https://open.canada.ca/data/en/api/3/action/datastore_search?resource_id=3faaafb4-00e2-4303-947d-ac786b62559f&limit=500,2026-08-15,verified_info_source,200,https://www.portsi.com/knowledge-base/info-source/?lang=en,verified_info_source,200,https://www.portsi.com/centre-de-documentation/info-source/
ati-schedule-i-shared-services-canada,I,Other Government Institutions,135,Shared Services Canada,Services partagés Canada,https://laws-lois.justice.gc.ca/eng/XML/A-1.xml,2292.0,exact,1.0,Shared Services Canada,Services partagés Canada,Shared Services Canada,Services partagés Canada,Public Services and Procurement Canada,Services publics et Approvisionnement Canada,1.1,SSC,SPC,a,,https://www.canada.ca/en/shared-services.html,https://www.canada.ca/fr/services-partages.html,ssc-spc,305.0,163.0,Shared Services Canada,GSS,GSS00,a793f17d-6bcd-47dd-97fe-f00835fb4a0d,ssc-spc,Shared Services Canada,Services partagés Canada,active,approved,92.0,53.0,ATIP-AIPRP@ssc-spc.gc.ca,internal,open_gov_slug,1.0,Shared Services Canada,06-30,A.2,exact,1.0,Services partagés Canada,06-30,A.2,exact,1.0,Shared Services Canada,https://www.canada.ca/en/shared-services/corporate/transparency/access-information-privacy/sources-federal-government-employee-information-2021-info-source.html,exact,1.0,Services partagés Canada,https://www.canada.ca/fr/services-partages/organisation/transparence/acces-information-protection-renseignements-personnels/sources-renseignements-gouvernement-federal-fonctionnaires-federaux-2021-info-source.html,exact,1.0,,,,,,,,,,,,,06-30,direct,https://www.canada.ca/en/shared-services/corporate/transparency/access-information-privacy/sources-federal-government-employee-information-2021-info-source.html,https://www.canada.ca/fr/services-partages/organisation/transparence/acces-information-protection-renseignements-personnels/sources-renseignements-gouvernement-federal-fonctionnaires-federaux-2021-info-source.html,https://www.canada.ca/en/shared-services/corporate/about-us/transparency/access-information-privacy/sources-federal-government-employee-information-2021-info-source.html,https://www.canada.ca/en/shared-services/corporate/about-us/transparency/access-information-privacy/sources-federal-government-employee-information-2021-info-source.html,https://www.canada.ca/fr/services-partages/organisation/propos-nous/transparence/acces-information-protection-renseignements-personnels/sources-renseignements-gouvernement-federal-fonctionnaires-federaux-2021-info-source.html,https://www.canada.ca/fr/services-partages/organisation/propos-nous/transparence/acces-information-protection-renseignements-personnels/sources-renseignements-gouvernement-federal-fonctionnaires-federaux-2021-info-source.html,https://www.canada.ca/en/treasury-board-secretariat/services/access-information-privacy/access-information/access-informatio-policies-guidance/programs-holdings-online-publishing-requirements.html#toc-a,https://www.canada.ca/fr/secretariat-conseil-tresor/services/acces-information-protection-renseignements-personnels/acces-information/politiques-directives-acces-information/exigences-publication-ligne-programmes-fonds.html#toc-a,https://www.canada.ca/en/treasury-board-secretariat/services/access-information-privacy/access-information/info-source/list-institutions.html,https://www.canada.ca/fr/secretariat-conseil-tresor/services/acces-information-protection-reseignements-personnels/acces-information/info-source/liste-organisations.html,https://www.canada.ca/en/treasury-board-secretariat/services/access-information-privacy/access-information/info-source/list-institutions.html,https://www.canada.ca/fr/secretariat-conseil-tresor/services/acces-information-protection-reseignements-personnels/acces-information/info-source/liste-organisations.html,https://open.canada.ca/data/api/action/organization_list?all_fields=true&include_extras=true,https://open.canada.ca/data/en/api/3/action/datastore_search?resource_id=cb5b5566-f599-4d12-abae-8279a0230928&limit=500,https://open.canada.ca/data/en/api/3/action/datastore_search?resource_id=3faaafb4-00e2-4303-947d-ac786b62559f&limit=500,2026-08-15,verified_info_source,200,https://www.canada.ca/en/shared-services/corporate/about-us/transparency/access-information-privacy/sources-federal-government-employee-information-2021-info-source.html,verified_info_source,200,https://www.canada.ca/fr/services-partages/organisation/propos-nous/transparence/acces-information-protection-renseignements-personnels/sources-renseignements-gouvernement-federal-fonctionnaires-federaux-2021-info-source.html
ati-schedule-i-social-sciences-and-humanities-research-council,I,Other Government Institutions,136,Social Sciences and Humanities Research Council,Conseil de recherches en sciences humaines,https://laws-lois.justice.gc.ca/eng/XML/A-1.xml,2316.0,exact,1.0,Social Sciences and Humanities Research Council of Canada,Conseil de recherches en sciences humaines du Canada,Social Sciences and Humanities Research Council of Canada,Conseil de recherches en sciences humaines du Canada,"Innovation, Science and Economic Development Canada","Innovation, Sciences et Développement économique Canada",2.0,SSHRC,CRSH,a,,www.sshrc-crsh.gc.ca,www.sshrc-crsh.gc.ca,sshrc-crsh,306.0,63.0,Social Sciences and Humanities Research Council,SSH,SSH00,DF295E03-841D-49BE-AAE6-32BB6AC093FB,sshrc-crsh,Social Sciences and Humanities Research Council of Canada,Conseil de recherches en sciences humaines du Canada,active,approved,207.0,110.0,ATIP-AIPRP@sshrc-crsh.gc.ca,internal,open_gov_slug,1.0,Social Sciences and Humanities Research Council of Canada,12-31,A.4,exact,1.0,Conseil de recherches en sciences humaines du Canada,12-31,A.4,exact,1.0,Social Sciences and Humanities Research Council of Canada,http://www.sshrc-crsh.gc.ca/transparency-transparence/atip-aiprp/infosource-eng.aspx,override_exact,1.0,Conseil de recherches en science humaines,http://www.sshrc-crsh.gc.ca/transparency-transparence/atip-aiprp/infosource-fra.aspx,override_exact,1.0,,,,,,,,,,,,Public-facing name includes Canada; French central-list source contains a grammatical error.,12-31,direct,http://www.sshrc-crsh.gc.ca/transparency-transparence/atip-aiprp/infosource-eng.aspx,http://www.sshrc-crsh.gc.ca/transparency-transparence/atip-aiprp/infosource-fra.aspx,http://www.sshrc-crsh.gc.ca/transparency-transparence/atip-aiprp/infosource-eng.aspx,http://www.sshrc-crsh.gc.ca/transparency-transparence/atip-aiprp/infosource-eng.aspx,http://www.sshrc-crsh.gc.ca/transparency-transparence/atip-aiprp/infosource-fra.aspx,http://www.sshrc-crsh.gc.ca/transparency-transparence/atip-aiprp/infosource-fra.aspx,https://www.canada.ca/en/treasury-board-secretariat/services/access-information-privacy/access-information/access-informatio-policies-guidance/programs-holdings-online-publishing-requirements.html#toc-a,https://www.canada.ca/fr/secretariat-conseil-tresor/services/acces-information-protection-renseignements-personnels/acces-information/politiques-directives-acces-information/exigences-publication-ligne-programmes-fonds.html#toc-a,https://www.canada.ca/en/treasury-board-secretariat/services/access-information-privacy/access-information/info-source/list-institutions.html,https://www.canada.ca/fr/secretariat-conseil-tresor/services/acces-information-protection-reseignements-personnels/acces-information/info-source/liste-organisations.html,https://www.canada.ca/en/treasury-board-secretariat/services/access-information-privacy/access-information/info-source/list-institutions.html,https://www.canada.ca/fr/secretariat-conseil-tresor/services/acces-information-protection-reseignements-personnels/acces-information/info-source/liste-organisations.html,https://open.canada.ca/data/api/action/organization_list?all_fields=true&include_extras=true,https://open.canada.ca/data/en/api/3/action/datastore_search?resource_id=cb5b5566-f599-4d12-abae-8279a0230928&limit=500,https://open.canada.ca/data/en/api/3/action/datastore_search?resource_id=3faaafb4-00e2-4303-947d-ac786b62559f&limit=500,2026-08-15,request_error,,,request_error,,
ati-schedule-i-statistics-canada,I,Other Government Institutions,137,Statistics Canada,Statistique Canada,https://laws-lois.justice.gc.ca/eng/XML/A-1.xml,2293.0,exact,1.0,Statistics Canada,Statistique Canada,Statistics Canada,Statistique Canada,"Innovation, Science and Economic Development Canada","Innovation, Sciences et Développement économique Canada",1.1,StatCan,StatCan,a,,www.statcan.gc.ca,www.statcan.gc.ca,statcan,313.0,54.0,Statistics Canada,STC,STC00,A0F0FCFC-BC3B-4696-8B6D-E7E411D55BAC,statcan,Statistics Canada,Statistique Canada,active,approved,256.0,112.0,ATIP-AIPRP@statcan.gc.ca,internal,open_gov_slug,1.0,Statistics Canada,06-30,A.2,exact,1.0,Statistique Canada,06-30,A.2,exact,1.0,Statistics Canada,https://www.statcan.gc.ca/eng/public/ipih/index,exact,1.0,Statistique Canada,https://www.statcan.gc.ca/fra/publique/rpfr/index,exact,1.0,,,,,,,,,,,,,06-30,direct,https://www.statcan.gc.ca/eng/public/ipih/index,https://www.statcan.gc.ca/fra/publique/rpfr/index,https://www.statcan.gc.ca/en/about/transparency/publications-information-holdings/info-source,https://www.statcan.gc.ca/en/about/transparency/publications-information-holdings/info-source,https://www.statcan.gc.ca/fr/a-propos/transparence/publications-fonds-renseigments/info-source,https://www.statcan.gc.ca/fr/a-propos/transparence/publications-fonds-renseigments/info-source,https://www.canada.ca/en/treasury-board-secretariat/services/access-information-privacy/access-information/access-informatio-policies-guidance/programs-holdings-online-publishing-requirements.html#toc-a,https://www.canada.ca/fr/secretariat-conseil-tresor/services/acces-information-protection-renseignements-personnels/acces-information/politiques-directives-acces-information/exigences-publication-ligne-programmes-fonds.html#toc-a,https://www.canada.ca/en/treasury-board-secretariat/services/access-information-privacy/access-information/info-source/list-institutions.html,https://www.canada.ca/fr/secretariat-conseil-tresor/services/acces-information-protection-reseignements-personnels/acces-information/info-source/liste-organisations.html,https://www.canada.ca/en/treasury-board-secretariat/services/access-information-privacy/access-information/info-source/list-institutions.html,https://www.canada.ca/fr/secretariat-conseil-tresor/services/acces-information-protection-reseignements-personnels/acces-information/info-source/liste-organisations.html,https://open.canada.ca/data/api/action/organization_list?all_fields=true&include_extras=true,https://open.canada.ca/data/en/api/3/action/datastore_search?resource_id=cb5b5566-f599-4d12-abae-8279a0230928&limit=500,https://open.canada.ca/data/en/api/3/action/datastore_search?resource_id=3faaafb4-00e2-4303-947d-ac786b62559f&limit=500,2026-08-15,verified_info_source,200,https://www.statcan.gc.ca/en/about/transparency/publications-information-holdings/info-source,verified_info_source,200,https://www.statcan.gc.ca/fr/a-propos/transparence/publications-fonds-renseigments/info-source
ati-schedule-i-statute-revision-commission,I,Other Government Institutions,138,Statute Revision Commission,Commission de révision des lois,https://laws-lois.justice.gc.ca/eng/XML/A-1.xml,,unmatched,0.7119,,,,,,,,,,,,,,,,,,,,,,,,,,,,,,unmatched,0.7119,,,,unmatched,0.6545,,,,unmatched,0.64,,,unmatched,0.6545,,,unmatched,0.64,,,,,,,,,,,,,,not_listed_in_tbs_appendix,,,,,,,https://www.canada.ca/en/treasury-board-secretariat/services/access-information-privacy/access-information/access-informatio-policies-guidance/programs-holdings-online-publishing-requirements.html#toc-a,https://www.canada.ca/fr/secretariat-conseil-tresor/services/acces-information-protection-renseignements-personnels/acces-information/politiques-directives-acces-information/exigences-publication-ligne-programmes-fonds.html#toc-a,https://www.canada.ca/en/treasury-board-secretariat/services/access-information-privacy/access-information/info-source/list-institutions.html,https://www.canada.ca/fr/secretariat-conseil-tresor/services/acces-information-protection-reseignements-personnels/acces-information/info-source/liste-organisations.html,,,https://open.canada.ca/data/api/action/organization_list?all_fields=true&include_extras=true,https://open.canada.ca/data/en/api/3/action/datastore_search?resource_id=cb5b5566-f599-4d12-abae-8279a0230928&limit=500,https://open.canada.ca/data/en/api/3/action/datastore_search?resource_id=3faaafb4-00e2-4303-947d-ac786b62559f&limit=500,2026-08-15,missing_url,,,missing_url,,
ati-schedule-i-st-john-s-port-authority,I,Other Government Institutions,139,St. John’s Port Authority,Administration portuaire de St. John’s,https://laws-lois.justice.gc.ca/eng/XML/A-1.xml,3500.0,exact,1.0,St. John’s Port Authority,Administration portuaire de St. John’s,,,,,,,,a,,,,,310.0,,St. John's Port Authority,,,ea12ead1-29c2-5708-9e25-22156c33a3fe,sjpa-apsj,St. John's Port Authority,Administration portuaire de St. John's,active,approved,54.0,247.0,shanrahan@sjpa-apsj.com,internal,name,1.0,St. John’s Port Authority,03-31,A.1,exact,1.0,Administration portuaire de St. John’s,03-31,A.1,exact,1.0,St. John's Port Authority,https://sjpa-apsj.com/uploads/images/pages/2022-SJPA-Info-Source.pdf,exact,1.0,Administration portuaire de St. John’s,https://sjpa.com/fr/administration-portuaire/rapports-dinformation/,exact,1.0,,,,,,,,,,,,,03-31,direct,https://sjpa-apsj.com/uploads/images/pages/2022-SJPA-Info-Source.pdf,https://sjpa.com/fr/administration-portuaire/rapports-dinformation/,https://sjpa-apsj.com/uploads/images/pages/2022-SJPA-Info-Source.pdf,https://sjpa-apsj.com/uploads/images/pages/2022-SJPA-Info-Source.pdf,https://sjpa.com/fr/administration-portuaire/rapports-dinformation/,https://sjpa.com/fr/administration-portuaire/rapports-dinformation/,https://www.canada.ca/en/treasury-board-secretariat/services/access-information-privacy/access-information/access-informatio-policies-guidance/programs-holdings-online-publishing-requirements.html#toc-a,https://www.canada.ca/fr/secretariat-conseil-tresor/services/acces-information-protection-renseignements-personnels/acces-information/politiques-directives-acces-information/exigences-publication-ligne-programmes-fonds.html#toc-a,https://www.canada.ca/en/treasury-board-secretariat/services/access-information-privacy/access-information/info-source/list-institutions.html,https://www.canada.ca/fr/secretariat-conseil-tresor/services/acces-information-protection-reseignements-personnels/acces-information/info-source/liste-organisations.html,https://www.canada.ca/en/treasury-board-secretariat/services/access-information-privacy/access-information/info-source/list-institutions.html,https://www.canada.ca/fr/secretariat-conseil-tresor/services/acces-information-protection-reseignements-personnels/acces-information/info-source/liste-organisations.html,https://open.canada.ca/data/api/action/organization_list?all_fields=true&include_extras=true,https://open.canada.ca/data/en/api/3/action/datastore_search?resource_id=cb5b5566-f599-4d12-abae-8279a0230928&limit=500,https://open.canada.ca/data/en/api/3/action/datastore_search?resource_id=3faaafb4-00e2-4303-947d-ac786b62559f&limit=500,2026-08-15,request_error,,,reachable_unverified_content,200,https://sjpa-apsj.com/
ati-schedule-i-thunder-bay-port-authority,I,Other Government Institutions,140,Thunder Bay Port Authority,Administration portuaire de Thunder Bay,https://laws-lois.justice.gc.ca/eng/XML/A-1.xml,3504.0,exact,1.0,Thunder Bay Port Authority,Administration portuaire de Thunder Bay,,,,,,,,a,,www.portofthunderbay.com,www.portofthunderbay.com,tbpa-aptb,319.0,,Thunder Bay Port Authority,,,4e4a3a79-e26b-4635-a611-ea50e36ab0c0,tbpa-aptb,Thunder Bay Port Authority,Administration portuaire de Thunder Bay,active,approved,,253.0,tbport@tbaytel.net,internal,open_gov_slug,1.0,Thunder Bay Port Authority,03-31,A.1,exact,1.0,Administration portuaire de Thunder Bay,03-31,A.1,exact,1.0,Thunder Bay Port Authority,https://www.portofthunderbay.ca/wp-content/uploads/2020/04/Infosource-Thunder-Bay-Port-Authority-20.pdf,exact,1.0,Administration portuaire de Thunder Bay,https://www.portofthunderbay.ca/wp-content/uploads/2020/04/Infosource-Administration-portuaire-de-Thunder-Bay-20.pdf,exact,1.0,,,,,,,,,,,,,03-31,direct,https://www.portofthunderbay.ca/wp-content/uploads/2020/04/Infosource-Thunder-Bay-Port-Authority-20.pdf,https://www.portofthunderbay.ca/wp-content/uploads/2020/04/Infosource-Administration-portuaire-de-Thunder-Bay-20.pdf,https://www.portofthunderbay.ca/wp-content/uploads/2020/04/Infosource-Thunder-Bay-Port-Authority-20.pdf,https://www.portofthunderbay.ca/wp-content/uploads/2020/04/Infosource-Thunder-Bay-Port-Authority-20.pdf,https://www.portofthunderbay.ca/wp-content/uploads/2020/04/Infosource-Administration-portuaire-de-Thunder-Bay-20.pdf,https://www.portofthunderbay.ca/wp-content/uploads/2020/04/Infosource-Administration-portuaire-de-Thunder-Bay-20.pdf,https://www.canada.ca/en/treasury-board-secretariat/services/access-information-privacy/access-information/access-informatio-policies-guidance/programs-holdings-online-publishing-requirements.html#toc-a,https://www.canada.ca/fr/secretariat-conseil-tresor/services/acces-information-protection-renseignements-personnels/acces-information/politiques-directives-acces-information/exigences-publication-ligne-programmes-fonds.html#toc-a,https://www.canada.ca/en/treasury-board-secretariat/services/access-information-privacy/access-information/info-source/list-institutions.html,https://www.canada.ca/fr/secretariat-conseil-tresor/services/acces-information-protection-reseignements-personnels/acces-information/info-source/liste-organisations.html,https://www.canada.ca/en/treasury-board-secretariat/services/access-information-privacy/access-information/info-source/list-institutions.html,https://www.canada.ca/fr/secretariat-conseil-tresor/services/acces-information-protection-reseignements-personnels/acces-information/info-source/liste-organisations.html,https://open.canada.ca/data/api/action/organization_list?all_fields=true&include_extras=true,https://open.canada.ca/data/en/api/3/action/datastore_search?resource_id=cb5b5566-f599-4d12-abae-8279a0230928&limit=500,https://open.canada.ca/data/en/api/3/action/datastore_search?resource_id=3faaafb4-00e2-4303-947d-ac786b62559f&limit=500,2026-08-15,request_error,,,request_error,,
ati-schedule-i-toronto-port-authority,I,Other Government Institutions,141,Toronto Port Authority,Administration portuaire de Toronto,https://laws-lois.justice.gc.ca/eng/XML/A-1.xml,3506.0,exact,1.0,Toronto Port Authority,Administration portuaire de Toronto,,,,,,,,a,,www.portstoronto.com,www.portstoronto.com,tpa-apt,321.0,,Toronto Port Authority,,,670b47fd-4299-564c-9e79-a7481cb58a42,tpa-apt,Toronto Port Authority,Administration portuaire de Toronto,active,approved,61.0,255.0,DEl-Jawhary@portstoronto.com,internal,open_gov_slug,1.0,Toronto Port Authority,03-31,A.1,exact,1.0,Administration portuaire de Toronto,03-31,A.1,exact,1.0,Toronto Port Authority,https://www.portstoronto.com/Media/PortsToronto/PortsToronto/Toronto-Port-Authority-InfoSource-Chapter-(2016)-March-2017ENG.pdf,exact,1.0,Administration portuaire de Toronto,https://www.portstoronto.com/portstoronto/responsabilite.aspx,exact,1.0,,,,,,,,,,,,,03-31,direct,https://www.portstoronto.com/Media/PortsToronto/PortsToronto/Toronto-Port-Authority-InfoSource-Chapter-(2016)-March-2017ENG.pdf,https://www.portstoronto.com/portstoronto/responsabilite.aspx,https://www.portstoronto.com/Media/PortsToronto/PortsToronto/Toronto-Port-Authority-InfoSource-Chapter-(2016)-March-2017ENG.pdf,https://www.portstoronto.com/Media/PortsToronto/PortsToronto/Toronto-Port-Authority-InfoSource-Chapter-(2016)-March-2017ENG.pdf,https://www.portstoronto.com/portstoronto/responsabilite.aspx,https://www.portstoronto.com/portstoronto/responsabilite.aspx,https://www.canada.ca/en/treasury-board-secretariat/services/access-information-privacy/access-information/access-informatio-policies-guidance/programs-holdings-online-publishing-requirements.html#toc-a,https://www.canada.ca/fr/secretariat-conseil-tresor/services/acces-information-protection-renseignements-personnels/acces-information/politiques-directives-acces-information/exigences-publication-ligne-programmes-fonds.html#toc-a,https://www.canada.ca/en/treasury-board-secretariat/services/access-information-privacy/access-information/info-source/list-institutions.html,https://www.canada.ca/fr/secretariat-conseil-tresor/services/acces-information-protection-reseignements-personnels/acces-information/info-source/liste-organisations.html,https://www.canada.ca/en/treasury-board-secretariat/services/access-information-privacy/access-information/info-source/list-institutions.html,https://www.canada.ca/fr/secretariat-conseil-tresor/services/acces-information-protection-reseignements-personnels/acces-information/info-source/liste-organisations.html,https://open.canada.ca/data/api/action/organization_list?all_fields=true&include_extras=true,https://open.canada.ca/data/en/api/3/action/datastore_search?resource_id=cb5b5566-f599-4d12-abae-8279a0230928&limit=500,https://open.canada.ca/data/en/api/3/action/datastore_search?resource_id=3faaafb4-00e2-4303-947d-ac786b62559f&limit=500,2026-08-15,http_error,404,https://www.portstoronto.com/Media/PortsToronto/PortsToronto/Toronto-Port-Authority-InfoSource-Chapter-(2016)-March-2017ENG.pdf,http_error,404,https://www.portstoronto.com/portstoronto/responsabilite.aspx
ati-schedule-i-treasury-board-secretariat,I,Other Government Institutions,142,Treasury Board Secretariat,Secrétariat du Conseil du Trésor,https://laws-lois.justice.gc.ca/eng/XML/A-1.xml,2242.0,exact,1.0,Treasury Board of Canada Secretariat,Secrétariat du Conseil du Trésor du Canada,Treasury Board of Canada Secretariat,Secrétariat du Conseil du Trésor du Canada,Treasury Board of Canada Secretariat,Secrétariat du Conseil du Trésor du Canada,,TBS,SCT,a,,www.canada.ca/en/treasury-board-secretariat/index.html,www.canada.ca/fr/secretariat-conseil-tresor/index.html,tbs-sct,326.0,56.0,Treasury Board of Canada Secretariat,TBD,TBD00,81765FCD-32B3-4708-A593-3AA00705E62B,tbs-sct,Treasury Board of Canada Secretariat,Secrétariat du Conseil du Trésor du Canada,active,approved,139.0,117.0,atip.aiprp@tbs-sct.gc.ca,internal,open_gov_slug,1.0,Treasury Board of Canada Secretariat,06-30,A.2,exact,1.0,Secrétariat du Conseil du Trésor du Canada,06-30,A.2,exact,1.0,Treasury Board of Canada Secretariat,https://www.canada.ca/en/treasury-board-secretariat/corporate/transparency/treasury-board-secretariat-sources-federal-government-employee-information-info-source.html,exact,1.0,Secrétariat du Conseil du Trésor du Canada,https://www.canada.ca/fr/secretariat-conseil-tresor/organisation/transparence/secretariat-conseil-tresor-sources-renseignements-gouvernement-federal-fonctionnaires-federaux-info-source.html,exact,1.0,,,,,,,,,,,,,06-30,direct,https://www.canada.ca/en/treasury-board-secretariat/corporate/transparency/treasury-board-secretariat-sources-federal-government-employee-information-info-source.html,https://www.canada.ca/fr/secretariat-conseil-tresor/organisation/transparence/secretariat-conseil-tresor-sources-renseignements-gouvernement-federal-fonctionnaires-federaux-info-source.html,https://www.canada.ca/en/treasury-board-secretariat/corporate/transparency/treasury-board-secretariat-sources-federal-government-employee-information-info-source.html,https://www.canada.ca/en/treasury-board-secretariat/corporate/transparency/treasury-board-secretariat-sources-federal-government-employee-information-info-source.html,https://www.canada.ca/fr/secretariat-conseil-tresor/organisation/transparence/secretariat-conseil-tresor-sources-renseignements-gouvernement-federal-fonctionnaires-federaux-info-source.html,https://www.canada.ca/fr/secretariat-conseil-tresor/organisation/transparence/secretariat-conseil-tresor-sources-renseignements-gouvernement-federal-fonctionnaires-federaux-info-source.html,https://www.canada.ca/en/treasury-board-secretariat/services/access-information-privacy/access-information/access-informatio-policies-guidance/programs-holdings-online-publishing-requirements.html#toc-a,https://www.canada.ca/fr/secretariat-conseil-tresor/services/acces-information-protection-renseignements-personnels/acces-information/politiques-directives-acces-information/exigences-publication-ligne-programmes-fonds.html#toc-a,https://www.canada.ca/en/treasury-board-secretariat/services/access-information-privacy/access-information/info-source/list-institutions.html,https://www.canada.ca/fr/secretariat-conseil-tresor/services/acces-information-protection-reseignements-personnels/acces-information/info-source/liste-organisations.html,https://www.canada.ca/en/treasury-board-secretariat/services/access-information-privacy/access-information/info-source/list-institutions.html,https://www.canada.ca/fr/secretariat-conseil-tresor/services/acces-information-protection-reseignements-personnels/acces-information/info-source/liste-organisations.html,https://open.canada.ca/data/api/action/organization_list?all_fields=true&include_extras=true,https://open.canada.ca/data/en/api/3/action/datastore_search?resource_id=cb5b5566-f599-4d12-abae-8279a0230928&limit=500,https://open.canada.ca/data/en/api/3/action/datastore_search?resource_id=3faaafb4-00e2-4303-947d-ac786b62559f&limit=500,2026-08-15,verified_info_source,200,https://www.canada.ca/en/treasury-board-secretariat/corporate/transparency/treasury-board-secretariat-sources-federal-government-employee-information-info-source.html,verified_info_source,200,https://www.canada.ca/fr/secretariat-conseil-tresor/organisation/transparence/secretariat-conseil-tresor-sources-renseignements-gouvernement-federal-fonctionnaires-federaux-info-source.html
ati-schedule-i-trois-rivieres-port-authority,I,Other Government Institutions,143,Trois-Rivières Port Authority,Administration portuaire de Trois-Rivières,https://laws-lois.justice.gc.ca/eng/XML/A-1.xml,3507.0,exact,1.0,Trois-Rivières Port Authority,Administration portuaire de Trois-Rivières,,,,,,,,a,,www.porttr.com,www.porttr.com,ptr,327.0,,Trois-Rivières Port Authority,,,2bcfc423-1fbe-5354-8898-91e141a27209,ptr,Port of Trois-Rivières,Port de Trois-Rivières,active,approved,133.0,256.0,forcier@porttr.com,internal,open_gov_slug,1.0,Trois-Rivières Port Authority,03-31,A.1,exact,1.0,Administration portuaire de Trois-Rivières,03-31,A.1,exact,1.0,Trois-Rivières Port Authority,https://porttr.com/en/port-authority/governance/info-source/,exact,1.0,Administration portuaire de Trois-Rivières,http://www.porttr.com/communications-medias/info-source,exact,1.0,,,,,,,,,,,,,03-31,direct,https://porttr.com/en/port-authority/governance/info-source/,http://www.porttr.com/communications-medias/info-source,https://porttr.com/en/port-authority/governance/info-source/,https://porttr.com/en/port-authority/governance/info-source/,https://porttr.com/administration-portuaire/gouvernance/info-source/,https://porttr.com/administration-portuaire/gouvernance/info-source/,https://www.canada.ca/en/treasury-board-secretariat/services/access-information-privacy/access-information/access-informatio-policies-guidance/programs-holdings-online-publishing-requirements.html#toc-a,https://www.canada.ca/fr/secretariat-conseil-tresor/services/acces-information-protection-renseignements-personnels/acces-information/politiques-directives-acces-information/exigences-publication-ligne-programmes-fonds.html#toc-a,https://www.canada.ca/en/treasury-board-secretariat/services/access-information-privacy/access-information/info-source/list-institutions.html,https://www.canada.ca/fr/secretariat-conseil-tresor/services/acces-information-protection-reseignements-personnels/acces-information/info-source/liste-organisations.html,https://www.canada.ca/en/treasury-board-secretariat/services/access-information-privacy/access-information/info-source/list-institutions.html,https://www.canada.ca/fr/secretariat-conseil-tresor/services/acces-information-protection-reseignements-personnels/acces-information/info-source/liste-organisations.html,https://open.canada.ca/data/api/action/organization_list?all_fields=true&include_extras=true,https://open.canada.ca/data/en/api/3/action/datastore_search?resource_id=cb5b5566-f599-4d12-abae-8279a0230928&limit=500,https://open.canada.ca/data/en/api/3/action/datastore_search?resource_id=3faaafb4-00e2-4303-947d-ac786b62559f&limit=500,2026-08-15,verified_info_source,200,https://porttr.com/en/port-authority/governance/info-source/,verified_info_source,200,https://porttr.com/administration-portuaire/gouvernance/info-source/
ati-schedule-i-vancouver-fraser-port-authority,I,Other Government Institutions,144,Vancouver Fraser Port Authority,Administration portuaire de Vancouver Fraser,https://laws-lois.justice.gc.ca/eng/XML/A-1.xml,3509.0,exact,1.0,Vancouver Fraser Port Authority,Administration portuaire de Vancouver Fraser,,,,,,,,a,,www.portmetrovancouver.com,www.portmetrovancouver.com,vfpa-apvf,329.0,,Vancouver Fraser Port Authority,,,2fdbf68d-788e-4203-b6a8-1aa64e2095d6,vfpa-apvf,Vancouver Fraser Port Authority,Administration portuaire Vancouver Fraser,active,approved,165860.0,258.0,AccesstoInformation@portmetrovancouver.com,internal,open_gov_slug,1.0,Vancouver Fraser Port Authority,03-31,A.1,exact,1.0,Administration portuaire Vancouver-Fraser,03-31,A.1,exact,1.0,Port of Vancouver,https://www.portvancouver.com/transparency/info-source/,override_exact,1.0,Port de Vancouver,https://view.officeapps.live.com/op/view.aspx?src=https%3A%2F%2Fwww.portvancouver.com%2Fwp-content%2Fuploads%2F2015%2F07%2F2017-Sources-de-renseignements-du-gouvernement-f%25C3%25A9d%25C3%25A9ral.docx&wdOrigin=BROWSELINK,override_exact,1.0,,,,https://www.portvancouver.com/transparency/info-source/,https://view.officeapps.live.com/op/view.aspx?src=https%3A%2F%2Fwww.portvancouver.com%2Fwp-content%2Fuploads%2F2015%2F07%2F2017-Sources-de-renseignements-du-gouvernement-f%25C3%25A9d%25C3%A9ral.docx&wdOrigin=BROWSELINK,,,,,https://www.canada.ca/en/treasury-board-secretariat/services/access-information-privacy/access-information/info-source/list-institutions.html,https://www.canada.ca/fr/secretariat-conseil-tresor/services/acces-information-protection-reseignements-personnels/acces-information/info-source/liste-organisations.html,TBS central list uses Port of Vancouver.,03-31,direct,https://www.portvancouver.com/transparency/info-source/,https://view.officeapps.live.com/op/view.aspx?src=https%3A%2F%2Fwww.portvancouver.com%2Fwp-content%2Fuploads%2F2015%2F07%2F2017-Sources-de-renseignements-du-gouvernement-f%25C3%25A9d%25C3%A9ral.docx&wdOrigin=BROWSELINK,https://www.portvancouver.com/transparency/info-source/,https://www.portvancouver.com/transparency/info-source/,https://view.officeapps.live.com/op/view.aspx?src=https%3A%2F%2Fwww.portvancouver.com%2Fwp-content%2Fuploads%2F2015%2F07%2F2017-Sources-de-renseignements-du-gouvernement-f%25C3%25A9d%25C3%A9ral.docx&wdOrigin=BROWSELINK,https://view.officeapps.live.com/op/view.aspx?src=https%3A%2F%2Fwww.portvancouver.com%2Fwp-content%2Fuploads%2F2015%2F07%2F2017-Sources-de-renseignements-du-gouvernement-f%25C3%25A9d%25C3%A9ral.docx&wdOrigin=BROWSELINK,https://www.canada.ca/en/treasury-board-secretariat/services/access-information-privacy/access-information/access-informatio-policies-guidance/programs-holdings-online-publishing-requirements.html#toc-a,https://www.canada.ca/fr/secretariat-conseil-tresor/services/acces-information-protection-renseignements-personnels/acces-information/politiques-directives-acces-information/exigences-publication-ligne-programmes-fonds.html#toc-a,https://www.canada.ca/en/treasury-board-secretariat/services/access-information-privacy/access-information/info-source/list-institutions.html,https://www.canada.ca/fr/secretariat-conseil-tresor/services/acces-information-protection-reseignements-personnels/acces-information/info-source/liste-organisations.html,https://www.canada.ca/en/treasury-board-secretariat/services/access-information-privacy/access-information/info-source/list-institutions.html,https://www.canada.ca/fr/secretariat-conseil-tresor/services/acces-information-protection-reseignements-personnels/acces-information/info-source/liste-organisations.html,https://open.canada.ca/data/api/action/organization_list?all_fields=true&include_extras=true,https://open.canada.ca/data/en/api/3/action/datastore_search?resource_id=cb5b5566-f599-4d12-abae-8279a0230928&limit=500,https://open.canada.ca/data/en/api/3/action/datastore_search?resource_id=3faaafb4-00e2-4303-947d-ac786b62559f&limit=500,2026-08-15,http_error,403,https://www.portvancouver.com/transparency/info-source/,reachable_unverified_content,200,https://view.officeapps.live.com/op/view.aspx?src=https%3A%2F%2Fwww.portvancouver.com%2Fwp-content%2Fuploads%2F2015%2F07%2F2017-Sources-de-renseignements-du-gouvernement-f%25C3%25A9d%25C3%A9ral.docx&wdOrigin=BROWSELINK
ati-schedule-i-veterans-review-and-appeal-board,I,Other Government Institutions,145,Veterans Review and Appeal Board,Tribunal des anciens combattants (révision et appel),https://laws-lois.justice.gc.ca/eng/XML/A-1.xml,2294.0,exact,1.0,Veterans Review and Appeal Board,Tribunal des anciens combattants (révision et appel),,,Veterans Affairs Canada,Anciens Combattants Canada,1.1,VRAB,TACRA,a,,www.vrab-tacra.gc.ca,www.vrab-tacra.gc.ca,vrab-tacra,333.0,,Veterans Review and Appeal Board,AVC,AVC00,8e8b4534-feb4-4980-8523-3fd66cb68568,vrab-tacra,Veterans Review and Appeal Board,Tribunal des anciens combattants (révision et appel),active,approved,85.0,7.0,atip-aiprp@vrab-tacra.gc.ca,internal,open_gov_slug,1.0,Veterans Review and Appeal Board,09-30,A.3,exact,1.0,Tribunal des anciens combattants,09-30,A.3,exact,1.0,Veterans Review and Appeal Board,http://www.vrab-tacra.gc.ca/Plans/Info-Source-eng.cfm,exact,1.0,Tribunal des anciens combattants (révision et appel),http://www.vrab-tacra.gc.ca/Plans/Info-Source-fra.cfm,exact,1.0,,,,,,,,,,,,,09-30,direct,http://www.vrab-tacra.gc.ca/Plans/Info-Source-eng.cfm,http://www.vrab-tacra.gc.ca/Plans/Info-Source-fra.cfm,http://www.vrab-tacra.gc.ca/Plans/Info-Source-eng.cfm,http://www.vrab-tacra.gc.ca/Plans/Info-Source-eng.cfm,http://www.vrab-tacra.gc.ca/Plans/Info-Source-fra.cfm,http://www.vrab-tacra.gc.ca/Plans/Info-Source-fra.cfm,https://www.canada.ca/en/treasury-board-secretariat/services/access-information-privacy/access-information/access-informatio-policies-guidance/programs-holdings-online-publishing-requirements.html#toc-a,https://www.canada.ca/fr/secretariat-conseil-tresor/services/acces-information-protection-renseignements-personnels/acces-information/politiques-directives-acces-information/exigences-publication-ligne-programmes-fonds.html#toc-a,https://www.canada.ca/en/treasury-board-secretariat/services/access-information-privacy/access-information/info-source/list-institutions.html,https://www.canada.ca/fr/secretariat-conseil-tresor/services/acces-information-protection-reseignements-personnels/acces-information/info-source/liste-organisations.html,https://www.canada.ca/en/treasury-board-secretariat/services/access-information-privacy/access-information/info-source/list-institutions.html,https://www.canada.ca/fr/secretariat-conseil-tresor/services/acces-information-protection-reseignements-personnels/acces-information/info-source/liste-organisations.html,https://open.canada.ca/data/api/action/organization_list?all_fields=true&include_extras=true,https://open.canada.ca/data/en/api/3/action/datastore_search?resource_id=cb5b5566-f599-4d12-abae-8279a0230928&limit=500,https://open.canada.ca/data/en/api/3/action/datastore_search?resource_id=3faaafb4-00e2-4303-947d-ac786b62559f&limit=500,2026-08-15,http_error,404,https://www.vrab-tacra.gc.ca/Plans/Info-Source-eng.cfm,http_error,404,https://www.vrab-tacra.gc.ca/Plans/Info-Source-fra.cfm
ati-schedule-i-windsor-port-authority,I,Other Government Institutions,146,Windsor Port Authority,Administration portuaire de Windsor,https://laws-lois.justice.gc.ca/eng/XML/A-1.xml,3514.0,exact,1.0,Windsor Port Authority,Administration portuaire de Windsor,,,,,,,,a,,www.portwindsor.com,www.portwindsor.com,wpa-apw,338.0,,Windsor Port Authority,,,6a5edf5f-f3f5-499e-b4e2-660aa444c513,wpa-apw,Windsor Port Authority,Administration portuaire de Windsor,active,approved,,264.0,info@portwindsor.com,internal,open_gov_slug,1.0,Windsor Port Authority,03-31,A.1,exact,1.0,Administration portuaire de Windsor,03-31,A.1,exact,1.0,Windsor Port Authority,https://www.portwindsor.com/wp-content/uploads/2018/02/Port-of-Windsor-Info-Source-2018-1.pdf,exact,1.0,Administration portuaire de Windsor,https://www.portwindsor.com/wp-content/uploads/2018/02/Port-of-Windsor-Info-Source-2018-fr-2.pdf,exact,1.0,,,,,,,,,,,,,03-31,direct,https://www.portwindsor.com/wp-content/uploads/2018/02/Port-of-Windsor-Info-Source-2018-1.pdf,https://www.portwindsor.com/wp-content/uploads/2018/02/Port-of-Windsor-Info-Source-2018-fr-2.pdf,https://www.portwindsor.com/wp-content/uploads/2018/02/Port-of-Windsor-Info-Source-2018-1.pdf,https://www.portwindsor.com/wp-content/uploads/2018/02/Port-of-Windsor-Info-Source-2018-1.pdf,https://www.portwindsor.com/wp-content/uploads/2018/02/Port-of-Windsor-Info-Source-2018-fr-2.pdf,https://www.portwindsor.com/wp-content/uploads/2018/02/Port-of-Windsor-Info-Source-2018-fr-2.pdf,https://www.canada.ca/en/treasury-board-secretariat/services/access-information-privacy/access-information/access-informatio-policies-guidance/programs-holdings-online-publishing-requirements.html#toc-a,https://www.canada.ca/fr/secretariat-conseil-tresor/services/acces-information-protection-renseignements-personnels/acces-information/politiques-directives-acces-information/exigences-publication-ligne-programmes-fonds.html#toc-a,https://www.canada.ca/en/treasury-board-secretariat/services/access-information-privacy/access-information/info-source/list-institutions.html,https://www.canada.ca/fr/secretariat-conseil-tresor/services/acces-information-protection-reseignements-personnels/acces-information/info-source/liste-organisations.html,https://www.canada.ca/en/treasury-board-secretariat/services/access-information-privacy/access-information/info-source/list-institutions.html,https://www.canada.ca/fr/secretariat-conseil-tresor/services/acces-information-protection-reseignements-personnels/acces-information/info-source/liste-organisations.html,https://open.canada.ca/data/api/action/organization_list?all_fields=true&include_extras=true,https://open.canada.ca/data/en/api/3/action/datastore_search?resource_id=cb5b5566-f599-4d12-abae-8279a0230928&limit=500,https://open.canada.ca/data/en/api/3/action/datastore_search?resource_id=3faaafb4-00e2-4303-947d-ac786b62559f&limit=500,2026-08-15,http_error,404,https://portwindsor.com/wp-content/uploads/2018/02/Port-of-Windsor-Info-Source-2018-1.pdf,http_error,404,https://portwindsor.com/wp-content/uploads/2018/02/Port-of-Windsor-Info-Source-2018-fr-2.pdf
ati-schedule-i-yukon-environmental-and-socio-economic-assessment-board,I,Other Government Institutions,147,Yukon Environmental and Socio-economic Assessment Board,Office d’évaluation environnementale et socioéconomique du Yukon,https://laws-lois.justice.gc.ca/eng/XML/A-1.xml,,unmatched,0.5962,,,,,,,,,,,,,,,,,,,,3f4723b9-6e7a-5df9-80e2-2dcc95b5c8a1,yesab-oeesy,Yukon Environmental and Socio-economic Assessment Board,Office d’évaluation environnementale et socio-économique du Yukon,active,approved,60007.0,589.0,atip@yesab.ca,internal,name,1.0,Yukon Environmental and Socio-economic Assessment Board,03-31,A.1,exact,1.0,Office d’évaluation environnementale et socioéconomique du Yukon,03-31,A.1,exact,1.0,Yukon Environmental Socio-Economic Assessment Board,http://www.yesab.ca/wp-content/uploads/2019/05/2019-InfoSource-Chapter.pdf,exact,1.0,Office d’évaluation environnementale et socioéconomique du Yukon,http://www.yesab.ca/about-yesab/demandes-de-communication-traitees/,exact,1.0,,,,,,,,,,,,,03-31,direct,http://www.yesab.ca/wp-content/uploads/2019/05/2019-InfoSource-Chapter.pdf,http://www.yesab.ca/about-yesab/demandes-de-communication-traitees/,http://www.yesab.ca/wp-content/uploads/2019/05/2019-InfoSource-Chapter.pdf,http://www.yesab.ca/wp-content/uploads/2019/05/2019-InfoSource-Chapter.pdf,http://www.yesab.ca/about-yesab/demandes-de-communication-traitees/,http://www.yesab.ca/about-yesab/demandes-de-communication-traitees/,https://www.canada.ca/en/treasury-board-secretariat/services/access-information-privacy/access-information/access-informatio-policies-guidance/programs-holdings-online-publishing-requirements.html#toc-a,https://www.canada.ca/fr/secretariat-conseil-tresor/services/acces-information-protection-renseignements-personnels/acces-information/politiques-directives-acces-information/exigences-publication-ligne-programmes-fonds.html#toc-a,https://www.canada.ca/en/treasury-board-secretariat/services/access-information-privacy/access-information/info-source/list-institutions.html,https://www.canada.ca/fr/secretariat-conseil-tresor/services/acces-information-protection-reseignements-personnels/acces-information/info-source/liste-organisations.html,https://www.canada.ca/en/treasury-board-secretariat/services/access-information-privacy/access-information/info-source/list-institutions.html,https://www.canada.ca/fr/secretariat-conseil-tresor/services/acces-information-protection-reseignements-personnels/acces-information/info-source/liste-organisations.html,https://open.canada.ca/data/api/action/organization_list?all_fields=true&include_extras=true,https://open.canada.ca/data/en/api/3/action/datastore_search?resource_id=cb5b5566-f599-4d12-abae-8279a0230928&limit=500,https://open.canada.ca/data/en/api/3/action/datastore_search?resource_id=3faaafb4-00e2-4303-947d-ac786b62559f&limit=500,2026-08-15,http_error,404,https://yesab.ca/wp-content/uploads/2019/05/2019-InfoSource-Chapter.pdf,http_error,404,https://yesab.ca/about-yesab/demandes-de-communication-traitees/
ati-schedule-i-yukon-surface-rights-board,I,Other Government Institutions,148,Yukon Surface Rights Board,Office des droits de surface du Yukon,https://laws-lois.justice.gc.ca/eng/XML/A-1.xml,,unmatched,0.5854,,,,,,,,,,,,,,,,,,,,2a010677-4968-579e-9034-94ef304887db,ysrb-odsy,Yukon Surface Rights Board,Office des droits de surface du Yukon,active,approved,60008.0,590.0,info@yukonsurfacerights.com,internal,name,1.0,Yukon Surface Rights Board,03-31,A.1,exact,1.0,Office des droits de surface du Yukon,03-31,A.1,exact,1.0,Yukon Surface Rights Board,,exact,1.0,Office des droits de surface du Yukon,,exact,1.0,,,,,,,,,,,,,03-31,direct,,,,,,,https://www.canada.ca/en/treasury-board-secretariat/services/access-information-privacy/access-information/access-informatio-policies-guidance/programs-holdings-online-publishing-requirements.html#toc-a,https://www.canada.ca/fr/secretariat-conseil-tresor/services/acces-information-protection-renseignements-personnels/acces-information/politiques-directives-acces-information/exigences-publication-ligne-programmes-fonds.html#toc-a,https://www.canada.ca/en/treasury-board-secretariat/services/access-information-privacy/access-information/info-source/list-institutions.html,https://www.canada.ca/fr/secretariat-conseil-tresor/services/acces-information-protection-reseignements-personnels/acces-information/info-source/liste-organisations.html,,,https://open.canada.ca/data/api/action/organization_list?all_fields=true&include_extras=true,https://open.canada.ca/data/en/api/3/action/datastore_search?resource_id=cb5b5566-f599-4d12-abae-8279a0230928&limit=500,https://open.canada.ca/data/en/api/3/action/datastore_search?resource_id=3faaafb4-00e2-4303-947d-ac786b62559f&limit=500,2026-08-15,missing_url,,,missing_url,,
