institution_id,bank_number_key,language,related_record_number,relationship_scope,resolved,cor_record_number
ati-schedule-i-department-of-canadian-heritage,PCH PPU 078,en,PCH PAC 050,institution_specific,true,PCH PAC 050
ati-schedule-i-department-of-canadian-heritage,PCH PPU 078,fr,PCH PAC 050,institution_specific,true,PCH PAC 050
ati-schedule-i-department-of-canadian-heritage,PCH PPU 070,en,PCH PAC 050,institution_specific,true,PCH PAC 050
ati-schedule-i-department-of-canadian-heritage,PCH PPU 070,fr,PCH PAC 050,institution_specific,true,PCH PAC 050
ati-schedule-i-department-of-canadian-heritage,PCH PPU 220,en,PCH SPT 005,institution_specific,true,PCH SPT 005
ati-schedule-i-department-of-canadian-heritage,PCH PPU 220,fr,PCH SPT 005,institution_specific,true,PCH SPT 005
ati-schedule-i-department-of-canadian-heritage,PCH PPU 232,en,PCH SPT 015,institution_specific,true,PCH SPT 015
ati-schedule-i-department-of-canadian-heritage,PCH PPU 232,fr,PCH SPT 015,institution_specific,true,PCH SPT 015
ati-schedule-i-department-of-canadian-heritage,PCH PPU 071,en,PCH PAC 050,institution_specific,true,PCH PAC 050
ati-schedule-i-department-of-canadian-heritage,PCH PPU 071,fr,PCH PAC 050,institution_specific,true,PCH PAC 050
ati-schedule-i-department-of-citizenship-and-immigration,IRCC PPU 007,en,CIC ASB 011,institution_specific,true,CIC ASB 011
ati-schedule-i-department-of-citizenship-and-immigration,IRCC PPU 007,en,CIC APB 001,institution_specific,false,
ati-schedule-i-department-of-citizenship-and-immigration,IRCC PPU 007,fr,CIC ASB 011,institution_specific,true,CIC ASB 011
ati-schedule-i-department-of-citizenship-and-immigration,IRCC PPU 007,fr,CIC APB 001,institution_specific,false,
ati-schedule-i-department-of-citizenship-and-immigration,IRCC PPU 008,en,CIC ASB 008,institution_specific,true,CIC ASB 008
ati-schedule-i-department-of-citizenship-and-immigration,IRCC PPU 008,fr,CIC ASB 008,institution_specific,true,CIC ASB 008
ati-schedule-i-department-of-citizenship-and-immigration,IRCC PPU 009,en,CIC ASB 008,institution_specific,true,CIC ASB 008
ati-schedule-i-department-of-citizenship-and-immigration,IRCC PPU 009,fr,CIC ASB 008,institution_specific,true,CIC ASB 008
ati-schedule-i-department-of-citizenship-and-immigration,IRCC PPU 010,en,CIC ASB 010,institution_specific,true,CIC ASB 010
ati-schedule-i-department-of-citizenship-and-immigration,IRCC PPU 010,fr,CIC ASB 010,institution_specific,true,CIC ASB 010
ati-schedule-i-department-of-citizenship-and-immigration,IRCC PPU 013,en,CIC ASB 013,institution_specific,true,CIC ASB 013
ati-schedule-i-department-of-citizenship-and-immigration,IRCC PPU 013,en,CIC ASB 014,institution_specific,true,CIC ASB 014
ati-schedule-i-department-of-citizenship-and-immigration,IRCC PPU 013,fr,CIC ASB 013,institution_specific,true,CIC ASB 013
ati-schedule-i-department-of-citizenship-and-immigration,IRCC PPU 013,fr,CIC ASB 014,institution_specific,true,CIC ASB 014
ati-schedule-i-department-of-citizenship-and-immigration,IRCC PPU 042,en,CIC AOB 005,institution_specific,false,
ati-schedule-i-department-of-citizenship-and-immigration,IRCC PPU 042,fr,CIC AOB 005,institution_specific,false,
ati-schedule-i-department-of-citizenship-and-immigration,IRCC PPU 050,en,CIC ASB 004,institution_specific,true,CIC ASB 004
ati-schedule-i-department-of-citizenship-and-immigration,IRCC PPU 050,fr,CIC ASB 004,institution_specific,true,CIC ASB 004
ati-schedule-i-department-of-citizenship-and-immigration,IRCC PPU 051,en,CIC ASB 017,institution_specific,false,
ati-schedule-i-department-of-citizenship-and-immigration,IRCC PPU 051,fr,CIC ASB 017,institution_specific,false,
ati-schedule-i-department-of-citizenship-and-immigration,IRCC PPU 052,en,CIC AOB 003,institution_specific,false,
ati-schedule-i-department-of-citizenship-and-immigration,IRCC PPU 052,fr,CIC AOB 003,institution_specific,false,
ati-schedule-i-department-of-citizenship-and-immigration,IRCC PPU 054,en,CIC ASB 018,institution_specific,true,CIC APB 018
ati-schedule-i-department-of-citizenship-and-immigration,IRCC PPU 054,fr,CIC ASB 018,institution_specific,true,CIC APB 018
ati-schedule-i-department-of-citizenship-and-immigration,IRCC PPU 055,en,CIC ASB 009,institution_specific,true,CIC ASB 009
ati-schedule-i-department-of-citizenship-and-immigration,IRCC PPU 055,en,CIC ASB 012,institution_specific,true,CIC ASB 012
ati-schedule-i-department-of-citizenship-and-immigration,IRCC PPU 055,fr,CIC ASB 009,institution_specific,true,CIC ASB 009
ati-schedule-i-department-of-citizenship-and-immigration,IRCC PPU 055,fr,CIC ASB 012,institution_specific,true,CIC ASB 012
ati-schedule-i-department-of-citizenship-and-immigration,IRCC PPU 062,en,CIC ASB 020,institution_specific,true,CIC ASB 020
ati-schedule-i-department-of-citizenship-and-immigration,IRCC PPU 062,fr,CIC ASB 020,institution_specific,true,CIC ASB 020
ati-schedule-i-department-of-citizenship-and-immigration,IRCC PPU 065,en,CIC ASB 021,institution_specific,true,CIC ASB 021
ati-schedule-i-department-of-citizenship-and-immigration,IRCC PPU 065,en,CIC ASB 011,institution_specific,true,CIC ASB 011
ati-schedule-i-department-of-citizenship-and-immigration,IRCC PPU 065,en,CIC APB 001,institution_specific,false,
ati-schedule-i-department-of-citizenship-and-immigration,IRCC PPU 065,fr,CIC ASB 021,institution_specific,true,CIC ASB 021
ati-schedule-i-department-of-citizenship-and-immigration,IRCC PPU 065,fr,CIC ASB 011,institution_specific,true,CIC ASB 011
ati-schedule-i-department-of-citizenship-and-immigration,IRCC PPU 065,fr,CIC APB 001,institution_specific,false,
ati-schedule-i-department-of-citizenship-and-immigration,IRCC PPU 066,en,CIC ASB 008,institution_specific,true,CIC ASB 008
ati-schedule-i-department-of-citizenship-and-immigration,IRCC PPU 066,fr,CIC ASB 008,institution_specific,true,CIC ASB 008
ati-schedule-i-department-of-citizenship-and-immigration,IRCC PPU 067,en,CIC ASB 016,institution_specific,true,CIC ASB 016
ati-schedule-i-department-of-citizenship-and-immigration,IRCC PPU 067,fr,CIC ASB 016,institution_specific,true,CIC ASB 016
ati-schedule-i-department-of-citizenship-and-immigration,IRCC PPU 068,en,CIC ASB 016,institution_specific,true,CIC ASB 016
ati-schedule-i-department-of-citizenship-and-immigration,IRCC PPU 068,en,CIC ASB 009,institution_specific,true,CIC ASB 009
ati-schedule-i-department-of-citizenship-and-immigration,IRCC PPU 068,en,CIC ASB 012,institution_specific,true,CIC ASB 012
ati-schedule-i-department-of-citizenship-and-immigration,IRCC PPU 068,fr,CIC ASB 016,institution_specific,true,CIC ASB 016
ati-schedule-i-department-of-citizenship-and-immigration,IRCC PPU 068,fr,CIC ASB 009,institution_specific,true,CIC ASB 009
ati-schedule-i-department-of-citizenship-and-immigration,IRCC PPU 068,fr,CIC ASB 012,institution_specific,true,CIC ASB 012
ati-schedule-i-department-of-citizenship-and-immigration,IRCC PPU 072,en,CIC AOB 006,institution_specific,true,CIC AOB 006
ati-schedule-i-department-of-citizenship-and-immigration,IRCC PPU 072,fr,CIC AOB 006,institution_specific,true,CIC AOB 006
ati-schedule-i-department-of-crown-indigenous-relations-and-northern-affairs,CIRNAC PPU 020,en,CIRNAC NAO 140,institution_specific,true,CIRNAC NAO 140
ati-schedule-i-department-of-crown-indigenous-relations-and-northern-affairs,CIRNAC PPU 170,en,CIRNAC NAO 276,institution_specific,true,CIRNAC NAO 276
ati-schedule-i-department-of-crown-indigenous-relations-and-northern-affairs,CIRNAC PPU 136,en,CIRNAC NAO 266,institution_specific,true,CIRNAC NAO 266
ati-schedule-i-department-of-crown-indigenous-relations-and-northern-affairs,CIRNAC PPU 140,en,CIRNAC NAO 266,institution_specific,true,CIRNAC NAO 266
ati-schedule-i-department-of-crown-indigenous-relations-and-northern-affairs,CIRNAC PPU 806,en,CIRNAC NAO 286,institution_specific,true,CIRNAC NAO 286
ati-schedule-i-department-of-crown-indigenous-relations-and-northern-affairs,CIRNAC PPU 155,en,CIRNAC NAO 286,institution_specific,true,CIRNAC NAO 286
ati-schedule-i-department-of-crown-indigenous-relations-and-northern-affairs,CIRNAC PPU 300,en,CIRNAC CFO 040,institution_specific,true,CIRNAC CFO 040
ati-schedule-i-department-of-crown-indigenous-relations-and-northern-affairs,CIRNAC PPU 250,en,CIRNAC CFO 250,institution_specific,true,CIRNAC CFO 250
ati-schedule-i-department-of-crown-indigenous-relations-and-northern-affairs,CIRNAC PPE 802,en,AANDC DMO 100,institution_specific,false,
ati-schedule-i-department-of-crown-indigenous-relations-and-northern-affairs,CIRNAC PSU 941,en,PRN 916,standard,true,916
ati-schedule-i-department-of-crown-indigenous-relations-and-northern-affairs,CIRNAC PPU 151,en,CIRNAC AES 151,institution_specific,true,CIRNAC AES 151
ati-schedule-i-department-of-crown-indigenous-relations-and-northern-affairs,CIRNAC PPU 151,en,ISC FNI 005,institution_specific,false,
ati-schedule-i-department-of-crown-indigenous-relations-and-northern-affairs,CIRNAC PPU 151,en,ISC FNI 010,institution_specific,false,
ati-schedule-i-department-of-crown-indigenous-relations-and-northern-affairs,CIRNAC PPU 151,en,ISC FNI 015,institution_specific,false,
ati-schedule-i-department-of-employment-and-social-development,ESDC PPU 291,en,ESDC PMMC 001,institution_specific,true,ESDC PMMC 001
ati-schedule-i-department-of-employment-and-social-development,ESDC PPU 291,fr,EDSC PEAD 001,institution_specific,false,
ati-schedule-i-department-of-employment-and-social-development,ESDC PPU 650,en,ESDC PMVA 205,institution_specific,true,ESDC PMVA 205
ati-schedule-i-department-of-employment-and-social-development,ESDC PPU 650,fr,EDSC PPMPB 205,institution_specific,true,ESDC PMVA 205
ati-schedule-i-department-of-employment-and-social-development,ESDC PPU 038,en,ESDC IS 049,institution_specific,true,ESDC IS 049
ati-schedule-i-department-of-employment-and-social-development,ESDC PPU 038,fr,EDSC SR 049,institution_specific,true,ESDC IS 049
ati-schedule-i-department-of-employment-and-social-development,ESDC PPU 146,en,ESDC IAP 064,institution_specific,true,ESDC IAP 064
ati-schedule-i-department-of-employment-and-social-development,ESDC PPU 146,fr,EDSC IET 064,institution_specific,true,ESDC IAP 064
ati-schedule-i-department-of-employment-and-social-development,ESDC PPU 140,en,ESDC IAP 064,institution_specific,true,ESDC IAP 064
ati-schedule-i-department-of-employment-and-social-development,ESDC PPU 140,fr,EDSC IET 064,institution_specific,true,ESDC IAP 064
ati-schedule-i-department-of-employment-and-social-development,ESDC PPU 649,en,ESDC IS 045,institution_specific,false,
ati-schedule-i-department-of-employment-and-social-development,ESDC PPU 649,en,ESDC IS 046,institution_specific,false,
ati-schedule-i-department-of-employment-and-social-development,ESDC PPU 649,en,ESDC IS 047,institution_specific,false,
ati-schedule-i-department-of-employment-and-social-development,ESDC PPU 649,en,ESDC IAP 059,institution_specific,true,ESDC IAP 059
ati-schedule-i-department-of-employment-and-social-development,ESDC PPU 649,fr,EDSC SR 045,institution_specific,false,
ati-schedule-i-department-of-employment-and-social-development,ESDC PPU 649,fr,EDSC SR 046,institution_specific,false,
ati-schedule-i-department-of-employment-and-social-development,ESDC PPU 649,fr,EDSC SR 047,institution_specific,false,
ati-schedule-i-department-of-employment-and-social-development,ESDC PPU 649,fr,EDSC IET 059,institution_specific,true,EDSC IET 059
ati-schedule-i-department-of-employment-and-social-development,ESDC PPU 116,en,ESDC IAP 063,institution_specific,true,ESDC IAP 063
ati-schedule-i-department-of-employment-and-social-development,ESDC PPU 116,fr,EDSC IET 063,institution_specific,true,ESDC IAP 063
ati-schedule-i-department-of-employment-and-social-development,ESDC PPU 336,en,ESDC IAP 063,institution_specific,true,ESDC IAP 063
ati-schedule-i-department-of-employment-and-social-development,ESDC PPU 336,fr,EDSC IET 063,institution_specific,true,ESDC IAP 063
ati-schedule-i-department-of-employment-and-social-development,ESDC PPU 102,en,ESDC UCCB 200,institution_specific,true,ESDC UCCB 200
ati-schedule-i-department-of-employment-and-social-development,ESDC PPU 102,fr,EDSC PUGE 200,institution_specific,true,ESDC UCCB 200
ati-schedule-i-department-of-employment-and-social-development,ESDC PPU 395,en,ESDC IAP 545,institution_specific,true,ESDC IAP 545
ati-schedule-i-department-of-employment-and-social-development,ESDC PPU 395,fr,EDSC IET 545,institution_specific,true,ESDC IAP 545
ati-schedule-i-department-of-employment-and-social-development,ESDC PPU 171,en,ESDC IAP 059,institution_specific,true,ESDC IAP 059
ati-schedule-i-department-of-employment-and-social-development,ESDC PPU 171,en,ESDC IAP 070,institution_specific,true,ESDC IAP 070
ati-schedule-i-department-of-employment-and-social-development,ESDC PPU 171,fr,EDSC IET 059,institution_specific,true,EDSC IET 059
ati-schedule-i-department-of-employment-and-social-development,ESDC PPU 171,fr,EDSC IET 070,institution_specific,true,ESDC IAP 070
ati-schedule-i-department-of-employment-and-social-development,ESDC PPU 118,en,ESDC IAP 059,institution_specific,true,ESDC IAP 059
ati-schedule-i-department-of-employment-and-social-development,ESDC PPU 118,en,ESDC IAP 070,institution_specific,true,ESDC IAP 070
ati-schedule-i-department-of-employment-and-social-development,ESDC PPU 118,fr,EDSC IET 059,institution_specific,true,EDSC IET 059
ati-schedule-i-department-of-employment-and-social-development,ESDC PPU 118,fr,EDSC IET 070,institution_specific,true,ESDC IAP 070
ati-schedule-i-department-of-employment-and-social-development,ESDC PPU 506,en,ESDC LB 113,institution_specific,true,ESDC LB 113
ati-schedule-i-department-of-employment-and-social-development,ESDC PPU 506,fr,EDSC DGA 113,institution_specific,true,ESDC LB 113
ati-schedule-i-department-of-employment-and-social-development,ESDC PPU 151,en,ESDC IAP 070,institution_specific,true,ESDC IAP 070
ati-schedule-i-department-of-employment-and-social-development,ESDC PPU 151,en,ESDC IAP 071,institution_specific,true,ESDC IAP 071
ati-schedule-i-department-of-employment-and-social-development,ESDC PPU 151,fr,EDSC IET 070,institution_specific,true,ESDC IAP 070
ati-schedule-i-department-of-employment-and-social-development,ESDC PPU 151,fr,EDSC IET 071,institution_specific,true,ESDC IAP 071
ati-schedule-i-department-of-employment-and-social-development,ESDC PPU 030,en,ESDC LB 110,institution_specific,true,ESDC LB 110
ati-schedule-i-department-of-employment-and-social-development,ESDC PPU 030,en,ESDC LB 111,institution_specific,true,ESDC LB 111
ati-schedule-i-department-of-employment-and-social-development,ESDC PPU 709,en,ESDC LB 115,institution_specific,true,ESDC LB 115
ati-schedule-i-department-of-employment-and-social-development,ESDC PPU 709,fr,EDSC DGA 115,institution_specific,true,ESDC LB 115
ati-schedule-i-department-of-employment-and-social-development,ESDC PPU 297,en,ESDC IAP 142,institution_specific,true,ESDC IAP 142
ati-schedule-i-department-of-employment-and-social-development,ESDC PPU 297,fr,ESDC IAP 142,institution_specific,true,ESDC IAP 142
ati-schedule-i-department-of-employment-and-social-development,ESDC PPU 299,en,ESDC IAP 153,institution_specific,true,ESDC IAP 153
ati-schedule-i-department-of-employment-and-social-development,ESDC PPU 299,fr,EDSC IET 153,institution_specific,true,ESDC IAP 153
ati-schedule-i-department-of-employment-and-social-development,ESDC PPU 390,en,ESDC IAP 060,institution_specific,true,ESDC IAP 060
ati-schedule-i-department-of-employment-and-social-development,ESDC PPU 390,fr,EDSC IET 060,institution_specific,true,ESDC IAP 060
ati-schedule-i-department-of-employment-and-social-development,ESDC PPU 180,en,ESDC IAP 070,institution_specific,true,ESDC IAP 070
ati-schedule-i-department-of-employment-and-social-development,ESDC PPU 180,fr,EDSC IET 070,institution_specific,true,ESDC IAP 070
ati-schedule-i-department-of-employment-and-social-development,ESDC PPU 155,en,ESDC IAP 070,institution_specific,true,ESDC IAP 070
ati-schedule-i-department-of-employment-and-social-development,ESDC PPU 155,fr,EDSC IET 070,institution_specific,true,ESDC IAP 070
ati-schedule-i-department-of-employment-and-social-development,ESDC PPU 385,en,ESDC IAP 059,institution_specific,true,ESDC IAP 059
ati-schedule-i-department-of-employment-and-social-development,ESDC PPU 501,en,ESDC IAP 070,institution_specific,true,ESDC IAP 070
ati-schedule-i-department-of-employment-and-social-development,ESDC PPU 501,fr,EDSC IET 070,institution_specific,true,ESDC IAP 070
ati-schedule-i-department-of-employment-and-social-development,ESDC PPU 150,en,ESDC IAP 070,institution_specific,true,ESDC IAP 070
ati-schedule-i-department-of-employment-and-social-development,ESDC PPU 150,fr,EDSC IET 070,institution_specific,true,ESDC IAP 070
ati-schedule-i-department-of-employment-and-social-development,ESDC PPU 170,en,ESDC IAP 070,institution_specific,true,ESDC IAP 070
ati-schedule-i-department-of-employment-and-social-development,ESDC PPU 170,fr,EDSC IET 070,institution_specific,true,ESDC IAP 070
ati-schedule-i-department-of-employment-and-social-development,ESDC PPU 281,en,ESDC IAP 070,institution_specific,true,ESDC IAP 070
ati-schedule-i-department-of-employment-and-social-development,ESDC PPU 281,fr,EDSC IET 070,institution_specific,true,ESDC IAP 070
ati-schedule-i-department-of-employment-and-social-development,ESDC PPU 323,en,ESDC IAP 070,institution_specific,true,ESDC IAP 070
ati-schedule-i-department-of-employment-and-social-development,ESDC PPU 323,fr,EDSC IET 070,institution_specific,true,ESDC IAP 070
ati-schedule-i-department-of-employment-and-social-development,ESDC PPU 295,en,ESDC SEB 130,institution_specific,true,ESDC SEB 130
ati-schedule-i-department-of-employment-and-social-development,ESDC PPU 295,en,AND 136,institution_specific,true,ESDC SEB 136
ati-schedule-i-department-of-employment-and-social-development,ESDC PPU 295,fr,ESDC SEB 130,institution_specific,true,ESDC SEB 130
ati-schedule-i-department-of-employment-and-social-development,ESDC PPU 295,fr,ET 136,institution_specific,true,ESDC SEB 136
ati-schedule-i-department-of-employment-and-social-development,ESDC PPU 302,en,ESDC IAP 061,institution_specific,true,ESDC IAP 061
ati-schedule-i-department-of-employment-and-social-development,ESDC PPU 302,en,AND 070,institution_specific,true,ESDC IAP 070
ati-schedule-i-department-of-employment-and-social-development,ESDC PPU 302,fr,EDSC PAR 061,institution_specific,true,ESDC IAP 061
ati-schedule-i-department-of-employment-and-social-development,ESDC PPU 302,fr,AND 070,institution_specific,true,ESDC IAP 070
ati-schedule-i-department-of-employment-and-social-development,ESDC PPU 717,en,ESDC SEB 132,institution_specific,true,ESDC SEB 132
ati-schedule-i-department-of-employment-and-social-development,ESDC PPU 717,fr,EDSC DGCE 132,institution_specific,true,ESDC SEB 132
ati-schedule-i-department-of-employment-and-social-development,ESDC PPU 711,en,ESDC SEB 149,institution_specific,true,ESDC SEB 149
ati-schedule-i-department-of-employment-and-social-development,ESDC PPU 293,en,ESDC SEB 131,institution_specific,true,ESDC SEB 131
ati-schedule-i-department-of-employment-and-social-development,ESDC PPU 293,fr,EDSC DGCE 131,institution_specific,true,ESDC SEB 131
ati-schedule-i-department-of-employment-and-social-development,ESDC PPU 300,en,ESDC SEB 138,institution_specific,true,ESDC SEB 138
ati-schedule-i-department-of-employment-and-social-development,ESDC PPU 300,fr,EDSC DGCE 138,institution_specific,true,ESDC SEB 138
ati-schedule-i-department-of-employment-and-social-development,ESDC PPU 703,en,ESDC SEB 140,institution_specific,false,
ati-schedule-i-department-of-employment-and-social-development,ESDC PPU 703,fr,ESDC SEB 140,institution_specific,false,
ati-schedule-i-department-of-employment-and-social-development,ESDC PPU 710,en,ESDC SEB 151,institution_specific,true,ESDC SEB 151
ati-schedule-i-department-of-employment-and-social-development,ESDC PPU 710,fr,EDSC DGCE 151,institution_specific,true,ESDC SEB 151
ati-schedule-i-department-of-employment-and-social-development,ESDC PPU 440,en,ESDC SEB 147,institution_specific,true,ESDC SEB 147
ati-schedule-i-department-of-employment-and-social-development,ESDC PPU 440,fr,EDSC DGCE 147,institution_specific,true,ESDC SEB 147
ati-schedule-i-department-of-employment-and-social-development,ESDC PPU 715,en,ESDC IAP 059,institution_specific,true,ESDC IAP 059
ati-schedule-i-department-of-employment-and-social-development,ESDC PPU 715,en,ESDC SEB 147,institution_specific,true,ESDC SEB 147
ati-schedule-i-department-of-employment-and-social-development,ESDC PPU 715,fr,EDSC IET 059,institution_specific,true,EDSC IET 059
ati-schedule-i-department-of-employment-and-social-development,ESDC PPU 715,fr,EDSC DGCE 147,institution_specific,true,ESDC SEB 147
ati-schedule-i-department-of-employment-and-social-development,ESDC PPU 303,en,ESDC SEB 133,institution_specific,true,ESDC SEB 133
ati-schedule-i-department-of-employment-and-social-development,ESDC PPU 303,fr,EDSC DGCE 133,institution_specific,true,ESDC SEB 133
ati-schedule-i-department-of-employment-and-social-development,ESDC PPU 706,en,ESDC SEB 134,institution_specific,true,ESDC SEB 134
ati-schedule-i-department-of-employment-and-social-development,ESDC PPU 706,fr,EDSC DGCE 134,institution_specific,true,ESDC SEB 134
ati-schedule-i-department-of-employment-and-social-development,ESDC PPU 705,en,ESDC SEB 135,institution_specific,true,ESDC SEB 135
ati-schedule-i-department-of-employment-and-social-development,ESDC PPU 705,fr,EDSC DGCE 135,institution_specific,true,ESDC SEB 135
ati-schedule-i-department-of-employment-and-social-development,ESDC PPU 730,en,ESDC CCS 002,institution_specific,true,ESDC CCS 002
ati-schedule-i-department-of-employment-and-social-development,ESDC PPU 730,fr,EDSC SCC 002,institution_specific,false,
ati-schedule-i-department-of-employment-and-social-development,ESDC PPU 301,en,ESDC IAP 058,institution_specific,true,ESDC IAP 058
ati-schedule-i-department-of-employment-and-social-development,ESDC PPU 301,fr,EDSC IET 058,institution_specific,true,ESDC IAP 058
ati-schedule-i-department-of-employment-and-social-development,ESDC PPU 716,en,ESDC SEB 142,institution_specific,true,ESDC SEB 142
ati-schedule-i-department-of-employment-and-social-development,ESDC PPU 716,fr,EDSC DGCE 142,institution_specific,false,
ati-schedule-i-department-of-employment-and-social-development,ESDC PPU 032,en,ESDC LAB 097,institution_specific,true,ESDC LAB 097
ati-schedule-i-department-of-employment-and-social-development,ESDC PPU 032,fr,EDSC TRA 097,institution_specific,true,EDSC TRA 097
ati-schedule-i-department-of-employment-and-social-development,ESDC PPU 037,en,ESDC LAB 097,institution_specific,true,ESDC LAB 097
ati-schedule-i-department-of-employment-and-social-development,ESDC PPU 037,fr,EDSC TRA 097,institution_specific,true,EDSC TRA 097
ati-schedule-i-department-of-employment-and-social-development,ESDC PPU 034,en,ESDC LAB 097,institution_specific,true,ESDC LAB 097
ati-schedule-i-department-of-employment-and-social-development,ESDC PPU 034,fr,EDSC TRA 097,institution_specific,true,EDSC TRA 097
ati-schedule-i-department-of-employment-and-social-development,ESDC PPU 033,en,ESDC LAB 097,institution_specific,true,ESDC LAB 097
ati-schedule-i-department-of-employment-and-social-development,ESDC PPU 036,fr,EDSC TRA 090,institution_specific,true,ESDC LAB 090
ati-schedule-i-department-of-employment-and-social-development,ESDC PPU 050,en,ESDC LAB 090,institution_specific,true,ESDC LAB 090
ati-schedule-i-department-of-employment-and-social-development,ESDC PPU 050,fr,EDSC TRA 090,institution_specific,true,ESDC LAB 090
ati-schedule-i-department-of-employment-and-social-development,ESDC PPU 728,en,ESDC LAB 100,institution_specific,true,ESDC LAB 100
ati-schedule-i-department-of-employment-and-social-development,ESDC PPU 006,en,ESDC LAB 095,institution_specific,true,ESDC LAB 095
ati-schedule-i-department-of-employment-and-social-development,ESDC PPU 006,fr,EDSC TRA 095,institution_specific,true,ESDC LAB 095
ati-schedule-i-department-of-employment-and-social-development,ESDC PPU 041,en,ESDC LAB 091,institution_specific,true,ESDC LAB 091
ati-schedule-i-department-of-employment-and-social-development,ESDC PPU 041,fr,EDSC TRA 091,institution_specific,true,ESDC LAB 091
ati-schedule-i-department-of-employment-and-social-development,ESDC PPU 024,fr,EDSC TRA 093,institution_specific,true,ESDC LAB 093
ati-schedule-i-department-of-employment-and-social-development,ESDC PPU 098,en,ESDC LAB 102,institution_specific,true,ESDC LAB 102
ati-schedule-i-department-of-employment-and-social-development,ESDC PPU 098,fr,EDSC TRA 102,institution_specific,true,ESDC LAB 102
ati-schedule-i-department-of-employment-and-social-development,ESDC PPU 035,en,ESDC LAB 098,institution_specific,true,ESDC LAB 098
ati-schedule-i-department-of-employment-and-social-development,ESDC PPU 035,fr,EDSC TRA 098,institution_specific,true,ESDC LAB 098
ati-schedule-i-department-of-employment-and-social-development,ESDC PPU 739,en,ESDC LAB 092,institution_specific,true,ESDC LAB 092
ati-schedule-i-department-of-employment-and-social-development,ESDC PPU 739,en,AND 096,institution_specific,true,ESDC LAB 096
ati-schedule-i-department-of-employment-and-social-development,ESDC PPU 739,fr,ESDC TRA 096,institution_specific,true,ESDC LAB 096
ati-schedule-i-department-of-employment-and-social-development,ESDC PPU 739,fr,ESDC TRA 092,institution_specific,true,ESDC LAB 092
ati-schedule-i-department-of-employment-and-social-development,ESDC PPU 701,en,ESDC CCS 002,institution_specific,true,ESDC CCS 002
ati-schedule-i-department-of-employment-and-social-development,ESDC PPU 701,fr,EDSC SAC 002,institution_specific,false,
ati-schedule-i-department-of-employment-and-social-development,ESDC PPU 702,en,ESDC CCS 002,institution_specific,true,ESDC CCS 002
ati-schedule-i-department-of-employment-and-social-development,ESDC PPU 702,fr,EDSC SAC 002,institution_specific,false,
ati-schedule-i-department-of-employment-and-social-development,ESDC PPU 680,en,ESDC CCS 003,institution_specific,true,ESDC CCS 003
ati-schedule-i-department-of-employment-and-social-development,ESDC PPU 680,en,AND 014,institution_specific,true,ESDC CCS 014
ati-schedule-i-department-of-employment-and-social-development,ESDC PPU 680,fr,EDSC SAC 003,institution_specific,false,
ati-schedule-i-department-of-employment-and-social-development,ESDC PPU 680,fr,ET 014,institution_specific,true,ESDC CCS 014
ati-schedule-i-department-of-employment-and-social-development,ESDC PPU 681,en,ESDC CCS 011,institution_specific,true,ESDC CCS 011
ati-schedule-i-department-of-employment-and-social-development,ESDC PPU 681,fr,ESDC SCC 011,institution_specific,false,
ati-schedule-i-department-of-employment-and-social-development,ESDC PPU 729,en,ESDC CCS 007,institution_specific,true,ESDC CCS 007
ati-schedule-i-department-of-employment-and-social-development,ESDC PPU 729,fr,EDSC SCC 007,institution_specific,true,ESDC CCS 007
ati-schedule-i-department-of-employment-and-social-development,ESDC PPU 708,en,ESDC CCS 005,institution_specific,true,ESDC CCS 005
ati-schedule-i-department-of-employment-and-social-development,ESDC PPU 708,fr,ESDC SCC 005,institution_specific,true,ESDC CCS 005
ati-schedule-i-department-of-employment-and-social-development,ESDC PPU 100,en,ESDC IAP 065,institution_specific,true,ESDC IAP 065
ati-schedule-i-department-of-employment-and-social-development,ESDC PPU 100,fr,EDSC IET 065,institution_specific,true,ESDC IAP 065
ati-schedule-i-department-of-employment-and-social-development,ESDC PPU 712,en,ESDC IAP 066,institution_specific,true,ESDC IAP 066
ati-schedule-i-department-of-employment-and-social-development,ESDC PPU 712,fr,EDSC IET 066,institution_specific,true,ESDC IAP 066
ati-schedule-i-department-of-employment-and-social-development,ESDC PPU 700,en,ESDC CSB 011,institution_specific,true,ESDC CSB 011
ati-schedule-i-department-of-employment-and-social-development,ESDC PPU 700,fr,ESDC CSB 011,institution_specific,true,ESDC CSB 011
ati-schedule-i-department-of-employment-and-social-development,ESDC PPE 718,en,ESDC IAP 068,institution_specific,true,ESDC IAP 068
ati-schedule-i-department-of-employment-and-social-development,ESDC PPE 718,fr,EDSC IAP 068,institution_specific,true,ESDC IAP 068
ati-schedule-i-department-of-the-environment,EC PPU 333,en,EC SUS 333,institution_specific,true,EC SUS 333
ati-schedule-i-department-of-the-environment,EC PPU 333,fr,EC SUS 333,institution_specific,true,EC SUS 333
ati-schedule-i-department-of-the-environment,EC PPU 332,en,EC SUS 332,institution_specific,false,
ati-schedule-i-department-of-the-environment,EC PPU 332,fr,EC SUS 332,institution_specific,false,
ati-schedule-i-department-of-the-environment,EC PPU 122,en,EC CCC 211,institution_specific,false,
ati-schedule-i-department-of-the-environment,EC PPU 122,fr,EC CCC 211,institution_specific,false,
ati-schedule-i-department-of-the-environment,EC PPU 331,en,EC CCC 211,institution_specific,false,
ati-schedule-i-department-of-the-environment,EC PPU 331,fr,EC CCC 211,institution_specific,false,
ati-schedule-i-department-of-the-environment,EC PPU 311,en,EC SWM 122,institution_specific,false,
ati-schedule-i-department-of-the-environment,EC PPU 311,fr,EC SWM 122,institution_specific,false,
ati-schedule-i-department-of-the-environment,EC PPU 251,en,EC CPE 033,institution_specific,true,EC CPE 033
ati-schedule-i-department-of-the-environment,EC PPU 251,en,EC CPW 014,institution_specific,true,EC CPW 014
ati-schedule-i-department-of-the-environment,EC PPU 133,en,EC CPE 033,institution_specific,true,EC CPE 033
ati-schedule-i-department-of-the-environment,EC PPU 133,fr,EC CPE 033,institution_specific,true,EC CPE 033
ati-schedule-i-department-of-the-environment,EC PPU 033,en,EC CPE 033,institution_specific,true,EC CPE 033
ati-schedule-i-department-of-the-environment,EC PPU 033,fr,EC CPE 033,institution_specific,true,EC CPE 033
ati-schedule-i-department-of-the-environment,EC PPU 005,en,EC BIO 113,institution_specific,false,
ati-schedule-i-department-of-the-environment,EC PPU 005,fr,EC BIO 113,institution_specific,false,
ati-schedule-i-department-of-the-environment,EC PPU 006,en,EC BIO 113,institution_specific,false,
ati-schedule-i-department-of-the-environment,EC PPU 006,fr,EC BIO 113,institution_specific,false,
ati-schedule-i-department-of-the-environment,EC PPU 141,en,EC BIO 141,institution_specific,false,
ati-schedule-i-department-of-the-environment,EC PPU 141,fr,EC BIO 141,institution_specific,false,
ati-schedule-i-department-of-the-environment,EC PPU 010,en,EC WES 213,institution_specific,true,EC WES 213
ati-schedule-i-department-of-the-environment,EC PPU 010,fr,EC WES 213,institution_specific,true,EC WES 213
ati-schedule-i-department-of-the-environment,EC PPU 025,en,EC WES 213,institution_specific,true,EC WES 213
ati-schedule-i-department-of-the-environment,EC PPU 025,fr,EC WES 213,institution_specific,true,EC WES 213
ati-schedule-i-department-of-the-environment,EC PPU 020,en,EC WES 213,institution_specific,true,EC WES 213
ati-schedule-i-department-of-the-environment,EC PPU 020,fr,EC WES 211,institution_specific,false,
ati-schedule-i-department-of-the-environment,EC PPU 015,en,EC WES 213,institution_specific,true,EC WES 213
ati-schedule-i-department-of-the-environment,EC PPU 015,fr,EC WES 213,institution_specific,true,EC WES 213
ati-schedule-i-department-of-the-environment,EC PPU 341,en,EC WAT 122,institution_specific,false,
ati-schedule-i-department-of-the-environment,EC PPU 341,fr,EC SUS 341,institution_specific,false,
ati-schedule-i-department-of-finance,FIN PPU 100,en,FIN FPD 062,institution_specific,true,FIN FPD 062
ati-schedule-i-department-of-finance,FIN PPU 100,fr,FIN FPD 062,institution_specific,true,FIN FPD 062
ati-schedule-i-department-of-finance,FIN PPU 200,en,FIN FSP 015,institution_specific,true,FIN FSP 015
ati-schedule-i-department-of-finance,FIN PPU 200,fr,FIN FSP 015,institution_specific,true,FIN FSP 015
ati-schedule-i-department-of-finance,FIN PPU 300,en,FIN FSP 015,institution_specific,true,FIN FSP 015
ati-schedule-i-department-of-finance,FIN PPU 300,fr,FIN FSP 015,institution_specific,true,FIN FSP 015
ati-schedule-i-department-of-fisheries-and-oceans,DFO PPU 100,en,DFO EFM 400,institution_specific,true,DFO EFM 400
ati-schedule-i-department-of-fisheries-and-oceans,DFO PPU 100,en,DFO EFM 403,institution_specific,true,DFO EFM 403
ati-schedule-i-department-of-fisheries-and-oceans,DFO PPU 100,fr,MPO EGP 400,institution_specific,true,DFO EFM 400
ati-schedule-i-department-of-fisheries-and-oceans,DFO PPU 100,fr,MPO EGP 403,institution_specific,true,DFO EFM 403
ati-schedule-i-department-of-fisheries-and-oceans,DFO PPU 020,en,DFO SCI 305,institution_specific,true,DFO SCI 305
ati-schedule-i-department-of-fisheries-and-oceans,DFO PPU 020,fr,MPO SCI 305,institution_specific,true,DFO SCI 305
ati-schedule-i-department-of-fisheries-and-oceans,DFO PPU 130,en,DFO EFM 403,institution_specific,true,DFO EFM 403
ati-schedule-i-department-of-fisheries-and-oceans,DFO PPU 130,en,DFO SP 100,institution_specific,true,DFO SP 100
ati-schedule-i-department-of-fisheries-and-oceans,DFO PPU 130,fr,MPO EGP 403,institution_specific,true,DFO EFM 403
ati-schedule-i-department-of-fisheries-and-oceans,DFO PPU 130,fr,MPO PS 100,institution_specific,true,DFO SP 100
ati-schedule-i-department-of-fisheries-and-oceans,DFO PPU 343,en,DFO SCI 303,institution_specific,true,DFO SCI 303
ati-schedule-i-department-of-fisheries-and-oceans,DFO PPU 343,fr,MPO SCI 303,institution_specific,true,DFO SCI 303
ati-schedule-i-department-of-fisheries-and-oceans,DFO PPU 080,en,DFO EFM 400,institution_specific,true,DFO EFM 400
ati-schedule-i-department-of-fisheries-and-oceans,DFO PPU 080,fr,MPO EGP 400,institution_specific,true,DFO EFM 400
ati-schedule-i-department-of-fisheries-and-oceans,DFO PPU 331,en,DFO SCI 311,institution_specific,true,DFO SCI 311
ati-schedule-i-department-of-fisheries-and-oceans,DFO PPU 331,fr,MPO SCI 311,institution_specific,true,DFO SCI 311
ati-schedule-i-department-of-fisheries-and-oceans,DFO PPU 410,en,DFO EFM 400,institution_specific,true,DFO EFM 400
ati-schedule-i-department-of-fisheries-and-oceans,DFO PPU 410,en,DFO SP 100,institution_specific,true,DFO SP 100
ati-schedule-i-department-of-fisheries-and-oceans,DFO PPU 155,en,DFO EFM 404,institution_specific,true,DFO EFM 404
ati-schedule-i-department-of-fisheries-and-oceans,DFO PPU 155,fr,MPO EGP 404,institution_specific,true,DFO EFM 404
ati-schedule-i-department-of-fisheries-and-oceans,DFO PPU 780,en,DFO INT 800,institution_specific,true,DFO INT 800
ati-schedule-i-department-of-fisheries-and-oceans,DFO PPU 780,en,DFO SAR 700,institution_specific,true,DFO SAR 700
ati-schedule-i-department-of-fisheries-and-oceans,DFO PPU 780,fr,MPO EEP 700,institution_specific,true,DFO SAR 700
ati-schedule-i-department-of-fisheries-and-oceans,DFO PPU 780,fr,MPO INT 800,institution_specific,true,DFO INT 800
ati-schedule-i-department-of-fisheries-and-oceans,DFO PPU 010,en,DFO EFM 404,institution_specific,true,DFO EFM 404
ati-schedule-i-department-of-fisheries-and-oceans,DFO PPU 010,fr,MPO EGP 404,institution_specific,true,DFO EFM 404
ati-schedule-i-department-of-fisheries-and-oceans,DFO PPU 015,en,DFO EFM 404,institution_specific,true,DFO EFM 404
ati-schedule-i-department-of-fisheries-and-oceans,DFO PPU 015,fr,MPO EGP 404,institution_specific,true,DFO EFM 404
ati-schedule-i-department-of-fisheries-and-oceans,DFO PPU 060,en,DFO EFM 400,institution_specific,true,DFO EFM 400
ati-schedule-i-department-of-fisheries-and-oceans,DFO PPU 060,en,DFO EFM 404,institution_specific,true,DFO EFM 404
ati-schedule-i-department-of-fisheries-and-oceans,DFO PPU 060,en,DFO SP 100,institution_specific,true,DFO SP 100
ati-schedule-i-department-of-fisheries-and-oceans,DFO PPU 060,fr,MPO EGP 400,institution_specific,true,DFO EFM 400
ati-schedule-i-department-of-fisheries-and-oceans,DFO PPU 060,fr,MPO EGP 404,institution_specific,true,DFO EFM 404
ati-schedule-i-department-of-fisheries-and-oceans,DFO PPU 060,fr,MPO PS 100,institution_specific,true,DFO SP 100
ati-schedule-i-department-of-fisheries-and-oceans,DFO PPU 036,en,DFO EFM 400,institution_specific,true,DFO EFM 400
ati-schedule-i-department-of-fisheries-and-oceans,DFO PPU 036,fr,MPO EGP 400,institution_specific,true,DFO EFM 400
ati-schedule-i-department-of-fisheries-and-oceans,DFO PPU 340,en,DFO SCI 313,institution_specific,true,DFO SCI 313
ati-schedule-i-department-of-fisheries-and-oceans,DFO PPU 340,fr,MPO SCI 313,institution_specific,true,DFO SCI 313
ati-schedule-i-department-of-fisheries-and-oceans,DFO PPU 435,en,DFO EFM 400,institution_specific,true,DFO EFM 400
ati-schedule-i-department-of-fisheries-and-oceans,DFO PPU 435,fr,MPO EGP 400,institution_specific,true,DFO EFM 400
ati-schedule-i-department-of-fisheries-and-oceans,DFO PPU 040,en,DFO EFM 404,institution_specific,true,DFO EFM 404
ati-schedule-i-department-of-fisheries-and-oceans,DFO PPU 040,fr,MPO EGP 404,institution_specific,true,DFO EFM 404
ati-schedule-i-department-of-fisheries-and-oceans,DFO PPU 050,en,DFO EFM 404,institution_specific,true,DFO EFM 404
ati-schedule-i-department-of-fisheries-and-oceans,DFO PPU 050,fr,MPO EGP 404,institution_specific,true,DFO EFM 404
ati-schedule-i-department-of-fisheries-and-oceans,DFO PPU 490,en,DFO EFM 400,institution_specific,true,DFO EFM 400
ati-schedule-i-department-of-fisheries-and-oceans,DFO PPU 490,fr,MPO EGP 400,institution_specific,true,DFO EFM 400
ati-schedule-i-department-of-fisheries-and-oceans,DFO PPU 047,en,DFO EFM 400,institution_specific,true,DFO EFM 400
ati-schedule-i-department-of-fisheries-and-oceans,DFO PPU 047,en,DFO EFM 403,institution_specific,true,DFO EFM 403
ati-schedule-i-department-of-fisheries-and-oceans,DFO PPU 047,en,DFO EFM 406,institution_specific,true,DFO EFM 406
ati-schedule-i-department-of-fisheries-and-oceans,DFO PPU 047,en,DFO HAB 600,institution_specific,true,DFO HAB 600
ati-schedule-i-department-of-fisheries-and-oceans,DFO PPU 047,en,DFO OCE 500,institution_specific,true,DFO OCE 500
ati-schedule-i-department-of-fisheries-and-oceans,DFO PPU 047,en,DFO SCI 304,institution_specific,true,DFO SCI 304
ati-schedule-i-department-of-fisheries-and-oceans,DFO PPU 047,en,DFO SCI 309,institution_specific,true,DFO SCI 309
ati-schedule-i-department-of-fisheries-and-oceans,DFO PPU 047,en,DFO SP 100,institution_specific,true,DFO SP 100
ati-schedule-i-department-of-fisheries-and-oceans,DFO PPU 047,fr,MPO EGP 400,institution_specific,true,DFO EFM 400
ati-schedule-i-department-of-fisheries-and-oceans,DFO PPU 047,fr,MPO EGP 403,institution_specific,true,DFO EFM 403
ati-schedule-i-department-of-fisheries-and-oceans,DFO PPU 047,fr,MPO EGP 406,institution_specific,true,DFO EFM 406
ati-schedule-i-department-of-fisheries-and-oceans,DFO PPU 047,fr,MPO HAB 600,institution_specific,true,DFO HAB 600
ati-schedule-i-department-of-fisheries-and-oceans,DFO PPU 047,fr,MPO OCE 500,institution_specific,true,DFO OCE 500
ati-schedule-i-department-of-fisheries-and-oceans,DFO PPU 047,fr,MPO PS 100,institution_specific,true,DFO SP 100
ati-schedule-i-department-of-fisheries-and-oceans,DFO PPU 047,fr,MPO SCI 304,institution_specific,true,DFO SCI 304
ati-schedule-i-department-of-fisheries-and-oceans,DFO PPU 047,fr,DFO SCI 309,institution_specific,true,DFO SCI 309
ati-schedule-i-department-of-fisheries-and-oceans,DFO PPU 680,en,DFO HAB 600,institution_specific,true,DFO HAB 600
ati-schedule-i-department-of-fisheries-and-oceans,DFO PPU 680,fr,MPO HAB 600,institution_specific,true,DFO HAB 600
ati-schedule-i-department-of-fisheries-and-oceans,DFO PPU 070,en,DFO SCH 200,institution_specific,true,DFO SCH 200
ati-schedule-i-department-of-fisheries-and-oceans,DFO PPU 070,fr,MPO PPB 200,institution_specific,true,DFO SCH 200
ati-schedule-i-department-of-fisheries-and-oceans,DFO PPU 275,en,DFO SCH 200,institution_specific,true,DFO SCH 200
ati-schedule-i-department-of-fisheries-and-oceans,DFO PPU 275,fr,MPO PPB 200,institution_specific,true,DFO SCH 200
ati-schedule-i-department-of-fisheries-and-oceans,DFO PPU 270,en,DFO SCH 200,institution_specific,true,DFO SCH 200
ati-schedule-i-department-of-fisheries-and-oceans,DFO PPU 270,fr,MPO PPB 200,institution_specific,true,DFO SCH 200
ati-schedule-i-department-of-fisheries-and-oceans,DFO PPU 045,en,DFO EFM 400,institution_specific,true,DFO EFM 400
ati-schedule-i-department-of-fisheries-and-oceans,DFO PPU 045,en,DFO SP 100,institution_specific,true,DFO SP 100
ati-schedule-i-department-of-fisheries-and-oceans,DFO PPU 045,fr,MPO EGP 400,institution_specific,true,DFO EFM 400
ati-schedule-i-department-of-fisheries-and-oceans,DFO PPU 045,fr,MPO PS 100,institution_specific,true,DFO SP 100
ati-schedule-i-department-of-fisheries-and-oceans,DFO PPU 325,en,DFO SCI 308,institution_specific,true,DFO SCI 308
ati-schedule-i-department-of-fisheries-and-oceans,DFO PPU 325,fr,MPO SCI 308,institution_specific,true,DFO SCI 308
ati-schedule-i-department-of-fisheries-and-oceans,DFO PPU 095,en,DFO EFM 403,institution_specific,true,DFO EFM 403
ati-schedule-i-department-of-fisheries-and-oceans,DFO PPU 095,en,DFO SCI 313,institution_specific,true,DFO SCI 313
ati-schedule-i-department-of-fisheries-and-oceans,DFO PPU 095,fr,MPO EGP 403,institution_specific,true,DFO EFM 403
ati-schedule-i-department-of-fisheries-and-oceans,DFO PPU 095,fr,MPO SCI 313,institution_specific,true,DFO SCI 313
ati-schedule-i-department-of-fisheries-and-oceans,DFO PPU 085,en,DFO SCI 301,institution_specific,true,DFO SCI 301
ati-schedule-i-department-of-fisheries-and-oceans,DFO PPU 085,en,DFO SCI 302,institution_specific,true,DFO SCI 302
ati-schedule-i-department-of-fisheries-and-oceans,DFO PPU 085,en,DFO SCI 303,institution_specific,true,DFO SCI 303
ati-schedule-i-department-of-fisheries-and-oceans,DFO PPU 085,en,DFO SCI 307,institution_specific,true,DFO SCI 307
ati-schedule-i-department-of-fisheries-and-oceans,DFO PPU 085,en,DFO SCI 308,institution_specific,true,DFO SCI 308
ati-schedule-i-department-of-fisheries-and-oceans,DFO PPU 085,en,DFO SCI 314,institution_specific,true,DFO SCI 314
ati-schedule-i-department-of-fisheries-and-oceans,DFO PPU 085,en,DFO SCI 316,institution_specific,true,DFO SCI 316
ati-schedule-i-department-of-fisheries-and-oceans,DFO PPU 085,en,DFO SCI 317,institution_specific,true,DFO SCI 317
ati-schedule-i-department-of-fisheries-and-oceans,DFO PPU 085,en,DFO SCI 318,institution_specific,true,DFO SCI 318
ati-schedule-i-department-of-fisheries-and-oceans,DFO PPU 085,en,DFO SCI 319,institution_specific,true,DFO SCI 319
ati-schedule-i-department-of-fisheries-and-oceans,DFO PPU 085,en,DFO SP 100,institution_specific,true,DFO SP 100
ati-schedule-i-department-of-fisheries-and-oceans,DFO PPU 085,fr,MPO SCI 301,institution_specific,true,DFO SCI 301
ati-schedule-i-department-of-fisheries-and-oceans,DFO PPU 085,fr,MPO SCI 302,institution_specific,true,DFO SCI 302
ati-schedule-i-department-of-fisheries-and-oceans,DFO PPU 085,fr,MPO SCI 303,institution_specific,true,DFO SCI 303
ati-schedule-i-department-of-fisheries-and-oceans,DFO PPU 085,fr,MPO SCI 307,institution_specific,true,DFO SCI 307
ati-schedule-i-department-of-fisheries-and-oceans,DFO PPU 085,fr,MPO SCI 308,institution_specific,true,DFO SCI 308
ati-schedule-i-department-of-fisheries-and-oceans,DFO PPU 085,fr,MPO SCI 314,institution_specific,true,DFO SCI 314
ati-schedule-i-department-of-fisheries-and-oceans,DFO PPU 085,fr,MPO SCI 316,institution_specific,true,DFO SCI 316
ati-schedule-i-department-of-fisheries-and-oceans,DFO PPU 085,fr,MPO SCI 317,institution_specific,true,DFO SCI 317
ati-schedule-i-department-of-fisheries-and-oceans,DFO PPU 085,fr,MPO SCI 318,institution_specific,true,DFO SCI 318
ati-schedule-i-department-of-fisheries-and-oceans,DFO PPU 085,fr,MPO SCI 319,institution_specific,true,DFO SCI 319
ati-schedule-i-department-of-fisheries-and-oceans,DFO PPU 085,fr,MPO PS 100,institution_specific,true,DFO SP 100
ati-schedule-i-department-of-fisheries-and-oceans,DFO PPU 320,en,DFO SCI 301,institution_specific,true,DFO SCI 301
ati-schedule-i-department-of-fisheries-and-oceans,DFO PPU 320,en,DFO SCI 302,institution_specific,true,DFO SCI 302
ati-schedule-i-department-of-fisheries-and-oceans,DFO PPU 320,en,DFO SCI 303,institution_specific,true,DFO SCI 303
ati-schedule-i-department-of-fisheries-and-oceans,DFO PPU 320,en,DFO SCI 304,institution_specific,true,DFO SCI 304
ati-schedule-i-department-of-fisheries-and-oceans,DFO PPU 320,en,DFO SCI 307,institution_specific,true,DFO SCI 307
ati-schedule-i-department-of-fisheries-and-oceans,DFO PPU 320,en,DFO SCI 308,institution_specific,true,DFO SCI 308
ati-schedule-i-department-of-fisheries-and-oceans,DFO PPU 320,en,DFO SCI 309,institution_specific,true,DFO SCI 309
ati-schedule-i-department-of-fisheries-and-oceans,DFO PPU 320,en,DFO SCI 310,institution_specific,true,DFO SCI 310
ati-schedule-i-department-of-fisheries-and-oceans,DFO PPU 320,en,DFO SCI 313,institution_specific,true,DFO SCI 313
ati-schedule-i-department-of-fisheries-and-oceans,DFO PPU 320,en,DFO SCI 314,institution_specific,true,DFO SCI 314
ati-schedule-i-department-of-fisheries-and-oceans,DFO PPU 320,en,DFO SCI 315,institution_specific,true,DFO SCI 315
ati-schedule-i-department-of-fisheries-and-oceans,DFO PPU 320,en,DFO SCI 317,institution_specific,true,DFO SCI 317
ati-schedule-i-department-of-fisheries-and-oceans,DFO PPU 320,en,DFO SCI 318,institution_specific,true,DFO SCI 318
ati-schedule-i-department-of-fisheries-and-oceans,DFO PPU 320,en,DFO SCI 319,institution_specific,true,DFO SCI 319
ati-schedule-i-department-of-fisheries-and-oceans,DFO PPU 320,en,DFO OCE 500,institution_specific,true,DFO OCE 500
ati-schedule-i-department-of-fisheries-and-oceans,DFO PPU 320,fr,MPO SCI 301,institution_specific,true,DFO SCI 301
ati-schedule-i-department-of-fisheries-and-oceans,DFO PPU 320,fr,MPO SCI 302,institution_specific,true,DFO SCI 302
ati-schedule-i-department-of-fisheries-and-oceans,DFO PPU 320,fr,MPO SCI 303,institution_specific,true,DFO SCI 303
ati-schedule-i-department-of-fisheries-and-oceans,DFO PPU 320,fr,MPO SCI 304,institution_specific,true,DFO SCI 304
ati-schedule-i-department-of-fisheries-and-oceans,DFO PPU 320,fr,MPO SCI 307,institution_specific,true,DFO SCI 307
ati-schedule-i-department-of-fisheries-and-oceans,DFO PPU 320,fr,MPO SCI 308,institution_specific,true,DFO SCI 308
ati-schedule-i-department-of-fisheries-and-oceans,DFO PPU 320,fr,MPO SCI 309,institution_specific,true,DFO SCI 309
ati-schedule-i-department-of-fisheries-and-oceans,DFO PPU 320,fr,MPO SCI 310,institution_specific,true,DFO SCI 310
ati-schedule-i-department-of-fisheries-and-oceans,DFO PPU 320,fr,MPO SCI 313,institution_specific,true,DFO SCI 313
ati-schedule-i-department-of-fisheries-and-oceans,DFO PPU 320,fr,MPO SCI 314,institution_specific,true,DFO SCI 314
ati-schedule-i-department-of-fisheries-and-oceans,DFO PPU 320,fr,MPO SCI 315,institution_specific,true,DFO SCI 315
ati-schedule-i-department-of-fisheries-and-oceans,DFO PPU 320,fr,MPO SCI 317,institution_specific,true,DFO SCI 317
ati-schedule-i-department-of-fisheries-and-oceans,DFO PPU 320,fr,MPO SCI 318,institution_specific,true,DFO SCI 318
ati-schedule-i-department-of-fisheries-and-oceans,DFO PPU 320,fr,MPO SCI 319,institution_specific,true,DFO SCI 319
ati-schedule-i-department-of-fisheries-and-oceans,DFO PPU 320,fr,MPO OCE 500,institution_specific,true,DFO OCE 500
ati-schedule-i-department-of-fisheries-and-oceans,DFO PPU 165,en,DFO EFM 400,institution_specific,true,DFO EFM 400
ati-schedule-i-department-of-fisheries-and-oceans,DFO PPU 165,en,DFO SP 100,institution_specific,true,DFO SP 100
ati-schedule-i-department-of-fisheries-and-oceans,DFO PPU 165,fr,MPO EGP 400,institution_specific,true,DFO EFM 400
ati-schedule-i-department-of-fisheries-and-oceans,DFO PPU 165,fr,MPO PS 100,institution_specific,true,DFO SP 100
ati-schedule-i-department-of-fisheries-and-oceans,DFO PPU 145,en,DFO EFM 400,institution_specific,true,DFO EFM 400
ati-schedule-i-department-of-fisheries-and-oceans,DFO PPU 145,en,DFO EFM 404,institution_specific,true,DFO EFM 404
ati-schedule-i-department-of-fisheries-and-oceans,DFO PPU 145,fr,MPO EGP 400,institution_specific,true,DFO EFM 400
ati-schedule-i-department-of-fisheries-and-oceans,DFO PPU 145,fr,MPO EGP 404,institution_specific,true,DFO EFM 404
ati-schedule-i-department-of-fisheries-and-oceans,DFO PPU 500,en,DFO OCE 500,institution_specific,true,DFO OCE 500
ati-schedule-i-department-of-fisheries-and-oceans,DFO PPU 500,fr,MPO OCE 500,institution_specific,true,DFO OCE 500
ati-schedule-i-department-of-fisheries-and-oceans,DFO PPU 055,en,DFO EFM 404,institution_specific,true,DFO EFM 404
ati-schedule-i-department-of-fisheries-and-oceans,DFO PPU 055,fr,MPO EGP 404,institution_specific,true,DFO EFM 404
ati-schedule-i-department-of-fisheries-and-oceans,DFO PPU 125,en,DFO EFM 404,institution_specific,true,DFO EFM 404
ati-schedule-i-department-of-fisheries-and-oceans,DFO PPU 125,fr,MPO EGP 404,institution_specific,true,DFO EFM 404
ati-schedule-i-department-of-fisheries-and-oceans,DFO PPU 140,en,DFO EFM 400,institution_specific,true,DFO EFM 400
ati-schedule-i-department-of-fisheries-and-oceans,DFO PPU 140,en,DFO EFM 404,institution_specific,true,DFO EFM 404
ati-schedule-i-department-of-fisheries-and-oceans,DFO PPU 140,en,DFO INT 800,institution_specific,true,DFO INT 800
ati-schedule-i-department-of-fisheries-and-oceans,DFO PPU 140,en,DFO OCE 500,institution_specific,true,DFO OCE 500
ati-schedule-i-department-of-fisheries-and-oceans,DFO PPU 140,en,DFO SAR 700,institution_specific,true,DFO SAR 700
ati-schedule-i-department-of-fisheries-and-oceans,DFO PPU 140,en,DFO SCI 314,institution_specific,true,DFO SCI 314
ati-schedule-i-department-of-fisheries-and-oceans,DFO PPU 140,en,DFO SCI 319,institution_specific,true,DFO SCI 319
ati-schedule-i-department-of-fisheries-and-oceans,DFO PPU 140,fr,MPO EGP 400,institution_specific,true,DFO EFM 400
ati-schedule-i-department-of-fisheries-and-oceans,DFO PPU 140,fr,MPO EGP 404,institution_specific,true,DFO EFM 404
ati-schedule-i-department-of-fisheries-and-oceans,DFO PPU 140,fr,MPO INT 800,institution_specific,true,DFO INT 800
ati-schedule-i-department-of-fisheries-and-oceans,DFO PPU 140,fr,MPO OCE 500,institution_specific,true,DFO OCE 500
ati-schedule-i-department-of-fisheries-and-oceans,DFO PPU 140,fr,MPO EEP 700,institution_specific,true,DFO SAR 700
ati-schedule-i-department-of-fisheries-and-oceans,DFO PPU 140,fr,MPO SCI 314,institution_specific,true,DFO SCI 314
ati-schedule-i-department-of-fisheries-and-oceans,DFO PPU 140,fr,MPO SCI 319,institution_specific,true,DFO SCI 319
ati-schedule-i-department-of-fisheries-and-oceans,DFO PPU 415,en,DFO EFM 400,institution_specific,true,DFO EFM 400
ati-schedule-i-department-of-fisheries-and-oceans,DFO PPU 415,fr,MPO EGP 400,institution_specific,true,DFO EFM 400
ati-schedule-i-department-of-fisheries-and-oceans,DFO PPU 411,en,DFO EFM 400,institution_specific,true,DFO EFM 400
ati-schedule-i-department-of-fisheries-and-oceans,DFO PPU 411,en,DFO SP 100,institution_specific,true,DFO SP 100
ati-schedule-i-department-of-fisheries-and-oceans,DFO PPU 411,fr,MPO EGP 400,institution_specific,true,DFO EFM 400
ati-schedule-i-department-of-fisheries-and-oceans,DFO PPU 411,fr,MPO PS 100,institution_specific,true,DFO SP 100
ati-schedule-i-department-of-fisheries-and-oceans,DFO PPU 090,en,DFO EFM 403,institution_specific,true,DFO EFM 403
ati-schedule-i-department-of-fisheries-and-oceans,DFO PPU 090,en,DFO SP 100,institution_specific,true,DFO SP 100
ati-schedule-i-department-of-fisheries-and-oceans,DFO PPU 090,fr,MPO EGP 403,institution_specific,true,DFO EFM 403
ati-schedule-i-department-of-fisheries-and-oceans,DFO PPU 090,fr,MPO PS 100,institution_specific,true,DFO SP 100
ati-schedule-i-department-of-fisheries-and-oceans,DFO PPU 110,en,PRN 920,standard,true,920
ati-schedule-i-department-of-fisheries-and-oceans,DFO PPU 110,en,PRN 922,standard,true,922
ati-schedule-i-department-of-fisheries-and-oceans,DFO PPU 110,en,PRN 926,standard,true,926
ati-schedule-i-department-of-fisheries-and-oceans,DFO PPU 110,en,PRN 941,standard,true,941
ati-schedule-i-department-of-fisheries-and-oceans,DFO PPU 110,en,DFO EFM 404,institution_specific,true,DFO EFM 404
ati-schedule-i-department-of-fisheries-and-oceans,DFO PPU 075,en,DFO EFM 404,institution_specific,true,DFO EFM 404
ati-schedule-i-department-of-fisheries-and-oceans,DFO PPU 075,fr,MPO EGP 404,institution_specific,true,DFO EFM 404
ati-schedule-i-department-of-fisheries-and-oceans,DFO PPU 135,en,DFO EFM 400,institution_specific,true,DFO EFM 400
ati-schedule-i-department-of-fisheries-and-oceans,DFO PPU 135,fr,MPO EGP 400,institution_specific,true,DFO EFM 400
ati-schedule-i-department-of-fisheries-and-oceans,DFO PPU 770,en,DFO SAR 700,institution_specific,true,DFO SAR 700
ati-schedule-i-department-of-fisheries-and-oceans,DFO PPU 770,en,DFO SP 100,institution_specific,true,DFO SP 100
ati-schedule-i-department-of-fisheries-and-oceans,DFO PPU 770,fr,MPO EEP 700,institution_specific,true,DFO SAR 700
ati-schedule-i-department-of-fisheries-and-oceans,DFO PPU 770,fr,MPO PS 100,institution_specific,true,DFO SP 100
ati-schedule-i-department-of-fisheries-and-oceans,DFO PPU 005,en,DFO SCI 310,institution_specific,true,DFO SCI 310
ati-schedule-i-department-of-fisheries-and-oceans,DFO PPU 005,fr,MPO SCI 310,institution_specific,true,DFO SCI 310
ati-schedule-i-department-of-fisheries-and-oceans,DFO PPU 790,en,DFO EFM 404,institution_specific,true,DFO EFM 404
ati-schedule-i-department-of-fisheries-and-oceans,DFO PPU 790,fr,MPO GEP 404,institution_specific,true,DFO EFM 404
ati-schedule-i-department-of-fisheries-and-oceans,DFO PPU 065,en,DFO EFM 400,institution_specific,true,DFO EFM 400
ati-schedule-i-department-of-fisheries-and-oceans,DFO PPU 065,en,DFO EFM 404,institution_specific,true,DFO EFM 404
ati-schedule-i-department-of-fisheries-and-oceans,DFO PPU 065,fr,MPO EGP 400,institution_specific,true,DFO EFM 400
ati-schedule-i-department-of-fisheries-and-oceans,DFO PPU 065,fr,MPO EGP 404,institution_specific,true,DFO EFM 404
ati-schedule-i-department-of-fisheries-and-oceans,DFO PPU 460,en,DFO EFM 400,institution_specific,true,DFO EFM 400
ati-schedule-i-department-of-fisheries-and-oceans,DFO PPU 460,en,DFO EFM 404,institution_specific,true,DFO EFM 404
ati-schedule-i-department-of-fisheries-and-oceans,DFO PPU 460,en,DFO INT 800,institution_specific,true,DFO INT 800
ati-schedule-i-department-of-fisheries-and-oceans,DFO PPU 460,en,DFO OCE 500,institution_specific,true,DFO OCE 500
ati-schedule-i-department-of-fisheries-and-oceans,DFO PPU 460,en,DFO SAR 700,institution_specific,true,DFO SAR 700
ati-schedule-i-department-of-fisheries-and-oceans,DFO PPU 460,en,DFO SCI 314,institution_specific,true,DFO SCI 314
ati-schedule-i-department-of-fisheries-and-oceans,DFO PPU 460,en,DFO SCI 319,institution_specific,true,DFO SCI 319
ati-schedule-i-department-of-fisheries-and-oceans,DFO PPU 460,fr,MPO EGP 400,institution_specific,true,DFO EFM 400
ati-schedule-i-department-of-fisheries-and-oceans,DFO PPU 460,fr,MPO EGP 404,institution_specific,true,DFO EFM 404
ati-schedule-i-department-of-fisheries-and-oceans,DFO PPU 460,fr,MPO INT 800,institution_specific,true,DFO INT 800
ati-schedule-i-department-of-fisheries-and-oceans,DFO PPU 460,fr,MPO OCE 500,institution_specific,true,DFO OCE 500
ati-schedule-i-department-of-fisheries-and-oceans,DFO PPU 460,fr,MPO EEP 700,institution_specific,true,DFO SAR 700
ati-schedule-i-department-of-fisheries-and-oceans,DFO PPU 460,fr,MPO SCI 314,institution_specific,true,DFO SCI 314
ati-schedule-i-department-of-fisheries-and-oceans,DFO PPU 460,fr,MPO SCI 319,institution_specific,true,DFO SCI 319
ati-schedule-i-department-of-foreign-affairs-trade-and-development,GAC PPU 010,en,GAC JPD 917,institution_specific,true,GAC JPD 917
ati-schedule-i-department-of-foreign-affairs-trade-and-development,GAC PPU 010,en,GAC JPD 918,institution_specific,true,GAC JPD 918
ati-schedule-i-department-of-foreign-affairs-trade-and-development,GAC PPU 010,en,GAC JSD 908,institution_specific,true,GAC JSD 908
ati-schedule-i-department-of-foreign-affairs-trade-and-development,GAC PPU 032,en,GAC JPD 917,institution_specific,true,GAC JPD 917
ati-schedule-i-department-of-foreign-affairs-trade-and-development,GAC PPU 032,en,GAC JPD 918,institution_specific,true,GAC JPD 918
ati-schedule-i-department-of-foreign-affairs-trade-and-development,GAC PPU 005,en,GAC JPD 919,institution_specific,true,GAC JPD 919
ati-schedule-i-department-of-foreign-affairs-trade-and-development,GAC PPU 031,en,GAC LDW 129,institution_specific,true,GAC LDW 129
ati-schedule-i-department-of-foreign-affairs-trade-and-development,GAC PPU 911,en,GAC BBD 142,institution_specific,true,GAC BBD 142
ati-schedule-i-department-of-foreign-affairs-trade-and-development,GAC PPU 907,en,GAC XDD 848,institution_specific,true,GAC XDD 848
ati-schedule-i-department-of-foreign-affairs-trade-and-development,GAC PPU 910,en,GAC XDD 848,institution_specific,true,GAC XDD 848
ati-schedule-i-department-of-foreign-affairs-trade-and-development,GAC PPU 904,en,GAC DSMO 161,institution_specific,true,GAC DSMO 161
ati-schedule-i-department-of-foreign-affairs-trade-and-development,GAC PPU 101,en,GAC BID 819,institution_specific,true,GAC BID 819
ati-schedule-i-department-of-foreign-affairs-trade-and-development,GAC PPU 906,en,GAC BTD 904,institution_specific,true,GAC BTD 904
ati-schedule-i-department-of-foreign-affairs-trade-and-development,GAC PPU 015,en,GAC MID 026,institution_specific,true,GAC MID 026
ati-schedule-i-department-of-foreign-affairs-trade-and-development,GAC PPU 015,en,GAC MGD 027,institution_specific,true,GAC MGD 027
ati-schedule-i-department-of-foreign-affairs-trade-and-development,GAC PPU 016,en,GAC KED 010,institution_specific,true,GAC KED 010
ati-schedule-i-department-of-foreign-affairs-trade-and-development,GAC PPU 908,en,GAC CFSI 844,institution_specific,true,GAC CFSI 844
ati-schedule-i-department-of-foreign-affairs-trade-and-development,GAC PPE 701,en,GAC AED 860,institution_specific,true,GAC AED 860
ati-schedule-i-department-of-foreign-affairs-trade-and-development,GAC PPE 802,en,GAC AED 860,institution_specific,true,GAC AED 860
ati-schedule-i-department-of-foreign-affairs-trade-and-development,GAC PPU 045,en,GAC HFD 127,institution_specific,true,GAC HFD 127
ati-schedule-i-department-of-foreign-affairs-trade-and-development,GAC PPU 045,en,GAC HFD 169,institution_specific,true,GAC HFD 169
ati-schedule-i-department-of-health,HC PPU 051,en,HC CHS 010,institution_specific,true,HC CHS 010
ati-schedule-i-department-of-health,HC PPU 051,fr,SC CHS 010,institution_specific,false,
ati-schedule-i-department-of-health,HC PPU 420,en,HC CHS 005,institution_specific,true,HC CHS 005
ati-schedule-i-department-of-health,HC PPU 420,fr,SC CHS 005,institution_specific,false,
ati-schedule-i-department-of-health,HC PPU 421,en,HC CHS 005,institution_specific,true,HC CHS 005
ati-schedule-i-department-of-health,HC PPU 421,fr,SC CHS 005,institution_specific,false,
ati-schedule-i-department-of-health,HC PPU 422,en,HC CHS 005,institution_specific,true,HC CHS 005
ati-schedule-i-department-of-health,HC PPU 422,fr,SC CHS 005,institution_specific,false,
ati-schedule-i-department-of-health,HC PPU 440,en,HC CHS 005,institution_specific,true,HC CHS 005
ati-schedule-i-department-of-health,HC PPU 440,fr,SC CHS 005,institution_specific,false,
ati-schedule-i-department-of-health,HC PPU 435,en,HC MAID 005,institution_specific,true,HC MAID 005
ati-schedule-i-department-of-health,HC PPU 435,fr,SC MAID 005,institution_specific,false,
ati-schedule-i-department-of-health,HC PPU 036,en,HC ERH 015,institution_specific,true,HC ERH 015
ati-schedule-i-department-of-health,HC PPU 089,en,HC ERH 015,institution_specific,true,HC ERH 015
ati-schedule-i-department-of-health,HC PPU 089,fr,SC ERH 015,institution_specific,false,
ati-schedule-i-department-of-health,HC PPU 314,en,HC ERH 015,institution_specific,true,HC ERH 015
ati-schedule-i-department-of-health,HC PPU 314,fr,SC ERH 015,institution_specific,false,
ati-schedule-i-department-of-health,HC PPU 417,en,HC HP 005,institution_specific,true,HC HP 005
ati-schedule-i-department-of-health,HC PPU 417,en,HC HP 025,institution_specific,true,HC HP 025
ati-schedule-i-department-of-health,HC PPU 417,fr,SC HP 005,institution_specific,false,
ati-schedule-i-department-of-health,HC PPU 417,fr,SC HP 025,institution_specific,false,
ati-schedule-i-department-of-health,HC PPU 436,en,HC HP 005,institution_specific,true,HC HP 005
ati-schedule-i-department-of-health,HC PPU 436,en,HC HP 020,institution_specific,true,HC HP 020
ati-schedule-i-department-of-health,HC PPU 436,en,HC HP 035,institution_specific,true,HC HP 035
ati-schedule-i-department-of-health,HC PPU 436,en,HC HP 045,institution_specific,true,HC HP 045
ati-schedule-i-department-of-health,HC PPU 436,en,HC HP 050,institution_specific,true,HC HP 050
ati-schedule-i-department-of-health,HC PPU 436,en,HC HP 065,institution_specific,true,HC HP 065
ati-schedule-i-department-of-health,HC PPU 436,fr,SC HP 005,institution_specific,false,
ati-schedule-i-department-of-health,HC PPU 436,fr,SC HP 020,institution_specific,false,
ati-schedule-i-department-of-health,HC PPU 436,fr,SC HP 035,institution_specific,false,
ati-schedule-i-department-of-health,HC PPU 436,fr,SC HP 045,institution_specific,true,HC HP 045
ati-schedule-i-department-of-health,HC PPU 436,fr,SC HP 050,institution_specific,false,
ati-schedule-i-department-of-health,HC PPU 436,fr,SC HP 065,institution_specific,true,HC HP 065
ati-schedule-i-department-of-health,HC PPU 408,en,HC HP 035,institution_specific,true,HC HP 035
ati-schedule-i-department-of-health,HC PPU 411,en,HC DSS 010,institution_specific,true,HC DSS 010
ati-schedule-i-department-of-health,HC PPU 411,fr,SC DSS 010,institution_specific,false,
ati-schedule-i-department-of-health,HC PPU 073,en,HC CAN 005,institution_specific,true,HC CAN 005
ati-schedule-i-department-of-health,HC PPU 073,fr,SC CAN 005,institution_specific,false,
ati-schedule-i-department-of-health,HC PPU 439,en,HC CAN 005,institution_specific,true,HC CAN 005
ati-schedule-i-department-of-health,HC PPU 439,fr,HC CAN 005,institution_specific,true,HC CAN 005
ati-schedule-i-department-of-health,HC PPU 442,en,HC CAN 005,institution_specific,true,HC CAN 005
ati-schedule-i-department-of-health,HC PPU 416,en,HC HP 070,institution_specific,true,HC HP 070
ati-schedule-i-department-of-health,HC PPU 416,fr,SC HCP 070,institution_specific,true,HC HP 070
ati-schedule-i-department-of-health,HC PPU 088,en,HC CPS 005,institution_specific,true,HC CPS 005
ati-schedule-i-department-of-health,HC PPU 088,fr,SC CPS 005,institution_specific,false,
ati-schedule-i-department-of-health,HC PPU 402,en,HC CPS 005,institution_specific,true,HC CPS 005
ati-schedule-i-department-of-health,HC PPU 402,fr,SC CPS 005,institution_specific,false,
ati-schedule-i-department-of-health,HC PPU 074,en,HC SUA 010,institution_specific,true,HC SUA 010
ati-schedule-i-department-of-health,HC PPU 060,en,HC SUA 010,institution_specific,true,HC SUA 010
ati-schedule-i-department-of-health,HC PPU 060,fr,SC SUA 010,institution_specific,false,
ati-schedule-i-department-of-health,HC PPU 045,en,HC SUA 010,institution_specific,true,HC SUA 010
ati-schedule-i-department-of-health,HC PPU 045,fr,SC SUA 010,institution_specific,false,
ati-schedule-i-department-of-health,HC PPU 040,en,HC SUA 010,institution_specific,true,HC SUA 010
ati-schedule-i-department-of-health,HC PPU 040,fr,SC SUA 010,institution_specific,false,
ati-schedule-i-department-of-health,HC PPU 434,en,HC SUA 010,institution_specific,true,HC SUA 010
ati-schedule-i-department-of-health,HC PPU 434,fr,SC SUA 010,institution_specific,false,
ati-schedule-i-department-of-health,HC PPU 448,en,HC SUA 010,institution_specific,true,HC SUA 010
ati-schedule-i-department-of-health,HC PPU 447,en,HC SUA 010,institution_specific,true,HC SUA 010
ati-schedule-i-department-of-health,HC PPU 443,en,HC SUA 010,institution_specific,true,HC SUA 010
ati-schedule-i-department-of-health,HC PPU 449,en,HC SUA 010,institution_specific,true,HC SUA 010
ati-schedule-i-department-of-health,HC PPU 444,en,HC FSN 005,institution_specific,true,HC FSN 005
ati-schedule-i-department-of-health,HC PPU 076,en,HC FSN 010,institution_specific,true,HC FSN 010
ati-schedule-i-department-of-health,HC PPU 076,fr,SC FSN 010,institution_specific,false,
ati-schedule-i-department-of-health,HC PPU 079,en,HC FSN 010,institution_specific,true,HC FSN 010
ati-schedule-i-department-of-health,HC PPU 079,fr,SC FSN 010,institution_specific,false,
ati-schedule-i-department-of-health,HC PPU 037,en,HC ERH 035,institution_specific,true,HC ERH 035
ati-schedule-i-department-of-health,HC PPU 037,fr,SC ERH 035,institution_specific,false,
ati-schedule-i-department-of-health,HC PPU 035,en,HC ERH 035,institution_specific,true,HC ERH 035
ati-schedule-i-department-of-health,HC PPU 035,fr,SC ERH 035,institution_specific,false,
ati-schedule-i-department-of-health,HC PPU 084,en,HC ERH 035,institution_specific,true,HC ERH 035
ati-schedule-i-department-of-health,HC PPU 084,fr,SC ERH 035,institution_specific,false,
ati-schedule-i-department-of-health,HC PPU 005,en,HC ERH 035,institution_specific,true,HC ERH 035
ati-schedule-i-department-of-health,HC PPU 005,fr,SC ERH 035,institution_specific,false,
ati-schedule-i-department-of-health,HC PPU 200,en,HC ERH 035,institution_specific,true,HC ERH 035
ati-schedule-i-department-of-health,HC PPU 200,fr,SC ERH 035,institution_specific,false,
ati-schedule-i-department-of-health,HC PPU 409,en,HC HP 040,institution_specific,true,HC HP 040
ati-schedule-i-department-of-health,HC PPU 409,en,HC HP 005,institution_specific,true,HC HP 005
ati-schedule-i-department-of-health,HC PPU 409,fr,SC HP 040,institution_specific,true,HC HP 040
ati-schedule-i-department-of-health,HC PPU 409,fr,SC HP 005,institution_specific,false,
ati-schedule-i-department-of-health,HC PPU 415,en,HC HP 040,institution_specific,true,HC HP 040
ati-schedule-i-department-of-health,HC PPU 415,en,HC HP 045,institution_specific,true,HC HP 045
ati-schedule-i-department-of-health,HC PPU 415,en,HC HP 050,institution_specific,true,HC HP 050
ati-schedule-i-department-of-health,HC PPU 415,fr,SC HP 040,institution_specific,true,HC HP 040
ati-schedule-i-department-of-health,HC PPU 415,fr,SC HP 045,institution_specific,true,HC HP 045
ati-schedule-i-department-of-health,HC PPU 415,fr,SC HP 050,institution_specific,false,
ati-schedule-i-department-of-health,HC PPU 430,en,HC HP 045,institution_specific,true,HC HP 045
ati-schedule-i-department-of-health,HC PPU 430,fr,SC HP 045,institution_specific,true,HC HP 045
ati-schedule-i-department-of-health,HC PPU 405,en,HC HP 050,institution_specific,true,HC HP 050
ati-schedule-i-department-of-health,HC PPU 405,fr,SC HP 050,institution_specific,false,
ati-schedule-i-department-of-health,HC PPU 406,en,HC HP 065,institution_specific,true,HC HP 065
ati-schedule-i-department-of-health,HC PPU 406,fr,SC HP 065,institution_specific,true,HC HP 065
ati-schedule-i-department-of-health,HC PPU 315,en,HC PS 005,institution_specific,true,HC PS 005
ati-schedule-i-department-of-health,HC PPU 315,fr,SC PS 005,institution_specific,false,
ati-schedule-i-department-of-health,HC PPU 414,en,HC HP 005,institution_specific,true,HC HP 005
ati-schedule-i-department-of-health,HC PPU 414,en,HC HP 025,institution_specific,true,HC HP 025
ati-schedule-i-department-of-health,HC PPU 414,fr,SC HP 005,institution_specific,false,
ati-schedule-i-department-of-health,HC PPU 414,fr,SC HP 025,institution_specific,false,
ati-schedule-i-department-of-health,HC PPU 445,en,HC HP 010,institution_specific,true,HC HP 010
ati-schedule-i-department-of-health,HC PPU 407,en,HC HP 020,institution_specific,true,HC HP 020
ati-schedule-i-department-of-health,HC PPU 407,fr,SC HP 020,institution_specific,false,
ati-schedule-i-department-of-health,HC PPU 450,en,HC HP 020,institution_specific,true,HC HP 020
ati-schedule-i-department-of-health,HC PPU 312,en,HC RP 005,institution_specific,true,HC RP 005
ati-schedule-i-department-of-health,HC PPU 312,fr,SC RP 005,institution_specific,false,
ati-schedule-i-department-of-health,HC PPU 310,en,HC RP 010,institution_specific,true,HC RP 010
ati-schedule-i-department-of-health,HC PPU 310,fr,SC RP 010,institution_specific,false,
ati-schedule-i-department-of-health,HC PPU 080,en,HC RP 015,institution_specific,true,HC RP 015
ati-schedule-i-department-of-health,HC PPU 080,fr,SC RP 015,institution_specific,false,
ati-schedule-i-department-of-health,HC PPU 431,en,HC RP 015,institution_specific,true,HC RP 015
ati-schedule-i-department-of-health,HC PPU 431,fr,SC RP 015,institution_specific,false,
ati-schedule-i-department-of-health,HC PCE 701,en,HC SHS 005,institution_specific,true,HC SHS 005
ati-schedule-i-department-of-health,HC PCE 701,fr,SC SHS 005,institution_specific,false,
ati-schedule-i-department-of-health,HC PCU 705,en,HC SHS 005,institution_specific,true,HC SHS 005
ati-schedule-i-department-of-health,HC PCU 705,fr,SC SHS 005,institution_specific,false,
ati-schedule-i-department-of-health,HC PPU 921,en,HC SHS 005,institution_specific,true,HC SHS 005
ati-schedule-i-department-of-health,HC PPU 921,fr,SC SHS 005,institution_specific,false,
ati-schedule-i-department-of-health,HC PPU 446,en,HC SHS 005,institution_specific,true,HC SHS 005
ati-schedule-i-department-of-health,HC PPU 022,en,HC DSS 020,institution_specific,true,HC DSS 020
ati-schedule-i-department-of-health,HC PPU 022,fr,SC DSS 020,institution_specific,false,
ati-schedule-i-department-of-health,HC PPU 038,en,HC SUA 005,institution_specific,true,HC SUA 005
ati-schedule-i-department-of-health,HC PPU 038,fr,SC SUA 005,institution_specific,false,
ati-schedule-i-department-of-health,HC PPU 410,en,HC SUA 005,institution_specific,true,HC SUA 005
ati-schedule-i-department-of-health,HC PPU 410,fr,SC SUA 005,institution_specific,false,
ati-schedule-i-department-of-health,HC PPU 305,en,HC SUA 005,institution_specific,true,HC SUA 005
ati-schedule-i-department-of-health,HC PPU 305,fr,SC SUA 005,institution_specific,false,
ati-schedule-i-department-of-health,HC PPU 432,fr,SC SUA 005,institution_specific,false,
ati-schedule-i-department-of-health,HC PPU 433,en,HC SUA 005,institution_specific,true,HC SUA 005
ati-schedule-i-department-of-health,HC PPU 433,fr,SC SUA 005,institution_specific,false,
ati-schedule-i-department-of-indigenous-services,ISC PPU 016,en,ISC FNIHB 005,institution_specific,true,ISC FNIHB 005
ati-schedule-i-department-of-indigenous-services,ISC PPU 017,en,ISC FNIHB 005,institution_specific,true,ISC FNIHB 005
ati-schedule-i-department-of-indigenous-services,ISC PPU 401,en,ISC FNIHB 005,institution_specific,true,ISC FNIHB 005
ati-schedule-i-department-of-indigenous-services,ISC PPU 014,en,ISC FNIHB 030,institution_specific,true,ISC FNIHB 030
ati-schedule-i-department-of-indigenous-services,ISC PPU 008,en,ISC FNIHB 005,institution_specific,true,ISC FNIHB 005
ati-schedule-i-department-of-indigenous-services,ISC PPU 008,en,ISC FNIHB 030,institution_specific,true,ISC FNIHB 030
ati-schedule-i-department-of-indigenous-services,ISC PPU 009,en,ISC RO 999,institution_specific,true,ISC RO 999
ati-schedule-i-department-of-indigenous-services,ISC PPU 220,en,ISC RO 121,institution_specific,true,ISC RO 121
ati-schedule-i-department-of-indigenous-services,ISC PPU 110,en,ISC RO 121,institution_specific,true,ISC RO 121
ati-schedule-i-department-of-indigenous-services,ISC PPU 121,en,ISC RO 300,institution_specific,true,ISC RO 300
ati-schedule-i-department-of-indigenous-services,ISC PPU 122,en,ISC RO 300,institution_specific,true,ISC RO 300
ati-schedule-i-department-of-indigenous-services,ISC PPU 125,en,ISC RO 300,institution_specific,true,ISC RO 300
ati-schedule-i-department-of-indigenous-services,ISC PPU 105,en,ISC RO 300,institution_specific,true,ISC RO 300
ati-schedule-i-department-of-indigenous-services,ISC PPU 230,en,ISC RO 300,institution_specific,true,ISC RO 300
ati-schedule-i-department-of-indigenous-services,ISC PPU 019,en,ISC FNIHB 035,institution_specific,true,ISC FNIHB 035
ati-schedule-i-department-of-indigenous-services,ISC PPU 021,en,ISC FNIHB 025,institution_specific,true,ISC FNIHB 025
ati-schedule-i-department-of-indigenous-services,ISC PPU 400,en,ISC FNIHB 025,institution_specific,true,ISC FNIHB 025
ati-schedule-i-department-of-indigenous-services,ISC PPU 023,en,ISC FNIHB 020,institution_specific,true,ISC FNIHB 020
ati-schedule-i-department-of-indigenous-services,ISC PPU 604,en,ISC ESDPP 005,institution_specific,true,ISC ESDPP 005
ati-schedule-i-department-of-indigenous-services,ISC PPU 145,en,ISC ESDPP 507,institution_specific,true,ISC ESDPP 507
ati-schedule-i-department-of-indigenous-services,ISC PPU 240,en,ISC ESDPP 504,institution_specific,true,ISC ESDPP 504
ati-schedule-i-department-of-indigenous-services,ISC PPU 215,en,ISC ESDPP 031,institution_specific,true,ISC ESDPP 031
ati-schedule-i-department-of-indigenous-services,ISC PPU 210,en,ISC CFSR 502,institution_specific,true,ISC CFSR 502
ati-schedule-i-department-of-indigenous-services,ISC PPU 265,en,ISC FNIHB 005,institution_specific,true,ISC FNIHB 005
ati-schedule-i-department-of-indigenous-services,ISC PPU 602,en,ISC RO 403,institution_specific,true,ISC RO 403
ati-schedule-i-department-of-indigenous-services,ISC PPU 005,en,ISC RO 404,institution_specific,true,ISC RO 404
ati-schedule-i-department-of-indigenous-services,ISC PPU 011,en,ISC RO 404,institution_specific,true,ISC RO 404
ati-schedule-i-department-of-indigenous-services,ISC PPU 901,en,ISC LED 802,institution_specific,true,ISC LED 802
ati-schedule-i-department-of-indigenous-services,ISC PPU 300,en,ISC CFO 040,institution_specific,true,ISC CFO 040
ati-schedule-i-department-of-indigenous-services,ISC PPU 250,en,ISC CFO 250,institution_specific,true,ISC CFO 250
ati-schedule-i-department-of-indigenous-services,ISC PPE 802,en,ISC DMO 100,institution_specific,true,ISC DMO 100
ati-schedule-i-department-of-indigenous-services,ISC PPU 135,en,ISC PSD 393,institution_specific,true,ISC PSD 393
ati-schedule-i-department-of-indigenous-services,ISC PPU 151,en,ISC AES 151,institution_specific,true,ISC AES 151
ati-schedule-i-department-of-indigenous-services,ISC PPU 151,en,HC FNI 005,institution_specific,false,
ati-schedule-i-department-of-indigenous-services,ISC PPU 151,en,ISC FNI 010,institution_specific,true,ISC FNIHB 010
ati-schedule-i-department-of-indigenous-services,ISC PPU 151,en,ISC FNI 015,institution_specific,true,ISC FNIHB 015
ati-schedule-i-department-of-industry,ISED PPU 023,en,ISED SIT 925,institution_specific,false,
ati-schedule-i-department-of-industry,ISED PPU 041,en,IC CIP 100,institution_specific,false,
ati-schedule-i-department-of-industry,ISED PPU 041,en,IC CIP 105,institution_specific,false,
ati-schedule-i-department-of-industry,ISED PPU 041,en,IC CIP 570,institution_specific,false,
ati-schedule-i-department-of-industry,ISED PPU 059,en,IC OSB 275,institution_specific,false,
ati-schedule-i-department-of-industry,IC PPU 036,en,IC OSB 275,institution_specific,false,
ati-schedule-i-department-of-justice,JUS PPU 135,en,JUS LS 104,institution_specific,true,JUS LS 104
ati-schedule-i-department-of-justice,JUS PPU 135,fr,JUS LS 104,institution_specific,true,JUS LS 104
ati-schedule-i-department-of-justice,JUS PPU 005,en,JUS JSS 101,institution_specific,true,JUS JSS 101
ati-schedule-i-department-of-justice,JUS PPU 005,fr,JUS JSS 101,institution_specific,true,JUS JSS 101
ati-schedule-i-department-of-justice,JUS PPU 010,en,JUS LS 100,institution_specific,true,JUS LS 100
ati-schedule-i-department-of-justice,JUS PPU 010,en,JUS LS 104,institution_specific,true,JUS LS 104
ati-schedule-i-department-of-justice,JUS PPU 030,en,JUS JSS 119,institution_specific,true,JUS JSS 119
ati-schedule-i-department-of-justice,JUS PPU 030,fr,JUS JSS 119,institution_specific,true,JUS JSS 119
ati-schedule-i-department-of-justice,JUS PPU 125,en,JUS JSS 101,institution_specific,true,JUS JSS 101
ati-schedule-i-department-of-justice,JUS PPU 125,fr,JUS JSS 101,institution_specific,true,JUS JSS 101
ati-schedule-i-department-of-justice,JUS PPU 160,en,JUS LS 102,institution_specific,true,JUS LS 102
ati-schedule-i-department-of-justice,JUS PPU 160,fr,JUS LS 102,institution_specific,true,JUS LS 102
ati-schedule-i-department-of-justice,JUS PPU 150,en,JUS JSS 101,institution_specific,true,JUS JSS 101
ati-schedule-i-department-of-justice,JUS PPU 150,fr,JUS JSS 101,institution_specific,true,JUS JSS 101
ati-schedule-i-department-of-justice,JUS PPU 165,en,JUS JSS 107,institution_specific,true,JUS JSS 107
ati-schedule-i-department-of-justice,JUS PPU 165,en,JUS JSS 108,institution_specific,true,JUS JSS 108
ati-schedule-i-department-of-justice,JUS PPU 165,en,JUS JSS 109,institution_specific,true,JUS JSS 109
ati-schedule-i-department-of-justice,JUS PPU 165,en,JUS JSS 110,institution_specific,true,JUS JSS 110
ati-schedule-i-department-of-justice,JUS PPU 165,en,JUS JSS 111,institution_specific,true,JUS JSS 111
ati-schedule-i-department-of-justice,JUS PPU 165,en,JUS JSS 112,institution_specific,true,JUS JSS 112
ati-schedule-i-department-of-justice,JUS PPU 165,en,JUS JSS 113,institution_specific,true,JUS JSS 113
ati-schedule-i-department-of-justice,JUS PPU 165,en,JUS JSS 114,institution_specific,true,JUS JSS 114
ati-schedule-i-department-of-justice,JUS PPU 165,en,JUS JSS 115,institution_specific,true,JUS JSS 115
ati-schedule-i-department-of-justice,JUS PPU 165,en,JUS JSS 116,institution_specific,true,JUS JSS 116
ati-schedule-i-department-of-justice,JUS PPU 165,en,JUS JSS 117,institution_specific,true,JUS JSS 117
ati-schedule-i-department-of-justice,JUS PPU 165,en,JUS JSS 118,institution_specific,true,JUS JSS 118
ati-schedule-i-department-of-justice,JUS PPU 165,en,JUS JSS 119,institution_specific,true,JUS JSS 119
ati-schedule-i-department-of-justice,JUS PPU 165,en,JUS JSS 121,institution_specific,true,JUS JSS 121
ati-schedule-i-department-of-justice,JUS PPU 165,en,JUS JSS 122,institution_specific,true,JUS JSS 122
ati-schedule-i-department-of-justice,JUS PPU 165,en,JUS JSS 123,institution_specific,true,JUS JSS 123
ati-schedule-i-department-of-justice,JUS PPU 035,en,JUS JSS 114,institution_specific,true,JUS JSS 114
ati-schedule-i-department-of-justice,JUS PPU 035,en,PRN 914,standard,true,914
ati-schedule-i-department-of-justice,JUS PPU 035,fr,JUS JSS 114,institution_specific,true,JUS JSS 114
ati-schedule-i-department-of-justice,JUS PPU 035,fr,PRN 914,standard,true,914
ati-schedule-i-department-of-justice,JUS PPU 025,en,JUS LS 100,institution_specific,true,JUS LS 100
ati-schedule-i-department-of-justice,JUS PPU 025,en,JUS LS 104,institution_specific,true,JUS LS 104
ati-schedule-i-department-of-justice,JUS PPU 015,en,JUS LS 104,institution_specific,true,JUS LS 104
ati-schedule-i-department-of-justice,JUS PPU 015,fr,JUS LS 104,institution_specific,true,JUS LS 104
ati-schedule-i-department-of-justice,JUS PPU 020,en,JUS IS 100,institution_specific,true,JUS IS 100
ati-schedule-i-department-of-justice,JUS PPU 020,fr,JUS IS 100,institution_specific,true,JUS IS 100
ati-schedule-i-department-of-justice,JUS PPE 005,en,JUS IS 102,institution_specific,false,
ati-schedule-i-department-of-justice,JUS PPE 005,fr,JUS IS 102,institution_specific,false,
ati-schedule-i-department-of-national-defence,DND PPU 050,en,DND ADO 275,institution_specific,true,DND ADO 275
ati-schedule-i-department-of-national-defence,DND PPE 823,en,DND DOC 420,institution_specific,true,DND DOC 420
ati-schedule-i-department-of-national-defence,DND PPE 823,en,DND DOC 445,institution_specific,true,DND DOC 445
ati-schedule-i-department-of-national-defence,DND PPU 839,en,DND RCD 340,institution_specific,true,DND RCD 340
ati-schedule-i-department-of-national-defence,DND PPU 839,fr,MDN RCD 340,institution_specific,true,DND RCD 340
ati-schedule-i-department-of-national-defence,DND PPE 862,en,DND RDP 759,institution_specific,true,DND RDP 759
ati-schedule-i-department-of-national-defence,DND PPE 822,en,DND MUD 565,institution_specific,true,DND MUD 565
ati-schedule-i-department-of-national-defence,DND PPE 822,fr,MDN DUE 565,institution_specific,true,DND MUD 565
ati-schedule-i-department-of-national-defence,DND PPE 816,en,DND MUD 565,institution_specific,true,DND MUD 565
ati-schedule-i-department-of-national-defence,DND PPE 816,fr,MDN DUE 565,institution_specific,true,DND MUD 565
ati-schedule-i-department-of-national-defence,DND PPU 025,en,DND RET 375,institution_specific,true,DND RET 375
ati-schedule-i-department-of-national-defence,DND PPU 880,en,DND SMR 100,institution_specific,true,DND SMR 100
ati-schedule-i-department-of-national-defence,DND PPU 882,en,DND CSA 520,institution_specific,true,DND CSA 520
ati-schedule-i-department-of-national-defence,DND PPU 882,en,DND SMR 100,institution_specific,true,DND SMR 100
ati-schedule-i-department-of-national-defence,DND PPU 883,en,DND SMR 100,institution_specific,true,DND SMR 100
ati-schedule-i-department-of-national-defence,DND PPU 883,en,DND SMR 102,institution_specific,true,DND SMR 102
ati-schedule-i-department-of-national-defence,DND PPU 883,fr,MDN SMR 100,institution_specific,false,
ati-schedule-i-department-of-national-defence,DND PPU 883,fr,MDN SMR 102,institution_specific,false,
ati-schedule-i-department-of-national-defence,DND PPU 884,en,DND SMR 103,institution_specific,true,DND SMR 103
ati-schedule-i-department-of-national-defence,DND PPU 884,fr,MDN IIS 103,institution_specific,false,
ati-schedule-i-department-of-national-defence,DND PPU 898,en,DND SGB 495,institution_specific,true,DND SGB 495
ati-schedule-i-department-of-national-defence,DND PPE 811,en,DND SGB 495,institution_specific,true,DND SGB 495
ati-schedule-i-department-of-national-defence,DND PPE 810,en,DND SGB 495,institution_specific,true,DND SGB 495
ati-schedule-i-department-of-national-defence,DND PPE 812,en,DND SGB 495,institution_specific,true,DND SGB 495
ati-schedule-i-department-of-national-defence,DND PPU 819,en,DND SGB 496,institution_specific,true,DND SGB 496
ati-schedule-i-department-of-national-defence,DND PPE 806,en,DND SOF 100,institution_specific,true,DND SOF 100
ati-schedule-i-department-of-national-defence,DND PPE 806,fr,MDN FOS 100,institution_specific,true,MDN FOS 100
ati-schedule-i-department-of-national-defence,DND PPU 881,en,PRN 914,standard,true,914
ati-schedule-i-department-of-national-defence,DND PPU 881,en,PRN 938,standard,true,938
ati-schedule-i-department-of-national-defence,DND PPU 881,en,DND SGB 495,institution_specific,true,DND SGB 495
ati-schedule-i-department-of-national-defence,DND PPU 870,en,DND PSB 405,institution_specific,true,DND PSB 405
ati-schedule-i-department-of-national-defence,DND PPE 872,en,DND DOC 420,institution_specific,true,DND DOC 420
ati-schedule-i-department-of-national-defence,DND PPE 872,en,DND DOC 445,institution_specific,true,DND DOC 445
ati-schedule-i-department-of-national-defence,DND PPE 872,fr,MDN DOC 420,institution_specific,true,DND DOC 420
ati-schedule-i-department-of-national-defence,DND PPE 872,fr,MDN DOC 445,institution_specific,true,DND DOC 445
ati-schedule-i-department-of-national-defence,DND PPU 873,en,PRN 902,standard,true,902
ati-schedule-i-department-of-national-defence,DND PPU 873,en,DND JAG 015,institution_specific,true,DND JAG 015
ati-schedule-i-department-of-national-defence,DND PPU 873,en,DND DLO 101,institution_specific,true,DND DLO 101
ati-schedule-i-department-of-national-defence,DND PPE 817,en,DND PSB 405,institution_specific,true,DND PSB 405
ati-schedule-i-department-of-national-defence,DND PPU 809,en,DND CBD 450,institution_specific,true,DND CBD 450
ati-schedule-i-department-of-national-defence,DND PPU 809,fr,MDN DRA 450,institution_specific,true,DND CBD 450
ati-schedule-i-department-of-national-defence,DND PPU 876,en,DND DEP 465,institution_specific,true,DND DEP 465
ati-schedule-i-department-of-national-defence,DND PPU 876,fr,MDN DEP 465,institution_specific,true,DND DEP 465
ati-schedule-i-department-of-national-defence,DND PPE 814,en,DND CSA 520,institution_specific,true,DND CSA 520
ati-schedule-i-department-of-national-defence,DND PPE 814,fr,MDN CSA 520,institution_specific,true,DND CSA 520
ati-schedule-i-department-of-national-defence,DND PPE 852,en,DND CSA 520,institution_specific,true,DND CSA 520
ati-schedule-i-department-of-national-defence,DND PPE 852,en,PRN 916,standard,true,916
ati-schedule-i-department-of-national-defence,DND PPE 852,fr,MDN CSA 520,institution_specific,true,DND CSA 520
ati-schedule-i-department-of-national-defence,DND PPE 852,fr,NDP 916,standard,true,916
ati-schedule-i-department-of-national-defence,DND PPE 853,en,DND CSA 520,institution_specific,true,DND CSA 520
ati-schedule-i-department-of-national-defence,DND PPE 853,fr,MDN CSA 520,institution_specific,true,DND CSA 520
ati-schedule-i-department-of-national-defence,DND PPU 874,en,DND CSA 520,institution_specific,true,DND CSA 520
ati-schedule-i-department-of-national-defence,DND PPU 874,fr,MDN CSA 520,institution_specific,true,DND CSA 520
ati-schedule-i-department-of-national-defence,DND PPE 821,en,DND CSA 520,institution_specific,true,DND CSA 520
ati-schedule-i-department-of-national-defence,DND PPE 821,fr,MDN CNS 520,institution_specific,true,DND CSA 520
ati-schedule-i-department-of-national-defence,DND PPE 825,en,DND CSA 520,institution_specific,true,DND CSA 520
ati-schedule-i-department-of-national-defence,DND PPE 825,fr,MDN CSA 520,institution_specific,true,DND CSA 520
ati-schedule-i-department-of-national-defence,DND PPE 818,en,DND CSA 520,institution_specific,true,DND CSA 520
ati-schedule-i-department-of-national-defence,DND PPE 818,fr,MDN CNS 520,institution_specific,true,DND CSA 520
ati-schedule-i-department-of-national-defence,DND PPE 864,en,DND CSA 520,institution_specific,true,DND CSA 520
ati-schedule-i-department-of-national-defence,DND PPE 864,en,DND RCD 345,institution_specific,true,DND RCD 345
ati-schedule-i-department-of-national-defence,DND PPE 864,fr,MDN CNS 520,institution_specific,true,DND CSA 520
ati-schedule-i-department-of-national-defence,DND PPE 864,fr,MDN FRC 345,institution_specific,true,DND RCD 345
ati-schedule-i-department-of-national-defence,DND PPE 831,en,DND CSA 520,institution_specific,true,DND CSA 520
ati-schedule-i-department-of-national-defence,DND PPE 831,fr,MDN CSA 520,institution_specific,true,DND CSA 520
ati-schedule-i-department-of-national-defence,DND PPE 848,en,DND CSA 520,institution_specific,true,DND CSA 520
ati-schedule-i-department-of-national-defence,DND PPE 848,fr,MDN CNS 520,institution_specific,true,DND CSA 520
ati-schedule-i-department-of-national-defence,DND PPU 834,en,DND CSA 520,institution_specific,true,DND CSA 520
ati-schedule-i-department-of-national-defence,DND PPU 834,en,DND MIS 085,institution_specific,true,DND MIS 085
ati-schedule-i-department-of-national-defence,DND PPE 877,en,DND CSA 520,institution_specific,true,DND CSA 520
ati-schedule-i-department-of-national-defence,DND PPE 877,en,DND RCD 345,institution_specific,true,DND RCD 345
ati-schedule-i-department-of-national-defence,DND PPE 877,fr,MDN CNS 520,institution_specific,true,DND CSA 520
ati-schedule-i-department-of-national-defence,DND PPE 877,fr,MDN FRC 345,institution_specific,true,DND RCD 345
ati-schedule-i-department-of-national-defence,DND PPE 847,en,DND CSA 520,institution_specific,true,DND CSA 520
ati-schedule-i-department-of-national-defence,DND PPE 847,fr,MDN CNS 520,institution_specific,true,DND CSA 520
ati-schedule-i-department-of-national-defence,DND PPE 836,en,DND CSA 520,institution_specific,true,DND CSA 520
ati-schedule-i-department-of-national-defence,DND PPE 836,fr,MDN CNS 520,institution_specific,true,DND CSA 520
ati-schedule-i-department-of-national-defence,DND PPE 899,en,DND CSA 520,institution_specific,true,DND CSA 520
ati-schedule-i-department-of-national-defence,DND PPE 899,fr,MDN CNS 520,institution_specific,true,DND CSA 520
ati-schedule-i-department-of-national-defence,DND PPU 875,en,DND CSA 520,institution_specific,true,DND CSA 520
ati-schedule-i-department-of-national-defence,DND PPE 871,en,DND CSA 520,institution_specific,true,DND CSA 520
ati-schedule-i-department-of-national-defence,DND PPE 871,fr,MDN CNS 520,institution_specific,true,DND CSA 520
ati-schedule-i-department-of-national-defence,DND PPE 832,en,DND CSA 520,institution_specific,true,DND CSA 520
ati-schedule-i-department-of-national-defence,DND PPE 890,en,DND CSA 520,institution_specific,true,DND CSA 520
ati-schedule-i-department-of-national-defence,DND PPE 890,fr,MDN CNS 520,institution_specific,true,DND CSA 520
ati-schedule-i-department-of-national-defence,DND PPU 826,en,DND DOC 430,institution_specific,true,DND DOC 430
ati-schedule-i-department-of-national-defence,DND PPE 860,en,DND CSA 560,institution_specific,true,DND CSA 560
ati-schedule-i-department-of-national-defence,DND PPE 860,fr,MDN CSA 560,institution_specific,true,DND CSA 560
ati-schedule-i-department-of-national-defence,DND PPE 807,en,DND CRC 485,institution_specific,true,DND CRC 485
ati-schedule-i-department-of-national-defence,DND PPE 807,fr,MDN AGC 485,institution_specific,true,DND CRC 485
ati-schedule-i-department-of-national-defence,DND PPE 830,en,DND JAG 035,institution_specific,true,DND JAG 035
ati-schedule-i-department-of-national-defence,DND PPE 830,fr,MDN JAG 035,institution_specific,true,DND JAG 035
ati-schedule-i-department-of-national-defence,DND PPE 855,en,DND JAG 015,institution_specific,true,DND JAG 015
ati-schedule-i-department-of-national-defence,DND PPE 855,fr,MDN JAG 015,institution_specific,false,
ati-schedule-i-department-of-national-defence,DND PPE 856,en,DND JAG 015,institution_specific,true,DND JAG 015
ati-schedule-i-department-of-national-defence,DND PPE 856,fr,MDN JAG 015,institution_specific,false,
ati-schedule-i-department-of-national-defence,DND PPE 857,en,DND JAG 015,institution_specific,true,DND JAG 015
ati-schedule-i-department-of-national-defence,DND PPE 857,fr,MDN JAG 015,institution_specific,false,
ati-schedule-i-department-of-national-defence,DND PPE 897,en,DND JAG 015,institution_specific,true,DND JAG 015
ati-schedule-i-department-of-national-defence,DND PPE 897,fr,MDN JAG 015,institution_specific,false,
ati-schedule-i-department-of-national-defence,DND PPU 070,en,DND MIS 085,institution_specific,true,DND MIS 085
ati-schedule-i-department-of-national-defence,DND PPU 070,fr,MDN RMS 085,institution_specific,true,DND MIS 085
ati-schedule-i-department-of-national-defence,DND PPU 896,en,DND MIS 085,institution_specific,true,DND MIS 085
ati-schedule-i-department-of-national-defence,DND PPU 896,fr,MDN RMS 085,institution_specific,true,DND MIS 085
ati-schedule-i-department-of-national-defence,DND PPU 837,en,DND MIS 085,institution_specific,true,DND MIS 085
ati-schedule-i-department-of-national-defence,DND PPU 837,fr,MDN MIS 085,institution_specific,true,DND MIS 085
ati-schedule-i-department-of-national-defence,DND PPU 071,en,DND MIS 085,institution_specific,true,DND MIS 085
ati-schedule-i-department-of-national-defence,DND PPU 071,fr,MDN RMS 085,institution_specific,true,DND MIS 085
ati-schedule-i-department-of-national-defence,DND PPU 833,en,DND MIS 085,institution_specific,true,DND MIS 085
ati-schedule-i-department-of-national-defence,DND PPU 833,fr,MDN RMS 085,institution_specific,true,DND MIS 085
ati-schedule-i-department-of-national-defence,DND PPE 835,en,DND MIS 085,institution_specific,true,DND MIS 085
ati-schedule-i-department-of-national-defence,DND PPE 835,fr,MDN RMS 085,institution_specific,true,DND MIS 085
ati-schedule-i-department-of-national-defence,DND PPU 801,en,DND MIS 085,institution_specific,true,DND MIS 085
ati-schedule-i-department-of-national-defence,DND PPU 801,fr,MDN RMS 085,institution_specific,true,DND MIS 085
ati-schedule-i-department-of-national-defence,DND PPU 851,en,DND MIS 085,institution_specific,true,DND MIS 085
ati-schedule-i-department-of-national-defence,DND PPU 061,en,DND MIS 085,institution_specific,true,DND MIS 085
ati-schedule-i-department-of-national-defence,DND PPU 060,en,DND MIS 085,institution_specific,true,DND MIS 085
ati-schedule-i-department-of-national-defence,DND PPU 060,fr,MDN MIS 085,institution_specific,true,DND MIS 085
ati-schedule-i-department-of-national-defence,DND PPU 840,en,DND MIS 085,institution_specific,true,DND MIS 085
ati-schedule-i-department-of-national-defence,DND PPE 863,en,DND MIS 085,institution_specific,true,DND MIS 085
ati-schedule-i-department-of-national-defence,DND PPE 863,fr,MDN RMS 085,institution_specific,true,DND MIS 085
ati-schedule-i-department-of-national-defence,DND PPE 841,en,DND RET 370,institution_specific,true,DND RET 370
ati-schedule-i-department-of-national-defence,DND PPE 841,en,DND FSB 765,institution_specific,true,DND FSB 765
ati-schedule-i-department-of-national-defence,DND PPE 841,en,DND CSA 520,institution_specific,true,DND CSA 520
ati-schedule-i-department-of-national-defence,DND PPE 841,fr,MDN RET 370,institution_specific,true,DND RET 370
ati-schedule-i-department-of-national-defence,DND PPE 841,fr,MDN FSB 765,institution_specific,true,DND FSB 765
ati-schedule-i-department-of-national-defence,DND PPE 841,fr,MDN CSA 520,institution_specific,true,DND CSA 520
ati-schedule-i-department-of-national-defence,DND PPE 844,en,DND RET 370,institution_specific,true,DND RET 370
ati-schedule-i-department-of-national-defence,DND PPE 844,fr,MDN REI 370,institution_specific,true,DND RET 370
ati-schedule-i-department-of-national-defence,DND PPE 843,en,DND RET 370,institution_specific,true,DND RET 370
ati-schedule-i-department-of-national-defence,DND PPE 843,fr,MDN REI 370,institution_specific,true,DND RET 370
ati-schedule-i-department-of-national-defence,DND PPU 878,en,DND RET 370,institution_specific,true,DND RET 370
ati-schedule-i-department-of-national-defence,DND PPU 878,fr,MDN REI 370,institution_specific,true,DND RET 370
ati-schedule-i-department-of-national-defence,DND PPE 842,en,DND RET 370,institution_specific,true,DND RET 370
ati-schedule-i-department-of-national-defence,DND PPE 842,fr,MDN REI 370,institution_specific,true,DND RET 370
ati-schedule-i-department-of-national-defence,DND PPE 845,en,DND RET 370,institution_specific,true,DND RET 370
ati-schedule-i-department-of-national-defence,DND PPE 845,fr,MDN REI 370,institution_specific,true,DND RET 370
ati-schedule-i-department-of-national-defence,DND PPE 886,en,DND RMC 100,institution_specific,true,DND RMC 100
ati-schedule-i-department-of-national-defence,DND PPE 805,en,DND CSA 520,institution_specific,true,DND CSA 520
ati-schedule-i-department-of-national-defence,DND PPE 805,en,DND RCD 345,institution_specific,true,DND RCD 345
ati-schedule-i-department-of-national-defence,DND PPE 805,fr,MDN CNS 520,institution_specific,true,DND CSA 520
ati-schedule-i-department-of-national-defence,DND PPE 805,fr,MDN FRC 345,institution_specific,true,DND RCD 345
ati-schedule-i-department-of-national-defence,DND PPE 820,en,DND CSA 520,institution_specific,true,DND CSA 520
ati-schedule-i-department-of-national-defence,DND PPU 850,en,TBS PRN 920,standard,true,920
ati-schedule-i-department-of-national-defence,DND PPU 850,en,PRN 927,standard,true,927
ati-schedule-i-department-of-national-defence,DND PPE 838,en,DND CSA 520,institution_specific,true,DND CSA 520
ati-schedule-i-department-of-national-defence,DND PPE 838,en,DND RCD 345,institution_specific,true,DND RCD 345
ati-schedule-i-department-of-national-defence,DND PPE 838,fr,MDN CNS 520,institution_specific,true,DND CSA 520
ati-schedule-i-department-of-national-defence,DND PPE 838,fr,MDN FRC 345,institution_specific,true,DND RCD 345
ati-schedule-i-department-of-national-defence,DND PPE 829,en,DND WEE 665,institution_specific,true,DND WEE 665
ati-schedule-i-department-of-national-defence,DND PPE 829,fr,MDN BSA 665,institution_specific,true,DND WEE 665
ati-schedule-i-department-of-national-defence,DND PPU 885,en,DND IPC 115,institution_specific,true,DND IPC 115
ati-schedule-i-department-of-national-defence,DND PPU 885,fr,MDN CPI 115,institution_specific,false,
ati-schedule-i-department-of-national-defence,DND PPU 894,en,DND RSD 740,institution_specific,true,DND RSD 740
ati-schedule-i-department-of-national-defence,DND PPU 894,fr,MDN RSD 740,institution_specific,true,DND RSD 740
ati-schedule-i-department-of-national-defence,DND PPU 815,en,DND PDB 360,institution_specific,true,DND PDB 360
ati-schedule-i-department-of-national-defence,DND PPU 815,fr,MDN BPP 360,institution_specific,true,DND PDB 360
ati-schedule-i-department-of-national-defence,DND PPU 879,en,DND POL 100,institution_specific,true,DND POL 100
ati-schedule-i-department-of-national-defence,DND PPU 879,fr,MDN POL 100,institution_specific,false,
ati-schedule-i-department-of-national-defence,DND PPU 795,en,DND CCG 101,institution_specific,true,DND CCG 101
ati-schedule-i-department-of-national-defence,DND PPU 795,en,DND CCG 104,institution_specific,true,DND CCG 104
ati-schedule-i-department-of-national-defence,DND PPU 795,fr,MDN GCC 101,institution_specific,false,
ati-schedule-i-department-of-national-defence,DND PPU 795,fr,MDN GCC 104,institution_specific,true,DND CCG 104
ati-schedule-i-department-of-national-defence,DND PPU 794,en,DND CCG 103,institution_specific,true,DND CCG 103
ati-schedule-i-department-of-national-defence,DND PPU 794,fr,MDN GCC 103,institution_specific,false,
ati-schedule-i-department-of-national-defence,DND PPU 793,en,DND CCG 106,institution_specific,true,DND CCG 106
ati-schedule-i-department-of-national-defence,DND PPU 793,en,DND CCG 107,institution_specific,true,DND CCG 107
ati-schedule-i-department-of-national-defence,DND PPU 793,fr,MDN GCC 106,institution_specific,true,DND CCG 106
ati-schedule-i-department-of-national-defence,DND PPU 793,fr,MDN GCC 107,institution_specific,true,DND CCG 107
ati-schedule-i-department-of-national-defence,DND PPU 797,en,DND CCG 107,institution_specific,true,DND CCG 107
ati-schedule-i-department-of-national-defence,DND PPU 797,fr,MDN GCC 107,institution_specific,true,DND CCG 107
ati-schedule-i-department-of-national-defence,DND PPU 792,en,DND CCG 109,institution_specific,true,DND CCG 109
ati-schedule-i-department-of-national-defence,DND PPU 792,fr,MDN GCC 109,institution_specific,true,DND CCG 109
ati-schedule-i-department-of-national-defence,DND PPU 796,en,DND CCG 109,institution_specific,true,DND CCG 109
ati-schedule-i-department-of-national-defence,DND PPU 796,fr,MDN GCC 109,institution_specific,true,DND CCG 109
ati-schedule-i-department-of-national-defence,DND PPU 798,en,DND CCG 109,institution_specific,true,DND CCG 109
ati-schedule-i-department-of-national-defence,DND PPU 798,fr,MDN GCC 109,institution_specific,true,DND CCG 109
ati-schedule-i-department-of-national-defence,DND PPU 791,en,DND CCG 112,institution_specific,true,DND CCG 112
ati-schedule-i-department-of-national-defence,DND PPU 791,fr,MDN GCC 112,institution_specific,true,DND CCG 112
ati-schedule-i-department-of-national-defence,DND PPU 790,en,DND CCG 114,institution_specific,true,DND CCG 114
ati-schedule-i-department-of-national-defence,DND PPU 790,fr,MDN GCC 114,institution_specific,true,DND CCG 114
ati-schedule-i-department-of-national-defence,DND PPU 799,en,DND CCG 116,institution_specific,true,DND CCG 116
ati-schedule-i-department-of-national-defence,DND PPU 799,fr,MDN GCC 116,institution_specific,true,DND CCG 116
ati-schedule-i-department-of-national-defence,DND PPE 858,en,DND FSB 765,institution_specific,true,DND FSB 765
ati-schedule-i-department-of-national-defence,DND PPE 859,en,DND FSB 765,institution_specific,true,DND FSB 765
ati-schedule-i-department-of-national-defence,DND PPE 859,fr,MDN BDF 765,institution_specific,true,DND FSB 765
ati-schedule-i-department-of-national-defence,DND PPU 065,en,PRN 920,standard,true,920
ati-schedule-i-department-of-national-defence,DND PPU 065,fr,NDP 920,standard,true,920
ati-schedule-i-department-of-national-defence,DND PPU 813,en,PRN 931,standard,true,931
ati-schedule-i-department-of-national-defence,DND PPU 813,fr,NPD 931,institution_specific,false,
ati-schedule-i-department-of-national-defence,MDN PPE 881,fr,NDP 914,standard,true,914
ati-schedule-i-department-of-national-defence,MDN PPE 881,fr,NDP 938,standard,true,938
ati-schedule-i-department-of-national-defence,MDN PPE 881,fr,MDN BSS 495,institution_specific,true,DND SGB 495
ati-schedule-i-department-of-transport,TC PPU 020,en,TC ASA 003,institution_specific,false,
ati-schedule-i-department-of-transport,TC PPU 031,en,TC ASA 003,institution_specific,false,
ati-schedule-i-department-of-transport,TC PPU 015,en,TC ASA 005,institution_specific,false,
ati-schedule-i-department-of-transport,TC PPU 014,en,TC ASA 005,institution_specific,false,
ati-schedule-i-department-of-transport,TC PPU 005,en,TC ASA 005,institution_specific,false,
ati-schedule-i-department-of-transport,TC PPU 001,en,TC ASE 007,institution_specific,false,
ati-schedule-i-department-of-transport,TC PPU 064,en,TC ASE 007,institution_specific,false,
ati-schedule-i-department-of-transport,TC PPU 093,en,TC ASE 010,institution_specific,false,
ati-schedule-i-department-of-transport,TC PPU 093,en,TC ASE 014,institution_specific,false,
ati-schedule-i-department-of-transport,TC PPU 093,en,TC MSE 004,institution_specific,true,TC ASA 004
ati-schedule-i-department-of-transport,TC PPU 056,en,TC NIE 001,institution_specific,false,
ati-schedule-i-department-of-transport,TC PPU 052,en,TC IZEV 001,institution_specific,false,
ati-schedule-i-department-of-transport,TC PPU 040,en,TC MSA 005,institution_specific,false,
ati-schedule-i-department-of-transport,TC PPU 023,en,TC MSA 005,institution_specific,false,
ati-schedule-i-department-of-transport,TC PPU 030,en,TC MSA 005,institution_specific,false,
ati-schedule-i-department-of-transport,TC PPU 054,en,TC MSA 007,institution_specific,false,
ati-schedule-i-department-of-transport,TC PPU 041,en,TC MSA 003,institution_specific,false,
ati-schedule-i-department-of-transport,TC PPU 021,en,TC MSA 008,institution_specific,false,
ati-schedule-i-department-of-transport,TC PPU 048,en,TC MSA 009,institution_specific,false,
ati-schedule-i-department-of-transport,TC PPU 044,en,TC MSA 004,institution_specific,true,TC ASA 004
ati-schedule-i-department-of-transport,TC PPU 086,en,TC MSA 012,institution_specific,false,
ati-schedule-i-department-of-transport,TC PPU 700,en,TC MSE 004,institution_specific,true,TC ASA 004
ati-schedule-i-department-of-transport,TC PPU 028,en,TC HRM 001,institution_specific,false,
ati-schedule-i-department-of-transport,TC PPU 006,en,TC RSA 002,institution_specific,false,
ati-schedule-i-department-of-transport,TC PPU 003,en,TC RSA 002,institution_specific,false,
ati-schedule-i-department-of-transport,TC PPU 085,en,TC TIN 003,institution_specific,false,
ati-schedule-i-department-of-transport,TC PPU 007,en,TC ASA 005,institution_specific,false,
ati-schedule-i-atlantic-canada-opportunities-agency,ACOA PPU 111,en,ACOA 101,institution_specific,true,ACOA 101
ati-schedule-i-canada-border-services-agency,CBSA PPU 016,en,CBSA ENF 137,institution_specific,true,CBSA ENF 137
ati-schedule-i-canada-border-services-agency,CBSA PPU 016,fr,ASFC ENF 137,institution_specific,false,
ati-schedule-i-canada-border-services-agency,CBSA PPU 035,en,CBSA ENF 137,institution_specific,true,CBSA ENF 137
ati-schedule-i-canada-border-services-agency,CBSA PPU 035,fr,ASFC ENF 137,institution_specific,false,
ati-schedule-i-canada-border-services-agency,CBSA PPU 200,en,CBSA ENF 117,institution_specific,true,CBSA ENF 117
ati-schedule-i-canada-border-services-agency,CBSA PPU 200,fr,ASFC ENF 117,institution_specific,false,
ati-schedule-i-canada-border-services-agency,CBSA PPU 062,en,CBSA ADM 130,institution_specific,true,CBSA ADM 130
ati-schedule-i-canada-border-services-agency,CBSA PPU 062,fr,ASFC ADM 130,institution_specific,false,
ati-schedule-i-canada-border-services-agency,CBSA PPU 015,en,CBSA ENF 121,institution_specific,true,CBSA ENF 121
ati-schedule-i-canada-border-services-agency,CBSA PPU 015,en,CBSA ENF 129,institution_specific,true,CBSA ENF 129
ati-schedule-i-canada-border-services-agency,CBSA PPU 015,en,CBSA ENF 132,institution_specific,true,CBSA ENF 132
ati-schedule-i-canada-border-services-agency,CBSA PPU 015,en,CBSA ENF 134,institution_specific,true,CBSA ENF 134
ati-schedule-i-canada-border-services-agency,CBSA PPU 015,fr,ASFC ENF 121,institution_specific,false,
ati-schedule-i-canada-border-services-agency,CBSA PPU 015,fr,ASFC ENF 129,institution_specific,false,
ati-schedule-i-canada-border-services-agency,CBSA PPU 015,fr,ASFC ENF 132,institution_specific,false,
ati-schedule-i-canada-border-services-agency,CBSA PPU 015,fr,ASFC ENF 134,institution_specific,false,
ati-schedule-i-canada-border-services-agency,CBSA PPU 117,en,CBSA ENF 137,institution_specific,true,CBSA ENF 137
ati-schedule-i-canada-border-services-agency,CBSA PPU 117,fr,ASFC ENF 137,institution_specific,false,
ati-schedule-i-canada-border-services-agency,CBSA PPU 018,en,CBSA ADM 132,institution_specific,true,CBSA ADM 132
ati-schedule-i-canada-border-services-agency,CBSA PPU 018,fr,ASFC ADM 132,institution_specific,false,
ati-schedule-i-canada-border-services-agency,CBSA PPU 033,en,CBSA ENF 137,institution_specific,true,CBSA ENF 137
ati-schedule-i-canada-border-services-agency,CBSA PPU 033,fr,ASFC ENF 137,institution_specific,false,
ati-schedule-i-canada-border-services-agency,CBSA PPU 030,en,CBSA ENF 116,institution_specific,true,CBSA ENF 116
ati-schedule-i-canada-border-services-agency,CBSA PPU 030,fr,ASFC ENF 116,institution_specific,false,
ati-schedule-i-canada-border-services-agency,CBSA PPU 020,en,CBSA ENF 102,institution_specific,true,CBSA ENF 102
ati-schedule-i-canada-border-services-agency,CBSA PPU 020,fr,ASFC ENF 102,institution_specific,false,
ati-schedule-i-canada-border-services-agency,CBSA PPU 040,en,CBSA OPS 101,institution_specific,true,CBSA OPS 101
ati-schedule-i-canada-border-services-agency,CBSA PPU 040,fr,ASFC OPS 101,institution_specific,false,
ati-schedule-i-canada-border-services-agency,CBSA PPU 034,en,CBSA ENF 137,institution_specific,true,CBSA ENF 137
ati-schedule-i-canada-border-services-agency,CBSA PPU 034,fr,ASFC ENF 137,institution_specific,false,
ati-schedule-i-canada-border-services-agency,CBSA PPU 036,en,CBSA ENF 137,institution_specific,true,CBSA ENF 137
ati-schedule-i-canada-border-services-agency,CBSA PPU 036,fr,ASFC ENF 137,institution_specific,false,
ati-schedule-i-canada-border-services-agency,CBSA PPU 002,en,CBSA ADM 107,institution_specific,true,CBSA ADM 107
ati-schedule-i-canada-border-services-agency,CBSA PPU 002,en,CBSA ADM 108,institution_specific,true,CBSA ADM 108
ati-schedule-i-canada-border-services-agency,CBSA PPU 002,en,CBSA ADM 109,institution_specific,true,CBSA ADM 109
ati-schedule-i-canada-border-services-agency,CBSA PPU 002,fr,ASFC ADM 107,institution_specific,false,
ati-schedule-i-canada-border-services-agency,CBSA PPU 002,fr,ASFC ADM 108,institution_specific,false,
ati-schedule-i-canada-border-services-agency,CBSA PPU 002,fr,ASFC ADM 109,institution_specific,false,
ati-schedule-i-canada-border-services-agency,CBSA PPU 013,en,CBSA ADM 110,institution_specific,true,CBSA ADM 110
ati-schedule-i-canada-border-services-agency,CBSA PPU 013,fr,ASFC ADM 110,institution_specific,false,
ati-schedule-i-canada-border-services-agency,CBSA PPU 031,en,CBSA ADM 117,institution_specific,true,CBSA ADM 117
ati-schedule-i-canada-border-services-agency,CBSA PPU 031,fr,ASFC ADM 117,institution_specific,false,
ati-schedule-i-canada-border-services-agency,CBSA PPU 061,en,CBSA IST 004,institution_specific,true,CBSA IST 004
ati-schedule-i-canada-border-services-agency,CBSA PPU 061,fr,ASFC IST 004,institution_specific,false,
ati-schedule-i-canada-border-services-agency,CBSA PPU 011,en,CBSA ADM 120,institution_specific,true,CBSA ADM 120
ati-schedule-i-canada-border-services-agency,CBSA PPU 011,fr,ASFC ADM 120,institution_specific,false,
ati-schedule-i-canada-border-services-agency,CBSA PPU 045,en,CBSA ADM 105,institution_specific,true,CBSA ADM 105
ati-schedule-i-canada-border-services-agency,CBSA PPU 045,en,CBSA ADM 106,institution_specific,true,CBSA ADM 106
ati-schedule-i-canada-border-services-agency,CBSA PPU 045,fr,ASFC ADM 105,institution_specific,false,
ati-schedule-i-canada-border-services-agency,CBSA PPU 045,fr,ASFC ADM 106,institution_specific,false,
ati-schedule-i-canada-border-services-agency,CBSA PPU 006,en,CBSA ADM 123,institution_specific,true,CBSA ADM 123
ati-schedule-i-canada-border-services-agency,CBSA PPU 006,fr,ASFC ADM 123,institution_specific,false,
ati-schedule-i-canada-border-services-agency,CBSA PPU 032,en,CBSA ENF 137,institution_specific,true,CBSA ENF 137
ati-schedule-i-canada-border-services-agency,CBSA PPU 032,fr,ASFC ENF 137,institution_specific,false,
ati-schedule-i-canada-border-services-agency,CBSA PPU 025,en,CBSA ENF 137,institution_specific,true,CBSA ENF 137
ati-schedule-i-canada-border-services-agency,CBSA PPU 025,fr,ASFC ENF 137,institution_specific,false,
ati-schedule-i-canada-border-services-agency,CBSA PPU 008,en,CBSA IST 001,institution_specific,true,CBSA IST 001
ati-schedule-i-canada-border-services-agency,CBSA PPU 008,fr,ASFC IST 001,institution_specific,false,
ati-schedule-i-canada-border-services-agency,CBSA PPU 023,en,CBSA ADM 136,institution_specific,true,CBSA ADM 136
ati-schedule-i-canada-border-services-agency,CBSA PPU 023,fr,ASFC ADM 136,institution_specific,false,
ati-schedule-i-canada-border-services-agency,CBSA PPU 014,en,CBSA ENF 137,institution_specific,true,CBSA ENF 137
ati-schedule-i-canada-border-services-agency,CBSA PPU 014,fr,ASFC ENF 137,institution_specific,false,
ati-schedule-i-canada-border-services-agency,CBSA PPU 022,en,CBSA ENF 137,institution_specific,true,CBSA ENF 137
ati-schedule-i-canada-border-services-agency,CBSA PPU 022,fr,ASFC ENF 137,institution_specific,false,
ati-schedule-i-canada-border-services-agency,CBSA PPU 050,en,CBSA ADM 135,institution_specific,true,CBSA ADM 135
ati-schedule-i-canada-border-services-agency,CBSA PPU 050,fr,ASFC ADM 135,institution_specific,false,
ati-schedule-i-canada-border-services-agency,CBSA PPU 021,en,CBSA ENF 137,institution_specific,true,CBSA ENF 137
ati-schedule-i-canada-border-services-agency,CBSA PPU 021,fr,ASFC ENF 137,institution_specific,false,
ati-schedule-i-canada-border-services-agency,CBSA PPU 060,en,CBSA ENF 136,institution_specific,true,CBSA ENF 136
ati-schedule-i-canada-border-services-agency,CBSA PPU 060,fr,ASFC ENF 136,institution_specific,false,
ati-schedule-i-canada-border-services-agency,CBSA PPU 005,en,CBSA ADM 101,institution_specific,true,CBSA ADM 101
ati-schedule-i-canada-border-services-agency,CBSA PPU 005,en,CBSA ADM 103,institution_specific,true,CBSA ADM 103
ati-schedule-i-canada-border-services-agency,CBSA PPU 005,fr,ASFC ADM 101,institution_specific,false,
ati-schedule-i-canada-border-services-agency,CBSA PPU 005,fr,ASFC ADM 103,institution_specific,false,
ati-schedule-i-canada-border-services-agency,CBSA PPU 003,en,CBSA ADM 102,institution_specific,true,CBSA ADM 102
ati-schedule-i-canada-border-services-agency,CBSA PPU 003,en,CBSA REC 001,institution_specific,true,CBSA REC 001
ati-schedule-i-canada-border-services-agency,CBSA PPU 003,fr,ASFC ADM 102,institution_specific,false,
ati-schedule-i-canada-border-services-agency,CBSA PPU 003,fr,ASFC REC 001,institution_specific,false,
ati-schedule-i-canada-border-services-agency,CBSA PPU 007,en,CBSA ADM 126,institution_specific,true,CBSA ADM 126
ati-schedule-i-canada-border-services-agency,CBSA PPU 007,fr,ASFC ADM 126,institution_specific,false,
ati-schedule-i-canada-border-services-agency,CBSA PPU 010,en,CBSA ADM 143,institution_specific,true,CBSA ADM 143
ati-schedule-i-canada-border-services-agency,CBSA PPU 010,fr,ASFC ADM 143,institution_specific,true,CBSA ADM 143
ati-schedule-i-canada-border-services-agency,CBSA PPU 037,en,CBSA ADM 143,institution_specific,true,CBSA ADM 143
ati-schedule-i-canada-border-services-agency,CBSA PPU 037,fr,ASFC ADM 143,institution_specific,true,CBSA ADM 143
ati-schedule-i-canada-border-services-agency,CBSA PPU 001,en,CBSA ADM 122,institution_specific,true,CBSA ADM 122
ati-schedule-i-canada-border-services-agency,CBSA PPU 001,fr,ASFC ADM 122,institution_specific,false,
ati-schedule-i-canada-border-services-agency,CBSA PPU 818,en,CBSA IST 008,institution_specific,true,CBSA IST 008
ati-schedule-i-canada-border-services-agency,CBSA PPU 818,fr,ASFC IST 008,institution_specific,true,CBSA IST 008
ati-schedule-i-canada-border-services-agency,CBSA PPU 012,en,CBSA OPS 100,institution_specific,true,CBSA OPS 100
ati-schedule-i-canada-border-services-agency,CBSA PPU 012,fr,ASFC OPS 100,institution_specific,false,
ati-schedule-i-canada-employment-insurance-commission,ESDC PPU 291,en,ESDC PMMC 001,institution_specific,true,ESDC PMMC 001
ati-schedule-i-canada-employment-insurance-commission,ESDC PPU 291,fr,EDSC PEAD 001,institution_specific,false,
ati-schedule-i-canada-employment-insurance-commission,ESDC PPU 650,en,ESDC PMVA 205,institution_specific,true,ESDC PMVA 205
ati-schedule-i-canada-employment-insurance-commission,ESDC PPU 650,fr,EDSC PPMPB 205,institution_specific,true,ESDC PMVA 205
ati-schedule-i-canada-employment-insurance-commission,ESDC PPU 038,en,ESDC IS 049,institution_specific,true,ESDC IS 049
ati-schedule-i-canada-employment-insurance-commission,ESDC PPU 038,fr,EDSC SR 049,institution_specific,true,ESDC IS 049
ati-schedule-i-canada-employment-insurance-commission,ESDC PPU 146,en,ESDC IAP 064,institution_specific,true,ESDC IAP 064
ati-schedule-i-canada-employment-insurance-commission,ESDC PPU 146,fr,EDSC IET 064,institution_specific,true,ESDC IAP 064
ati-schedule-i-canada-employment-insurance-commission,ESDC PPU 140,en,ESDC IAP 064,institution_specific,true,ESDC IAP 064
ati-schedule-i-canada-employment-insurance-commission,ESDC PPU 140,fr,EDSC IET 064,institution_specific,true,ESDC IAP 064
ati-schedule-i-canada-employment-insurance-commission,ESDC PPU 649,en,ESDC IS 045,institution_specific,false,
ati-schedule-i-canada-employment-insurance-commission,ESDC PPU 649,en,ESDC IS 046,institution_specific,false,
ati-schedule-i-canada-employment-insurance-commission,ESDC PPU 649,en,ESDC IS 047,institution_specific,false,
ati-schedule-i-canada-employment-insurance-commission,ESDC PPU 649,en,ESDC IAP 059,institution_specific,true,ESDC IAP 059
ati-schedule-i-canada-employment-insurance-commission,ESDC PPU 649,fr,EDSC SR 045,institution_specific,false,
ati-schedule-i-canada-employment-insurance-commission,ESDC PPU 649,fr,EDSC SR 046,institution_specific,false,
ati-schedule-i-canada-employment-insurance-commission,ESDC PPU 649,fr,EDSC SR 047,institution_specific,false,
ati-schedule-i-canada-employment-insurance-commission,ESDC PPU 649,fr,EDSC IET 059,institution_specific,true,EDSC IET 059
ati-schedule-i-canada-employment-insurance-commission,ESDC PPU 116,en,ESDC IAP 063,institution_specific,true,ESDC IAP 063
ati-schedule-i-canada-employment-insurance-commission,ESDC PPU 116,fr,EDSC IET 063,institution_specific,true,ESDC IAP 063
ati-schedule-i-canada-employment-insurance-commission,ESDC PPU 336,en,ESDC IAP 063,institution_specific,true,ESDC IAP 063
ati-schedule-i-canada-employment-insurance-commission,ESDC PPU 336,fr,EDSC IET 063,institution_specific,true,ESDC IAP 063
ati-schedule-i-canada-employment-insurance-commission,ESDC PPU 102,en,ESDC UCCB 200,institution_specific,true,ESDC UCCB 200
ati-schedule-i-canada-employment-insurance-commission,ESDC PPU 102,fr,EDSC PUGE 200,institution_specific,true,ESDC UCCB 200
ati-schedule-i-canada-employment-insurance-commission,ESDC PPU 395,en,ESDC IAP 545,institution_specific,true,ESDC IAP 545
ati-schedule-i-canada-employment-insurance-commission,ESDC PPU 395,fr,EDSC IET 545,institution_specific,true,ESDC IAP 545
ati-schedule-i-canada-employment-insurance-commission,ESDC PPU 171,en,ESDC IAP 059,institution_specific,true,ESDC IAP 059
ati-schedule-i-canada-employment-insurance-commission,ESDC PPU 171,en,ESDC IAP 070,institution_specific,true,ESDC IAP 070
ati-schedule-i-canada-employment-insurance-commission,ESDC PPU 171,fr,EDSC IET 059,institution_specific,true,EDSC IET 059
ati-schedule-i-canada-employment-insurance-commission,ESDC PPU 171,fr,EDSC IET 070,institution_specific,true,ESDC IAP 070
ati-schedule-i-canada-employment-insurance-commission,ESDC PPU 118,en,ESDC IAP 059,institution_specific,true,ESDC IAP 059
ati-schedule-i-canada-employment-insurance-commission,ESDC PPU 118,en,ESDC IAP 070,institution_specific,true,ESDC IAP 070
ati-schedule-i-canada-employment-insurance-commission,ESDC PPU 118,fr,EDSC IET 059,institution_specific,true,EDSC IET 059
ati-schedule-i-canada-employment-insurance-commission,ESDC PPU 118,fr,EDSC IET 070,institution_specific,true,ESDC IAP 070
ati-schedule-i-canada-employment-insurance-commission,ESDC PPU 506,en,ESDC LB 113,institution_specific,true,ESDC LB 113
ati-schedule-i-canada-employment-insurance-commission,ESDC PPU 506,fr,EDSC DGA 113,institution_specific,true,ESDC LB 113
ati-schedule-i-canada-employment-insurance-commission,ESDC PPU 151,en,ESDC IAP 070,institution_specific,true,ESDC IAP 070
ati-schedule-i-canada-employment-insurance-commission,ESDC PPU 151,en,ESDC IAP 071,institution_specific,true,ESDC IAP 071
ati-schedule-i-canada-employment-insurance-commission,ESDC PPU 151,fr,EDSC IET 070,institution_specific,true,ESDC IAP 070
ati-schedule-i-canada-employment-insurance-commission,ESDC PPU 151,fr,EDSC IET 071,institution_specific,true,ESDC IAP 071
ati-schedule-i-canada-employment-insurance-commission,ESDC PPU 030,en,ESDC LB 110,institution_specific,true,ESDC LB 110
ati-schedule-i-canada-employment-insurance-commission,ESDC PPU 030,en,ESDC LB 111,institution_specific,true,ESDC LB 111
ati-schedule-i-canada-employment-insurance-commission,ESDC PPU 709,en,ESDC LB 115,institution_specific,true,ESDC LB 115
ati-schedule-i-canada-employment-insurance-commission,ESDC PPU 709,fr,EDSC DGA 115,institution_specific,true,ESDC LB 115
ati-schedule-i-canada-employment-insurance-commission,ESDC PPU 297,en,ESDC IAP 142,institution_specific,true,ESDC IAP 142
ati-schedule-i-canada-employment-insurance-commission,ESDC PPU 297,fr,ESDC IAP 142,institution_specific,true,ESDC IAP 142
ati-schedule-i-canada-employment-insurance-commission,ESDC PPU 299,en,ESDC IAP 153,institution_specific,true,ESDC IAP 153
ati-schedule-i-canada-employment-insurance-commission,ESDC PPU 299,fr,EDSC IET 153,institution_specific,true,ESDC IAP 153
ati-schedule-i-canada-employment-insurance-commission,ESDC PPU 390,en,ESDC IAP 060,institution_specific,true,ESDC IAP 060
ati-schedule-i-canada-employment-insurance-commission,ESDC PPU 390,fr,EDSC IET 060,institution_specific,true,ESDC IAP 060
ati-schedule-i-canada-employment-insurance-commission,ESDC PPU 180,en,ESDC IAP 070,institution_specific,true,ESDC IAP 070
ati-schedule-i-canada-employment-insurance-commission,ESDC PPU 180,fr,EDSC IET 070,institution_specific,true,ESDC IAP 070
ati-schedule-i-canada-employment-insurance-commission,ESDC PPU 155,en,ESDC IAP 070,institution_specific,true,ESDC IAP 070
ati-schedule-i-canada-employment-insurance-commission,ESDC PPU 155,fr,EDSC IET 070,institution_specific,true,ESDC IAP 070
ati-schedule-i-canada-employment-insurance-commission,ESDC PPU 385,en,ESDC IAP 059,institution_specific,true,ESDC IAP 059
ati-schedule-i-canada-employment-insurance-commission,ESDC PPU 501,en,ESDC IAP 070,institution_specific,true,ESDC IAP 070
ati-schedule-i-canada-employment-insurance-commission,ESDC PPU 501,fr,EDSC IET 070,institution_specific,true,ESDC IAP 070
ati-schedule-i-canada-employment-insurance-commission,ESDC PPU 150,en,ESDC IAP 070,institution_specific,true,ESDC IAP 070
ati-schedule-i-canada-employment-insurance-commission,ESDC PPU 150,fr,EDSC IET 070,institution_specific,true,ESDC IAP 070
ati-schedule-i-canada-employment-insurance-commission,ESDC PPU 170,en,ESDC IAP 070,institution_specific,true,ESDC IAP 070
ati-schedule-i-canada-employment-insurance-commission,ESDC PPU 170,fr,EDSC IET 070,institution_specific,true,ESDC IAP 070
ati-schedule-i-canada-employment-insurance-commission,ESDC PPU 281,en,ESDC IAP 070,institution_specific,true,ESDC IAP 070
ati-schedule-i-canada-employment-insurance-commission,ESDC PPU 281,fr,EDSC IET 070,institution_specific,true,ESDC IAP 070
ati-schedule-i-canada-employment-insurance-commission,ESDC PPU 323,en,ESDC IAP 070,institution_specific,true,ESDC IAP 070
ati-schedule-i-canada-employment-insurance-commission,ESDC PPU 323,fr,EDSC IET 070,institution_specific,true,ESDC IAP 070
ati-schedule-i-canada-employment-insurance-commission,ESDC PPU 295,en,ESDC SEB 130,institution_specific,true,ESDC SEB 130
ati-schedule-i-canada-employment-insurance-commission,ESDC PPU 295,en,AND 136,institution_specific,true,ESDC SEB 136
ati-schedule-i-canada-employment-insurance-commission,ESDC PPU 295,fr,ESDC SEB 130,institution_specific,true,ESDC SEB 130
ati-schedule-i-canada-employment-insurance-commission,ESDC PPU 295,fr,ET 136,institution_specific,true,ESDC SEB 136
ati-schedule-i-canada-employment-insurance-commission,ESDC PPU 302,en,ESDC IAP 061,institution_specific,true,ESDC IAP 061
ati-schedule-i-canada-employment-insurance-commission,ESDC PPU 302,en,AND 070,institution_specific,true,ESDC IAP 070
ati-schedule-i-canada-employment-insurance-commission,ESDC PPU 302,fr,EDSC PAR 061,institution_specific,true,ESDC IAP 061
ati-schedule-i-canada-employment-insurance-commission,ESDC PPU 302,fr,AND 070,institution_specific,true,ESDC IAP 070
ati-schedule-i-canada-employment-insurance-commission,ESDC PPU 717,en,ESDC SEB 132,institution_specific,true,ESDC SEB 132
ati-schedule-i-canada-employment-insurance-commission,ESDC PPU 717,fr,EDSC DGCE 132,institution_specific,true,ESDC SEB 132
ati-schedule-i-canada-employment-insurance-commission,ESDC PPU 711,en,ESDC SEB 149,institution_specific,true,ESDC SEB 149
ati-schedule-i-canada-employment-insurance-commission,ESDC PPU 293,en,ESDC SEB 131,institution_specific,true,ESDC SEB 131
ati-schedule-i-canada-employment-insurance-commission,ESDC PPU 293,fr,EDSC DGCE 131,institution_specific,true,ESDC SEB 131
ati-schedule-i-canada-employment-insurance-commission,ESDC PPU 300,en,ESDC SEB 138,institution_specific,true,ESDC SEB 138
ati-schedule-i-canada-employment-insurance-commission,ESDC PPU 300,fr,EDSC DGCE 138,institution_specific,true,ESDC SEB 138
ati-schedule-i-canada-employment-insurance-commission,ESDC PPU 703,en,ESDC SEB 140,institution_specific,false,
ati-schedule-i-canada-employment-insurance-commission,ESDC PPU 703,fr,ESDC SEB 140,institution_specific,false,
ati-schedule-i-canada-employment-insurance-commission,ESDC PPU 710,en,ESDC SEB 151,institution_specific,true,ESDC SEB 151
ati-schedule-i-canada-employment-insurance-commission,ESDC PPU 710,fr,EDSC DGCE 151,institution_specific,true,ESDC SEB 151
ati-schedule-i-canada-employment-insurance-commission,ESDC PPU 440,en,ESDC SEB 147,institution_specific,true,ESDC SEB 147
ati-schedule-i-canada-employment-insurance-commission,ESDC PPU 440,fr,EDSC DGCE 147,institution_specific,true,ESDC SEB 147
ati-schedule-i-canada-employment-insurance-commission,ESDC PPU 715,en,ESDC IAP 059,institution_specific,true,ESDC IAP 059
ati-schedule-i-canada-employment-insurance-commission,ESDC PPU 715,en,ESDC SEB 147,institution_specific,true,ESDC SEB 147
ati-schedule-i-canada-employment-insurance-commission,ESDC PPU 715,fr,EDSC IET 059,institution_specific,true,EDSC IET 059
ati-schedule-i-canada-employment-insurance-commission,ESDC PPU 715,fr,EDSC DGCE 147,institution_specific,true,ESDC SEB 147
ati-schedule-i-canada-employment-insurance-commission,ESDC PPU 303,en,ESDC SEB 133,institution_specific,true,ESDC SEB 133
ati-schedule-i-canada-employment-insurance-commission,ESDC PPU 303,fr,EDSC DGCE 133,institution_specific,true,ESDC SEB 133
ati-schedule-i-canada-employment-insurance-commission,ESDC PPU 706,en,ESDC SEB 134,institution_specific,true,ESDC SEB 134
ati-schedule-i-canada-employment-insurance-commission,ESDC PPU 706,fr,EDSC DGCE 134,institution_specific,true,ESDC SEB 134
ati-schedule-i-canada-employment-insurance-commission,ESDC PPU 705,en,ESDC SEB 135,institution_specific,true,ESDC SEB 135
ati-schedule-i-canada-employment-insurance-commission,ESDC PPU 705,fr,EDSC DGCE 135,institution_specific,true,ESDC SEB 135
ati-schedule-i-canada-employment-insurance-commission,ESDC PPU 730,en,ESDC CCS 002,institution_specific,true,ESDC CCS 002
ati-schedule-i-canada-employment-insurance-commission,ESDC PPU 730,fr,EDSC SCC 002,institution_specific,false,
ati-schedule-i-canada-employment-insurance-commission,ESDC PPU 301,en,ESDC IAP 058,institution_specific,true,ESDC IAP 058
ati-schedule-i-canada-employment-insurance-commission,ESDC PPU 301,fr,EDSC IET 058,institution_specific,true,ESDC IAP 058
ati-schedule-i-canada-employment-insurance-commission,ESDC PPU 716,en,ESDC SEB 142,institution_specific,true,ESDC SEB 142
ati-schedule-i-canada-employment-insurance-commission,ESDC PPU 716,fr,EDSC DGCE 142,institution_specific,false,
ati-schedule-i-canada-employment-insurance-commission,ESDC PPU 032,en,ESDC LAB 097,institution_specific,true,ESDC LAB 097
ati-schedule-i-canada-employment-insurance-commission,ESDC PPU 032,fr,EDSC TRA 097,institution_specific,true,EDSC TRA 097
ati-schedule-i-canada-employment-insurance-commission,ESDC PPU 037,en,ESDC LAB 097,institution_specific,true,ESDC LAB 097
ati-schedule-i-canada-employment-insurance-commission,ESDC PPU 037,fr,EDSC TRA 097,institution_specific,true,EDSC TRA 097
ati-schedule-i-canada-employment-insurance-commission,ESDC PPU 034,en,ESDC LAB 097,institution_specific,true,ESDC LAB 097
ati-schedule-i-canada-employment-insurance-commission,ESDC PPU 034,fr,EDSC TRA 097,institution_specific,true,EDSC TRA 097
ati-schedule-i-canada-employment-insurance-commission,ESDC PPU 033,en,ESDC LAB 097,institution_specific,true,ESDC LAB 097
ati-schedule-i-canada-employment-insurance-commission,ESDC PPU 036,fr,EDSC TRA 090,institution_specific,true,ESDC LAB 090
ati-schedule-i-canada-employment-insurance-commission,ESDC PPU 050,en,ESDC LAB 090,institution_specific,true,ESDC LAB 090
ati-schedule-i-canada-employment-insurance-commission,ESDC PPU 050,fr,EDSC TRA 090,institution_specific,true,ESDC LAB 090
ati-schedule-i-canada-employment-insurance-commission,ESDC PPU 728,en,ESDC LAB 100,institution_specific,true,ESDC LAB 100
ati-schedule-i-canada-employment-insurance-commission,ESDC PPU 006,en,ESDC LAB 095,institution_specific,true,ESDC LAB 095
ati-schedule-i-canada-employment-insurance-commission,ESDC PPU 006,fr,EDSC TRA 095,institution_specific,true,ESDC LAB 095
ati-schedule-i-canada-employment-insurance-commission,ESDC PPU 041,en,ESDC LAB 091,institution_specific,true,ESDC LAB 091
ati-schedule-i-canada-employment-insurance-commission,ESDC PPU 041,fr,EDSC TRA 091,institution_specific,true,ESDC LAB 091
ati-schedule-i-canada-employment-insurance-commission,ESDC PPU 024,fr,EDSC TRA 093,institution_specific,true,ESDC LAB 093
ati-schedule-i-canada-employment-insurance-commission,ESDC PPU 098,en,ESDC LAB 102,institution_specific,true,ESDC LAB 102
ati-schedule-i-canada-employment-insurance-commission,ESDC PPU 098,fr,EDSC TRA 102,institution_specific,true,ESDC LAB 102
ati-schedule-i-canada-employment-insurance-commission,ESDC PPU 035,en,ESDC LAB 098,institution_specific,true,ESDC LAB 098
ati-schedule-i-canada-employment-insurance-commission,ESDC PPU 035,fr,EDSC TRA 098,institution_specific,true,ESDC LAB 098
ati-schedule-i-canada-employment-insurance-commission,ESDC PPU 739,en,ESDC LAB 092,institution_specific,true,ESDC LAB 092
ati-schedule-i-canada-employment-insurance-commission,ESDC PPU 739,en,AND 096,institution_specific,true,ESDC LAB 096
ati-schedule-i-canada-employment-insurance-commission,ESDC PPU 739,fr,ESDC TRA 096,institution_specific,true,ESDC LAB 096
ati-schedule-i-canada-employment-insurance-commission,ESDC PPU 739,fr,ESDC TRA 092,institution_specific,true,ESDC LAB 092
ati-schedule-i-canada-employment-insurance-commission,ESDC PPU 701,en,ESDC CCS 002,institution_specific,true,ESDC CCS 002
ati-schedule-i-canada-employment-insurance-commission,ESDC PPU 701,fr,EDSC SAC 002,institution_specific,false,
ati-schedule-i-canada-employment-insurance-commission,ESDC PPU 702,en,ESDC CCS 002,institution_specific,true,ESDC CCS 002
ati-schedule-i-canada-employment-insurance-commission,ESDC PPU 702,fr,EDSC SAC 002,institution_specific,false,
ati-schedule-i-canada-employment-insurance-commission,ESDC PPU 680,en,ESDC CCS 003,institution_specific,true,ESDC CCS 003
ati-schedule-i-canada-employment-insurance-commission,ESDC PPU 680,en,AND 014,institution_specific,true,ESDC CCS 014
ati-schedule-i-canada-employment-insurance-commission,ESDC PPU 680,fr,EDSC SAC 003,institution_specific,false,
ati-schedule-i-canada-employment-insurance-commission,ESDC PPU 680,fr,ET 014,institution_specific,true,ESDC CCS 014
ati-schedule-i-canada-employment-insurance-commission,ESDC PPU 681,en,ESDC CCS 011,institution_specific,true,ESDC CCS 011
ati-schedule-i-canada-employment-insurance-commission,ESDC PPU 681,fr,ESDC SCC 011,institution_specific,false,
ati-schedule-i-canada-employment-insurance-commission,ESDC PPU 729,en,ESDC CCS 007,institution_specific,true,ESDC CCS 007
ati-schedule-i-canada-employment-insurance-commission,ESDC PPU 729,fr,EDSC SCC 007,institution_specific,true,ESDC CCS 007
ati-schedule-i-canada-employment-insurance-commission,ESDC PPU 708,en,ESDC CCS 005,institution_specific,true,ESDC CCS 005
ati-schedule-i-canada-employment-insurance-commission,ESDC PPU 708,fr,ESDC SCC 005,institution_specific,true,ESDC CCS 005
ati-schedule-i-canada-employment-insurance-commission,ESDC PPU 100,en,ESDC IAP 065,institution_specific,true,ESDC IAP 065
ati-schedule-i-canada-employment-insurance-commission,ESDC PPU 100,fr,EDSC IET 065,institution_specific,true,ESDC IAP 065
ati-schedule-i-canada-employment-insurance-commission,ESDC PPU 712,en,ESDC IAP 066,institution_specific,true,ESDC IAP 066
ati-schedule-i-canada-employment-insurance-commission,ESDC PPU 712,fr,EDSC IET 066,institution_specific,true,ESDC IAP 066
ati-schedule-i-canada-employment-insurance-commission,ESDC PPU 700,en,ESDC CSB 011,institution_specific,true,ESDC CSB 011
ati-schedule-i-canada-employment-insurance-commission,ESDC PPU 700,fr,ESDC CSB 011,institution_specific,true,ESDC CSB 011
ati-schedule-i-canada-employment-insurance-commission,ESDC PPE 718,en,ESDC IAP 068,institution_specific,true,ESDC IAP 068
ati-schedule-i-canada-employment-insurance-commission,ESDC PPE 718,fr,EDSC IAP 068,institution_specific,true,ESDC IAP 068
ati-schedule-i-canada-revenue-agency,ARC PPU 411,fr,ARC DGPO 415,institution_specific,true,CRA CPB 415
ati-schedule-i-canada-revenue-agency,ARC PPU 050,fr,ARC DGRV 190,institution_specific,true,CRA CVB 190
ati-schedule-i-canadian-centre-for-occupational-health-and-safety,CCOHS PPU 041,en,CCOHS IRS 041,institution_specific,true,CCOHS IRS 041
ati-schedule-i-canadian-forces,DND PPU 050,en,DND ADO 275,institution_specific,true,DND ADO 275
ati-schedule-i-canadian-forces,DND PPE 823,en,DND DOC 420,institution_specific,true,DND DOC 420
ati-schedule-i-canadian-forces,DND PPE 823,en,DND DOC 445,institution_specific,true,DND DOC 445
ati-schedule-i-canadian-forces,DND PPU 839,en,DND RCD 340,institution_specific,true,DND RCD 340
ati-schedule-i-canadian-forces,DND PPU 839,fr,MDN RCD 340,institution_specific,true,DND RCD 340
ati-schedule-i-canadian-forces,DND PPE 862,en,DND RDP 759,institution_specific,true,DND RDP 759
ati-schedule-i-canadian-forces,DND PPE 822,en,DND MUD 565,institution_specific,true,DND MUD 565
ati-schedule-i-canadian-forces,DND PPE 822,fr,MDN DUE 565,institution_specific,true,DND MUD 565
ati-schedule-i-canadian-forces,DND PPE 816,en,DND MUD 565,institution_specific,true,DND MUD 565
ati-schedule-i-canadian-forces,DND PPE 816,fr,MDN DUE 565,institution_specific,true,DND MUD 565
ati-schedule-i-canadian-forces,DND PPU 025,en,DND RET 375,institution_specific,true,DND RET 375
ati-schedule-i-canadian-forces,DND PPU 880,en,DND SMR 100,institution_specific,true,DND SMR 100
ati-schedule-i-canadian-forces,DND PPU 882,en,DND CSA 520,institution_specific,true,DND CSA 520
ati-schedule-i-canadian-forces,DND PPU 882,en,DND SMR 100,institution_specific,true,DND SMR 100
ati-schedule-i-canadian-forces,DND PPU 883,en,DND SMR 100,institution_specific,true,DND SMR 100
ati-schedule-i-canadian-forces,DND PPU 883,en,DND SMR 102,institution_specific,true,DND SMR 102
ati-schedule-i-canadian-forces,DND PPU 883,fr,MDN SMR 100,institution_specific,false,
ati-schedule-i-canadian-forces,DND PPU 883,fr,MDN SMR 102,institution_specific,false,
ati-schedule-i-canadian-forces,DND PPU 884,en,DND SMR 103,institution_specific,true,DND SMR 103
ati-schedule-i-canadian-forces,DND PPU 884,fr,MDN IIS 103,institution_specific,false,
ati-schedule-i-canadian-forces,DND PPU 898,en,DND SGB 495,institution_specific,true,DND SGB 495
ati-schedule-i-canadian-forces,DND PPE 811,en,DND SGB 495,institution_specific,true,DND SGB 495
ati-schedule-i-canadian-forces,DND PPE 810,en,DND SGB 495,institution_specific,true,DND SGB 495
ati-schedule-i-canadian-forces,DND PPE 812,en,DND SGB 495,institution_specific,true,DND SGB 495
ati-schedule-i-canadian-forces,DND PPU 819,en,DND SGB 496,institution_specific,true,DND SGB 496
ati-schedule-i-canadian-forces,DND PPE 806,en,DND SOF 100,institution_specific,true,DND SOF 100
ati-schedule-i-canadian-forces,DND PPE 806,fr,MDN FOS 100,institution_specific,true,MDN FOS 100
ati-schedule-i-canadian-forces,DND PPU 881,en,PRN 914,standard,true,914
ati-schedule-i-canadian-forces,DND PPU 881,en,PRN 938,standard,true,938
ati-schedule-i-canadian-forces,DND PPU 881,en,DND SGB 495,institution_specific,true,DND SGB 495
ati-schedule-i-canadian-forces,DND PPU 870,en,DND PSB 405,institution_specific,true,DND PSB 405
ati-schedule-i-canadian-forces,DND PPE 872,en,DND DOC 420,institution_specific,true,DND DOC 420
ati-schedule-i-canadian-forces,DND PPE 872,en,DND DOC 445,institution_specific,true,DND DOC 445
ati-schedule-i-canadian-forces,DND PPE 872,fr,MDN DOC 420,institution_specific,true,DND DOC 420
ati-schedule-i-canadian-forces,DND PPE 872,fr,MDN DOC 445,institution_specific,true,DND DOC 445
ati-schedule-i-canadian-forces,DND PPU 873,en,PRN 902,standard,true,902
ati-schedule-i-canadian-forces,DND PPU 873,en,DND JAG 015,institution_specific,true,DND JAG 015
ati-schedule-i-canadian-forces,DND PPU 873,en,DND DLO 101,institution_specific,true,DND DLO 101
ati-schedule-i-canadian-forces,DND PPE 817,en,DND PSB 405,institution_specific,true,DND PSB 405
ati-schedule-i-canadian-forces,DND PPU 809,en,DND CBD 450,institution_specific,true,DND CBD 450
ati-schedule-i-canadian-forces,DND PPU 809,fr,MDN DRA 450,institution_specific,true,DND CBD 450
ati-schedule-i-canadian-forces,DND PPU 876,en,DND DEP 465,institution_specific,true,DND DEP 465
ati-schedule-i-canadian-forces,DND PPU 876,fr,MDN DEP 465,institution_specific,true,DND DEP 465
ati-schedule-i-canadian-forces,DND PPE 814,en,DND CSA 520,institution_specific,true,DND CSA 520
ati-schedule-i-canadian-forces,DND PPE 814,fr,MDN CSA 520,institution_specific,true,DND CSA 520
ati-schedule-i-canadian-forces,DND PPE 852,en,DND CSA 520,institution_specific,true,DND CSA 520
ati-schedule-i-canadian-forces,DND PPE 852,en,PRN 916,standard,true,916
ati-schedule-i-canadian-forces,DND PPE 852,fr,MDN CSA 520,institution_specific,true,DND CSA 520
ati-schedule-i-canadian-forces,DND PPE 852,fr,NDP 916,standard,true,916
ati-schedule-i-canadian-forces,DND PPE 853,en,DND CSA 520,institution_specific,true,DND CSA 520
ati-schedule-i-canadian-forces,DND PPE 853,fr,MDN CSA 520,institution_specific,true,DND CSA 520
ati-schedule-i-canadian-forces,DND PPU 874,en,DND CSA 520,institution_specific,true,DND CSA 520
ati-schedule-i-canadian-forces,DND PPU 874,fr,MDN CSA 520,institution_specific,true,DND CSA 520
ati-schedule-i-canadian-forces,DND PPE 821,en,DND CSA 520,institution_specific,true,DND CSA 520
ati-schedule-i-canadian-forces,DND PPE 821,fr,MDN CNS 520,institution_specific,true,DND CSA 520
ati-schedule-i-canadian-forces,DND PPE 825,en,DND CSA 520,institution_specific,true,DND CSA 520
ati-schedule-i-canadian-forces,DND PPE 825,fr,MDN CSA 520,institution_specific,true,DND CSA 520
ati-schedule-i-canadian-forces,DND PPE 818,en,DND CSA 520,institution_specific,true,DND CSA 520
ati-schedule-i-canadian-forces,DND PPE 818,fr,MDN CNS 520,institution_specific,true,DND CSA 520
ati-schedule-i-canadian-forces,DND PPE 864,en,DND CSA 520,institution_specific,true,DND CSA 520
ati-schedule-i-canadian-forces,DND PPE 864,en,DND RCD 345,institution_specific,true,DND RCD 345
ati-schedule-i-canadian-forces,DND PPE 864,fr,MDN CNS 520,institution_specific,true,DND CSA 520
ati-schedule-i-canadian-forces,DND PPE 864,fr,MDN FRC 345,institution_specific,true,DND RCD 345
ati-schedule-i-canadian-forces,DND PPE 831,en,DND CSA 520,institution_specific,true,DND CSA 520
ati-schedule-i-canadian-forces,DND PPE 831,fr,MDN CSA 520,institution_specific,true,DND CSA 520
ati-schedule-i-canadian-forces,DND PPE 848,en,DND CSA 520,institution_specific,true,DND CSA 520
ati-schedule-i-canadian-forces,DND PPE 848,fr,MDN CNS 520,institution_specific,true,DND CSA 520
ati-schedule-i-canadian-forces,DND PPU 834,en,DND CSA 520,institution_specific,true,DND CSA 520
ati-schedule-i-canadian-forces,DND PPU 834,en,DND MIS 085,institution_specific,true,DND MIS 085
ati-schedule-i-canadian-forces,DND PPE 877,en,DND CSA 520,institution_specific,true,DND CSA 520
ati-schedule-i-canadian-forces,DND PPE 877,en,DND RCD 345,institution_specific,true,DND RCD 345
ati-schedule-i-canadian-forces,DND PPE 877,fr,MDN CNS 520,institution_specific,true,DND CSA 520
ati-schedule-i-canadian-forces,DND PPE 877,fr,MDN FRC 345,institution_specific,true,DND RCD 345
ati-schedule-i-canadian-forces,DND PPE 847,en,DND CSA 520,institution_specific,true,DND CSA 520
ati-schedule-i-canadian-forces,DND PPE 847,fr,MDN CNS 520,institution_specific,true,DND CSA 520
ati-schedule-i-canadian-forces,DND PPE 836,en,DND CSA 520,institution_specific,true,DND CSA 520
ati-schedule-i-canadian-forces,DND PPE 836,fr,MDN CNS 520,institution_specific,true,DND CSA 520
ati-schedule-i-canadian-forces,DND PPE 899,en,DND CSA 520,institution_specific,true,DND CSA 520
ati-schedule-i-canadian-forces,DND PPE 899,fr,MDN CNS 520,institution_specific,true,DND CSA 520
ati-schedule-i-canadian-forces,DND PPU 875,en,DND CSA 520,institution_specific,true,DND CSA 520
ati-schedule-i-canadian-forces,DND PPE 871,en,DND CSA 520,institution_specific,true,DND CSA 520
ati-schedule-i-canadian-forces,DND PPE 871,fr,MDN CNS 520,institution_specific,true,DND CSA 520
ati-schedule-i-canadian-forces,DND PPE 832,en,DND CSA 520,institution_specific,true,DND CSA 520
ati-schedule-i-canadian-forces,DND PPE 890,en,DND CSA 520,institution_specific,true,DND CSA 520
ati-schedule-i-canadian-forces,DND PPE 890,fr,MDN CNS 520,institution_specific,true,DND CSA 520
ati-schedule-i-canadian-forces,DND PPU 826,en,DND DOC 430,institution_specific,true,DND DOC 430
ati-schedule-i-canadian-forces,DND PPE 860,en,DND CSA 560,institution_specific,true,DND CSA 560
ati-schedule-i-canadian-forces,DND PPE 860,fr,MDN CSA 560,institution_specific,true,DND CSA 560
ati-schedule-i-canadian-forces,DND PPE 807,en,DND CRC 485,institution_specific,true,DND CRC 485
ati-schedule-i-canadian-forces,DND PPE 807,fr,MDN AGC 485,institution_specific,true,DND CRC 485
ati-schedule-i-canadian-forces,DND PPE 830,en,DND JAG 035,institution_specific,true,DND JAG 035
ati-schedule-i-canadian-forces,DND PPE 830,fr,MDN JAG 035,institution_specific,true,DND JAG 035
ati-schedule-i-canadian-forces,DND PPE 855,en,DND JAG 015,institution_specific,true,DND JAG 015
ati-schedule-i-canadian-forces,DND PPE 855,fr,MDN JAG 015,institution_specific,false,
ati-schedule-i-canadian-forces,DND PPE 856,en,DND JAG 015,institution_specific,true,DND JAG 015
ati-schedule-i-canadian-forces,DND PPE 856,fr,MDN JAG 015,institution_specific,false,
ati-schedule-i-canadian-forces,DND PPE 857,en,DND JAG 015,institution_specific,true,DND JAG 015
ati-schedule-i-canadian-forces,DND PPE 857,fr,MDN JAG 015,institution_specific,false,
ati-schedule-i-canadian-forces,DND PPE 897,en,DND JAG 015,institution_specific,true,DND JAG 015
ati-schedule-i-canadian-forces,DND PPE 897,fr,MDN JAG 015,institution_specific,false,
ati-schedule-i-canadian-forces,DND PPU 070,en,DND MIS 085,institution_specific,true,DND MIS 085
ati-schedule-i-canadian-forces,DND PPU 070,fr,MDN RMS 085,institution_specific,true,DND MIS 085
ati-schedule-i-canadian-forces,DND PPU 896,en,DND MIS 085,institution_specific,true,DND MIS 085
ati-schedule-i-canadian-forces,DND PPU 896,fr,MDN RMS 085,institution_specific,true,DND MIS 085
ati-schedule-i-canadian-forces,DND PPU 837,en,DND MIS 085,institution_specific,true,DND MIS 085
ati-schedule-i-canadian-forces,DND PPU 837,fr,MDN MIS 085,institution_specific,true,DND MIS 085
ati-schedule-i-canadian-forces,DND PPU 071,en,DND MIS 085,institution_specific,true,DND MIS 085
ati-schedule-i-canadian-forces,DND PPU 071,fr,MDN RMS 085,institution_specific,true,DND MIS 085
ati-schedule-i-canadian-forces,DND PPU 833,en,DND MIS 085,institution_specific,true,DND MIS 085
ati-schedule-i-canadian-forces,DND PPU 833,fr,MDN RMS 085,institution_specific,true,DND MIS 085
ati-schedule-i-canadian-forces,DND PPE 835,en,DND MIS 085,institution_specific,true,DND MIS 085
ati-schedule-i-canadian-forces,DND PPE 835,fr,MDN RMS 085,institution_specific,true,DND MIS 085
ati-schedule-i-canadian-forces,DND PPU 801,en,DND MIS 085,institution_specific,true,DND MIS 085
ati-schedule-i-canadian-forces,DND PPU 801,fr,MDN RMS 085,institution_specific,true,DND MIS 085
ati-schedule-i-canadian-forces,DND PPU 851,en,DND MIS 085,institution_specific,true,DND MIS 085
ati-schedule-i-canadian-forces,DND PPU 061,en,DND MIS 085,institution_specific,true,DND MIS 085
ati-schedule-i-canadian-forces,DND PPU 060,en,DND MIS 085,institution_specific,true,DND MIS 085
ati-schedule-i-canadian-forces,DND PPU 060,fr,MDN MIS 085,institution_specific,true,DND MIS 085
ati-schedule-i-canadian-forces,DND PPU 840,en,DND MIS 085,institution_specific,true,DND MIS 085
ati-schedule-i-canadian-forces,DND PPE 863,en,DND MIS 085,institution_specific,true,DND MIS 085
ati-schedule-i-canadian-forces,DND PPE 863,fr,MDN RMS 085,institution_specific,true,DND MIS 085
ati-schedule-i-canadian-forces,DND PPE 841,en,DND RET 370,institution_specific,true,DND RET 370
ati-schedule-i-canadian-forces,DND PPE 841,en,DND FSB 765,institution_specific,true,DND FSB 765
ati-schedule-i-canadian-forces,DND PPE 841,en,DND CSA 520,institution_specific,true,DND CSA 520
ati-schedule-i-canadian-forces,DND PPE 841,fr,MDN RET 370,institution_specific,true,DND RET 370
ati-schedule-i-canadian-forces,DND PPE 841,fr,MDN FSB 765,institution_specific,true,DND FSB 765
ati-schedule-i-canadian-forces,DND PPE 841,fr,MDN CSA 520,institution_specific,true,DND CSA 520
ati-schedule-i-canadian-forces,DND PPE 844,en,DND RET 370,institution_specific,true,DND RET 370
ati-schedule-i-canadian-forces,DND PPE 844,fr,MDN REI 370,institution_specific,true,DND RET 370
ati-schedule-i-canadian-forces,DND PPE 843,en,DND RET 370,institution_specific,true,DND RET 370
ati-schedule-i-canadian-forces,DND PPE 843,fr,MDN REI 370,institution_specific,true,DND RET 370
ati-schedule-i-canadian-forces,DND PPU 878,en,DND RET 370,institution_specific,true,DND RET 370
ati-schedule-i-canadian-forces,DND PPU 878,fr,MDN REI 370,institution_specific,true,DND RET 370
ati-schedule-i-canadian-forces,DND PPE 842,en,DND RET 370,institution_specific,true,DND RET 370
ati-schedule-i-canadian-forces,DND PPE 842,fr,MDN REI 370,institution_specific,true,DND RET 370
ati-schedule-i-canadian-forces,DND PPE 845,en,DND RET 370,institution_specific,true,DND RET 370
ati-schedule-i-canadian-forces,DND PPE 845,fr,MDN REI 370,institution_specific,true,DND RET 370
ati-schedule-i-canadian-forces,DND PPE 886,en,DND RMC 100,institution_specific,true,DND RMC 100
ati-schedule-i-canadian-forces,DND PPE 805,en,DND CSA 520,institution_specific,true,DND CSA 520
ati-schedule-i-canadian-forces,DND PPE 805,en,DND RCD 345,institution_specific,true,DND RCD 345
ati-schedule-i-canadian-forces,DND PPE 805,fr,MDN CNS 520,institution_specific,true,DND CSA 520
ati-schedule-i-canadian-forces,DND PPE 805,fr,MDN FRC 345,institution_specific,true,DND RCD 345
ati-schedule-i-canadian-forces,DND PPE 820,en,DND CSA 520,institution_specific,true,DND CSA 520
ati-schedule-i-canadian-forces,DND PPU 850,en,TBS PRN 920,standard,true,920
ati-schedule-i-canadian-forces,DND PPU 850,en,PRN 927,standard,true,927
ati-schedule-i-canadian-forces,DND PPE 838,en,DND CSA 520,institution_specific,true,DND CSA 520
ati-schedule-i-canadian-forces,DND PPE 838,en,DND RCD 345,institution_specific,true,DND RCD 345
ati-schedule-i-canadian-forces,DND PPE 838,fr,MDN CNS 520,institution_specific,true,DND CSA 520
ati-schedule-i-canadian-forces,DND PPE 838,fr,MDN FRC 345,institution_specific,true,DND RCD 345
ati-schedule-i-canadian-forces,DND PPE 829,en,DND WEE 665,institution_specific,true,DND WEE 665
ati-schedule-i-canadian-forces,DND PPE 829,fr,MDN BSA 665,institution_specific,true,DND WEE 665
ati-schedule-i-canadian-forces,DND PPU 885,en,DND IPC 115,institution_specific,true,DND IPC 115
ati-schedule-i-canadian-forces,DND PPU 885,fr,MDN CPI 115,institution_specific,false,
ati-schedule-i-canadian-forces,DND PPU 894,en,DND RSD 740,institution_specific,true,DND RSD 740
ati-schedule-i-canadian-forces,DND PPU 894,fr,MDN RSD 740,institution_specific,true,DND RSD 740
ati-schedule-i-canadian-forces,DND PPU 815,en,DND PDB 360,institution_specific,true,DND PDB 360
ati-schedule-i-canadian-forces,DND PPU 815,fr,MDN BPP 360,institution_specific,true,DND PDB 360
ati-schedule-i-canadian-forces,DND PPU 879,en,DND POL 100,institution_specific,true,DND POL 100
ati-schedule-i-canadian-forces,DND PPU 879,fr,MDN POL 100,institution_specific,false,
ati-schedule-i-canadian-forces,DND PPU 795,en,DND CCG 101,institution_specific,true,DND CCG 101
ati-schedule-i-canadian-forces,DND PPU 795,en,DND CCG 104,institution_specific,true,DND CCG 104
ati-schedule-i-canadian-forces,DND PPU 795,fr,MDN GCC 101,institution_specific,false,
ati-schedule-i-canadian-forces,DND PPU 795,fr,MDN GCC 104,institution_specific,true,DND CCG 104
ati-schedule-i-canadian-forces,DND PPU 794,en,DND CCG 103,institution_specific,true,DND CCG 103
ati-schedule-i-canadian-forces,DND PPU 794,fr,MDN GCC 103,institution_specific,false,
ati-schedule-i-canadian-forces,DND PPU 793,en,DND CCG 106,institution_specific,true,DND CCG 106
ati-schedule-i-canadian-forces,DND PPU 793,en,DND CCG 107,institution_specific,true,DND CCG 107
ati-schedule-i-canadian-forces,DND PPU 793,fr,MDN GCC 106,institution_specific,true,DND CCG 106
ati-schedule-i-canadian-forces,DND PPU 793,fr,MDN GCC 107,institution_specific,true,DND CCG 107
ati-schedule-i-canadian-forces,DND PPU 797,en,DND CCG 107,institution_specific,true,DND CCG 107
ati-schedule-i-canadian-forces,DND PPU 797,fr,MDN GCC 107,institution_specific,true,DND CCG 107
ati-schedule-i-canadian-forces,DND PPU 792,en,DND CCG 109,institution_specific,true,DND CCG 109
ati-schedule-i-canadian-forces,DND PPU 792,fr,MDN GCC 109,institution_specific,true,DND CCG 109
ati-schedule-i-canadian-forces,DND PPU 796,en,DND CCG 109,institution_specific,true,DND CCG 109
ati-schedule-i-canadian-forces,DND PPU 796,fr,MDN GCC 109,institution_specific,true,DND CCG 109
ati-schedule-i-canadian-forces,DND PPU 798,en,DND CCG 109,institution_specific,true,DND CCG 109
ati-schedule-i-canadian-forces,DND PPU 798,fr,MDN GCC 109,institution_specific,true,DND CCG 109
ati-schedule-i-canadian-forces,DND PPU 791,en,DND CCG 112,institution_specific,true,DND CCG 112
ati-schedule-i-canadian-forces,DND PPU 791,fr,MDN GCC 112,institution_specific,true,DND CCG 112
ati-schedule-i-canadian-forces,DND PPU 790,en,DND CCG 114,institution_specific,true,DND CCG 114
ati-schedule-i-canadian-forces,DND PPU 790,fr,MDN GCC 114,institution_specific,true,DND CCG 114
ati-schedule-i-canadian-forces,DND PPU 799,en,DND CCG 116,institution_specific,true,DND CCG 116
ati-schedule-i-canadian-forces,DND PPU 799,fr,MDN GCC 116,institution_specific,true,DND CCG 116
ati-schedule-i-canadian-forces,DND PPE 858,en,DND FSB 765,institution_specific,true,DND FSB 765
ati-schedule-i-canadian-forces,DND PPE 859,en,DND FSB 765,institution_specific,true,DND FSB 765
ati-schedule-i-canadian-forces,DND PPE 859,fr,MDN BDF 765,institution_specific,true,DND FSB 765
ati-schedule-i-canadian-forces,DND PPU 065,en,PRN 920,standard,true,920
ati-schedule-i-canadian-forces,DND PPU 065,fr,NDP 920,standard,true,920
ati-schedule-i-canadian-forces,DND PPU 813,en,PRN 931,standard,true,931
ati-schedule-i-canadian-forces,DND PPU 813,fr,NPD 931,institution_specific,false,
ati-schedule-i-canadian-forces,MDN PPE 881,fr,NDP 914,standard,true,914
ati-schedule-i-canadian-forces,MDN PPE 881,fr,NDP 938,standard,true,938
ati-schedule-i-canadian-forces,MDN PPE 881,fr,MDN BSS 495,institution_specific,true,DND SGB 495
ati-schedule-i-canadian-grain-commission,CGC PPU 215,en,CGC 565,institution_specific,true,CGC 565
ati-schedule-i-canadian-grain-commission,CGC PPU 215,fr,CGC 565,institution_specific,true,CGC 565
ati-schedule-i-canadian-grain-commission,CGC PPU 205,en,CGC 587,institution_specific,true,CGC 587
ati-schedule-i-canadian-grain-commission,CGC PPU 205,fr,CGC 587,institution_specific,true,CGC 587
ati-schedule-i-canadian-radio-television-and-telecommunications-commission,CRTC PPU 065,en,CRTC APP 085,institution_specific,true,CRTC APP 085
ati-schedule-i-canadian-radio-television-and-telecommunications-commission,CRTC PPU 065,en,CRTC PGM 180,institution_specific,true,CRTC PGM 180
ati-schedule-i-canadian-radio-television-and-telecommunications-commission,CRTC PPU 065,en,CRTC CCM 100,institution_specific,true,CRTC CCM 100
ati-schedule-i-canadian-radio-television-and-telecommunications-commission,CRTC PPU 065,en,CRTC CIN 220,institution_specific,true,CRTC CIN 220
ati-schedule-i-canadian-radio-television-and-telecommunications-commission,CRTC PPU 065,en,CRTC OWN 025,institution_specific,true,CRTC OWN 025
ati-schedule-i-canadian-radio-television-and-telecommunications-commission,CRTC PPU 065,en,CRTC 100,institution_specific,true,CRTC CCM 100
ati-schedule-i-canadian-radio-television-and-telecommunications-commission,CRTC PPU 065,fr,CRTC APP 085,institution_specific,true,CRTC APP 085
ati-schedule-i-canadian-radio-television-and-telecommunications-commission,CRTC PPU 065,fr,CRTC PGM 180,institution_specific,true,CRTC PGM 180
ati-schedule-i-canadian-radio-television-and-telecommunications-commission,CRTC PPU 065,fr,CRTC CCM 100,institution_specific,true,CRTC CCM 100
ati-schedule-i-canadian-radio-television-and-telecommunications-commission,CRTC PPU 065,fr,CRTC CIN 220,institution_specific,true,CRTC CIN 220
ati-schedule-i-canadian-radio-television-and-telecommunications-commission,CRTC PPU 065,fr,CRTC OWN 025,institution_specific,true,CRTC OWN 025
ati-schedule-i-canadian-radio-television-and-telecommunications-commission,CRTC PPU 065,fr,CRTC 100,institution_specific,true,CRTC CCM 100
ati-schedule-i-canadian-radio-television-and-telecommunications-commission,CRTC PPU 035,en,CRTC BRO 185,institution_specific,true,CRTC BRO 185
ati-schedule-i-canadian-radio-television-and-telecommunications-commission,CRTC PPU 035,fr,CRTC BRO 185,institution_specific,true,CRTC BRO 185
ati-schedule-i-canadian-radio-television-and-telecommunications-commission,CRTC PPU 020,en,CRTC BRO 185,institution_specific,true,CRTC BRO 185
ati-schedule-i-canadian-radio-television-and-telecommunications-commission,CRTC PPU 020,en,CRTC PGM 180,institution_specific,true,CRTC PGM 180
ati-schedule-i-canadian-radio-television-and-telecommunications-commission,CRTC PPU 020,en,CRTC CIN 220,institution_specific,true,CRTC CIN 220
ati-schedule-i-canadian-radio-television-and-telecommunications-commission,CRTC PPU 020,fr,CRTC BRO 185,institution_specific,true,CRTC BRO 185
ati-schedule-i-canadian-radio-television-and-telecommunications-commission,CRTC PPU 020,fr,CRTC PGM 180,institution_specific,true,CRTC PGM 180
ati-schedule-i-canadian-radio-television-and-telecommunications-commission,CRTC PPU 020,fr,CRTC CIN 220,institution_specific,true,CRTC CIN 220
ati-schedule-i-canadian-radio-television-and-telecommunications-commission,CRTC PPU 005,en,CRTC CCM 100,institution_specific,true,CRTC CCM 100
ati-schedule-i-canadian-radio-television-and-telecommunications-commission,CRTC PPU 005,fr,CRTC CCM 100,institution_specific,true,CRTC CCM 100
ati-schedule-i-canadian-radio-television-and-telecommunications-commission,CRTC PPU 070,en,CRTC DCS 255,institution_specific,true,CRTC DCS 255
ati-schedule-i-canadian-radio-television-and-telecommunications-commission,CRTC PPU 070,fr,CRTC DCS 255,institution_specific,true,CRTC DCS 255
ati-schedule-i-canadian-radio-television-and-telecommunications-commission,CRTC PPU 015,en,CRTC FDB 225,institution_specific,true,CRTC FDB 225
ati-schedule-i-canadian-radio-television-and-telecommunications-commission,CRTC PPU 015,fr,CRTC FDB 225,institution_specific,true,CRTC FDB 225
ati-schedule-i-canadian-radio-television-and-telecommunications-commission,CRTC PPU 045,en,CRTC IML 105,institution_specific,true,CRTC IML 105
ati-schedule-i-canadian-radio-television-and-telecommunications-commission,CRTC PPU 045,fr,CRTC IML 105,institution_specific,true,CRTC IML 105
ati-schedule-i-canadian-radio-television-and-telecommunications-commission,CRTC PPU 010,en,CRTC OWN 025,institution_specific,true,CRTC OWN 025
ati-schedule-i-canadian-radio-television-and-telecommunications-commission,CRTC PPU 010,fr,CRTC OWN 025,institution_specific,true,CRTC OWN 025
ati-schedule-i-canadian-radio-television-and-telecommunications-commission,CRTC PPU 025,en,CRTC APP 085,institution_specific,true,CRTC APP 085
ati-schedule-i-canadian-radio-television-and-telecommunications-commission,CRTC PPU 025,en,CRTC CCM 100,institution_specific,true,CRTC CCM 100
ati-schedule-i-canadian-radio-television-and-telecommunications-commission,CRTC PPU 025,fr,CRTC APP 085,institution_specific,true,CRTC APP 085
ati-schedule-i-canadian-radio-television-and-telecommunications-commission,CRTC PPU 025,fr,CRTC CCM 100,institution_specific,true,CRTC CCM 100
ati-schedule-i-canadian-radio-television-and-telecommunications-commission,CRT PPU 075,en,CRT TEL 265,institution_specific,true,CRTC TEL 265
ati-schedule-i-canadian-radio-television-and-telecommunications-commission,CRT PPU 075,fr,CRT TEL 265,institution_specific,true,CRTC TEL 265
ati-schedule-i-canadian-radio-television-and-telecommunications-commission,CRTC PPU 555,en,CRTC CCM 100,institution_specific,true,CRTC CCM 100
ati-schedule-i-canadian-radio-television-and-telecommunications-commission,CRTC PPU 777,en,CRTC CCM 100,institution_specific,true,CRTC CCM 100
ati-schedule-i-canadian-radio-television-and-telecommunications-commission,CRTC PPU 777,fr,CRTC CCM 100,institution_specific,true,CRTC CCM 100
ati-schedule-i-canadian-security-intelligence-service,CSIS PPU 045,en,CSIS DDS 041,institution_specific,true,CSIS DDS 041
ati-schedule-i-canadian-security-intelligence-service,CSIS PPU 045,fr,SCRS SDS 041,institution_specific,true,CSIS DDS 041
ati-schedule-i-canadian-security-intelligence-service,CSIS PPU 015,en,CSIS DDS 041,institution_specific,true,CSIS DDS 041
ati-schedule-i-canadian-security-intelligence-service,CSIS PPU 015,fr,SCRS SDS 041,institution_specific,true,CSIS DDS 041
ati-schedule-i-canadian-security-intelligence-service,CSIS PPU 070,en,CSIS DDS 041,institution_specific,true,CSIS DDS 041
ati-schedule-i-canadian-security-intelligence-service,CSIS PPU 070,fr,SCRS SDS 041,institution_specific,true,CSIS DDS 041
ati-schedule-i-canadian-security-intelligence-service,CSIS PPU 050,en,CSIS DDS 041,institution_specific,true,CSIS DDS 041
ati-schedule-i-canadian-security-intelligence-service,CSIS PPU 050,fr,SCRS SDS 041,institution_specific,true,CSIS DDS 041
ati-schedule-i-canadian-security-intelligence-service,CSIS PPU 005,en,SIS DDS 052,institution_specific,true,CSIS DDS 052
ati-schedule-i-canadian-security-intelligence-service,CSIS PPU 005,fr,SCRS SDS 052,institution_specific,true,CSIS DDS 052
ati-schedule-i-canadian-security-intelligence-service,SIS PPE 815,en,SIS DDS 052,institution_specific,true,CSIS DDS 052
ati-schedule-i-canadian-security-intelligence-service,SIS PPE 815,fr,SRS SDS 052,institution_specific,true,CSIS DDS 052
ati-schedule-i-canadian-security-intelligence-service,CSIS PPU 055,en,CSIS DDS 052,institution_specific,true,CSIS DDS 052
ati-schedule-i-canadian-security-intelligence-service,CSIS PPU 055,fr,SCRS SDS 052,institution_specific,true,CSIS DDS 052
ati-schedule-i-canadian-security-intelligence-service,CSIS PPU 065,en,CSIS DDS 052,institution_specific,true,CSIS DDS 052
ati-schedule-i-canadian-security-intelligence-service,CSIS PPU 065,fr,SCRS SDS 052,institution_specific,true,CSIS DDS 052
ati-schedule-i-canadian-security-intelligence-service,CSIS PPU 035,en,CSIS DDS 050,institution_specific,true,CSIS DDS 050
ati-schedule-i-canadian-security-intelligence-service,CSIS PPU 035,fr,CSIS SDS 050,institution_specific,true,CSIS DDS 050
ati-schedule-i-canadian-security-intelligence-service,CSIS PPU 025,en,CSIS DDS 050,institution_specific,true,CSIS DDS 050
ati-schedule-i-canadian-security-intelligence-service,CSIS PPU 025,fr,CSIS SDS 050,institution_specific,true,CSIS DDS 050
ati-schedule-i-canadian-security-intelligence-service,CSIS PPE 831,en,CSIS DDS 050,institution_specific,true,CSIS DDS 050
ati-schedule-i-canadian-security-intelligence-service,CSIS PPE 831,fr,CSIS SDS 050,institution_specific,true,CSIS DDS 050
ati-schedule-i-canadian-security-intelligence-service,CSIS PPE 827,en,CSIS DDS 050,institution_specific,true,CSIS DDS 050
ati-schedule-i-canadian-security-intelligence-service,CSIS PPE 827,fr,CSIS SDS 050,institution_specific,true,CSIS DDS 050
ati-schedule-i-canadian-security-intelligence-service,CSIS PPU 906,en,CSIS DDS 050,institution_specific,true,CSIS DDS 050
ati-schedule-i-canadian-security-intelligence-service,CSIS PPU 906,fr,CSIS SDS 050,institution_specific,true,CSIS DDS 050
ati-schedule-i-canadian-security-intelligence-service,CSIS PPU 822,en,CSIS DDS 050,institution_specific,true,CSIS DDS 050
ati-schedule-i-canadian-security-intelligence-service,CSIS PPU 822,fr,CSIS SDS 050,institution_specific,true,CSIS DDS 050
ati-schedule-i-canadian-security-intelligence-service,CSIS PPE 832,en,CSIS DDS 050,institution_specific,true,CSIS DDS 050
ati-schedule-i-canadian-security-intelligence-service,CSIS PPE 832,fr,CSIS SDS 050,institution_specific,true,CSIS DDS 050
ati-schedule-i-canadian-space-agency,CSA PPU 040,en,CSA FCS 015,institution_specific,true,CSA FCS 015
ati-schedule-i-canadian-space-agency,CSA PPU 040,en,FCS 030,institution_specific,false,
ati-schedule-i-canadian-space-agency,CSA PPU 040,en,SDI 040,institution_specific,false,
ati-schedule-i-canadian-space-agency,CSA PPU 045,en,CSA FCS 015,institution_specific,true,CSA FCS 015
ati-schedule-i-canadian-space-agency,CSA PPU 045,en,FCS 030,institution_specific,false,
ati-schedule-i-canadian-space-agency,CSA PPU 045,en,SDI 040,institution_specific,false,
ati-schedule-i-canadian-space-agency,CSA PPU 045,en,SEC 005,institution_specific,true,CSA SEC 005
ati-schedule-i-canadian-space-agency,CSA PPU 045,en,SEC 025,institution_specific,true,CSA SEC 025
ati-schedule-i-canadian-space-agency,CSA PPU 060,en,CSA EOE 060,institution_specific,true,CSA EOE 060
ati-schedule-i-canadian-space-agency,CSA PPU 035,en,CSA SEC 030,institution_specific,true,CSA SEC 030
ati-schedule-i-canadian-space-agency,CSA PPU 020,en,CSA SEC 030,institution_specific,true,CSA SEC 030
ati-schedule-i-canadian-space-agency,CSA PPU 015,en,CSA SEC 005,institution_specific,true,CSA SEC 005
ati-schedule-i-canadian-space-agency,CSA PIB 015,en,CSA HR 010,institution_specific,true,CSA HR 010
ati-schedule-i-canadian-space-agency,CSA PPU 010,en,CSA SEC 005,institution_specific,true,CSA SEC 005
ati-schedule-i-canadian-transportation-agency,CTA PPU 033,en,CTA DRB 001,institution_specific,true,CTA DRB 001
ati-schedule-i-canadian-transportation-agency,CTA PPU 033,fr,OTC RDD 001,institution_specific,false,
ati-schedule-i-canadian-transportation-agency,CTA PPU 014,en,CTA DRB 003,institution_specific,true,CTA DRB 003
ati-schedule-i-canadian-transportation-agency,CTA PPU 014,en,CTA DRB 002,institution_specific,true,CTA DRB 002
ati-schedule-i-canadian-transportation-agency,CTA PPU 014,fr,OTC RDD 003,institution_specific,false,
ati-schedule-i-canadian-transportation-agency,CTA PPU 014,fr,OTC RDD 002,institution_specific,false,
ati-schedule-i-canadian-transportation-agency,CTA PPU 001,en,CTA DRB 003,institution_specific,true,CTA DRB 003
ati-schedule-i-canadian-transportation-agency,CTA PPU 015,en,CTA IRD 002,institution_specific,true,CTA IRD 002
ati-schedule-i-canadian-transportation-agency,CTA PPU 015,en,CTA IRD 003,institution_specific,true,CTA IRD 003
ati-schedule-i-canadian-transportation-agency,CTA PPU 015,fr,OTC RDI 002,institution_specific,false,
ati-schedule-i-canadian-transportation-agency,CTA PPU 015,fr,OTC RDI 003,institution_specific,false,
ati-schedule-i-canadian-transportation-agency,CTA PPU 010,en,CTA IRD 003,institution_specific,true,CTA IRD 003
ati-schedule-i-canadian-transportation-agency,CTA PPU 010,fr,OTC RDI 003,institution_specific,false,
ati-schedule-i-college-of-patent-agents-and-trademark-agents,IC PPU 043,en,IC CIP 100,institution_specific,false,
ati-schedule-i-college-of-patent-agents-and-trademark-agents,IC PPU 043,en,IC CIP 105,institution_specific,false,
ati-schedule-i-college-of-patent-agents-and-trademark-agents,IC PPU 043,fr,IC CIP 100,institution_specific,false,
ati-schedule-i-college-of-patent-agents-and-trademark-agents,IC PPU 043,fr,IC CIP 105,institution_specific,false,
ati-schedule-i-communications-security-establishment,CSE PPU 040,en,CSE MIS 080,institution_specific,true,CSE MIS 080
ati-schedule-i-communications-security-establishment,CSE PPU 040,fr,CST MIS 080,institution_specific,true,CSE MIS 080
ati-schedule-i-communications-security-establishment,CSE PPE 001,en,PRN 944,standard,true,944
ati-schedule-i-communications-security-establishment,CSE PPE 001,fr,NDP 944,standard,true,944
ati-schedule-i-communications-security-establishment,CSE PPU 007,en,CSE 002,institution_specific,true,CSE 002
ati-schedule-i-communications-security-establishment,CSE PPU 007,fr,CST 002,institution_specific,true,CSE 002
ati-schedule-i-correctional-service-of-canada,CSC PPU 025,en,CSC COP 050,institution_specific,false,
ati-schedule-i-correctional-service-of-canada,CSC PPU 136,en,CSC COP 390,institution_specific,false,
ati-schedule-i-correctional-service-of-canada,CSC PPU 120,en,CSC CDS 020,institution_specific,false,
ati-schedule-i-correctional-service-of-canada,CSC PPU 042,en,CSC COP 050,institution_specific,false,
ati-schedule-i-correctional-service-of-canada,CSC PPU 035,en,CSC COP 050,institution_specific,false,
ati-schedule-i-correctional-service-of-canada,CSC PPU 040,en,CSC COP 050,institution_specific,false,
ati-schedule-i-correctional-service-of-canada,CSC PPU 030,en,CSC COP 050,institution_specific,false,
ati-schedule-i-correctional-service-of-canada,CSC PPU 045,en,CSC COP 130,institution_specific,false,
ati-schedule-i-correctional-service-of-canada,CSC PPU 045,en,CSC COP 390,institution_specific,false,
ati-schedule-i-correctional-service-of-canada,CSC PPU 050,en,CSC COP 140,institution_specific,true,CSC COP 140
ati-schedule-i-correctional-service-of-canada,CSC PPU 095,en,CSC COP 500,institution_specific,false,
ati-schedule-i-correctional-service-of-canada,CSC PPU 055,en,CSC COP 040,institution_specific,true,CSC COP 040
ati-schedule-i-correctional-service-of-canada,CSC PPU 055,en,CSC COP 230,institution_specific,false,
ati-schedule-i-correctional-service-of-canada,CSC PPU 125,en,CSC COP 460,institution_specific,false,
ati-schedule-i-correctional-service-of-canada,CSC PPU 096,en,CSC WOS 010,institution_specific,false,
ati-schedule-i-correctional-service-of-canada,CSC PPU 082,en,CSC CDS 020,institution_specific,false,
ati-schedule-i-correctional-service-of-canada,CSC PPU 115,en,CSC COP 130,institution_specific,false,
ati-schedule-i-correctional-service-of-canada,CSC PPU 115,en,CSC COP 390,institution_specific,false,
ati-schedule-i-correctional-service-of-canada,CSC PPU 115,en,CSC COP 480,institution_specific,false,
ati-schedule-i-correctional-service-of-canada,CSC PPU 115,en,CSC COP 050,institution_specific,false,
ati-schedule-i-correctional-service-of-canada,CSC PPU 115,en,CSC COP 420,institution_specific,false,
ati-schedule-i-correctional-service-of-canada,CSC PPU 115,en,CSC COP 140,institution_specific,true,CSC COP 140
ati-schedule-i-correctional-service-of-canada,CSC PPU 115,en,CSC COP 230,institution_specific,false,
ati-schedule-i-correctional-service-of-canada,CSC PPU 065,en,CSC COP 390,institution_specific,false,
ati-schedule-i-correctional-service-of-canada,CSC PPU 110,en,CSC COP 050,institution_specific,false,
ati-schedule-i-correctional-service-of-canada,CSC PPU 110,en,CSC COP 130,institution_specific,false,
ati-schedule-i-correctional-service-of-canada,CSC PPU 110,en,CSC COP 140,institution_specific,true,CSC COP 140
ati-schedule-i-correctional-service-of-canada,CSC PPU 110,en,CSC COP 230,institution_specific,false,
ati-schedule-i-correctional-service-of-canada,CSC PPU 110,en,CSC COP 390,institution_specific,false,
ati-schedule-i-correctional-service-of-canada,CSC PPU 110,en,CSC COP 420,institution_specific,false,
ati-schedule-i-correctional-service-of-canada,CSC PPU 110,en,CSC COP 480,institution_specific,false,
ati-schedule-i-correctional-service-of-canada,CSC PPU 075,en,CSC COP 420,institution_specific,false,
ati-schedule-i-correctional-service-of-canada,CSC PPU 200,en,CSC COP 010,institution_specific,false,
ati-schedule-i-correctional-service-of-canada,CSC PPU 135,en,CSC COP 475,institution_specific,false,
ati-schedule-i-correctional-service-of-canada,CSC PPU 080,en,CSC COP 480,institution_specific,false,
ati-schedule-i-correctional-service-of-canada,CSC PPU 000,en,CSC CCE 080,institution_specific,false,
ati-schedule-i-economic-development-agency-of-canada-for-the-regions-of-quebec,CED PPU 138,en,CED 122,institution_specific,true,CED 122
ati-schedule-i-federal-economic-development-agency-for-northern-ontario,FEDNOR PPU 001,en,FEDNOR 101,institution_specific,true,FedNor 101
ati-schedule-i-federal-economic-development-agency-for-northern-ontario,FEDNOR PPU 001,en,FEDNOR 102,institution_specific,true,FedNor 102
ati-schedule-i-federal-economic-development-agency-for-northern-ontario,FEDNOR PPU 001,en,AND FEDNOR 103,institution_specific,true,FedNor 103
ati-schedule-i-immigration-and-refugee-board,IRB PPU 140,en,IRB ADJ 130,institution_specific,true,IRB ADJ 130
ati-schedule-i-immigration-and-refugee-board,IRB PPU 140,en,IRB INF 160,institution_specific,true,IRB INF 160
ati-schedule-i-immigration-and-refugee-board,IRB PPU 140,fr,CISR ADJ 130,institution_specific,true,IRB ADJ 130
ati-schedule-i-immigration-and-refugee-board,IRB PPU 140,fr,CISR INF 160,institution_specific,true,IRB INF 160
ati-schedule-i-immigration-and-refugee-board,IRB PPU 125,en,IRB OPS 110,institution_specific,true,IRB OPS 110
ati-schedule-i-immigration-and-refugee-board,IRB PPU 125,fr,CISR OPS 110,institution_specific,true,IRB OPS 110
ati-schedule-i-immigration-and-refugee-board,IRB PPU 105,en,IRB OPS 005,institution_specific,true,IRB OPS 005
ati-schedule-i-immigration-and-refugee-board,IRB PPU 105,fr,CISR OPS 005,institution_specific,true,IRB OPS 005
ati-schedule-i-immigration-and-refugee-board,IRB PPU 155,en,IRB OPS 025,institution_specific,true,IRB OPS 025
ati-schedule-i-immigration-and-refugee-board,IRB PPU 155,en,IRB OPS 020,institution_specific,true,IRB OPS 020
ati-schedule-i-immigration-and-refugee-board,IRB PPU 155,en,IRB OPS 015,institution_specific,true,IRB OPS 015
ati-schedule-i-immigration-and-refugee-board,IRB PPU 155,fr,CISR OPS 025,institution_specific,true,IRB OPS 025
ati-schedule-i-immigration-and-refugee-board,IRB PPU 155,fr,CISR OPS 020,institution_specific,true,IRB OPS 020
ati-schedule-i-immigration-and-refugee-board,IRB PPU 155,fr,CISR OPS 015,institution_specific,true,IRB OPS 015
ati-schedule-i-immigration-and-refugee-board,IRB PPU 110,en,IRB OPS 025,institution_specific,true,IRB OPS 025
ati-schedule-i-immigration-and-refugee-board,IRB PPU 110,fr,CISR OPS 025,institution_specific,true,IRB OPS 025
ati-schedule-i-immigration-and-refugee-board,IRB PPU 115,en,IRB OPS 020,institution_specific,true,IRB OPS 020
ati-schedule-i-immigration-and-refugee-board,IRB PPU 115,en,IRB OPS 015,institution_specific,true,IRB OPS 015
ati-schedule-i-immigration-and-refugee-board,IRB PPU 115,en,IRB DOC 140,institution_specific,true,IRB DOC 140
ati-schedule-i-immigration-and-refugee-board,IRB PPU 115,fr,CISR OPS 020,institution_specific,true,IRB OPS 020
ati-schedule-i-immigration-and-refugee-board,IRB PPU 115,fr,CISR OPS 015,institution_specific,true,IRB OPS 015
ati-schedule-i-immigration-and-refugee-board,IRB PPU 115,fr,CISR DOC 140,institution_specific,true,IRB DOC 140
ati-schedule-i-immigration-and-refugee-board,IRB PPU 145,en,IRB DOC 135,institution_specific,true,IRB DOC 135
ati-schedule-i-immigration-and-refugee-board,IRB PPU 145,fr,CISR DOC 135,institution_specific,true,IRB DOC 135
ati-schedule-i-library-and-archives-of-canada,LAC PPU 060,en,LAC DHC 320,institution_specific,true,LAC DHC 320
ati-schedule-i-library-and-archives-of-canada,LAC PPU 025,en,LAC DHC 114,institution_specific,true,LAC DHC 114
ati-schedule-i-library-and-archives-of-canada,LAC PPU 040,en,LAC PS 090,institution_specific,true,LAC PS 090
ati-schedule-i-library-and-archives-of-canada,LAC PPU 011,en,LAC PS 013,institution_specific,true,LAC PS 013
ati-schedule-i-library-and-archives-of-canada,LAC PPU 715,en,LAC CMHI 155,institution_specific,true,LAC CMHI 155
ati-schedule-i-library-and-archives-of-canada,LAC PPU 715,en,LAC CMHI 170,institution_specific,true,LAC CMHI 170
ati-schedule-i-library-and-archives-of-canada,LAC PPU 727,en,LAC CMHI 155,institution_specific,true,LAC CMHI 155
ati-schedule-i-library-and-archives-of-canada,LAC PPU 727,en,LAC CMHI 170,institution_specific,true,LAC CMHI 170
ati-schedule-i-library-and-archives-of-canada,LAC PPE 710,en,LAC CMHI 155,institution_specific,true,LAC CMHI 155
ati-schedule-i-library-and-archives-of-canada,LAC PPU 017,en,LAC CMHI 155,institution_specific,true,LAC CMHI 155
ati-schedule-i-library-and-archives-of-canada,LAC PPU 017,en,LAC CMHI 170,institution_specific,true,LAC CMHI 170
ati-schedule-i-library-and-archives-of-canada,LAC PPU 027,en,LAC CMHI 155,institution_specific,true,LAC CMHI 155
ati-schedule-i-library-and-archives-of-canada,LAC PPU 027,en,LAC CMHI 170,institution_specific,true,LAC CMHI 170
ati-schedule-i-library-and-archives-of-canada,LAC PPU 721,en,LAC CMHI 155,institution_specific,true,LAC CMHI 155
ati-schedule-i-library-and-archives-of-canada,LAC PPU 721,en,LAC CMHI 170,institution_specific,true,LAC CMHI 170
ati-schedule-i-library-and-archives-of-canada,LAC PCU 748,en,LAC CMHI 155,institution_specific,true,LAC CMHI 155
ati-schedule-i-library-and-archives-of-canada,LAC PCU 748,en,LAC CMHI 170,institution_specific,true,LAC CMHI 170
ati-schedule-i-library-and-archives-of-canada,LAC PPU 018,en,LAC CMHI 155,institution_specific,true,LAC CMHI 155
ati-schedule-i-library-and-archives-of-canada,LAC PPU 018,en,LAC CMHI 170,institution_specific,true,LAC CMHI 170
ati-schedule-i-library-and-archives-of-canada,LAC PPU 722,en,LAC CMHI 155,institution_specific,true,LAC CMHI 155
ati-schedule-i-library-and-archives-of-canada,LAC PPU 722,en,LAC CMHI 170,institution_specific,true,LAC CMHI 170
ati-schedule-i-library-and-archives-of-canada,LAC PPU 023,en,LAC CMHI 155,institution_specific,true,LAC CMHI 155
ati-schedule-i-library-and-archives-of-canada,LAC PPU 023,en,LAC CMHI 170,institution_specific,true,LAC CMHI 170
ati-schedule-i-library-and-archives-of-canada,LAC PPU 024,en,LAC CMHI 155,institution_specific,true,LAC CMHI 155
ati-schedule-i-library-and-archives-of-canada,LAC PPU 024,en,LAC CMHI 170,institution_specific,true,LAC CMHI 170
ati-schedule-i-library-and-archives-of-canada,LAC PPU 026,en,LAC CMHI 155,institution_specific,true,LAC CMHI 155
ati-schedule-i-library-and-archives-of-canada,LAC PPU 026,en,LAC CMHI 170,institution_specific,true,LAC CMHI 170
ati-schedule-i-library-and-archives-of-canada,LAC PPU 028,en,LAC CMHI 155,institution_specific,true,LAC CMHI 155
ati-schedule-i-library-and-archives-of-canada,LAC PPU 028,en,LAC CMHI 170,institution_specific,true,LAC CMHI 170
ati-schedule-i-library-and-archives-of-canada,LAC PPU 725,en,LAC CMHI 155,institution_specific,true,LAC CMHI 155
ati-schedule-i-library-and-archives-of-canada,LAC PPU 725,en,LAC CMHI 170,institution_specific,true,LAC CMHI 170
ati-schedule-i-library-and-archives-of-canada,LAC PPU 719,en,LAC CMHI 155,institution_specific,true,LAC CMHI 155
ati-schedule-i-library-and-archives-of-canada,LAC PPU 719,en,LAC CMHI 170,institution_specific,true,LAC CMHI 170
ati-schedule-i-library-and-archives-of-canada,LAC PPU 029,en,LAC CMHI 155,institution_specific,true,LAC CMHI 155
ati-schedule-i-library-and-archives-of-canada,LAC PPU 029,en,LAC CMHI 170,institution_specific,true,LAC CMHI 170
ati-schedule-i-library-and-archives-of-canada,LAC PPE 713,en,LAC CMHI 170,institution_specific,true,LAC CMHI 170
ati-schedule-i-library-and-archives-of-canada,LAC PPE 712,en,LAC CMHI 170,institution_specific,true,LAC CMHI 170
ati-schedule-i-library-and-archives-of-canada,LAC PPE 711,en,LAC CMHI 170,institution_specific,true,LAC CMHI 170
ati-schedule-i-montreal-port-authority,MPA PPU 005,en,MPA LAS 005,institution_specific,true,MPA LAS 005
ati-schedule-i-montreal-port-authority,MPA PPU 035,en,MPA LAS 005,institution_specific,true,MPA LAS 005
ati-schedule-i-montreal-port-authority,MPA PPU 030,en,MPA LAS 005,institution_specific,true,MPA LAS 005
ati-schedule-i-montreal-port-authority,MPA PPU 040,en,MPA OPE 060,institution_specific,true,MPA SAF 060
ati-schedule-i-national-research-council-of-canada,NRC PPU 806,en,NRC IRC 011,institution_specific,false,
ati-schedule-i-natural-sciences-and-engineering-research-council,NSERC PPU 060,en,NSERC 006,institution_specific,true,NSERC 006
ati-schedule-i-natural-sciences-and-engineering-research-council,NSERC PPU 060,en,THROUGH 006,institution_specific,true,NSERC 006
ati-schedule-i-natural-sciences-and-engineering-research-council,NSERC PPU 060,fr,CRSNG 006,institution_specific,true,NSERC 006
ati-schedule-i-natural-sciences-and-engineering-research-council,NSERC PPU 023,en,NSERC 006,institution_specific,true,NSERC 006
ati-schedule-i-office-of-the-administrator-of-the-fund-for-railway-accidents-involving-designated-goods,SRCC PPU 001,en,SSOPF INC 001,institution_specific,false,
ati-schedule-i-office-of-the-administrator-of-the-fund-for-railway-accidents-involving-designated-goods,SRCC PPU 001,fr,CIDPHN INC 001,institution_specific,false,
ati-schedule-i-office-of-the-administrator-of-the-ship-source-oil-pollution-fund,SRCC PPU 001,en,SSOPF INC 001,institution_specific,false,
ati-schedule-i-office-of-the-administrator-of-the-ship-source-oil-pollution-fund,SRCC PPU 001,fr,CIDPHN INC 001,institution_specific,false,
ati-schedule-i-office-of-the-correctional-investigator-of-canada,OCI PPU 005,en,OCI BEC 030,institution_specific,true,OCI BEC 030
ati-schedule-i-office-of-the-correctional-investigator-of-canada,OCI PPU 005,en,OCI BEC 010,institution_specific,true,OCI BEC 010
ati-schedule-i-office-of-the-correctional-investigator-of-canada,OCI PPU 005,en,OCI BEC 005,institution_specific,true,OCI BEC 005
ati-schedule-i-office-of-the-correctional-investigator-of-canada,OCI PPU 005,en,OCI BEC 020,institution_specific,true,OCI BEC 020
ati-schedule-i-office-of-the-correctional-investigator-of-canada,OCI PPU 005,fr,OCI BEC 030,institution_specific,true,OCI BEC 030
ati-schedule-i-office-of-the-correctional-investigator-of-canada,OCI PPU 005,fr,OCI BEC 010,institution_specific,true,OCI BEC 010
ati-schedule-i-office-of-the-correctional-investigator-of-canada,OCI PPU 005,fr,OCI BEC 005,institution_specific,true,OCI BEC 005
ati-schedule-i-office-of-the-correctional-investigator-of-canada,OCI PPU 005,fr,OCI BEC 020,institution_specific,true,OCI BEC 020
ati-schedule-i-office-of-the-correctional-investigator-of-canada,OCI PPU 010,en,OCI BEC 035,institution_specific,true,OCI BEC 035
ati-schedule-i-office-of-the-correctional-investigator-of-canada,OCI PPU 010,fr,OCI BEC 035,institution_specific,true,OCI BEC 035
ati-schedule-i-office-of-the-director-of-public-prosecutions,SPPC PPU 005,fr,SPPC LGL 015,institution_specific,true,SPPC LGL 015
ati-schedule-i-office-of-the-director-of-public-prosecutions,SPPC PPU 001,fr,SPPC REG 001,institution_specific,true,SPPC REG 001
ati-schedule-i-office-of-the-privacy-commissioner,OPC PPU 005,en,OPC CPL 001,institution_specific,true,OPC CPL 001
ati-schedule-i-office-of-the-privacy-commissioner,OPC PPU 001,en,OPC CPL 002,institution_specific,true,OPC CPL 002
ati-schedule-i-office-of-the-privacy-commissioner,OPC PPU 008,en,OPC CPL 004,institution_specific,true,OPC CPL 004
ati-schedule-i-office-of-the-privacy-commissioner,OPC PPU 004,en,OPC CPL 006,institution_specific,true,OPC CPL 006
ati-schedule-i-office-of-the-privacy-commissioner,OPC PPU 006,en,OPC CPL 008,institution_specific,true,OPC CPL 008
ati-schedule-i-office-of-the-privacy-commissioner,OPC PPU 003,en,OPC PEC 002,institution_specific,true,OPC PEC 002
ati-schedule-i-office-of-the-public-sector-integrity-commissioner,PSIC PPU 005,en,PSIC 002,institution_specific,true,PSIC 002
ati-schedule-i-office-of-the-public-sector-integrity-commissioner,PSIC PPU 005,fr,ISPC 002,institution_specific,true,PSIC 002
ati-schedule-i-office-of-the-public-sector-integrity-commissioner,PSIC PPU 006,en,PSIC 004,institution_specific,true,PSIC 004
ati-schedule-i-office-of-the-public-sector-integrity-commissioner,PSIC PPU 006,fr,ISPC 004,institution_specific,true,PSIC 004
ati-schedule-i-office-of-the-superintendent-of-financial-institutions,OSFI PPU 020,en,OSFI RAI 001,institution_specific,true,OSFI RAI 001
ati-schedule-i-office-of-the-superintendent-of-financial-institutions,OSFI PPU 020,fr,OSFI RAI 001,institution_specific,true,OSFI RAI 001
ati-schedule-i-office-of-the-superintendent-of-financial-institutions,OSFI PPU 015,en,OSFI RAA 001,institution_specific,true,OSFI RAA 001
ati-schedule-i-office-of-the-superintendent-of-financial-institutions,OSFI PPE 001,en,PRN 931,standard,true,931
ati-schedule-i-office-of-the-superintendent-of-financial-institutions,OSFI PPE 001,fr,PRN 931,standard,true,931
ati-schedule-i-pacific-economic-development-agency-of-canada,PED PPU 055,en,PED 100,institution_specific,false,
ati-schedule-i-pacific-economic-development-agency-of-canada,PED PPU 055,en,PED 105,institution_specific,false,
ati-schedule-i-pacific-economic-development-agency-of-canada,PED PPU 055,en,PED 110,institution_specific,false,
ati-schedule-i-pacific-economic-development-agency-of-canada,PED PPU 055,en,PED 115,institution_specific,false,
ati-schedule-i-pacific-economic-development-agency-of-canada,PED PPU 055,en,PED 200,institution_specific,false,
ati-schedule-i-pacific-economic-development-agency-of-canada,PED PPU 055,en,PED 205,institution_specific,false,
ati-schedule-i-pacific-economic-development-agency-of-canada,PED PPU 055,en,PED 210,institution_specific,false,
ati-schedule-i-pacific-economic-development-agency-of-canada,PED PPU 055,en,PED 215,institution_specific,false,
ati-schedule-i-pacific-economic-development-agency-of-canada,PED PPU 055,en,PED 300,institution_specific,true,PED 300
ati-schedule-i-pacific-economic-development-agency-of-canada,PED PPU 055,en,PED 305,institution_specific,false,
ati-schedule-i-parole-board-of-canada,PBC PPU 005,en,PBC CLCC 005,institution_specific,true,PBC CLCC 005
ati-schedule-i-parole-board-of-canada,PBC PPU 005,en,PBC CLCC 010,institution_specific,true,PBC CLCC 010
ati-schedule-i-parole-board-of-canada,PBC PPU 005,en,PBC CLCC 015,institution_specific,true,PBC CLCC 015
ati-schedule-i-parole-board-of-canada,PBC PPU 015,en,PBC CLCC 020,institution_specific,true,PBC CLCC 020
ati-schedule-i-parole-board-of-canada,PBC PPU 010,en,PBC CLCC 025,institution_specific,true,PBC CLCC 025
ati-schedule-i-parole-board-of-canada,PBC PPU 010,en,PBC CLCC 030,institution_specific,true,PBC CLCC 030
ati-schedule-i-prince-rupert-port-authority,PRPA PPU 001,en,PRPA OP 007,institution_specific,true,PRPA OP 007
ati-schedule-i-prince-rupert-port-authority,PRPA PPU 001,fr,PRPA OP 007,institution_specific,true,PRPA OP 007
ati-schedule-i-prince-rupert-port-authority,PRPA PPU 003,en,PRPA OP 003,institution_specific,false,
ati-schedule-i-prince-rupert-port-authority,PRPA PPU 004,en,PRPA OP 002,institution_specific,false,
ati-schedule-i-prince-rupert-port-authority,PRPA PPU 002,en,PRPA FIN 002,institution_specific,false,
ati-schedule-i-prince-rupert-port-authority,PRPA PPU 008,en,PRPA OP 005,institution_specific,true,PRPA OP 005
ati-schedule-i-prince-rupert-port-authority,PRPA PPU 007,en,PRPA AM 001,institution_specific,true,PRPA AM 001
ati-schedule-i-prince-rupert-port-authority,PRPA PPU 009,en,PRPA COM 004,institution_specific,false,
ati-schedule-i-prince-rupert-port-authority,PRPA PPU 006,en,PRPA BUS 012,institution_specific,true,PRPA BUS 012
ati-schedule-i-prince-rupert-port-authority,PRPA PPU 005,en,PRPA CRA 010,institution_specific,true,PRPA CRA 010
ati-schedule-i-privy-council-office,PCO PPE 801,en,PCO PRN 920,standard,true,920
ati-schedule-i-privy-council-office,PCO PPE 801,en,PCO PRN 931,standard,true,931
ati-schedule-i-privy-council-office,PCO PPU 005,en,PCO 037,institution_specific,true,PCO 037
ati-schedule-i-privy-council-office,PCO PPU 010,en,PCO 032,institution_specific,true,PCO 032
ati-schedule-i-privy-council-office,PCO PPU 030,en,PCO 039,institution_specific,true,PCO 039
ati-schedule-i-public-health-agency-of-canada,PHAC PPU 314,en,PHAC 015,institution_specific,true,PHAC 015
ati-schedule-i-public-health-agency-of-canada,PHAC PPU 315,en,PHAC 015,institution_specific,true,PHAC 015
ati-schedule-i-public-health-agency-of-canada,PHAC PPU 071,en,PHAC 008,institution_specific,true,PHAC 008
ati-schedule-i-public-health-agency-of-canada,PHAC PPU 071,en,PHAC 010,institution_specific,true,PHAC 010
ati-schedule-i-public-health-agency-of-canada,PHAC PPU 071,fr,ASPC 008,institution_specific,true,PHAC 008
ati-schedule-i-public-health-agency-of-canada,PHAC PPU 071,fr,ASPC 010,institution_specific,true,PHAC 010
ati-schedule-i-public-health-agency-of-canada,PHAC PPU 074,en,PHAC 008,institution_specific,true,PHAC 008
ati-schedule-i-public-health-agency-of-canada,PHAC PPU 074,en,PHAC 010,institution_specific,true,PHAC 010
ati-schedule-i-public-health-agency-of-canada,PHAC PPU 074,fr,ASPC 008,institution_specific,true,PHAC 008
ati-schedule-i-public-health-agency-of-canada,PHAC PPU 074,fr,ASPC 010,institution_specific,true,PHAC 010
ati-schedule-i-public-health-agency-of-canada,PHAC PPU 290,en,PHAC 008,institution_specific,true,PHAC 008
ati-schedule-i-public-health-agency-of-canada,PHAC PPU 290,fr,PHAC 008,institution_specific,true,PHAC 008
ati-schedule-i-public-health-agency-of-canada,PHAC PPU 313,en,PHAC 008,institution_specific,true,PHAC 008
ati-schedule-i-public-health-agency-of-canada,PHAC PPE 305,en,PHAC 010,institution_specific,true,PHAC 010
ati-schedule-i-public-health-agency-of-canada,PHAC PPU 288,en,PHAC 008,institution_specific,true,PHAC 008
ati-schedule-i-public-health-agency-of-canada,PHAC PPU 306,en,PHAC 010,institution_specific,true,PHAC 010
ati-schedule-i-public-health-agency-of-canada,PHAC PPU 308,en,PHAC 010,institution_specific,true,PHAC 010
ati-schedule-i-public-health-agency-of-canada,PHAC PPU 309,en,PHAC 010,institution_specific,true,PHAC 010
ati-schedule-i-public-health-agency-of-canada,PHAC PPU 073,en,PHAC 010,institution_specific,true,PHAC 010
ati-schedule-i-public-health-agency-of-canada,PHAC PPU 072,en,PHAC 010,institution_specific,true,PHAC 010
ati-schedule-i-public-health-agency-of-canada,PHAC PPU 305,en,PHAC 010,institution_specific,true,PHAC 010
ati-schedule-i-public-health-agency-of-canada,PHAC PPU 307,en,PHAC 010,institution_specific,true,PHAC 010
ati-schedule-i-public-health-agency-of-canada,PHAC PPU 310,en,PHAC 010,institution_specific,true,PHAC 010
ati-schedule-i-public-health-agency-of-canada,PHAC PPU 310,fr,ASPC 010,institution_specific,true,PHAC 010
ati-schedule-i-public-health-agency-of-canada,PHAC PPU 286,en,PHAC 008,institution_specific,true,PHAC 008
ati-schedule-i-public-health-agency-of-canada,PHAC PPU 039,en,PHAC 008,institution_specific,true,PHAC 008
ati-schedule-i-public-health-agency-of-canada,PHAC PPU 293,en,PHAC 008,institution_specific,true,PHAC 008
ati-schedule-i-public-health-agency-of-canada,PHAC PPU 316,en,PHAC 008,institution_specific,true,PHAC 008
ati-schedule-i-public-health-agency-of-canada,PHAC PPU 317,en,PHAC 008,institution_specific,true,PHAC 008
ati-schedule-i-public-service-commission,PSC PCE 780,en,PSC 1.1.2,institution_specific,true,PSC 1.1.2
ati-schedule-i-public-service-commission,PSC PCE 780,fr,CFP 1.1.2,institution_specific,true,PSC 1.1.2
ati-schedule-i-public-service-commission,PSC PCE 774,en,PSC 1.1.2,institution_specific,true,PSC 1.1.2
ati-schedule-i-public-service-commission,PSC PCE 774,fr,CFP 1.1.2,institution_specific,true,PSC 1.1.2
ati-schedule-i-public-service-commission,PSC PCE 800,en,PSC 1.1.2,institution_specific,true,PSC 1.1.2
ati-schedule-i-public-service-commission,PSC PCE 800,fr,CFP 1.1.2,institution_specific,true,PSC 1.1.2
ati-schedule-i-public-service-commission,PSC PCE 801,en,PSC 1.1.2,institution_specific,true,PSC 1.1.2
ati-schedule-i-public-service-commission,PSC PCE 801,fr,CFP 1.1.2,institution_specific,true,PSC 1.1.2
ati-schedule-i-public-service-commission,PSC PCE 763,en,PSC 1.1.2,institution_specific,true,PSC 1.1.2
ati-schedule-i-public-service-commission,PSC PCE 721,en,PSC 1.2.1,institution_specific,true,PSC 1.2.1
ati-schedule-i-public-service-commission,PSC PCE 721,fr,CFP 1.2.1,institution_specific,true,PSC 1.2.1
ati-schedule-i-public-service-commission,PSC PCE 746,en,PSC 1.2.1,institution_specific,true,PSC 1.2.1
ati-schedule-i-public-service-commission,PSC PCE 746,fr,CFP 1.2.1,institution_specific,true,PSC 1.2.1
ati-schedule-i-public-service-commission,PSC PPE 801,en,PSC 1.2.1,institution_specific,true,PSC 1.2.1
ati-schedule-i-public-service-commission,PSC PPE 801,fr,CFP 1.2.1,institution_specific,true,PSC 1.2.1
ati-schedule-i-public-service-commission,PSC PCE 798,en,PSC 1.2.1,institution_specific,true,PSC 1.2.1
ati-schedule-i-public-service-commission,PSC PCE 798,fr,CFP 1.2.1,institution_specific,true,PSC 1.2.1
ati-schedule-i-public-service-commission,PSC PPU 015,en,PSC 1.2.1,institution_specific,true,PSC 1.2.1
ati-schedule-i-public-service-commission,PSC PPU 040,en,PSC 1.2.1,institution_specific,true,PSC 1.2.1
ati-schedule-i-public-service-commission,PSC PPU 040,fr,CFP 1.2.1,institution_specific,true,PSC 1.2.1
ati-schedule-i-public-service-commission,PSC PCU 202,en,PSC 1.2.2,institution_specific,true,PSC 1.2.2
ati-schedule-i-public-service-commission,PSC PCU 025,en,PSC 1.2.2,institution_specific,true,PSC 1.2.2
ati-schedule-i-public-service-commission,PSC PCU 025,fr,CFP 1.2.2,institution_specific,true,PSC 1.2.2
ati-schedule-i-public-service-commission,PSC PCE 744,en,PSC 1.2.2,institution_specific,true,PSC 1.2.2
ati-schedule-i-public-service-commission,PSC PCE 744,fr,CFP 1.2.2,institution_specific,true,PSC 1.2.2
ati-schedule-i-public-service-commission,PSC PCE 796,en,PSC 1.2.2,institution_specific,true,PSC 1.2.2
ati-schedule-i-public-service-commission,PSC PCE 796,fr,CFP 1.2.2,institution_specific,true,PSC 1.2.2
ati-schedule-i-public-service-commission,PSC PPU 211,en,PSC 1.2.2,institution_specific,true,PSC 1.2.2
ati-schedule-i-public-service-commission,PSC PCE 761,en,PSC 1.3.2,institution_specific,true,PSC 1.3.2
ati-schedule-i-public-service-commission,PSC PCE 761,fr,CFP 1.3.2,institution_specific,true,PSC 1.3.2
ati-schedule-i-public-service-commission,PSC PCE 708,en,PSC 1.3.3,institution_specific,true,PSC 1.3.3
ati-schedule-i-public-service-commission,PSC PCE 708,fr,CFP 1.3.3,institution_specific,true,PSC 1.3.3
ati-schedule-i-public-service-commission,PSC PPU 010,en,PSC 1.3.3,institution_specific,true,PSC 1.3.3
ati-schedule-i-public-service-commission,PSC PPU 010,fr,PSC 1.3.3,institution_specific,true,PSC 1.3.3
ati-schedule-i-public-service-commission,CFP PCE 734,fr,CF 1.3.2,institution_specific,true,PSC 1.3.2
ati-schedule-i-royal-canadian-mounted-police,RCMP PPE 801,en,RCMP EMP 001,institution_specific,false,
ati-schedule-i-royal-canadian-mounted-police,RCMP PPE 801,fr,GRC EMP 001,institution_specific,false,
ati-schedule-i-royal-canadian-mounted-police,RCMP PPE 802,en,RCMP EMP 001,institution_specific,false,
ati-schedule-i-royal-canadian-mounted-police,RCMP PPE 802,fr,GRC EMP 001,institution_specific,false,
ati-schedule-i-royal-canadian-mounted-police,RCMP PPE 803,en,RCMP ADM 442,institution_specific,false,
ati-schedule-i-royal-canadian-mounted-police,RCMP PPE 803,fr,GRC ADM 442,institution_specific,false,
ati-schedule-i-royal-canadian-mounted-police,RCMP PPE 804,en,RCMP EMP 001,institution_specific,false,
ati-schedule-i-royal-canadian-mounted-police,RCMP PPE 804,fr,GRC EMP 001,institution_specific,false,
ati-schedule-i-royal-canadian-mounted-police,RCMP PPE 805,en,RCMP EMP 001,institution_specific,false,
ati-schedule-i-royal-canadian-mounted-police,RCMP PPE 805,fr,GRC EMP 001,institution_specific,false,
ati-schedule-i-royal-canadian-mounted-police,RCMP PPE 806,en,RCMP EMP 001,institution_specific,false,
ati-schedule-i-royal-canadian-mounted-police,RCMP PPE 806,fr,GRC EMP 001,institution_specific,false,
ati-schedule-i-royal-canadian-mounted-police,RCMP PPE 807,en,RCMP ADM 245,institution_specific,false,
ati-schedule-i-royal-canadian-mounted-police,RCMP PPE 807,en,RCMP ADM 518,institution_specific,false,
ati-schedule-i-royal-canadian-mounted-police,RCMP PPE 807,fr,GRC ADM 245,institution_specific,false,
ati-schedule-i-royal-canadian-mounted-police,RCMP PPE 807,fr,GRC ADM 518,institution_specific,false,
ati-schedule-i-royal-canadian-mounted-police,RCMP PPE 808,en,RCMP EMP 001,institution_specific,false,
ati-schedule-i-royal-canadian-mounted-police,RCMP PPE 808,en,RCMP MP 002,institution_specific,false,
ati-schedule-i-royal-canadian-mounted-police,RCMP PPE 808,en,RCMP EMP 003,institution_specific,false,
ati-schedule-i-royal-canadian-mounted-police,RCMP PPE 808,en,RCMP EMP 004,institution_specific,false,
ati-schedule-i-royal-canadian-mounted-police,RCMP PPE 808,fr,GRC EMP 001,institution_specific,false,
ati-schedule-i-royal-canadian-mounted-police,RCMP PPE 808,fr,GRC EMP 002,institution_specific,false,
ati-schedule-i-royal-canadian-mounted-police,RCMP PPE 808,fr,GRC EMP 003,institution_specific,false,
ati-schedule-i-royal-canadian-mounted-police,RCMP PPE 808,fr,GRC EMP 004,institution_specific,false,
ati-schedule-i-royal-canadian-mounted-police,RCMP PPE 809,en,RCMP ADM 720,institution_specific,false,
ati-schedule-i-royal-canadian-mounted-police,RCMP PPE 809,fr,GRC ADM 720,institution_specific,false,
ati-schedule-i-royal-canadian-mounted-police,RCMP PPE 810,en,RCMP EMP 001,institution_specific,false,
ati-schedule-i-royal-canadian-mounted-police,RCMP PPE 810,fr,GRC EMP 001,institution_specific,false,
ati-schedule-i-royal-canadian-mounted-police,RCMP PPE 811,en,RCMP ADM 530,institution_specific,false,
ati-schedule-i-royal-canadian-mounted-police,RCMP PPE 812,en,RCMP ADM 415,institution_specific,false,
ati-schedule-i-royal-canadian-mounted-police,RCMP PPE 812,en,RCMP ADM 380,institution_specific,false,
ati-schedule-i-royal-canadian-mounted-police,RCMP PPE 812,en,RCMP ADM 390,institution_specific,false,
ati-schedule-i-royal-canadian-mounted-police,RCMP PPE 812,en,RCMP ADM 448,institution_specific,false,
ati-schedule-i-royal-canadian-mounted-police,RCMP PPE 812,en,RCMP ADM 372,institution_specific,false,
ati-schedule-i-royal-canadian-mounted-police,RCMP PPE 812,en,RCMP ADM 105,institution_specific,false,
ati-schedule-i-royal-canadian-mounted-police,RCMP PPE 812,fr,GRC ADM 415,institution_specific,false,
ati-schedule-i-royal-canadian-mounted-police,RCMP PPE 812,fr,GRC ADM 380,institution_specific,false,
ati-schedule-i-royal-canadian-mounted-police,RCMP PPE 812,fr,GRC ADM 390,institution_specific,false,
ati-schedule-i-royal-canadian-mounted-police,RCMP PPE 812,fr,GRC ADM 448,institution_specific,false,
ati-schedule-i-royal-canadian-mounted-police,RCMP PPE 812,fr,GRC ADM 372,institution_specific,false,
ati-schedule-i-royal-canadian-mounted-police,RCMP PPE 812,fr,GRC ADM 105,institution_specific,false,
ati-schedule-i-royal-canadian-mounted-police,RCMP PPE 815,en,RCMP ADM 002,institution_specific,false,
ati-schedule-i-royal-canadian-mounted-police,RCMP PPE 815,fr,GRC EMP 002,institution_specific,false,
ati-schedule-i-royal-canadian-mounted-police,RCMP PPE 818,en,RCMP EM 001,institution_specific,false,
ati-schedule-i-royal-canadian-mounted-police,RCMP PPE 818,en,RCMP EMP 003,institution_specific,false,
ati-schedule-i-royal-canadian-mounted-police,RCMP PPE 818,en,RCMP ADM 530,institution_specific,false,
ati-schedule-i-royal-canadian-mounted-police,RCMP PPE 818,en,RCMP EMP 002,institution_specific,false,
ati-schedule-i-royal-canadian-mounted-police,RCMP PPE 818,en,RCMP ADM 720,institution_specific,false,
ati-schedule-i-royal-canadian-mounted-police,RCMP PPE 818,fr,GRC EMP 001,institution_specific,false,
ati-schedule-i-royal-canadian-mounted-police,RCMP PPE 818,fr,GRC EMP 003,institution_specific,false,
ati-schedule-i-royal-canadian-mounted-police,RCMP PPE 818,fr,GRC ADM 530,institution_specific,false,
ati-schedule-i-royal-canadian-mounted-police,RCMP PPE 818,fr,GRC EMP 002,institution_specific,false,
ati-schedule-i-royal-canadian-mounted-police,RCMP PPE 818,fr,GRC ADM 720,institution_specific,false,
ati-schedule-i-royal-canadian-mounted-police,RCMP PPU 005,en,RCMP OPS 135,institution_specific,false,
ati-schedule-i-royal-canadian-mounted-police,RCMP PPU 005,fr,GRC OPS 135,institution_specific,false,
ati-schedule-i-royal-canadian-mounted-police,RCMP PPU 010,en,RCMP ADM 205,institution_specific,false,
ati-schedule-i-royal-canadian-mounted-police,RCMP PPU 010,en,RCMP ADM 720,institution_specific,false,
ati-schedule-i-royal-canadian-mounted-police,RCMP PPU 010,fr,GRC ADM 205,institution_specific,false,
ati-schedule-i-royal-canadian-mounted-police,RCMP PPU 010,fr,GRC ADM 720,institution_specific,false,
ati-schedule-i-royal-canadian-mounted-police,RCMP PPU 013,en,RCMP EMP 001,institution_specific,false,
ati-schedule-i-royal-canadian-mounted-police,RCMP PPU 013,en,RCMP EMP 002,institution_specific,false,
ati-schedule-i-royal-canadian-mounted-police,RCMP PPU 013,en,RCMP EMP 003,institution_specific,false,
ati-schedule-i-royal-canadian-mounted-police,RCMP PPU 013,en,RCMP ADM 565,institution_specific,false,
ati-schedule-i-royal-canadian-mounted-police,RCMP PPU 013,en,RCMP ADM 485,institution_specific,false,
ati-schedule-i-royal-canadian-mounted-police,RCMP PPU 013,en,RCMP ADM 445,institution_specific,false,
ati-schedule-i-royal-canadian-mounted-police,RCMP PPU 013,en,RCMP ADM 500,institution_specific,false,
ati-schedule-i-royal-canadian-mounted-police,RCMP PPU 013,en,RCMP ADM 390,institution_specific,false,
ati-schedule-i-royal-canadian-mounted-police,RCMP PPU 013,en,RCMP ADM 635,institution_specific,false,
ati-schedule-i-royal-canadian-mounted-police,RCMP PPU 013,en,RCMP ADM 374,institution_specific,false,
ati-schedule-i-royal-canadian-mounted-police,RCMP PPU 013,en,RCMP ADM 415,institution_specific,false,
ati-schedule-i-royal-canadian-mounted-police,RCMP PPU 013,en,RCMP ADM 450,institution_specific,false,
ati-schedule-i-royal-canadian-mounted-police,RCMP PPU 013,en,RCMP ADM 252,institution_specific,false,
ati-schedule-i-royal-canadian-mounted-police,RCMP PPU 013,en,RCMP ADM 442,institution_specific,false,
ati-schedule-i-royal-canadian-mounted-police,RCMP PPU 013,en,RCMP ADM 642,institution_specific,false,
ati-schedule-i-royal-canadian-mounted-police,RCMP PPU 013,en,RCMP ADM 645,institution_specific,false,
ati-schedule-i-royal-canadian-mounted-police,RCMP PPU 013,en,RCMP ADM 380,institution_specific,false,
ati-schedule-i-royal-canadian-mounted-police,RCMP PPU 013,fr,GRC EMP 001,institution_specific,false,
ati-schedule-i-royal-canadian-mounted-police,RCMP PPU 013,fr,GRC EMP 002,institution_specific,false,
ati-schedule-i-royal-canadian-mounted-police,RCMP PPU 013,fr,GRC EMP 003,institution_specific,false,
ati-schedule-i-royal-canadian-mounted-police,RCMP PPU 013,fr,GRC ADM 565,institution_specific,false,
ati-schedule-i-royal-canadian-mounted-police,RCMP PPU 013,fr,GRC ADM 485,institution_specific,false,
ati-schedule-i-royal-canadian-mounted-police,RCMP PPU 013,fr,GRC ADM 445,institution_specific,false,
ati-schedule-i-royal-canadian-mounted-police,RCMP PPU 013,fr,GRC ADM 500,institution_specific,false,
ati-schedule-i-royal-canadian-mounted-police,RCMP PPU 013,fr,GRC ADM 390,institution_specific,false,
ati-schedule-i-royal-canadian-mounted-police,RCMP PPU 013,fr,GRC ADM 635,institution_specific,false,
ati-schedule-i-royal-canadian-mounted-police,RCMP PPU 013,fr,GRC ADM 374,institution_specific,false,
ati-schedule-i-royal-canadian-mounted-police,RCMP PPU 013,fr,GRC ADM 415,institution_specific,false,
ati-schedule-i-royal-canadian-mounted-police,RCMP PPU 013,fr,GRC ADM 450,institution_specific,false,
ati-schedule-i-royal-canadian-mounted-police,RCMP PPU 013,fr,GRC ADM 252,institution_specific,false,
ati-schedule-i-royal-canadian-mounted-police,RCMP PPU 013,fr,GRC ADM 442,institution_specific,false,
ati-schedule-i-royal-canadian-mounted-police,RCMP PPU 013,fr,GRC ADM 642,institution_specific,false,
ati-schedule-i-royal-canadian-mounted-police,RCMP PPU 013,fr,GRC ADM 645,institution_specific,false,
ati-schedule-i-royal-canadian-mounted-police,RCMP PPU 013,fr,GRC ADM 380,institution_specific,false,
ati-schedule-i-royal-canadian-mounted-police,RCMP PPU 060,en,RCMP ADM 720,institution_specific,false,
ati-schedule-i-royal-canadian-mounted-police,RCMP PPU 060,en,RCMP ADM 340,institution_specific,false,
ati-schedule-i-royal-canadian-mounted-police,RCMP PPU 060,en,RCMP ADM 445,institution_specific,false,
ati-schedule-i-royal-canadian-mounted-police,RCMP PPU 060,fr,GRC ADM 720,institution_specific,false,
ati-schedule-i-royal-canadian-mounted-police,RCMP PPU 060,fr,GRC ADM 340,institution_specific,false,
ati-schedule-i-royal-canadian-mounted-police,RCMP PPU 060,fr,GRC ADM 445,institution_specific,false,
ati-schedule-i-royal-canadian-mounted-police,RCMP PPU 065,fr,CMP ADM 001,institution_specific,false,
ati-schedule-i-royal-canadian-mounted-police,RCMP PPU 070,en,RCMP ADM 530,institution_specific,false,
ati-schedule-i-royal-canadian-mounted-police,RCMP PPU 070,en,RCMP EMP 003,institution_specific,false,
ati-schedule-i-royal-canadian-mounted-police,RCMP PPU 070,en,RCMP ADM 445,institution_specific,false,
ati-schedule-i-royal-canadian-mounted-police,RCMP PPU 070,fr,GRC ADM 530,institution_specific,false,
ati-schedule-i-royal-canadian-mounted-police,RCMP PPU 070,fr,GRC EMP 003,institution_specific,false,
ati-schedule-i-royal-canadian-mounted-police,RCMP PPU 070,fr,GRC ADM 445,institution_specific,false,
ati-schedule-i-royal-canadian-mounted-police,RCMP PPU 075,en,RCMP ADM 105,institution_specific,false,
ati-schedule-i-royal-canadian-mounted-police,RCMP PPU 075,en,RCMP ADM 188,institution_specific,false,
ati-schedule-i-royal-canadian-mounted-police,RCMP PPU 075,en,RCMP ADM 372,institution_specific,false,
ati-schedule-i-royal-canadian-mounted-police,RCMP PPU 075,fr,GRC ADM 105,institution_specific,false,
ati-schedule-i-royal-canadian-mounted-police,RCMP PPU 075,fr,GRC ADM 188,institution_specific,false,
ati-schedule-i-royal-canadian-mounted-police,RCMP PPU 075,fr,GRC ADM 372,institution_specific,false,
ati-schedule-i-royal-canadian-mounted-police,RCMP PPU 080,en,RCMP ADM 565,institution_specific,false,
ati-schedule-i-royal-canadian-mounted-police,RCMP PPU 080,fr,GRC ADM 565,institution_specific,false,
ati-schedule-i-royal-canadian-mounted-police,RCMP PPU 090,en,RCMP ADM 350,institution_specific,false,
ati-schedule-i-royal-canadian-mounted-police,RCMP PPU 090,en,RCMP EMP 001,institution_specific,false,
ati-schedule-i-royal-canadian-mounted-police,RCMP PPU 090,en,RCMP EMP 003,institution_specific,false,
ati-schedule-i-royal-canadian-mounted-police,RCMP PPU 090,en,RCMP EMP 002,institution_specific,false,
ati-schedule-i-royal-canadian-mounted-police,RCMP PPU 090,en,RCMP ADM 720,institution_specific,false,
ati-schedule-i-royal-canadian-mounted-police,RCMP PPU 090,fr,GRC ADM 350,institution_specific,false,
ati-schedule-i-royal-canadian-mounted-police,RCMP PPU 090,fr,GRC EMP 001,institution_specific,false,
ati-schedule-i-royal-canadian-mounted-police,RCMP PPU 090,fr,GRC EMP 003,institution_specific,false,
ati-schedule-i-royal-canadian-mounted-police,RCMP PPU 090,fr,GRC EMP 002,institution_specific,false,
ati-schedule-i-royal-canadian-mounted-police,RCMP PPU 090,fr,GRC ADM 720,institution_specific,false,
ati-schedule-i-royal-canadian-mounted-police,RCMP PPU 095,en,RCMP INV 001,institution_specific,false,
ati-schedule-i-royal-canadian-mounted-police,RCMP PPU 095,fr,GRC INV 001,institution_specific,false,
ati-schedule-i-royal-canadian-mounted-police,GRC PPU 085,fr,GRC ADM 380,institution_specific,false,
ati-schedule-i-royal-canadian-mounted-police,GRC PPU 085,fr,GRC ADM 460,institution_specific,false,
ati-schedule-i-royal-canadian-mounted-police-external-review-committee,ERC PPU 804,en,ERC EXE 041,institution_specific,true,ERC EXE 041
ati-schedule-i-royal-canadian-mounted-police-external-review-committee,ERC PPU 804,fr,CEE EXE 041,institution_specific,true,ERC EXE 041
ati-schedule-i-royal-canadian-mounted-police-external-review-committee,ERC PPU 805,en,ERC EXE 041,institution_specific,true,ERC EXE 041
ati-schedule-i-royal-canadian-mounted-police-external-review-committee,ERC PPU 805,fr,CEE EXE 041,institution_specific,true,ERC EXE 041
ati-schedule-i-royal-canadian-mounted-police-external-review-committee,ERC PPU 801,en,ERC EXE 041,institution_specific,true,ERC EXE 041
ati-schedule-i-royal-canadian-mounted-police-external-review-committee,ERC PPU 801,fr,CEE EXE 041,institution_specific,true,ERC EXE 041
ati-schedule-i-royal-canadian-mounted-police-external-review-committee,ERC PPU 803,en,ERC EXE 041,institution_specific,true,ERC EXE 041
ati-schedule-i-royal-canadian-mounted-police-external-review-committee,ERC PPU 803,fr,CEE EXE 041,institution_specific,true,ERC EXE 041
ati-schedule-i-royal-canadian-mounted-police-external-review-committee,ERC PPU 802,en,ERC EXE 041,institution_specific,true,ERC EXE 041
ati-schedule-i-royal-canadian-mounted-police-external-review-committee,ERC PPU 802,fr,CEE EXE 041,institution_specific,true,ERC EXE 041
ati-schedule-i-sept-iles-port-authority,APSI PPU 490,fr,APSI SBI 490,institution_specific,false,
ati-schedule-i-sept-iles-port-authority,APSI PPU 345,fr,APSI NDP 345,standard,false,
ati-schedule-i-sept-iles-port-authority,APSI PPU 635,fr,APSI ACR 635,institution_specific,true,APSI ACR 635
ati-schedule-i-shared-services-canada,SSC PCU 608,en,SSC WTS 102,institution_specific,true,SSC WTS 102
ati-schedule-i-shared-services-canada,SSC PCU 707,en,SSC WTS 102,institution_specific,true,SSC WTS 102
ati-schedule-i-shared-services-canada,SSC PCU 050,en,SSC TS 402,institution_specific,true,SSC TS 402
ati-schedule-i-shared-services-canada,SSC PCU 050,en,SSC TS 403,institution_specific,true,SSC TS 403
ati-schedule-i-shared-services-canada,SSC PCU 606,en,SSC SS 600,institution_specific,true,SSC SS 600
ati-schedule-i-shared-services-canada,SSC PCU 607,en,SSC SS 600,institution_specific,true,SSC SS 600
ati-schedule-i-st-john-s-port-authority,STJPA PPU 001,en,STJPA PMS 010,institution_specific,true,STJPA PMS 010
ati-schedule-i-st-john-s-port-authority,STJPA PPU 002,en,STJPA TFP 010,institution_specific,true,STJPA TFP 010
ati-schedule-i-st-john-s-port-authority,STJPA PPU 003,en,STJPA CIC 005,institution_specific,true,STJPA CIC 005
ati-schedule-i-st-john-s-port-authority,STJPA PPU 004,en,STJPA CRH 005,institution_specific,true,STJPA CRH 005
ati-schedule-i-st-john-s-port-authority,STJPA PPU 005,en,STJPA HRO 050,institution_specific,true,STJPA HRO 050
ati-schedule-i-st-john-s-port-authority,STJPA PPU 006,en,STJPA HRO 050,institution_specific,true,STJPA HRO 050
ati-schedule-i-st-john-s-port-authority,STJPA PPU 007,en,STJPA HRO 050,institution_specific,true,STJPA HRO 050
ati-schedule-i-st-john-s-port-authority,STJPA PPU 008,en,STJPA HRO 050,institution_specific,true,STJPA HRO 050
ati-schedule-i-st-john-s-port-authority,STJPA PPU 009,en,STJPA CII 005,institution_specific,true,STJPA CII 005
ati-schedule-i-thunder-bay-port-authority,TBPA PPU 005,en,TBPA PRO 040,institution_specific,true,TBPA PRO 040
ati-schedule-i-thunder-bay-port-authority,TBPA PPU 005,fr,APTB PRO 040,institution_specific,true,TBPA PRO 040
ati-schedule-i-treasury-board-secretariat,TBS PCE 802,en,TBS MF 120,institution_specific,true,TBS MF 120
ati-schedule-i-treasury-board-secretariat,TBS PCE 802,fr,SCT CG 120,institution_specific,true,TBS MF 120
ati-schedule-i-treasury-board-secretariat,TBS PPU 030,en,TBS FM 408,institution_specific,true,TBS FM 408
ati-schedule-i-treasury-board-secretariat,TBS PPU 030,fr,SCT GF 408,institution_specific,true,TBS FM 408
ati-schedule-i-treasury-board-secretariat,TBS PCE 756,en,TBS FM 406,institution_specific,true,TBS FM 406
ati-schedule-i-treasury-board-secretariat,TBS PCE 756,fr,SCT GF 406,institution_specific,true,TBS FM 406
ati-schedule-i-treasury-board-secretariat,TBS PCE 805,en,TBS MF 126,institution_specific,true,TBS MF 126
ati-schedule-i-treasury-board-secretariat,TBS PCE 805,fr,SCT CG 126,institution_specific,true,TBS MF 126
ati-schedule-i-treasury-board-secretariat,TBS PCE 815,en,TBS FM 440,institution_specific,true,TBS FM 440
ati-schedule-i-treasury-board-secretariat,TBS PCE 815,fr,SCT GF 440,institution_specific,true,TBS FM 440
ati-schedule-i-treasury-board-secretariat,TBS PPU 095,en,TBS FM 417,institution_specific,true,TBS FM 417
ati-schedule-i-treasury-board-secretariat,TBS PPU 095,fr,SCT GF 417,institution_specific,true,TBS FM 417
ati-schedule-i-treasury-board-secretariat,TBS PCE 702,en,TBS PM 300,institution_specific,true,TBS PM 300
ati-schedule-i-treasury-board-secretariat,TBS PCE 702,fr,SCT RH 300,institution_specific,true,TBS PM 300
ati-schedule-i-treasury-board-secretariat,TBS PCE 760,en,TBS PM 250,institution_specific,true,TBS PM 250
ati-schedule-i-treasury-board-secretariat,TBS PCE 760,en,TBS PM 236,institution_specific,true,TBS PM 236
ati-schedule-i-treasury-board-secretariat,TBS PCE 760,fr,SCT RH 250,institution_specific,true,TBS PM 250
ati-schedule-i-treasury-board-secretariat,TBS PCE 760,fr,SCT RH 236,institution_specific,true,SCT RH 236
ati-schedule-i-treasury-board-secretariat,TBS PCE 810,en,TBS PM 250,institution_specific,true,TBS PM 250
ati-schedule-i-treasury-board-secretariat,TBS PCE 810,fr,SCT RH 250,institution_specific,true,TBS PM 250
ati-schedule-i-treasury-board-secretariat,TBS PCE 775,en,TBS PM 237,institution_specific,true,TBS PM 237
ati-schedule-i-treasury-board-secretariat,TBS PCE 775,fr,SCT RH 237,institution_specific,true,TBS PM 237
ati-schedule-i-treasury-board-secretariat,TBS PCE 820,en,TBS PM 248,institution_specific,true,TBS PM 248
ati-schedule-i-treasury-board-secretariat,TBS PCE 820,fr,SCT RH 248,institution_specific,true,TBS PM 248
ati-schedule-i-treasury-board-secretariat,TBS PCE 722,en,TBS PM 249,institution_specific,true,TBS PM 249
ati-schedule-i-treasury-board-secretariat,TBS PCE 722,fr,SCT RH 249,institution_specific,true,TBS PM 249
ati-schedule-i-treasury-board-secretariat,TBS PCE 728,en,TBS PM 249,institution_specific,true,TBS PM 249
ati-schedule-i-treasury-board-secretariat,TBS PCE 728,fr,SCT RH 249,institution_specific,true,TBS PM 249
ati-schedule-i-treasury-board-secretariat,TBS PPE 803,en,TBS PM 252,institution_specific,true,TBS PM 252
ati-schedule-i-treasury-board-secretariat,TBS PPE 803,fr,SCT RH 252,institution_specific,true,TBS PM 252
ati-schedule-i-treasury-board-secretariat,TBS PCE 705,en,TBS PM 201,institution_specific,true,TBS PM 201
ati-schedule-i-treasury-board-secretariat,TBS PCE 705,fr,SCT RH 201,institution_specific,true,TBS PM 201
ati-schedule-i-treasury-board-secretariat,TBS PPU 025,en,TBS PM 201,institution_specific,true,TBS PM 201
ati-schedule-i-treasury-board-secretariat,TBS PPU 025,fr,SCT RH 201,institution_specific,true,TBS PM 201
ati-schedule-i-treasury-board-secretariat,TBS PCE 740,en,TBS PM 201,institution_specific,true,TBS PM 201
ati-schedule-i-treasury-board-secretariat,TBS PCE 740,fr,SCT RH 201,institution_specific,true,TBS PM 201
ati-schedule-i-treasury-board-secretariat,TBS PCE 770,en,TBS PM 201,institution_specific,true,TBS PM 201
ati-schedule-i-treasury-board-secretariat,TBS PCE 770,fr,SCT RH 201,institution_specific,true,TBS PM 201
ati-schedule-i-treasury-board-secretariat,TBS PCE 803,en,TBS PM 209,institution_specific,true,TBS PM 209
ati-schedule-i-treasury-board-secretariat,TBS PCE 803,fr,SCT RH 209,institution_specific,true,TBS PM 209
ati-schedule-i-treasury-board-secretariat,TBS PCE 792,en,TBS PM 265,institution_specific,true,TBS PM 265
ati-schedule-i-treasury-board-secretariat,TBS PCE 792,fr,SCT RH 265,institution_specific,true,TBS PM 265
ati-schedule-i-treasury-board-secretariat,TBS PCE 723,en,TBS PM 236,institution_specific,true,TBS PM 236
ati-schedule-i-treasury-board-secretariat,TBS PCE 723,fr,SCT RH 236,institution_specific,true,SCT RH 236
ati-schedule-i-treasury-board-secretariat,TBS PCE 743,en,TBS PM 232,institution_specific,true,TBS PM 232
ati-schedule-i-treasury-board-secretariat,TBS PCE 743,fr,SCT RH 232,institution_specific,true,TBS PM 232
ati-schedule-i-treasury-board-secretariat,TBS PCE 789,en,TBS PM 255,institution_specific,true,TBS PM 255
ati-schedule-i-treasury-board-secretariat,TBS PCE 789,fr,SCT RH 255,institution_specific,true,TBS PM 255
ati-schedule-i-treasury-board-secretariat,TBS PCE 799,en,TBS PM 255,institution_specific,true,TBS PM 255
ati-schedule-i-treasury-board-secretariat,TBS PCE 799,fr,SCT RH 255,institution_specific,true,TBS PM 255
ati-schedule-i-treasury-board-secretariat,TBS PCE 745,en,TBS PM 236,institution_specific,true,TBS PM 236
ati-schedule-i-treasury-board-secretariat,TBS PCE 745,fr,SCT RH 236,institution_specific,true,SCT RH 236
ati-schedule-i-treasury-board-secretariat,TBS PCU 715,en,TBS PM 200,institution_specific,true,TBS PM 200
ati-schedule-i-treasury-board-secretariat,TBS PCU 715,fr,SCT RH 200,institution_specific,true,TBS PM 200
ati-schedule-i-treasury-board-secretariat,TBS PCE 754,en,TBS PM 275,institution_specific,true,TBS PM 275
ati-schedule-i-treasury-board-secretariat,TBS PCE 754,fr,SCT RH 275,institution_specific,true,TBS PM 275
ati-schedule-i-treasury-board-secretariat,TBS PCE 729,en,TBS PM 204,institution_specific,true,TBS PM 204
ati-schedule-i-treasury-board-secretariat,TBS PCE 729,fr,SCT RH 204,institution_specific,true,TBS PM 204
ati-schedule-i-treasury-board-secretariat,TBS PPU 035,en,TBS PM 205,institution_specific,true,TBS PM 205
ati-schedule-i-treasury-board-secretariat,TBS PPU 035,fr,SCT RH 205,institution_specific,true,TBS PM 205
ati-schedule-i-treasury-board-secretariat,TBS PCE 739,en,TBS PM 250,institution_specific,true,TBS PM 250
ati-schedule-i-treasury-board-secretariat,TBS PCE 739,en,TBS PM 236,institution_specific,true,TBS PM 236
ati-schedule-i-treasury-board-secretariat,TBS PCE 741,en,TBS PM 236,institution_specific,true,TBS PM 236
ati-schedule-i-treasury-board-secretariat,TBS PCE 741,fr,SCT RH 236,institution_specific,true,SCT RH 236
ati-schedule-i-treasury-board-secretariat,TBS PCE 747,en,TBS PM 236,institution_specific,true,TBS PM 236
ati-schedule-i-treasury-board-secretariat,TBS PCE 747,fr,SCT RH 236,institution_specific,true,SCT RH 236
ati-schedule-i-treasury-board-secretariat,TBS PCE 753,en,TBS PM 236,institution_specific,true,TBS PM 236
ati-schedule-i-treasury-board-secretariat,TBS PCE 753,fr,SCT RH 236,institution_specific,true,SCT RH 236
ati-schedule-i-treasury-board-secretariat,TBS PCE 764,en,TBS PM 236,institution_specific,true,TBS PM 236
ati-schedule-i-treasury-board-secretariat,TBS PCE 764,fr,SCT RH 236,institution_specific,true,SCT RH 236
ati-schedule-i-treasury-board-secretariat,TBS PCE 765,en,TBS PM 236,institution_specific,true,TBS PM 236
ati-schedule-i-treasury-board-secretariat,TBS PCE 765,fr,SCT RH 236,institution_specific,true,SCT RH 236
ati-schedule-i-treasury-board-secretariat,TBS PCE 769,en,TBS PM 236,institution_specific,true,TBS PM 236
ati-schedule-i-treasury-board-secretariat,TBS PCE 769,fr,SCT RH 236,institution_specific,true,SCT RH 236
ati-schedule-i-treasury-board-secretariat,TBS PCE 804,en,TBS PM 236,institution_specific,true,TBS PM 236
ati-schedule-i-treasury-board-secretariat,TBS PCE 804,fr,SCT RH 236,institution_specific,true,SCT RH 236
ati-schedule-i-treasury-board-secretariat,TBS PCE 742,en,TBS PM 236,institution_specific,true,TBS PM 236
ati-schedule-i-treasury-board-secretariat,TBS PCE 755,en,TBS PM 243,institution_specific,true,TBS PM 243
ati-schedule-i-treasury-board-secretariat,TBS PCE 755,fr,SCT RH 243,institution_specific,true,TBS PM 243
ati-schedule-i-treasury-board-secretariat,TBS PCE 807,en,TBS PM 253,institution_specific,true,TBS PM 253
ati-schedule-i-treasury-board-secretariat,TBS PCE 807,fr,SCT RH 253,institution_specific,true,TBS PM 253
ati-schedule-i-treasury-board-secretariat,TBS PCE 704,fr,SCT CG 125,institution_specific,true,TBS MF 125
ati-schedule-i-treasury-board-secretariat,TBS PCE 784,fr,SCT RH 236,institution_specific,true,SCT RH 236
