institution_id,institution_name_en,institution_name_fr,bank_number_key,language,language_label,related_record_number,relationship_scope,relationship_scope_label,resolved,resolution_label,cor_record_number,cor_record_number_display
ati-schedule-i-department-of-canadian-heritage,Department of Canadian Heritage,Ministère du Patrimoine canadien,PCH PPU 078,en,English,PCH PAC 050,institution_specific,Institution-specific class,true,Resolved,PCH PAC 050,PCH PAC 050
ati-schedule-i-department-of-canadian-heritage,Department of Canadian Heritage,Ministère du Patrimoine canadien,PCH PPU 078,fr,French,PCH PAC 050,institution_specific,Institution-specific class,true,Resolved,PCH PAC 050,PCH PAC 050
ati-schedule-i-department-of-canadian-heritage,Department of Canadian Heritage,Ministère du Patrimoine canadien,PCH PPU 070,en,English,PCH PAC 050,institution_specific,Institution-specific class,true,Resolved,PCH PAC 050,PCH PAC 050
ati-schedule-i-department-of-canadian-heritage,Department of Canadian Heritage,Ministère du Patrimoine canadien,PCH PPU 070,fr,French,PCH PAC 050,institution_specific,Institution-specific class,true,Resolved,PCH PAC 050,PCH PAC 050
ati-schedule-i-department-of-canadian-heritage,Department of Canadian Heritage,Ministère du Patrimoine canadien,PCH PPU 220,en,English,PCH SPT 005,institution_specific,Institution-specific class,true,Resolved,PCH SPT 005,PCH SPT 005
ati-schedule-i-department-of-canadian-heritage,Department of Canadian Heritage,Ministère du Patrimoine canadien,PCH PPU 220,fr,French,PCH SPT 005,institution_specific,Institution-specific class,true,Resolved,PCH SPT 005,PCH SPT 005
ati-schedule-i-department-of-canadian-heritage,Department of Canadian Heritage,Ministère du Patrimoine canadien,PCH PPU 232,en,English,PCH SPT 015,institution_specific,Institution-specific class,true,Resolved,PCH SPT 015,PCH SPT 015
ati-schedule-i-department-of-canadian-heritage,Department of Canadian Heritage,Ministère du Patrimoine canadien,PCH PPU 232,fr,French,PCH SPT 015,institution_specific,Institution-specific class,true,Resolved,PCH SPT 015,PCH SPT 015
ati-schedule-i-department-of-canadian-heritage,Department of Canadian Heritage,Ministère du Patrimoine canadien,PCH PPU 071,en,English,PCH PAC 050,institution_specific,Institution-specific class,true,Resolved,PCH PAC 050,PCH PAC 050
ati-schedule-i-department-of-canadian-heritage,Department of Canadian Heritage,Ministère du Patrimoine canadien,PCH PPU 071,fr,French,PCH PAC 050,institution_specific,Institution-specific class,true,Resolved,PCH PAC 050,PCH PAC 050
ati-schedule-i-department-of-citizenship-and-immigration,Department of Citizenship and Immigration,Ministère de la Citoyenneté et de l’Immigration,IRCC PPU 007,en,English,CIC ASB 011,institution_specific,Institution-specific class,true,Resolved,CIC ASB 011,CIC ASB 011
ati-schedule-i-department-of-citizenship-and-immigration,Department of Citizenship and Immigration,Ministère de la Citoyenneté et de l’Immigration,IRCC PPU 007,en,English,CIC APB 001,institution_specific,Institution-specific class,false,Needs review,,
ati-schedule-i-department-of-citizenship-and-immigration,Department of Citizenship and Immigration,Ministère de la Citoyenneté et de l’Immigration,IRCC PPU 007,fr,French,CIC ASB 011,institution_specific,Institution-specific class,true,Resolved,CIC ASB 011,CIC ASB 011
ati-schedule-i-department-of-citizenship-and-immigration,Department of Citizenship and Immigration,Ministère de la Citoyenneté et de l’Immigration,IRCC PPU 007,fr,French,CIC APB 001,institution_specific,Institution-specific class,false,Needs review,,
ati-schedule-i-department-of-citizenship-and-immigration,Department of Citizenship and Immigration,Ministère de la Citoyenneté et de l’Immigration,IRCC PPU 008,en,English,CIC ASB 008,institution_specific,Institution-specific class,true,Resolved,CIC ASB 008,CIC ASB 008
ati-schedule-i-department-of-citizenship-and-immigration,Department of Citizenship and Immigration,Ministère de la Citoyenneté et de l’Immigration,IRCC PPU 008,fr,French,CIC ASB 008,institution_specific,Institution-specific class,true,Resolved,CIC ASB 008,CIC ASB 008
ati-schedule-i-department-of-citizenship-and-immigration,Department of Citizenship and Immigration,Ministère de la Citoyenneté et de l’Immigration,IRCC PPU 009,en,English,CIC ASB 008,institution_specific,Institution-specific class,true,Resolved,CIC ASB 008,CIC ASB 008
ati-schedule-i-department-of-citizenship-and-immigration,Department of Citizenship and Immigration,Ministère de la Citoyenneté et de l’Immigration,IRCC PPU 009,fr,French,CIC ASB 008,institution_specific,Institution-specific class,true,Resolved,CIC ASB 008,CIC ASB 008
ati-schedule-i-department-of-citizenship-and-immigration,Department of Citizenship and Immigration,Ministère de la Citoyenneté et de l’Immigration,IRCC PPU 010,en,English,CIC ASB 010,institution_specific,Institution-specific class,true,Resolved,CIC ASB 010,CIC ASB 010
ati-schedule-i-department-of-citizenship-and-immigration,Department of Citizenship and Immigration,Ministère de la Citoyenneté et de l’Immigration,IRCC PPU 010,fr,French,CIC ASB 010,institution_specific,Institution-specific class,true,Resolved,CIC ASB 010,CIC ASB 010
ati-schedule-i-department-of-citizenship-and-immigration,Department of Citizenship and Immigration,Ministère de la Citoyenneté et de l’Immigration,IRCC PPU 013,en,English,CIC ASB 013,institution_specific,Institution-specific class,true,Resolved,CIC ASB 013,CIC ASB 013
ati-schedule-i-department-of-citizenship-and-immigration,Department of Citizenship and Immigration,Ministère de la Citoyenneté et de l’Immigration,IRCC PPU 013,en,English,CIC ASB 014,institution_specific,Institution-specific class,true,Resolved,CIC ASB 014,CIC ASB 014
ati-schedule-i-department-of-citizenship-and-immigration,Department of Citizenship and Immigration,Ministère de la Citoyenneté et de l’Immigration,IRCC PPU 013,fr,French,CIC ASB 013,institution_specific,Institution-specific class,true,Resolved,CIC ASB 013,CIC ASB 013
ati-schedule-i-department-of-citizenship-and-immigration,Department of Citizenship and Immigration,Ministère de la Citoyenneté et de l’Immigration,IRCC PPU 013,fr,French,CIC ASB 014,institution_specific,Institution-specific class,true,Resolved,CIC ASB 014,CIC ASB 014
ati-schedule-i-department-of-citizenship-and-immigration,Department of Citizenship and Immigration,Ministère de la Citoyenneté et de l’Immigration,IRCC PPU 042,en,English,CIC AOB 005,institution_specific,Institution-specific class,false,Needs review,,
ati-schedule-i-department-of-citizenship-and-immigration,Department of Citizenship and Immigration,Ministère de la Citoyenneté et de l’Immigration,IRCC PPU 042,fr,French,CIC AOB 005,institution_specific,Institution-specific class,false,Needs review,,
ati-schedule-i-department-of-citizenship-and-immigration,Department of Citizenship and Immigration,Ministère de la Citoyenneté et de l’Immigration,IRCC PPU 050,en,English,CIC ASB 004,institution_specific,Institution-specific class,true,Resolved,CIC ASB 004,CIC ASB 004
ati-schedule-i-department-of-citizenship-and-immigration,Department of Citizenship and Immigration,Ministère de la Citoyenneté et de l’Immigration,IRCC PPU 050,fr,French,CIC ASB 004,institution_specific,Institution-specific class,true,Resolved,CIC ASB 004,CIC ASB 004
ati-schedule-i-department-of-citizenship-and-immigration,Department of Citizenship and Immigration,Ministère de la Citoyenneté et de l’Immigration,IRCC PPU 051,en,English,CIC ASB 017,institution_specific,Institution-specific class,false,Needs review,,
ati-schedule-i-department-of-citizenship-and-immigration,Department of Citizenship and Immigration,Ministère de la Citoyenneté et de l’Immigration,IRCC PPU 051,fr,French,CIC ASB 017,institution_specific,Institution-specific class,false,Needs review,,
ati-schedule-i-department-of-citizenship-and-immigration,Department of Citizenship and Immigration,Ministère de la Citoyenneté et de l’Immigration,IRCC PPU 052,en,English,CIC AOB 003,institution_specific,Institution-specific class,false,Needs review,,
ati-schedule-i-department-of-citizenship-and-immigration,Department of Citizenship and Immigration,Ministère de la Citoyenneté et de l’Immigration,IRCC PPU 052,fr,French,CIC AOB 003,institution_specific,Institution-specific class,false,Needs review,,
ati-schedule-i-department-of-citizenship-and-immigration,Department of Citizenship and Immigration,Ministère de la Citoyenneté et de l’Immigration,IRCC PPU 054,en,English,CIC ASB 018,institution_specific,Institution-specific class,true,Resolved,CIC APB 018,CIC APB 018
ati-schedule-i-department-of-citizenship-and-immigration,Department of Citizenship and Immigration,Ministère de la Citoyenneté et de l’Immigration,IRCC PPU 054,fr,French,CIC ASB 018,institution_specific,Institution-specific class,true,Resolved,CIC APB 018,CIC APB 018
ati-schedule-i-department-of-citizenship-and-immigration,Department of Citizenship and Immigration,Ministère de la Citoyenneté et de l’Immigration,IRCC PPU 055,en,English,CIC ASB 009,institution_specific,Institution-specific class,true,Resolved,CIC ASB 009,CIC ASB 009
ati-schedule-i-department-of-citizenship-and-immigration,Department of Citizenship and Immigration,Ministère de la Citoyenneté et de l’Immigration,IRCC PPU 055,en,English,CIC ASB 012,institution_specific,Institution-specific class,true,Resolved,CIC ASB 012,CIC ASB 012
ati-schedule-i-department-of-citizenship-and-immigration,Department of Citizenship and Immigration,Ministère de la Citoyenneté et de l’Immigration,IRCC PPU 055,fr,French,CIC ASB 009,institution_specific,Institution-specific class,true,Resolved,CIC ASB 009,CIC ASB 009
ati-schedule-i-department-of-citizenship-and-immigration,Department of Citizenship and Immigration,Ministère de la Citoyenneté et de l’Immigration,IRCC PPU 055,fr,French,CIC ASB 012,institution_specific,Institution-specific class,true,Resolved,CIC ASB 012,CIC ASB 012
ati-schedule-i-department-of-citizenship-and-immigration,Department of Citizenship and Immigration,Ministère de la Citoyenneté et de l’Immigration,IRCC PPU 062,en,English,CIC ASB 020,institution_specific,Institution-specific class,true,Resolved,CIC ASB 020,CIC ASB 020
ati-schedule-i-department-of-citizenship-and-immigration,Department of Citizenship and Immigration,Ministère de la Citoyenneté et de l’Immigration,IRCC PPU 062,fr,French,CIC ASB 020,institution_specific,Institution-specific class,true,Resolved,CIC ASB 020,CIC ASB 020
ati-schedule-i-department-of-citizenship-and-immigration,Department of Citizenship and Immigration,Ministère de la Citoyenneté et de l’Immigration,IRCC PPU 065,en,English,CIC ASB 021,institution_specific,Institution-specific class,true,Resolved,CIC ASB 021,CIC ASB 021
ati-schedule-i-department-of-citizenship-and-immigration,Department of Citizenship and Immigration,Ministère de la Citoyenneté et de l’Immigration,IRCC PPU 065,en,English,CIC ASB 011,institution_specific,Institution-specific class,true,Resolved,CIC ASB 011,CIC ASB 011
ati-schedule-i-department-of-citizenship-and-immigration,Department of Citizenship and Immigration,Ministère de la Citoyenneté et de l’Immigration,IRCC PPU 065,en,English,CIC APB 001,institution_specific,Institution-specific class,false,Needs review,,
ati-schedule-i-department-of-citizenship-and-immigration,Department of Citizenship and Immigration,Ministère de la Citoyenneté et de l’Immigration,IRCC PPU 065,fr,French,CIC ASB 021,institution_specific,Institution-specific class,true,Resolved,CIC ASB 021,CIC ASB 021
ati-schedule-i-department-of-citizenship-and-immigration,Department of Citizenship and Immigration,Ministère de la Citoyenneté et de l’Immigration,IRCC PPU 065,fr,French,CIC ASB 011,institution_specific,Institution-specific class,true,Resolved,CIC ASB 011,CIC ASB 011
ati-schedule-i-department-of-citizenship-and-immigration,Department of Citizenship and Immigration,Ministère de la Citoyenneté et de l’Immigration,IRCC PPU 065,fr,French,CIC APB 001,institution_specific,Institution-specific class,false,Needs review,,
ati-schedule-i-department-of-citizenship-and-immigration,Department of Citizenship and Immigration,Ministère de la Citoyenneté et de l’Immigration,IRCC PPU 066,en,English,CIC ASB 008,institution_specific,Institution-specific class,true,Resolved,CIC ASB 008,CIC ASB 008
ati-schedule-i-department-of-citizenship-and-immigration,Department of Citizenship and Immigration,Ministère de la Citoyenneté et de l’Immigration,IRCC PPU 066,fr,French,CIC ASB 008,institution_specific,Institution-specific class,true,Resolved,CIC ASB 008,CIC ASB 008
ati-schedule-i-department-of-citizenship-and-immigration,Department of Citizenship and Immigration,Ministère de la Citoyenneté et de l’Immigration,IRCC PPU 067,en,English,CIC ASB 016,institution_specific,Institution-specific class,true,Resolved,CIC ASB 016,CIC ASB 016
ati-schedule-i-department-of-citizenship-and-immigration,Department of Citizenship and Immigration,Ministère de la Citoyenneté et de l’Immigration,IRCC PPU 067,fr,French,CIC ASB 016,institution_specific,Institution-specific class,true,Resolved,CIC ASB 016,CIC ASB 016
ati-schedule-i-department-of-citizenship-and-immigration,Department of Citizenship and Immigration,Ministère de la Citoyenneté et de l’Immigration,IRCC PPU 068,en,English,CIC ASB 016,institution_specific,Institution-specific class,true,Resolved,CIC ASB 016,CIC ASB 016
ati-schedule-i-department-of-citizenship-and-immigration,Department of Citizenship and Immigration,Ministère de la Citoyenneté et de l’Immigration,IRCC PPU 068,en,English,CIC ASB 009,institution_specific,Institution-specific class,true,Resolved,CIC ASB 009,CIC ASB 009
ati-schedule-i-department-of-citizenship-and-immigration,Department of Citizenship and Immigration,Ministère de la Citoyenneté et de l’Immigration,IRCC PPU 068,en,English,CIC ASB 012,institution_specific,Institution-specific class,true,Resolved,CIC ASB 012,CIC ASB 012
ati-schedule-i-department-of-citizenship-and-immigration,Department of Citizenship and Immigration,Ministère de la Citoyenneté et de l’Immigration,IRCC PPU 068,fr,French,CIC ASB 016,institution_specific,Institution-specific class,true,Resolved,CIC ASB 016,CIC ASB 016
ati-schedule-i-department-of-citizenship-and-immigration,Department of Citizenship and Immigration,Ministère de la Citoyenneté et de l’Immigration,IRCC PPU 068,fr,French,CIC ASB 009,institution_specific,Institution-specific class,true,Resolved,CIC ASB 009,CIC ASB 009
ati-schedule-i-department-of-citizenship-and-immigration,Department of Citizenship and Immigration,Ministère de la Citoyenneté et de l’Immigration,IRCC PPU 068,fr,French,CIC ASB 012,institution_specific,Institution-specific class,true,Resolved,CIC ASB 012,CIC ASB 012
ati-schedule-i-department-of-citizenship-and-immigration,Department of Citizenship and Immigration,Ministère de la Citoyenneté et de l’Immigration,IRCC PPU 072,en,English,CIC AOB 006,institution_specific,Institution-specific class,true,Resolved,CIC AOB 006,CIC AOB 006
ati-schedule-i-department-of-citizenship-and-immigration,Department of Citizenship and Immigration,Ministère de la Citoyenneté et de l’Immigration,IRCC PPU 072,fr,French,CIC AOB 006,institution_specific,Institution-specific class,true,Resolved,CIC AOB 006,CIC AOB 006
ati-schedule-i-department-of-crown-indigenous-relations-and-northern-affairs,Department of Crown-Indigenous Relations and Northern Affairs,Ministère des Relations Couronne-Autochtones et des Affaires du Nord,CIRNAC PPU 020,en,English,CIRNAC NAO 140,institution_specific,Institution-specific class,true,Resolved,CIRNAC NAO 140,CIRNAC NAO 140
ati-schedule-i-department-of-crown-indigenous-relations-and-northern-affairs,Department of Crown-Indigenous Relations and Northern Affairs,Ministère des Relations Couronne-Autochtones et des Affaires du Nord,CIRNAC PPU 170,en,English,CIRNAC NAO 276,institution_specific,Institution-specific class,true,Resolved,CIRNAC NAO 276,CIRNAC NAO 276
ati-schedule-i-department-of-crown-indigenous-relations-and-northern-affairs,Department of Crown-Indigenous Relations and Northern Affairs,Ministère des Relations Couronne-Autochtones et des Affaires du Nord,CIRNAC PPU 136,en,English,CIRNAC NAO 266,institution_specific,Institution-specific class,true,Resolved,CIRNAC NAO 266,CIRNAC NAO 266
ati-schedule-i-department-of-crown-indigenous-relations-and-northern-affairs,Department of Crown-Indigenous Relations and Northern Affairs,Ministère des Relations Couronne-Autochtones et des Affaires du Nord,CIRNAC PPU 140,en,English,CIRNAC NAO 266,institution_specific,Institution-specific class,true,Resolved,CIRNAC NAO 266,CIRNAC NAO 266
ati-schedule-i-department-of-crown-indigenous-relations-and-northern-affairs,Department of Crown-Indigenous Relations and Northern Affairs,Ministère des Relations Couronne-Autochtones et des Affaires du Nord,CIRNAC PPU 806,en,English,CIRNAC NAO 286,institution_specific,Institution-specific class,true,Resolved,CIRNAC NAO 286,CIRNAC NAO 286
ati-schedule-i-department-of-crown-indigenous-relations-and-northern-affairs,Department of Crown-Indigenous Relations and Northern Affairs,Ministère des Relations Couronne-Autochtones et des Affaires du Nord,CIRNAC PPU 155,en,English,CIRNAC NAO 286,institution_specific,Institution-specific class,true,Resolved,CIRNAC NAO 286,CIRNAC NAO 286
ati-schedule-i-department-of-crown-indigenous-relations-and-northern-affairs,Department of Crown-Indigenous Relations and Northern Affairs,Ministère des Relations Couronne-Autochtones et des Affaires du Nord,CIRNAC PPU 300,en,English,CIRNAC CFO 040,institution_specific,Institution-specific class,true,Resolved,CIRNAC CFO 040,CIRNAC CFO 040
ati-schedule-i-department-of-crown-indigenous-relations-and-northern-affairs,Department of Crown-Indigenous Relations and Northern Affairs,Ministère des Relations Couronne-Autochtones et des Affaires du Nord,CIRNAC PPU 250,en,English,CIRNAC CFO 250,institution_specific,Institution-specific class,true,Resolved,CIRNAC CFO 250,CIRNAC CFO 250
ati-schedule-i-department-of-crown-indigenous-relations-and-northern-affairs,Department of Crown-Indigenous Relations and Northern Affairs,Ministère des Relations Couronne-Autochtones et des Affaires du Nord,CIRNAC PPE 802,en,English,AANDC DMO 100,institution_specific,Institution-specific class,false,Needs review,,
ati-schedule-i-department-of-crown-indigenous-relations-and-northern-affairs,Department of Crown-Indigenous Relations and Northern Affairs,Ministère des Relations Couronne-Autochtones et des Affaires du Nord,CIRNAC PSU 941,en,English,PRN 916,standard,Standard class,true,Resolved,916,PRN 916 / NDP 916
ati-schedule-i-department-of-crown-indigenous-relations-and-northern-affairs,Department of Crown-Indigenous Relations and Northern Affairs,Ministère des Relations Couronne-Autochtones et des Affaires du Nord,CIRNAC PPU 151,en,English,CIRNAC AES 151,institution_specific,Institution-specific class,true,Resolved,CIRNAC AES 151,CIRNAC AES 151
ati-schedule-i-department-of-crown-indigenous-relations-and-northern-affairs,Department of Crown-Indigenous Relations and Northern Affairs,Ministère des Relations Couronne-Autochtones et des Affaires du Nord,CIRNAC PPU 151,en,English,ISC FNI 005,institution_specific,Institution-specific class,false,Needs review,,
ati-schedule-i-department-of-crown-indigenous-relations-and-northern-affairs,Department of Crown-Indigenous Relations and Northern Affairs,Ministère des Relations Couronne-Autochtones et des Affaires du Nord,CIRNAC PPU 151,en,English,ISC FNI 010,institution_specific,Institution-specific class,false,Needs review,,
ati-schedule-i-department-of-crown-indigenous-relations-and-northern-affairs,Department of Crown-Indigenous Relations and Northern Affairs,Ministère des Relations Couronne-Autochtones et des Affaires du Nord,CIRNAC PPU 151,en,English,ISC FNI 015,institution_specific,Institution-specific class,false,Needs review,,
ati-schedule-i-department-of-employment-and-social-development,Department of Employment and Social Development,Ministère de l’Emploi et du Développement social,ESDC PPU 291,en,English,ESDC PMMC 001,institution_specific,Institution-specific class,true,Resolved,ESDC PMMC 001,ESDC PMMC 001
ati-schedule-i-department-of-employment-and-social-development,Department of Employment and Social Development,Ministère de l’Emploi et du Développement social,ESDC PPU 291,fr,French,EDSC PEAD 001,institution_specific,Institution-specific class,false,Needs review,,
ati-schedule-i-department-of-employment-and-social-development,Department of Employment and Social Development,Ministère de l’Emploi et du Développement social,ESDC PPU 650,en,English,ESDC PMVA 205,institution_specific,Institution-specific class,true,Resolved,ESDC PMVA 205,ESDC PMVA 205
ati-schedule-i-department-of-employment-and-social-development,Department of Employment and Social Development,Ministère de l’Emploi et du Développement social,ESDC PPU 650,fr,French,EDSC PPMPB 205,institution_specific,Institution-specific class,true,Resolved,ESDC PMVA 205,ESDC PMVA 205
ati-schedule-i-department-of-employment-and-social-development,Department of Employment and Social Development,Ministère de l’Emploi et du Développement social,ESDC PPU 038,en,English,ESDC IS 049,institution_specific,Institution-specific class,true,Resolved,ESDC IS 049,ESDC IS 049
ati-schedule-i-department-of-employment-and-social-development,Department of Employment and Social Development,Ministère de l’Emploi et du Développement social,ESDC PPU 038,fr,French,EDSC SR 049,institution_specific,Institution-specific class,true,Resolved,ESDC IS 049,ESDC IS 049
ati-schedule-i-department-of-employment-and-social-development,Department of Employment and Social Development,Ministère de l’Emploi et du Développement social,ESDC PPU 146,en,English,ESDC IAP 064,institution_specific,Institution-specific class,true,Resolved,ESDC IAP 064,ESDC IAP 064
ati-schedule-i-department-of-employment-and-social-development,Department of Employment and Social Development,Ministère de l’Emploi et du Développement social,ESDC PPU 146,fr,French,EDSC IET 064,institution_specific,Institution-specific class,true,Resolved,ESDC IAP 064,ESDC IAP 064
ati-schedule-i-department-of-employment-and-social-development,Department of Employment and Social Development,Ministère de l’Emploi et du Développement social,ESDC PPU 140,en,English,ESDC IAP 064,institution_specific,Institution-specific class,true,Resolved,ESDC IAP 064,ESDC IAP 064
ati-schedule-i-department-of-employment-and-social-development,Department of Employment and Social Development,Ministère de l’Emploi et du Développement social,ESDC PPU 140,fr,French,EDSC IET 064,institution_specific,Institution-specific class,true,Resolved,ESDC IAP 064,ESDC IAP 064
ati-schedule-i-department-of-employment-and-social-development,Department of Employment and Social Development,Ministère de l’Emploi et du Développement social,ESDC PPU 649,en,English,ESDC IS 045,institution_specific,Institution-specific class,false,Needs review,,
ati-schedule-i-department-of-employment-and-social-development,Department of Employment and Social Development,Ministère de l’Emploi et du Développement social,ESDC PPU 649,en,English,ESDC IS 046,institution_specific,Institution-specific class,false,Needs review,,
ati-schedule-i-department-of-employment-and-social-development,Department of Employment and Social Development,Ministère de l’Emploi et du Développement social,ESDC PPU 649,en,English,ESDC IS 047,institution_specific,Institution-specific class,false,Needs review,,
ati-schedule-i-department-of-employment-and-social-development,Department of Employment and Social Development,Ministère de l’Emploi et du Développement social,ESDC PPU 649,en,English,ESDC IAP 059,institution_specific,Institution-specific class,true,Resolved,ESDC IAP 059,ESDC IAP 059
ati-schedule-i-department-of-employment-and-social-development,Department of Employment and Social Development,Ministère de l’Emploi et du Développement social,ESDC PPU 649,fr,French,EDSC SR 045,institution_specific,Institution-specific class,false,Needs review,,
ati-schedule-i-department-of-employment-and-social-development,Department of Employment and Social Development,Ministère de l’Emploi et du Développement social,ESDC PPU 649,fr,French,EDSC SR 046,institution_specific,Institution-specific class,false,Needs review,,
ati-schedule-i-department-of-employment-and-social-development,Department of Employment and Social Development,Ministère de l’Emploi et du Développement social,ESDC PPU 649,fr,French,EDSC SR 047,institution_specific,Institution-specific class,false,Needs review,,
ati-schedule-i-department-of-employment-and-social-development,Department of Employment and Social Development,Ministère de l’Emploi et du Développement social,ESDC PPU 649,fr,French,EDSC IET 059,institution_specific,Institution-specific class,true,Resolved,EDSC IET 059,EDSC IET 059
ati-schedule-i-department-of-employment-and-social-development,Department of Employment and Social Development,Ministère de l’Emploi et du Développement social,ESDC PPU 116,en,English,ESDC IAP 063,institution_specific,Institution-specific class,true,Resolved,ESDC IAP 063,ESDC IAP 063
ati-schedule-i-department-of-employment-and-social-development,Department of Employment and Social Development,Ministère de l’Emploi et du Développement social,ESDC PPU 116,fr,French,EDSC IET 063,institution_specific,Institution-specific class,true,Resolved,ESDC IAP 063,ESDC IAP 063
ati-schedule-i-department-of-employment-and-social-development,Department of Employment and Social Development,Ministère de l’Emploi et du Développement social,ESDC PPU 336,en,English,ESDC IAP 063,institution_specific,Institution-specific class,true,Resolved,ESDC IAP 063,ESDC IAP 063
ati-schedule-i-department-of-employment-and-social-development,Department of Employment and Social Development,Ministère de l’Emploi et du Développement social,ESDC PPU 336,fr,French,EDSC IET 063,institution_specific,Institution-specific class,true,Resolved,ESDC IAP 063,ESDC IAP 063
ati-schedule-i-department-of-employment-and-social-development,Department of Employment and Social Development,Ministère de l’Emploi et du Développement social,ESDC PPU 102,en,English,ESDC UCCB 200,institution_specific,Institution-specific class,true,Resolved,ESDC UCCB 200,ESDC UCCB 200
ati-schedule-i-department-of-employment-and-social-development,Department of Employment and Social Development,Ministère de l’Emploi et du Développement social,ESDC PPU 102,fr,French,EDSC PUGE 200,institution_specific,Institution-specific class,true,Resolved,ESDC UCCB 200,ESDC UCCB 200
ati-schedule-i-department-of-employment-and-social-development,Department of Employment and Social Development,Ministère de l’Emploi et du Développement social,ESDC PPU 395,en,English,ESDC IAP 545,institution_specific,Institution-specific class,true,Resolved,ESDC IAP 545,ESDC IAP 545
ati-schedule-i-department-of-employment-and-social-development,Department of Employment and Social Development,Ministère de l’Emploi et du Développement social,ESDC PPU 395,fr,French,EDSC IET 545,institution_specific,Institution-specific class,true,Resolved,ESDC IAP 545,ESDC IAP 545
ati-schedule-i-department-of-employment-and-social-development,Department of Employment and Social Development,Ministère de l’Emploi et du Développement social,ESDC PPU 171,en,English,ESDC IAP 059,institution_specific,Institution-specific class,true,Resolved,ESDC IAP 059,ESDC IAP 059
ati-schedule-i-department-of-employment-and-social-development,Department of Employment and Social Development,Ministère de l’Emploi et du Développement social,ESDC PPU 171,en,English,ESDC IAP 070,institution_specific,Institution-specific class,true,Resolved,ESDC IAP 070,ESDC IAP 070
ati-schedule-i-department-of-employment-and-social-development,Department of Employment and Social Development,Ministère de l’Emploi et du Développement social,ESDC PPU 171,fr,French,EDSC IET 059,institution_specific,Institution-specific class,true,Resolved,EDSC IET 059,EDSC IET 059
ati-schedule-i-department-of-employment-and-social-development,Department of Employment and Social Development,Ministère de l’Emploi et du Développement social,ESDC PPU 171,fr,French,EDSC IET 070,institution_specific,Institution-specific class,true,Resolved,ESDC IAP 070,ESDC IAP 070
ati-schedule-i-department-of-employment-and-social-development,Department of Employment and Social Development,Ministère de l’Emploi et du Développement social,ESDC PPU 118,en,English,ESDC IAP 059,institution_specific,Institution-specific class,true,Resolved,ESDC IAP 059,ESDC IAP 059
ati-schedule-i-department-of-employment-and-social-development,Department of Employment and Social Development,Ministère de l’Emploi et du Développement social,ESDC PPU 118,en,English,ESDC IAP 070,institution_specific,Institution-specific class,true,Resolved,ESDC IAP 070,ESDC IAP 070
ati-schedule-i-department-of-employment-and-social-development,Department of Employment and Social Development,Ministère de l’Emploi et du Développement social,ESDC PPU 118,fr,French,EDSC IET 059,institution_specific,Institution-specific class,true,Resolved,EDSC IET 059,EDSC IET 059
ati-schedule-i-department-of-employment-and-social-development,Department of Employment and Social Development,Ministère de l’Emploi et du Développement social,ESDC PPU 118,fr,French,EDSC IET 070,institution_specific,Institution-specific class,true,Resolved,ESDC IAP 070,ESDC IAP 070
ati-schedule-i-department-of-employment-and-social-development,Department of Employment and Social Development,Ministère de l’Emploi et du Développement social,ESDC PPU 506,en,English,ESDC LB 113,institution_specific,Institution-specific class,true,Resolved,ESDC LB 113,ESDC LB 113
ati-schedule-i-department-of-employment-and-social-development,Department of Employment and Social Development,Ministère de l’Emploi et du Développement social,ESDC PPU 506,fr,French,EDSC DGA 113,institution_specific,Institution-specific class,true,Resolved,ESDC LB 113,ESDC LB 113
ati-schedule-i-department-of-employment-and-social-development,Department of Employment and Social Development,Ministère de l’Emploi et du Développement social,ESDC PPU 151,en,English,ESDC IAP 070,institution_specific,Institution-specific class,true,Resolved,ESDC IAP 070,ESDC IAP 070
ati-schedule-i-department-of-employment-and-social-development,Department of Employment and Social Development,Ministère de l’Emploi et du Développement social,ESDC PPU 151,en,English,ESDC IAP 071,institution_specific,Institution-specific class,true,Resolved,ESDC IAP 071,ESDC IAP 071
ati-schedule-i-department-of-employment-and-social-development,Department of Employment and Social Development,Ministère de l’Emploi et du Développement social,ESDC PPU 151,fr,French,EDSC IET 070,institution_specific,Institution-specific class,true,Resolved,ESDC IAP 070,ESDC IAP 070
ati-schedule-i-department-of-employment-and-social-development,Department of Employment and Social Development,Ministère de l’Emploi et du Développement social,ESDC PPU 151,fr,French,EDSC IET 071,institution_specific,Institution-specific class,true,Resolved,ESDC IAP 071,ESDC IAP 071
ati-schedule-i-department-of-employment-and-social-development,Department of Employment and Social Development,Ministère de l’Emploi et du Développement social,ESDC PPU 030,en,English,ESDC LB 110,institution_specific,Institution-specific class,true,Resolved,ESDC LB 110,ESDC LB 110
ati-schedule-i-department-of-employment-and-social-development,Department of Employment and Social Development,Ministère de l’Emploi et du Développement social,ESDC PPU 030,en,English,ESDC LB 111,institution_specific,Institution-specific class,true,Resolved,ESDC LB 111,ESDC LB 111
ati-schedule-i-department-of-employment-and-social-development,Department of Employment and Social Development,Ministère de l’Emploi et du Développement social,ESDC PPU 709,en,English,ESDC LB 115,institution_specific,Institution-specific class,true,Resolved,ESDC LB 115,ESDC LB 115
ati-schedule-i-department-of-employment-and-social-development,Department of Employment and Social Development,Ministère de l’Emploi et du Développement social,ESDC PPU 709,fr,French,EDSC DGA 115,institution_specific,Institution-specific class,true,Resolved,ESDC LB 115,ESDC LB 115
ati-schedule-i-department-of-employment-and-social-development,Department of Employment and Social Development,Ministère de l’Emploi et du Développement social,ESDC PPU 297,en,English,ESDC IAP 142,institution_specific,Institution-specific class,true,Resolved,ESDC IAP 142,ESDC IAP 142
ati-schedule-i-department-of-employment-and-social-development,Department of Employment and Social Development,Ministère de l’Emploi et du Développement social,ESDC PPU 297,fr,French,ESDC IAP 142,institution_specific,Institution-specific class,true,Resolved,ESDC IAP 142,ESDC IAP 142
ati-schedule-i-department-of-employment-and-social-development,Department of Employment and Social Development,Ministère de l’Emploi et du Développement social,ESDC PPU 299,en,English,ESDC IAP 153,institution_specific,Institution-specific class,true,Resolved,ESDC IAP 153,ESDC IAP 153
ati-schedule-i-department-of-employment-and-social-development,Department of Employment and Social Development,Ministère de l’Emploi et du Développement social,ESDC PPU 299,fr,French,EDSC IET 153,institution_specific,Institution-specific class,true,Resolved,ESDC IAP 153,ESDC IAP 153
ati-schedule-i-department-of-employment-and-social-development,Department of Employment and Social Development,Ministère de l’Emploi et du Développement social,ESDC PPU 390,en,English,ESDC IAP 060,institution_specific,Institution-specific class,true,Resolved,ESDC IAP 060,ESDC IAP 060
ati-schedule-i-department-of-employment-and-social-development,Department of Employment and Social Development,Ministère de l’Emploi et du Développement social,ESDC PPU 390,fr,French,EDSC IET 060,institution_specific,Institution-specific class,true,Resolved,ESDC IAP 060,ESDC IAP 060
ati-schedule-i-department-of-employment-and-social-development,Department of Employment and Social Development,Ministère de l’Emploi et du Développement social,ESDC PPU 180,en,English,ESDC IAP 070,institution_specific,Institution-specific class,true,Resolved,ESDC IAP 070,ESDC IAP 070
ati-schedule-i-department-of-employment-and-social-development,Department of Employment and Social Development,Ministère de l’Emploi et du Développement social,ESDC PPU 180,fr,French,EDSC IET 070,institution_specific,Institution-specific class,true,Resolved,ESDC IAP 070,ESDC IAP 070
ati-schedule-i-department-of-employment-and-social-development,Department of Employment and Social Development,Ministère de l’Emploi et du Développement social,ESDC PPU 155,en,English,ESDC IAP 070,institution_specific,Institution-specific class,true,Resolved,ESDC IAP 070,ESDC IAP 070
ati-schedule-i-department-of-employment-and-social-development,Department of Employment and Social Development,Ministère de l’Emploi et du Développement social,ESDC PPU 155,fr,French,EDSC IET 070,institution_specific,Institution-specific class,true,Resolved,ESDC IAP 070,ESDC IAP 070
ati-schedule-i-department-of-employment-and-social-development,Department of Employment and Social Development,Ministère de l’Emploi et du Développement social,ESDC PPU 385,en,English,ESDC IAP 059,institution_specific,Institution-specific class,true,Resolved,ESDC IAP 059,ESDC IAP 059
ati-schedule-i-department-of-employment-and-social-development,Department of Employment and Social Development,Ministère de l’Emploi et du Développement social,ESDC PPU 501,en,English,ESDC IAP 070,institution_specific,Institution-specific class,true,Resolved,ESDC IAP 070,ESDC IAP 070
ati-schedule-i-department-of-employment-and-social-development,Department of Employment and Social Development,Ministère de l’Emploi et du Développement social,ESDC PPU 501,fr,French,EDSC IET 070,institution_specific,Institution-specific class,true,Resolved,ESDC IAP 070,ESDC IAP 070
ati-schedule-i-department-of-employment-and-social-development,Department of Employment and Social Development,Ministère de l’Emploi et du Développement social,ESDC PPU 150,en,English,ESDC IAP 070,institution_specific,Institution-specific class,true,Resolved,ESDC IAP 070,ESDC IAP 070
ati-schedule-i-department-of-employment-and-social-development,Department of Employment and Social Development,Ministère de l’Emploi et du Développement social,ESDC PPU 150,fr,French,EDSC IET 070,institution_specific,Institution-specific class,true,Resolved,ESDC IAP 070,ESDC IAP 070
ati-schedule-i-department-of-employment-and-social-development,Department of Employment and Social Development,Ministère de l’Emploi et du Développement social,ESDC PPU 170,en,English,ESDC IAP 070,institution_specific,Institution-specific class,true,Resolved,ESDC IAP 070,ESDC IAP 070
ati-schedule-i-department-of-employment-and-social-development,Department of Employment and Social Development,Ministère de l’Emploi et du Développement social,ESDC PPU 170,fr,French,EDSC IET 070,institution_specific,Institution-specific class,true,Resolved,ESDC IAP 070,ESDC IAP 070
ati-schedule-i-department-of-employment-and-social-development,Department of Employment and Social Development,Ministère de l’Emploi et du Développement social,ESDC PPU 281,en,English,ESDC IAP 070,institution_specific,Institution-specific class,true,Resolved,ESDC IAP 070,ESDC IAP 070
ati-schedule-i-department-of-employment-and-social-development,Department of Employment and Social Development,Ministère de l’Emploi et du Développement social,ESDC PPU 281,fr,French,EDSC IET 070,institution_specific,Institution-specific class,true,Resolved,ESDC IAP 070,ESDC IAP 070
ati-schedule-i-department-of-employment-and-social-development,Department of Employment and Social Development,Ministère de l’Emploi et du Développement social,ESDC PPU 323,en,English,ESDC IAP 070,institution_specific,Institution-specific class,true,Resolved,ESDC IAP 070,ESDC IAP 070
ati-schedule-i-department-of-employment-and-social-development,Department of Employment and Social Development,Ministère de l’Emploi et du Développement social,ESDC PPU 323,fr,French,EDSC IET 070,institution_specific,Institution-specific class,true,Resolved,ESDC IAP 070,ESDC IAP 070
ati-schedule-i-department-of-employment-and-social-development,Department of Employment and Social Development,Ministère de l’Emploi et du Développement social,ESDC PPU 295,en,English,ESDC SEB 130,institution_specific,Institution-specific class,true,Resolved,ESDC SEB 130,ESDC SEB 130
ati-schedule-i-department-of-employment-and-social-development,Department of Employment and Social Development,Ministère de l’Emploi et du Développement social,ESDC PPU 295,en,English,AND 136,institution_specific,Institution-specific class,true,Resolved,ESDC SEB 136,ESDC SEB 136
ati-schedule-i-department-of-employment-and-social-development,Department of Employment and Social Development,Ministère de l’Emploi et du Développement social,ESDC PPU 295,fr,French,ESDC SEB 130,institution_specific,Institution-specific class,true,Resolved,ESDC SEB 130,ESDC SEB 130
ati-schedule-i-department-of-employment-and-social-development,Department of Employment and Social Development,Ministère de l’Emploi et du Développement social,ESDC PPU 295,fr,French,ET 136,institution_specific,Institution-specific class,true,Resolved,ESDC SEB 136,ESDC SEB 136
ati-schedule-i-department-of-employment-and-social-development,Department of Employment and Social Development,Ministère de l’Emploi et du Développement social,ESDC PPU 302,en,English,ESDC IAP 061,institution_specific,Institution-specific class,true,Resolved,ESDC IAP 061,ESDC IAP 061
ati-schedule-i-department-of-employment-and-social-development,Department of Employment and Social Development,Ministère de l’Emploi et du Développement social,ESDC PPU 302,en,English,AND 070,institution_specific,Institution-specific class,true,Resolved,ESDC IAP 070,ESDC IAP 070
ati-schedule-i-department-of-employment-and-social-development,Department of Employment and Social Development,Ministère de l’Emploi et du Développement social,ESDC PPU 302,fr,French,EDSC PAR 061,institution_specific,Institution-specific class,true,Resolved,ESDC IAP 061,ESDC IAP 061
ati-schedule-i-department-of-employment-and-social-development,Department of Employment and Social Development,Ministère de l’Emploi et du Développement social,ESDC PPU 302,fr,French,AND 070,institution_specific,Institution-specific class,true,Resolved,ESDC IAP 070,ESDC IAP 070
ati-schedule-i-department-of-employment-and-social-development,Department of Employment and Social Development,Ministère de l’Emploi et du Développement social,ESDC PPU 717,en,English,ESDC SEB 132,institution_specific,Institution-specific class,true,Resolved,ESDC SEB 132,ESDC SEB 132
ati-schedule-i-department-of-employment-and-social-development,Department of Employment and Social Development,Ministère de l’Emploi et du Développement social,ESDC PPU 717,fr,French,EDSC DGCE 132,institution_specific,Institution-specific class,true,Resolved,ESDC SEB 132,ESDC SEB 132
ati-schedule-i-department-of-employment-and-social-development,Department of Employment and Social Development,Ministère de l’Emploi et du Développement social,ESDC PPU 711,en,English,ESDC SEB 149,institution_specific,Institution-specific class,true,Resolved,ESDC SEB 149,ESDC SEB 149
ati-schedule-i-department-of-employment-and-social-development,Department of Employment and Social Development,Ministère de l’Emploi et du Développement social,ESDC PPU 293,en,English,ESDC SEB 131,institution_specific,Institution-specific class,true,Resolved,ESDC SEB 131,ESDC SEB 131
ati-schedule-i-department-of-employment-and-social-development,Department of Employment and Social Development,Ministère de l’Emploi et du Développement social,ESDC PPU 293,fr,French,EDSC DGCE 131,institution_specific,Institution-specific class,true,Resolved,ESDC SEB 131,ESDC SEB 131
ati-schedule-i-department-of-employment-and-social-development,Department of Employment and Social Development,Ministère de l’Emploi et du Développement social,ESDC PPU 300,en,English,ESDC SEB 138,institution_specific,Institution-specific class,true,Resolved,ESDC SEB 138,ESDC SEB 138
ati-schedule-i-department-of-employment-and-social-development,Department of Employment and Social Development,Ministère de l’Emploi et du Développement social,ESDC PPU 300,fr,French,EDSC DGCE 138,institution_specific,Institution-specific class,true,Resolved,ESDC SEB 138,ESDC SEB 138
ati-schedule-i-department-of-employment-and-social-development,Department of Employment and Social Development,Ministère de l’Emploi et du Développement social,ESDC PPU 703,en,English,ESDC SEB 140,institution_specific,Institution-specific class,false,Needs review,,
ati-schedule-i-department-of-employment-and-social-development,Department of Employment and Social Development,Ministère de l’Emploi et du Développement social,ESDC PPU 703,fr,French,ESDC SEB 140,institution_specific,Institution-specific class,false,Needs review,,
ati-schedule-i-department-of-employment-and-social-development,Department of Employment and Social Development,Ministère de l’Emploi et du Développement social,ESDC PPU 710,en,English,ESDC SEB 151,institution_specific,Institution-specific class,true,Resolved,ESDC SEB 151,ESDC SEB 151
ati-schedule-i-department-of-employment-and-social-development,Department of Employment and Social Development,Ministère de l’Emploi et du Développement social,ESDC PPU 710,fr,French,EDSC DGCE 151,institution_specific,Institution-specific class,true,Resolved,ESDC SEB 151,ESDC SEB 151
ati-schedule-i-department-of-employment-and-social-development,Department of Employment and Social Development,Ministère de l’Emploi et du Développement social,ESDC PPU 440,en,English,ESDC SEB 147,institution_specific,Institution-specific class,true,Resolved,ESDC SEB 147,ESDC SEB 147
ati-schedule-i-department-of-employment-and-social-development,Department of Employment and Social Development,Ministère de l’Emploi et du Développement social,ESDC PPU 440,fr,French,EDSC DGCE 147,institution_specific,Institution-specific class,true,Resolved,ESDC SEB 147,ESDC SEB 147
ati-schedule-i-department-of-employment-and-social-development,Department of Employment and Social Development,Ministère de l’Emploi et du Développement social,ESDC PPU 715,en,English,ESDC IAP 059,institution_specific,Institution-specific class,true,Resolved,ESDC IAP 059,ESDC IAP 059
ati-schedule-i-department-of-employment-and-social-development,Department of Employment and Social Development,Ministère de l’Emploi et du Développement social,ESDC PPU 715,en,English,ESDC SEB 147,institution_specific,Institution-specific class,true,Resolved,ESDC SEB 147,ESDC SEB 147
ati-schedule-i-department-of-employment-and-social-development,Department of Employment and Social Development,Ministère de l’Emploi et du Développement social,ESDC PPU 715,fr,French,EDSC IET 059,institution_specific,Institution-specific class,true,Resolved,EDSC IET 059,EDSC IET 059
ati-schedule-i-department-of-employment-and-social-development,Department of Employment and Social Development,Ministère de l’Emploi et du Développement social,ESDC PPU 715,fr,French,EDSC DGCE 147,institution_specific,Institution-specific class,true,Resolved,ESDC SEB 147,ESDC SEB 147
ati-schedule-i-department-of-employment-and-social-development,Department of Employment and Social Development,Ministère de l’Emploi et du Développement social,ESDC PPU 303,en,English,ESDC SEB 133,institution_specific,Institution-specific class,true,Resolved,ESDC SEB 133,ESDC SEB 133
ati-schedule-i-department-of-employment-and-social-development,Department of Employment and Social Development,Ministère de l’Emploi et du Développement social,ESDC PPU 303,fr,French,EDSC DGCE 133,institution_specific,Institution-specific class,true,Resolved,ESDC SEB 133,ESDC SEB 133
ati-schedule-i-department-of-employment-and-social-development,Department of Employment and Social Development,Ministère de l’Emploi et du Développement social,ESDC PPU 706,en,English,ESDC SEB 134,institution_specific,Institution-specific class,true,Resolved,ESDC SEB 134,ESDC SEB 134
ati-schedule-i-department-of-employment-and-social-development,Department of Employment and Social Development,Ministère de l’Emploi et du Développement social,ESDC PPU 706,fr,French,EDSC DGCE 134,institution_specific,Institution-specific class,true,Resolved,ESDC SEB 134,ESDC SEB 134
ati-schedule-i-department-of-employment-and-social-development,Department of Employment and Social Development,Ministère de l’Emploi et du Développement social,ESDC PPU 705,en,English,ESDC SEB 135,institution_specific,Institution-specific class,true,Resolved,ESDC SEB 135,ESDC SEB 135
ati-schedule-i-department-of-employment-and-social-development,Department of Employment and Social Development,Ministère de l’Emploi et du Développement social,ESDC PPU 705,fr,French,EDSC DGCE 135,institution_specific,Institution-specific class,true,Resolved,ESDC SEB 135,ESDC SEB 135
ati-schedule-i-department-of-employment-and-social-development,Department of Employment and Social Development,Ministère de l’Emploi et du Développement social,ESDC PPU 730,en,English,ESDC CCS 002,institution_specific,Institution-specific class,true,Resolved,ESDC CCS 002,ESDC CCS 002
ati-schedule-i-department-of-employment-and-social-development,Department of Employment and Social Development,Ministère de l’Emploi et du Développement social,ESDC PPU 730,fr,French,EDSC SCC 002,institution_specific,Institution-specific class,false,Needs review,,
ati-schedule-i-department-of-employment-and-social-development,Department of Employment and Social Development,Ministère de l’Emploi et du Développement social,ESDC PPU 301,en,English,ESDC IAP 058,institution_specific,Institution-specific class,true,Resolved,ESDC IAP 058,ESDC IAP 058
ati-schedule-i-department-of-employment-and-social-development,Department of Employment and Social Development,Ministère de l’Emploi et du Développement social,ESDC PPU 301,fr,French,EDSC IET 058,institution_specific,Institution-specific class,true,Resolved,ESDC IAP 058,ESDC IAP 058
ati-schedule-i-department-of-employment-and-social-development,Department of Employment and Social Development,Ministère de l’Emploi et du Développement social,ESDC PPU 716,en,English,ESDC SEB 142,institution_specific,Institution-specific class,true,Resolved,ESDC SEB 142,ESDC SEB 142
ati-schedule-i-department-of-employment-and-social-development,Department of Employment and Social Development,Ministère de l’Emploi et du Développement social,ESDC PPU 716,fr,French,EDSC DGCE 142,institution_specific,Institution-specific class,false,Needs review,,
ati-schedule-i-department-of-employment-and-social-development,Department of Employment and Social Development,Ministère de l’Emploi et du Développement social,ESDC PPU 032,en,English,ESDC LAB 097,institution_specific,Institution-specific class,true,Resolved,ESDC LAB 097,ESDC LAB 097
ati-schedule-i-department-of-employment-and-social-development,Department of Employment and Social Development,Ministère de l’Emploi et du Développement social,ESDC PPU 032,fr,French,EDSC TRA 097,institution_specific,Institution-specific class,true,Resolved,EDSC TRA 097,EDSC TRA 097
ati-schedule-i-department-of-employment-and-social-development,Department of Employment and Social Development,Ministère de l’Emploi et du Développement social,ESDC PPU 037,en,English,ESDC LAB 097,institution_specific,Institution-specific class,true,Resolved,ESDC LAB 097,ESDC LAB 097
ati-schedule-i-department-of-employment-and-social-development,Department of Employment and Social Development,Ministère de l’Emploi et du Développement social,ESDC PPU 037,fr,French,EDSC TRA 097,institution_specific,Institution-specific class,true,Resolved,EDSC TRA 097,EDSC TRA 097
ati-schedule-i-department-of-employment-and-social-development,Department of Employment and Social Development,Ministère de l’Emploi et du Développement social,ESDC PPU 034,en,English,ESDC LAB 097,institution_specific,Institution-specific class,true,Resolved,ESDC LAB 097,ESDC LAB 097
ati-schedule-i-department-of-employment-and-social-development,Department of Employment and Social Development,Ministère de l’Emploi et du Développement social,ESDC PPU 034,fr,French,EDSC TRA 097,institution_specific,Institution-specific class,true,Resolved,EDSC TRA 097,EDSC TRA 097
ati-schedule-i-department-of-employment-and-social-development,Department of Employment and Social Development,Ministère de l’Emploi et du Développement social,ESDC PPU 033,en,English,ESDC LAB 097,institution_specific,Institution-specific class,true,Resolved,ESDC LAB 097,ESDC LAB 097
ati-schedule-i-department-of-employment-and-social-development,Department of Employment and Social Development,Ministère de l’Emploi et du Développement social,ESDC PPU 036,fr,French,EDSC TRA 090,institution_specific,Institution-specific class,true,Resolved,ESDC LAB 090,ESDC LAB 090
ati-schedule-i-department-of-employment-and-social-development,Department of Employment and Social Development,Ministère de l’Emploi et du Développement social,ESDC PPU 050,en,English,ESDC LAB 090,institution_specific,Institution-specific class,true,Resolved,ESDC LAB 090,ESDC LAB 090
ati-schedule-i-department-of-employment-and-social-development,Department of Employment and Social Development,Ministère de l’Emploi et du Développement social,ESDC PPU 050,fr,French,EDSC TRA 090,institution_specific,Institution-specific class,true,Resolved,ESDC LAB 090,ESDC LAB 090
ati-schedule-i-department-of-employment-and-social-development,Department of Employment and Social Development,Ministère de l’Emploi et du Développement social,ESDC PPU 728,en,English,ESDC LAB 100,institution_specific,Institution-specific class,true,Resolved,ESDC LAB 100,ESDC LAB 100
ati-schedule-i-department-of-employment-and-social-development,Department of Employment and Social Development,Ministère de l’Emploi et du Développement social,ESDC PPU 006,en,English,ESDC LAB 095,institution_specific,Institution-specific class,true,Resolved,ESDC LAB 095,ESDC LAB 095
ati-schedule-i-department-of-employment-and-social-development,Department of Employment and Social Development,Ministère de l’Emploi et du Développement social,ESDC PPU 006,fr,French,EDSC TRA 095,institution_specific,Institution-specific class,true,Resolved,ESDC LAB 095,ESDC LAB 095
ati-schedule-i-department-of-employment-and-social-development,Department of Employment and Social Development,Ministère de l’Emploi et du Développement social,ESDC PPU 041,en,English,ESDC LAB 091,institution_specific,Institution-specific class,true,Resolved,ESDC LAB 091,ESDC LAB 091
ati-schedule-i-department-of-employment-and-social-development,Department of Employment and Social Development,Ministère de l’Emploi et du Développement social,ESDC PPU 041,fr,French,EDSC TRA 091,institution_specific,Institution-specific class,true,Resolved,ESDC LAB 091,ESDC LAB 091
ati-schedule-i-department-of-employment-and-social-development,Department of Employment and Social Development,Ministère de l’Emploi et du Développement social,ESDC PPU 024,fr,French,EDSC TRA 093,institution_specific,Institution-specific class,true,Resolved,ESDC LAB 093,ESDC LAB 093
ati-schedule-i-department-of-employment-and-social-development,Department of Employment and Social Development,Ministère de l’Emploi et du Développement social,ESDC PPU 098,en,English,ESDC LAB 102,institution_specific,Institution-specific class,true,Resolved,ESDC LAB 102,ESDC LAB 102
ati-schedule-i-department-of-employment-and-social-development,Department of Employment and Social Development,Ministère de l’Emploi et du Développement social,ESDC PPU 098,fr,French,EDSC TRA 102,institution_specific,Institution-specific class,true,Resolved,ESDC LAB 102,ESDC LAB 102
ati-schedule-i-department-of-employment-and-social-development,Department of Employment and Social Development,Ministère de l’Emploi et du Développement social,ESDC PPU 035,en,English,ESDC LAB 098,institution_specific,Institution-specific class,true,Resolved,ESDC LAB 098,ESDC LAB 098
ati-schedule-i-department-of-employment-and-social-development,Department of Employment and Social Development,Ministère de l’Emploi et du Développement social,ESDC PPU 035,fr,French,EDSC TRA 098,institution_specific,Institution-specific class,true,Resolved,ESDC LAB 098,ESDC LAB 098
ati-schedule-i-department-of-employment-and-social-development,Department of Employment and Social Development,Ministère de l’Emploi et du Développement social,ESDC PPU 739,en,English,ESDC LAB 092,institution_specific,Institution-specific class,true,Resolved,ESDC LAB 092,ESDC LAB 092
ati-schedule-i-department-of-employment-and-social-development,Department of Employment and Social Development,Ministère de l’Emploi et du Développement social,ESDC PPU 739,en,English,AND 096,institution_specific,Institution-specific class,true,Resolved,ESDC LAB 096,ESDC LAB 096
ati-schedule-i-department-of-employment-and-social-development,Department of Employment and Social Development,Ministère de l’Emploi et du Développement social,ESDC PPU 739,fr,French,ESDC TRA 096,institution_specific,Institution-specific class,true,Resolved,ESDC LAB 096,ESDC LAB 096
ati-schedule-i-department-of-employment-and-social-development,Department of Employment and Social Development,Ministère de l’Emploi et du Développement social,ESDC PPU 739,fr,French,ESDC TRA 092,institution_specific,Institution-specific class,true,Resolved,ESDC LAB 092,ESDC LAB 092
ati-schedule-i-department-of-employment-and-social-development,Department of Employment and Social Development,Ministère de l’Emploi et du Développement social,ESDC PPU 701,en,English,ESDC CCS 002,institution_specific,Institution-specific class,true,Resolved,ESDC CCS 002,ESDC CCS 002
ati-schedule-i-department-of-employment-and-social-development,Department of Employment and Social Development,Ministère de l’Emploi et du Développement social,ESDC PPU 701,fr,French,EDSC SAC 002,institution_specific,Institution-specific class,false,Needs review,,
ati-schedule-i-department-of-employment-and-social-development,Department of Employment and Social Development,Ministère de l’Emploi et du Développement social,ESDC PPU 702,en,English,ESDC CCS 002,institution_specific,Institution-specific class,true,Resolved,ESDC CCS 002,ESDC CCS 002
ati-schedule-i-department-of-employment-and-social-development,Department of Employment and Social Development,Ministère de l’Emploi et du Développement social,ESDC PPU 702,fr,French,EDSC SAC 002,institution_specific,Institution-specific class,false,Needs review,,
ati-schedule-i-department-of-employment-and-social-development,Department of Employment and Social Development,Ministère de l’Emploi et du Développement social,ESDC PPU 680,en,English,ESDC CCS 003,institution_specific,Institution-specific class,true,Resolved,ESDC CCS 003,ESDC CCS 003
ati-schedule-i-department-of-employment-and-social-development,Department of Employment and Social Development,Ministère de l’Emploi et du Développement social,ESDC PPU 680,en,English,AND 014,institution_specific,Institution-specific class,true,Resolved,ESDC CCS 014,ESDC CCS 014
ati-schedule-i-department-of-employment-and-social-development,Department of Employment and Social Development,Ministère de l’Emploi et du Développement social,ESDC PPU 680,fr,French,EDSC SAC 003,institution_specific,Institution-specific class,false,Needs review,,
ati-schedule-i-department-of-employment-and-social-development,Department of Employment and Social Development,Ministère de l’Emploi et du Développement social,ESDC PPU 680,fr,French,ET 014,institution_specific,Institution-specific class,true,Resolved,ESDC CCS 014,ESDC CCS 014
ati-schedule-i-department-of-employment-and-social-development,Department of Employment and Social Development,Ministère de l’Emploi et du Développement social,ESDC PPU 681,en,English,ESDC CCS 011,institution_specific,Institution-specific class,true,Resolved,ESDC CCS 011,ESDC CCS 011
ati-schedule-i-department-of-employment-and-social-development,Department of Employment and Social Development,Ministère de l’Emploi et du Développement social,ESDC PPU 681,fr,French,ESDC SCC 011,institution_specific,Institution-specific class,false,Needs review,,
ati-schedule-i-department-of-employment-and-social-development,Department of Employment and Social Development,Ministère de l’Emploi et du Développement social,ESDC PPU 729,en,English,ESDC CCS 007,institution_specific,Institution-specific class,true,Resolved,ESDC CCS 007,ESDC CCS 007
ati-schedule-i-department-of-employment-and-social-development,Department of Employment and Social Development,Ministère de l’Emploi et du Développement social,ESDC PPU 729,fr,French,EDSC SCC 007,institution_specific,Institution-specific class,true,Resolved,ESDC CCS 007,ESDC CCS 007
ati-schedule-i-department-of-employment-and-social-development,Department of Employment and Social Development,Ministère de l’Emploi et du Développement social,ESDC PPU 708,en,English,ESDC CCS 005,institution_specific,Institution-specific class,true,Resolved,ESDC CCS 005,ESDC CCS 005
ati-schedule-i-department-of-employment-and-social-development,Department of Employment and Social Development,Ministère de l’Emploi et du Développement social,ESDC PPU 708,fr,French,ESDC SCC 005,institution_specific,Institution-specific class,true,Resolved,ESDC CCS 005,ESDC CCS 005
ati-schedule-i-department-of-employment-and-social-development,Department of Employment and Social Development,Ministère de l’Emploi et du Développement social,ESDC PPU 100,en,English,ESDC IAP 065,institution_specific,Institution-specific class,true,Resolved,ESDC IAP 065,ESDC IAP 065
ati-schedule-i-department-of-employment-and-social-development,Department of Employment and Social Development,Ministère de l’Emploi et du Développement social,ESDC PPU 100,fr,French,EDSC IET 065,institution_specific,Institution-specific class,true,Resolved,ESDC IAP 065,ESDC IAP 065
ati-schedule-i-department-of-employment-and-social-development,Department of Employment and Social Development,Ministère de l’Emploi et du Développement social,ESDC PPU 712,en,English,ESDC IAP 066,institution_specific,Institution-specific class,true,Resolved,ESDC IAP 066,ESDC IAP 066
ati-schedule-i-department-of-employment-and-social-development,Department of Employment and Social Development,Ministère de l’Emploi et du Développement social,ESDC PPU 712,fr,French,EDSC IET 066,institution_specific,Institution-specific class,true,Resolved,ESDC IAP 066,ESDC IAP 066
ati-schedule-i-department-of-employment-and-social-development,Department of Employment and Social Development,Ministère de l’Emploi et du Développement social,ESDC PPU 700,en,English,ESDC CSB 011,institution_specific,Institution-specific class,true,Resolved,ESDC CSB 011,ESDC CSB 011
ati-schedule-i-department-of-employment-and-social-development,Department of Employment and Social Development,Ministère de l’Emploi et du Développement social,ESDC PPU 700,fr,French,ESDC CSB 011,institution_specific,Institution-specific class,true,Resolved,ESDC CSB 011,ESDC CSB 011
ati-schedule-i-department-of-employment-and-social-development,Department of Employment and Social Development,Ministère de l’Emploi et du Développement social,ESDC PPE 718,en,English,ESDC IAP 068,institution_specific,Institution-specific class,true,Resolved,ESDC IAP 068,ESDC IAP 068
ati-schedule-i-department-of-employment-and-social-development,Department of Employment and Social Development,Ministère de l’Emploi et du Développement social,ESDC PPE 718,fr,French,EDSC IAP 068,institution_specific,Institution-specific class,true,Resolved,ESDC IAP 068,ESDC IAP 068
ati-schedule-i-department-of-the-environment,Department of the Environment,Ministère de l’Environnement,EC PPU 333,en,English,EC SUS 333,institution_specific,Institution-specific class,true,Resolved,EC SUS 333,EC SUS 333
ati-schedule-i-department-of-the-environment,Department of the Environment,Ministère de l’Environnement,EC PPU 333,fr,French,EC SUS 333,institution_specific,Institution-specific class,true,Resolved,EC SUS 333,EC SUS 333
ati-schedule-i-department-of-the-environment,Department of the Environment,Ministère de l’Environnement,EC PPU 332,en,English,EC SUS 332,institution_specific,Institution-specific class,false,Needs review,,
ati-schedule-i-department-of-the-environment,Department of the Environment,Ministère de l’Environnement,EC PPU 332,fr,French,EC SUS 332,institution_specific,Institution-specific class,false,Needs review,,
ati-schedule-i-department-of-the-environment,Department of the Environment,Ministère de l’Environnement,EC PPU 122,en,English,EC CCC 211,institution_specific,Institution-specific class,false,Needs review,,
ati-schedule-i-department-of-the-environment,Department of the Environment,Ministère de l’Environnement,EC PPU 122,fr,French,EC CCC 211,institution_specific,Institution-specific class,false,Needs review,,
ati-schedule-i-department-of-the-environment,Department of the Environment,Ministère de l’Environnement,EC PPU 331,en,English,EC CCC 211,institution_specific,Institution-specific class,false,Needs review,,
ati-schedule-i-department-of-the-environment,Department of the Environment,Ministère de l’Environnement,EC PPU 331,fr,French,EC CCC 211,institution_specific,Institution-specific class,false,Needs review,,
ati-schedule-i-department-of-the-environment,Department of the Environment,Ministère de l’Environnement,EC PPU 311,en,English,EC SWM 122,institution_specific,Institution-specific class,false,Needs review,,
ati-schedule-i-department-of-the-environment,Department of the Environment,Ministère de l’Environnement,EC PPU 311,fr,French,EC SWM 122,institution_specific,Institution-specific class,false,Needs review,,
ati-schedule-i-department-of-the-environment,Department of the Environment,Ministère de l’Environnement,EC PPU 251,en,English,EC CPE 033,institution_specific,Institution-specific class,true,Resolved,EC CPE 033,EC CPE 033
ati-schedule-i-department-of-the-environment,Department of the Environment,Ministère de l’Environnement,EC PPU 251,en,English,EC CPW 014,institution_specific,Institution-specific class,true,Resolved,EC CPW 014,EC CPW 014
ati-schedule-i-department-of-the-environment,Department of the Environment,Ministère de l’Environnement,EC PPU 133,en,English,EC CPE 033,institution_specific,Institution-specific class,true,Resolved,EC CPE 033,EC CPE 033
ati-schedule-i-department-of-the-environment,Department of the Environment,Ministère de l’Environnement,EC PPU 133,fr,French,EC CPE 033,institution_specific,Institution-specific class,true,Resolved,EC CPE 033,EC CPE 033
ati-schedule-i-department-of-the-environment,Department of the Environment,Ministère de l’Environnement,EC PPU 033,en,English,EC CPE 033,institution_specific,Institution-specific class,true,Resolved,EC CPE 033,EC CPE 033
ati-schedule-i-department-of-the-environment,Department of the Environment,Ministère de l’Environnement,EC PPU 033,fr,French,EC CPE 033,institution_specific,Institution-specific class,true,Resolved,EC CPE 033,EC CPE 033
ati-schedule-i-department-of-the-environment,Department of the Environment,Ministère de l’Environnement,EC PPU 005,en,English,EC BIO 113,institution_specific,Institution-specific class,false,Needs review,,
ati-schedule-i-department-of-the-environment,Department of the Environment,Ministère de l’Environnement,EC PPU 005,fr,French,EC BIO 113,institution_specific,Institution-specific class,false,Needs review,,
ati-schedule-i-department-of-the-environment,Department of the Environment,Ministère de l’Environnement,EC PPU 006,en,English,EC BIO 113,institution_specific,Institution-specific class,false,Needs review,,
ati-schedule-i-department-of-the-environment,Department of the Environment,Ministère de l’Environnement,EC PPU 006,fr,French,EC BIO 113,institution_specific,Institution-specific class,false,Needs review,,
ati-schedule-i-department-of-the-environment,Department of the Environment,Ministère de l’Environnement,EC PPU 141,en,English,EC BIO 141,institution_specific,Institution-specific class,false,Needs review,,
ati-schedule-i-department-of-the-environment,Department of the Environment,Ministère de l’Environnement,EC PPU 141,fr,French,EC BIO 141,institution_specific,Institution-specific class,false,Needs review,,
ati-schedule-i-department-of-the-environment,Department of the Environment,Ministère de l’Environnement,EC PPU 010,en,English,EC WES 213,institution_specific,Institution-specific class,true,Resolved,EC WES 213,EC WES 213
ati-schedule-i-department-of-the-environment,Department of the Environment,Ministère de l’Environnement,EC PPU 010,fr,French,EC WES 213,institution_specific,Institution-specific class,true,Resolved,EC WES 213,EC WES 213
ati-schedule-i-department-of-the-environment,Department of the Environment,Ministère de l’Environnement,EC PPU 025,en,English,EC WES 213,institution_specific,Institution-specific class,true,Resolved,EC WES 213,EC WES 213
ati-schedule-i-department-of-the-environment,Department of the Environment,Ministère de l’Environnement,EC PPU 025,fr,French,EC WES 213,institution_specific,Institution-specific class,true,Resolved,EC WES 213,EC WES 213
ati-schedule-i-department-of-the-environment,Department of the Environment,Ministère de l’Environnement,EC PPU 020,en,English,EC WES 213,institution_specific,Institution-specific class,true,Resolved,EC WES 213,EC WES 213
ati-schedule-i-department-of-the-environment,Department of the Environment,Ministère de l’Environnement,EC PPU 020,fr,French,EC WES 211,institution_specific,Institution-specific class,false,Needs review,,
ati-schedule-i-department-of-the-environment,Department of the Environment,Ministère de l’Environnement,EC PPU 015,en,English,EC WES 213,institution_specific,Institution-specific class,true,Resolved,EC WES 213,EC WES 213
ati-schedule-i-department-of-the-environment,Department of the Environment,Ministère de l’Environnement,EC PPU 015,fr,French,EC WES 213,institution_specific,Institution-specific class,true,Resolved,EC WES 213,EC WES 213
ati-schedule-i-department-of-the-environment,Department of the Environment,Ministère de l’Environnement,EC PPU 341,en,English,EC WAT 122,institution_specific,Institution-specific class,false,Needs review,,
ati-schedule-i-department-of-the-environment,Department of the Environment,Ministère de l’Environnement,EC PPU 341,fr,French,EC SUS 341,institution_specific,Institution-specific class,false,Needs review,,
ati-schedule-i-department-of-finance,Department of Finance,Ministère des Finances,FIN PPU 100,en,English,FIN FPD 062,institution_specific,Institution-specific class,true,Resolved,FIN FPD 062,FIN FPD 062
ati-schedule-i-department-of-finance,Department of Finance,Ministère des Finances,FIN PPU 100,fr,French,FIN FPD 062,institution_specific,Institution-specific class,true,Resolved,FIN FPD 062,FIN FPD 062
ati-schedule-i-department-of-finance,Department of Finance,Ministère des Finances,FIN PPU 200,en,English,FIN FSP 015,institution_specific,Institution-specific class,true,Resolved,FIN FSP 015,FIN FSP 015
ati-schedule-i-department-of-finance,Department of Finance,Ministère des Finances,FIN PPU 200,fr,French,FIN FSP 015,institution_specific,Institution-specific class,true,Resolved,FIN FSP 015,FIN FSP 015
ati-schedule-i-department-of-finance,Department of Finance,Ministère des Finances,FIN PPU 300,en,English,FIN FSP 015,institution_specific,Institution-specific class,true,Resolved,FIN FSP 015,FIN FSP 015
ati-schedule-i-department-of-finance,Department of Finance,Ministère des Finances,FIN PPU 300,fr,French,FIN FSP 015,institution_specific,Institution-specific class,true,Resolved,FIN FSP 015,FIN FSP 015
ati-schedule-i-department-of-fisheries-and-oceans,Department of Fisheries and Oceans,Ministère des Pêches et des Océans,DFO PPU 100,en,English,DFO EFM 400,institution_specific,Institution-specific class,true,Resolved,DFO EFM 400,DFO EFM 400
ati-schedule-i-department-of-fisheries-and-oceans,Department of Fisheries and Oceans,Ministère des Pêches et des Océans,DFO PPU 100,en,English,DFO EFM 403,institution_specific,Institution-specific class,true,Resolved,DFO EFM 403,DFO EFM 403
ati-schedule-i-department-of-fisheries-and-oceans,Department of Fisheries and Oceans,Ministère des Pêches et des Océans,DFO PPU 100,fr,French,MPO EGP 400,institution_specific,Institution-specific class,true,Resolved,DFO EFM 400,DFO EFM 400
ati-schedule-i-department-of-fisheries-and-oceans,Department of Fisheries and Oceans,Ministère des Pêches et des Océans,DFO PPU 100,fr,French,MPO EGP 403,institution_specific,Institution-specific class,true,Resolved,DFO EFM 403,DFO EFM 403
ati-schedule-i-department-of-fisheries-and-oceans,Department of Fisheries and Oceans,Ministère des Pêches et des Océans,DFO PPU 020,en,English,DFO SCI 305,institution_specific,Institution-specific class,true,Resolved,DFO SCI 305,DFO SCI 305
ati-schedule-i-department-of-fisheries-and-oceans,Department of Fisheries and Oceans,Ministère des Pêches et des Océans,DFO PPU 020,fr,French,MPO SCI 305,institution_specific,Institution-specific class,true,Resolved,DFO SCI 305,DFO SCI 305
ati-schedule-i-department-of-fisheries-and-oceans,Department of Fisheries and Oceans,Ministère des Pêches et des Océans,DFO PPU 130,en,English,DFO EFM 403,institution_specific,Institution-specific class,true,Resolved,DFO EFM 403,DFO EFM 403
ati-schedule-i-department-of-fisheries-and-oceans,Department of Fisheries and Oceans,Ministère des Pêches et des Océans,DFO PPU 130,en,English,DFO SP 100,institution_specific,Institution-specific class,true,Resolved,DFO SP 100,DFO SP 100
ati-schedule-i-department-of-fisheries-and-oceans,Department of Fisheries and Oceans,Ministère des Pêches et des Océans,DFO PPU 130,fr,French,MPO EGP 403,institution_specific,Institution-specific class,true,Resolved,DFO EFM 403,DFO EFM 403
ati-schedule-i-department-of-fisheries-and-oceans,Department of Fisheries and Oceans,Ministère des Pêches et des Océans,DFO PPU 130,fr,French,MPO PS 100,institution_specific,Institution-specific class,true,Resolved,DFO SP 100,DFO SP 100
ati-schedule-i-department-of-fisheries-and-oceans,Department of Fisheries and Oceans,Ministère des Pêches et des Océans,DFO PPU 343,en,English,DFO SCI 303,institution_specific,Institution-specific class,true,Resolved,DFO SCI 303,DFO SCI 303
ati-schedule-i-department-of-fisheries-and-oceans,Department of Fisheries and Oceans,Ministère des Pêches et des Océans,DFO PPU 343,fr,French,MPO SCI 303,institution_specific,Institution-specific class,true,Resolved,DFO SCI 303,DFO SCI 303
ati-schedule-i-department-of-fisheries-and-oceans,Department of Fisheries and Oceans,Ministère des Pêches et des Océans,DFO PPU 080,en,English,DFO EFM 400,institution_specific,Institution-specific class,true,Resolved,DFO EFM 400,DFO EFM 400
ati-schedule-i-department-of-fisheries-and-oceans,Department of Fisheries and Oceans,Ministère des Pêches et des Océans,DFO PPU 080,fr,French,MPO EGP 400,institution_specific,Institution-specific class,true,Resolved,DFO EFM 400,DFO EFM 400
ati-schedule-i-department-of-fisheries-and-oceans,Department of Fisheries and Oceans,Ministère des Pêches et des Océans,DFO PPU 331,en,English,DFO SCI 311,institution_specific,Institution-specific class,true,Resolved,DFO SCI 311,DFO SCI 311
ati-schedule-i-department-of-fisheries-and-oceans,Department of Fisheries and Oceans,Ministère des Pêches et des Océans,DFO PPU 331,fr,French,MPO SCI 311,institution_specific,Institution-specific class,true,Resolved,DFO SCI 311,DFO SCI 311
ati-schedule-i-department-of-fisheries-and-oceans,Department of Fisheries and Oceans,Ministère des Pêches et des Océans,DFO PPU 410,en,English,DFO EFM 400,institution_specific,Institution-specific class,true,Resolved,DFO EFM 400,DFO EFM 400
ati-schedule-i-department-of-fisheries-and-oceans,Department of Fisheries and Oceans,Ministère des Pêches et des Océans,DFO PPU 410,en,English,DFO SP 100,institution_specific,Institution-specific class,true,Resolved,DFO SP 100,DFO SP 100
ati-schedule-i-department-of-fisheries-and-oceans,Department of Fisheries and Oceans,Ministère des Pêches et des Océans,DFO PPU 155,en,English,DFO EFM 404,institution_specific,Institution-specific class,true,Resolved,DFO EFM 404,DFO EFM 404
ati-schedule-i-department-of-fisheries-and-oceans,Department of Fisheries and Oceans,Ministère des Pêches et des Océans,DFO PPU 155,fr,French,MPO EGP 404,institution_specific,Institution-specific class,true,Resolved,DFO EFM 404,DFO EFM 404
ati-schedule-i-department-of-fisheries-and-oceans,Department of Fisheries and Oceans,Ministère des Pêches et des Océans,DFO PPU 780,en,English,DFO INT 800,institution_specific,Institution-specific class,true,Resolved,DFO INT 800,DFO INT 800
ati-schedule-i-department-of-fisheries-and-oceans,Department of Fisheries and Oceans,Ministère des Pêches et des Océans,DFO PPU 780,en,English,DFO SAR 700,institution_specific,Institution-specific class,true,Resolved,DFO SAR 700,DFO SAR 700
ati-schedule-i-department-of-fisheries-and-oceans,Department of Fisheries and Oceans,Ministère des Pêches et des Océans,DFO PPU 780,fr,French,MPO EEP 700,institution_specific,Institution-specific class,true,Resolved,DFO SAR 700,DFO SAR 700
ati-schedule-i-department-of-fisheries-and-oceans,Department of Fisheries and Oceans,Ministère des Pêches et des Océans,DFO PPU 780,fr,French,MPO INT 800,institution_specific,Institution-specific class,true,Resolved,DFO INT 800,DFO INT 800
ati-schedule-i-department-of-fisheries-and-oceans,Department of Fisheries and Oceans,Ministère des Pêches et des Océans,DFO PPU 010,en,English,DFO EFM 404,institution_specific,Institution-specific class,true,Resolved,DFO EFM 404,DFO EFM 404
ati-schedule-i-department-of-fisheries-and-oceans,Department of Fisheries and Oceans,Ministère des Pêches et des Océans,DFO PPU 010,fr,French,MPO EGP 404,institution_specific,Institution-specific class,true,Resolved,DFO EFM 404,DFO EFM 404
ati-schedule-i-department-of-fisheries-and-oceans,Department of Fisheries and Oceans,Ministère des Pêches et des Océans,DFO PPU 015,en,English,DFO EFM 404,institution_specific,Institution-specific class,true,Resolved,DFO EFM 404,DFO EFM 404
ati-schedule-i-department-of-fisheries-and-oceans,Department of Fisheries and Oceans,Ministère des Pêches et des Océans,DFO PPU 015,fr,French,MPO EGP 404,institution_specific,Institution-specific class,true,Resolved,DFO EFM 404,DFO EFM 404
ati-schedule-i-department-of-fisheries-and-oceans,Department of Fisheries and Oceans,Ministère des Pêches et des Océans,DFO PPU 060,en,English,DFO EFM 400,institution_specific,Institution-specific class,true,Resolved,DFO EFM 400,DFO EFM 400
ati-schedule-i-department-of-fisheries-and-oceans,Department of Fisheries and Oceans,Ministère des Pêches et des Océans,DFO PPU 060,en,English,DFO EFM 404,institution_specific,Institution-specific class,true,Resolved,DFO EFM 404,DFO EFM 404
ati-schedule-i-department-of-fisheries-and-oceans,Department of Fisheries and Oceans,Ministère des Pêches et des Océans,DFO PPU 060,en,English,DFO SP 100,institution_specific,Institution-specific class,true,Resolved,DFO SP 100,DFO SP 100
ati-schedule-i-department-of-fisheries-and-oceans,Department of Fisheries and Oceans,Ministère des Pêches et des Océans,DFO PPU 060,fr,French,MPO EGP 400,institution_specific,Institution-specific class,true,Resolved,DFO EFM 400,DFO EFM 400
ati-schedule-i-department-of-fisheries-and-oceans,Department of Fisheries and Oceans,Ministère des Pêches et des Océans,DFO PPU 060,fr,French,MPO EGP 404,institution_specific,Institution-specific class,true,Resolved,DFO EFM 404,DFO EFM 404
ati-schedule-i-department-of-fisheries-and-oceans,Department of Fisheries and Oceans,Ministère des Pêches et des Océans,DFO PPU 060,fr,French,MPO PS 100,institution_specific,Institution-specific class,true,Resolved,DFO SP 100,DFO SP 100
ati-schedule-i-department-of-fisheries-and-oceans,Department of Fisheries and Oceans,Ministère des Pêches et des Océans,DFO PPU 036,en,English,DFO EFM 400,institution_specific,Institution-specific class,true,Resolved,DFO EFM 400,DFO EFM 400
ati-schedule-i-department-of-fisheries-and-oceans,Department of Fisheries and Oceans,Ministère des Pêches et des Océans,DFO PPU 036,fr,French,MPO EGP 400,institution_specific,Institution-specific class,true,Resolved,DFO EFM 400,DFO EFM 400
ati-schedule-i-department-of-fisheries-and-oceans,Department of Fisheries and Oceans,Ministère des Pêches et des Océans,DFO PPU 340,en,English,DFO SCI 313,institution_specific,Institution-specific class,true,Resolved,DFO SCI 313,DFO SCI 313
ati-schedule-i-department-of-fisheries-and-oceans,Department of Fisheries and Oceans,Ministère des Pêches et des Océans,DFO PPU 340,fr,French,MPO SCI 313,institution_specific,Institution-specific class,true,Resolved,DFO SCI 313,DFO SCI 313
ati-schedule-i-department-of-fisheries-and-oceans,Department of Fisheries and Oceans,Ministère des Pêches et des Océans,DFO PPU 435,en,English,DFO EFM 400,institution_specific,Institution-specific class,true,Resolved,DFO EFM 400,DFO EFM 400
ati-schedule-i-department-of-fisheries-and-oceans,Department of Fisheries and Oceans,Ministère des Pêches et des Océans,DFO PPU 435,fr,French,MPO EGP 400,institution_specific,Institution-specific class,true,Resolved,DFO EFM 400,DFO EFM 400
ati-schedule-i-department-of-fisheries-and-oceans,Department of Fisheries and Oceans,Ministère des Pêches et des Océans,DFO PPU 040,en,English,DFO EFM 404,institution_specific,Institution-specific class,true,Resolved,DFO EFM 404,DFO EFM 404
ati-schedule-i-department-of-fisheries-and-oceans,Department of Fisheries and Oceans,Ministère des Pêches et des Océans,DFO PPU 040,fr,French,MPO EGP 404,institution_specific,Institution-specific class,true,Resolved,DFO EFM 404,DFO EFM 404
ati-schedule-i-department-of-fisheries-and-oceans,Department of Fisheries and Oceans,Ministère des Pêches et des Océans,DFO PPU 050,en,English,DFO EFM 404,institution_specific,Institution-specific class,true,Resolved,DFO EFM 404,DFO EFM 404
ati-schedule-i-department-of-fisheries-and-oceans,Department of Fisheries and Oceans,Ministère des Pêches et des Océans,DFO PPU 050,fr,French,MPO EGP 404,institution_specific,Institution-specific class,true,Resolved,DFO EFM 404,DFO EFM 404
ati-schedule-i-department-of-fisheries-and-oceans,Department of Fisheries and Oceans,Ministère des Pêches et des Océans,DFO PPU 490,en,English,DFO EFM 400,institution_specific,Institution-specific class,true,Resolved,DFO EFM 400,DFO EFM 400
ati-schedule-i-department-of-fisheries-and-oceans,Department of Fisheries and Oceans,Ministère des Pêches et des Océans,DFO PPU 490,fr,French,MPO EGP 400,institution_specific,Institution-specific class,true,Resolved,DFO EFM 400,DFO EFM 400
ati-schedule-i-department-of-fisheries-and-oceans,Department of Fisheries and Oceans,Ministère des Pêches et des Océans,DFO PPU 047,en,English,DFO EFM 400,institution_specific,Institution-specific class,true,Resolved,DFO EFM 400,DFO EFM 400
ati-schedule-i-department-of-fisheries-and-oceans,Department of Fisheries and Oceans,Ministère des Pêches et des Océans,DFO PPU 047,en,English,DFO EFM 403,institution_specific,Institution-specific class,true,Resolved,DFO EFM 403,DFO EFM 403
ati-schedule-i-department-of-fisheries-and-oceans,Department of Fisheries and Oceans,Ministère des Pêches et des Océans,DFO PPU 047,en,English,DFO EFM 406,institution_specific,Institution-specific class,true,Resolved,DFO EFM 406,DFO EFM 406
ati-schedule-i-department-of-fisheries-and-oceans,Department of Fisheries and Oceans,Ministère des Pêches et des Océans,DFO PPU 047,en,English,DFO HAB 600,institution_specific,Institution-specific class,true,Resolved,DFO HAB 600,DFO HAB 600
ati-schedule-i-department-of-fisheries-and-oceans,Department of Fisheries and Oceans,Ministère des Pêches et des Océans,DFO PPU 047,en,English,DFO OCE 500,institution_specific,Institution-specific class,true,Resolved,DFO OCE 500,DFO OCE 500
ati-schedule-i-department-of-fisheries-and-oceans,Department of Fisheries and Oceans,Ministère des Pêches et des Océans,DFO PPU 047,en,English,DFO SCI 304,institution_specific,Institution-specific class,true,Resolved,DFO SCI 304,DFO SCI 304
ati-schedule-i-department-of-fisheries-and-oceans,Department of Fisheries and Oceans,Ministère des Pêches et des Océans,DFO PPU 047,en,English,DFO SCI 309,institution_specific,Institution-specific class,true,Resolved,DFO SCI 309,DFO SCI 309
ati-schedule-i-department-of-fisheries-and-oceans,Department of Fisheries and Oceans,Ministère des Pêches et des Océans,DFO PPU 047,en,English,DFO SP 100,institution_specific,Institution-specific class,true,Resolved,DFO SP 100,DFO SP 100
ati-schedule-i-department-of-fisheries-and-oceans,Department of Fisheries and Oceans,Ministère des Pêches et des Océans,DFO PPU 047,fr,French,MPO EGP 400,institution_specific,Institution-specific class,true,Resolved,DFO EFM 400,DFO EFM 400
ati-schedule-i-department-of-fisheries-and-oceans,Department of Fisheries and Oceans,Ministère des Pêches et des Océans,DFO PPU 047,fr,French,MPO EGP 403,institution_specific,Institution-specific class,true,Resolved,DFO EFM 403,DFO EFM 403
ati-schedule-i-department-of-fisheries-and-oceans,Department of Fisheries and Oceans,Ministère des Pêches et des Océans,DFO PPU 047,fr,French,MPO EGP 406,institution_specific,Institution-specific class,true,Resolved,DFO EFM 406,DFO EFM 406
ati-schedule-i-department-of-fisheries-and-oceans,Department of Fisheries and Oceans,Ministère des Pêches et des Océans,DFO PPU 047,fr,French,MPO HAB 600,institution_specific,Institution-specific class,true,Resolved,DFO HAB 600,DFO HAB 600
ati-schedule-i-department-of-fisheries-and-oceans,Department of Fisheries and Oceans,Ministère des Pêches et des Océans,DFO PPU 047,fr,French,MPO OCE 500,institution_specific,Institution-specific class,true,Resolved,DFO OCE 500,DFO OCE 500
ati-schedule-i-department-of-fisheries-and-oceans,Department of Fisheries and Oceans,Ministère des Pêches et des Océans,DFO PPU 047,fr,French,MPO PS 100,institution_specific,Institution-specific class,true,Resolved,DFO SP 100,DFO SP 100
ati-schedule-i-department-of-fisheries-and-oceans,Department of Fisheries and Oceans,Ministère des Pêches et des Océans,DFO PPU 047,fr,French,MPO SCI 304,institution_specific,Institution-specific class,true,Resolved,DFO SCI 304,DFO SCI 304
ati-schedule-i-department-of-fisheries-and-oceans,Department of Fisheries and Oceans,Ministère des Pêches et des Océans,DFO PPU 047,fr,French,DFO SCI 309,institution_specific,Institution-specific class,true,Resolved,DFO SCI 309,DFO SCI 309
ati-schedule-i-department-of-fisheries-and-oceans,Department of Fisheries and Oceans,Ministère des Pêches et des Océans,DFO PPU 680,en,English,DFO HAB 600,institution_specific,Institution-specific class,true,Resolved,DFO HAB 600,DFO HAB 600
ati-schedule-i-department-of-fisheries-and-oceans,Department of Fisheries and Oceans,Ministère des Pêches et des Océans,DFO PPU 680,fr,French,MPO HAB 600,institution_specific,Institution-specific class,true,Resolved,DFO HAB 600,DFO HAB 600
ati-schedule-i-department-of-fisheries-and-oceans,Department of Fisheries and Oceans,Ministère des Pêches et des Océans,DFO PPU 070,en,English,DFO SCH 200,institution_specific,Institution-specific class,true,Resolved,DFO SCH 200,DFO SCH 200
ati-schedule-i-department-of-fisheries-and-oceans,Department of Fisheries and Oceans,Ministère des Pêches et des Océans,DFO PPU 070,fr,French,MPO PPB 200,institution_specific,Institution-specific class,true,Resolved,DFO SCH 200,DFO SCH 200
ati-schedule-i-department-of-fisheries-and-oceans,Department of Fisheries and Oceans,Ministère des Pêches et des Océans,DFO PPU 275,en,English,DFO SCH 200,institution_specific,Institution-specific class,true,Resolved,DFO SCH 200,DFO SCH 200
ati-schedule-i-department-of-fisheries-and-oceans,Department of Fisheries and Oceans,Ministère des Pêches et des Océans,DFO PPU 275,fr,French,MPO PPB 200,institution_specific,Institution-specific class,true,Resolved,DFO SCH 200,DFO SCH 200
ati-schedule-i-department-of-fisheries-and-oceans,Department of Fisheries and Oceans,Ministère des Pêches et des Océans,DFO PPU 270,en,English,DFO SCH 200,institution_specific,Institution-specific class,true,Resolved,DFO SCH 200,DFO SCH 200
ati-schedule-i-department-of-fisheries-and-oceans,Department of Fisheries and Oceans,Ministère des Pêches et des Océans,DFO PPU 270,fr,French,MPO PPB 200,institution_specific,Institution-specific class,true,Resolved,DFO SCH 200,DFO SCH 200
ati-schedule-i-department-of-fisheries-and-oceans,Department of Fisheries and Oceans,Ministère des Pêches et des Océans,DFO PPU 045,en,English,DFO EFM 400,institution_specific,Institution-specific class,true,Resolved,DFO EFM 400,DFO EFM 400
ati-schedule-i-department-of-fisheries-and-oceans,Department of Fisheries and Oceans,Ministère des Pêches et des Océans,DFO PPU 045,en,English,DFO SP 100,institution_specific,Institution-specific class,true,Resolved,DFO SP 100,DFO SP 100
ati-schedule-i-department-of-fisheries-and-oceans,Department of Fisheries and Oceans,Ministère des Pêches et des Océans,DFO PPU 045,fr,French,MPO EGP 400,institution_specific,Institution-specific class,true,Resolved,DFO EFM 400,DFO EFM 400
ati-schedule-i-department-of-fisheries-and-oceans,Department of Fisheries and Oceans,Ministère des Pêches et des Océans,DFO PPU 045,fr,French,MPO PS 100,institution_specific,Institution-specific class,true,Resolved,DFO SP 100,DFO SP 100
ati-schedule-i-department-of-fisheries-and-oceans,Department of Fisheries and Oceans,Ministère des Pêches et des Océans,DFO PPU 325,en,English,DFO SCI 308,institution_specific,Institution-specific class,true,Resolved,DFO SCI 308,DFO SCI 308
ati-schedule-i-department-of-fisheries-and-oceans,Department of Fisheries and Oceans,Ministère des Pêches et des Océans,DFO PPU 325,fr,French,MPO SCI 308,institution_specific,Institution-specific class,true,Resolved,DFO SCI 308,DFO SCI 308
ati-schedule-i-department-of-fisheries-and-oceans,Department of Fisheries and Oceans,Ministère des Pêches et des Océans,DFO PPU 095,en,English,DFO EFM 403,institution_specific,Institution-specific class,true,Resolved,DFO EFM 403,DFO EFM 403
ati-schedule-i-department-of-fisheries-and-oceans,Department of Fisheries and Oceans,Ministère des Pêches et des Océans,DFO PPU 095,en,English,DFO SCI 313,institution_specific,Institution-specific class,true,Resolved,DFO SCI 313,DFO SCI 313
ati-schedule-i-department-of-fisheries-and-oceans,Department of Fisheries and Oceans,Ministère des Pêches et des Océans,DFO PPU 095,fr,French,MPO EGP 403,institution_specific,Institution-specific class,true,Resolved,DFO EFM 403,DFO EFM 403
ati-schedule-i-department-of-fisheries-and-oceans,Department of Fisheries and Oceans,Ministère des Pêches et des Océans,DFO PPU 095,fr,French,MPO SCI 313,institution_specific,Institution-specific class,true,Resolved,DFO SCI 313,DFO SCI 313
ati-schedule-i-department-of-fisheries-and-oceans,Department of Fisheries and Oceans,Ministère des Pêches et des Océans,DFO PPU 085,en,English,DFO SCI 301,institution_specific,Institution-specific class,true,Resolved,DFO SCI 301,DFO SCI 301
ati-schedule-i-department-of-fisheries-and-oceans,Department of Fisheries and Oceans,Ministère des Pêches et des Océans,DFO PPU 085,en,English,DFO SCI 302,institution_specific,Institution-specific class,true,Resolved,DFO SCI 302,DFO SCI 302
ati-schedule-i-department-of-fisheries-and-oceans,Department of Fisheries and Oceans,Ministère des Pêches et des Océans,DFO PPU 085,en,English,DFO SCI 303,institution_specific,Institution-specific class,true,Resolved,DFO SCI 303,DFO SCI 303
ati-schedule-i-department-of-fisheries-and-oceans,Department of Fisheries and Oceans,Ministère des Pêches et des Océans,DFO PPU 085,en,English,DFO SCI 307,institution_specific,Institution-specific class,true,Resolved,DFO SCI 307,DFO SCI 307
ati-schedule-i-department-of-fisheries-and-oceans,Department of Fisheries and Oceans,Ministère des Pêches et des Océans,DFO PPU 085,en,English,DFO SCI 308,institution_specific,Institution-specific class,true,Resolved,DFO SCI 308,DFO SCI 308
ati-schedule-i-department-of-fisheries-and-oceans,Department of Fisheries and Oceans,Ministère des Pêches et des Océans,DFO PPU 085,en,English,DFO SCI 314,institution_specific,Institution-specific class,true,Resolved,DFO SCI 314,DFO SCI 314
ati-schedule-i-department-of-fisheries-and-oceans,Department of Fisheries and Oceans,Ministère des Pêches et des Océans,DFO PPU 085,en,English,DFO SCI 316,institution_specific,Institution-specific class,true,Resolved,DFO SCI 316,DFO SCI 316
ati-schedule-i-department-of-fisheries-and-oceans,Department of Fisheries and Oceans,Ministère des Pêches et des Océans,DFO PPU 085,en,English,DFO SCI 317,institution_specific,Institution-specific class,true,Resolved,DFO SCI 317,DFO SCI 317
ati-schedule-i-department-of-fisheries-and-oceans,Department of Fisheries and Oceans,Ministère des Pêches et des Océans,DFO PPU 085,en,English,DFO SCI 318,institution_specific,Institution-specific class,true,Resolved,DFO SCI 318,DFO SCI 318
ati-schedule-i-department-of-fisheries-and-oceans,Department of Fisheries and Oceans,Ministère des Pêches et des Océans,DFO PPU 085,en,English,DFO SCI 319,institution_specific,Institution-specific class,true,Resolved,DFO SCI 319,DFO SCI 319
ati-schedule-i-department-of-fisheries-and-oceans,Department of Fisheries and Oceans,Ministère des Pêches et des Océans,DFO PPU 085,en,English,DFO SP 100,institution_specific,Institution-specific class,true,Resolved,DFO SP 100,DFO SP 100
ati-schedule-i-department-of-fisheries-and-oceans,Department of Fisheries and Oceans,Ministère des Pêches et des Océans,DFO PPU 085,fr,French,MPO SCI 301,institution_specific,Institution-specific class,true,Resolved,DFO SCI 301,DFO SCI 301
ati-schedule-i-department-of-fisheries-and-oceans,Department of Fisheries and Oceans,Ministère des Pêches et des Océans,DFO PPU 085,fr,French,MPO SCI 302,institution_specific,Institution-specific class,true,Resolved,DFO SCI 302,DFO SCI 302
ati-schedule-i-department-of-fisheries-and-oceans,Department of Fisheries and Oceans,Ministère des Pêches et des Océans,DFO PPU 085,fr,French,MPO SCI 303,institution_specific,Institution-specific class,true,Resolved,DFO SCI 303,DFO SCI 303
ati-schedule-i-department-of-fisheries-and-oceans,Department of Fisheries and Oceans,Ministère des Pêches et des Océans,DFO PPU 085,fr,French,MPO SCI 307,institution_specific,Institution-specific class,true,Resolved,DFO SCI 307,DFO SCI 307
ati-schedule-i-department-of-fisheries-and-oceans,Department of Fisheries and Oceans,Ministère des Pêches et des Océans,DFO PPU 085,fr,French,MPO SCI 308,institution_specific,Institution-specific class,true,Resolved,DFO SCI 308,DFO SCI 308
ati-schedule-i-department-of-fisheries-and-oceans,Department of Fisheries and Oceans,Ministère des Pêches et des Océans,DFO PPU 085,fr,French,MPO SCI 314,institution_specific,Institution-specific class,true,Resolved,DFO SCI 314,DFO SCI 314
ati-schedule-i-department-of-fisheries-and-oceans,Department of Fisheries and Oceans,Ministère des Pêches et des Océans,DFO PPU 085,fr,French,MPO SCI 316,institution_specific,Institution-specific class,true,Resolved,DFO SCI 316,DFO SCI 316
ati-schedule-i-department-of-fisheries-and-oceans,Department of Fisheries and Oceans,Ministère des Pêches et des Océans,DFO PPU 085,fr,French,MPO SCI 317,institution_specific,Institution-specific class,true,Resolved,DFO SCI 317,DFO SCI 317
ati-schedule-i-department-of-fisheries-and-oceans,Department of Fisheries and Oceans,Ministère des Pêches et des Océans,DFO PPU 085,fr,French,MPO SCI 318,institution_specific,Institution-specific class,true,Resolved,DFO SCI 318,DFO SCI 318
ati-schedule-i-department-of-fisheries-and-oceans,Department of Fisheries and Oceans,Ministère des Pêches et des Océans,DFO PPU 085,fr,French,MPO SCI 319,institution_specific,Institution-specific class,true,Resolved,DFO SCI 319,DFO SCI 319
ati-schedule-i-department-of-fisheries-and-oceans,Department of Fisheries and Oceans,Ministère des Pêches et des Océans,DFO PPU 085,fr,French,MPO PS 100,institution_specific,Institution-specific class,true,Resolved,DFO SP 100,DFO SP 100
ati-schedule-i-department-of-fisheries-and-oceans,Department of Fisheries and Oceans,Ministère des Pêches et des Océans,DFO PPU 320,en,English,DFO SCI 301,institution_specific,Institution-specific class,true,Resolved,DFO SCI 301,DFO SCI 301
ati-schedule-i-department-of-fisheries-and-oceans,Department of Fisheries and Oceans,Ministère des Pêches et des Océans,DFO PPU 320,en,English,DFO SCI 302,institution_specific,Institution-specific class,true,Resolved,DFO SCI 302,DFO SCI 302
ati-schedule-i-department-of-fisheries-and-oceans,Department of Fisheries and Oceans,Ministère des Pêches et des Océans,DFO PPU 320,en,English,DFO SCI 303,institution_specific,Institution-specific class,true,Resolved,DFO SCI 303,DFO SCI 303
ati-schedule-i-department-of-fisheries-and-oceans,Department of Fisheries and Oceans,Ministère des Pêches et des Océans,DFO PPU 320,en,English,DFO SCI 304,institution_specific,Institution-specific class,true,Resolved,DFO SCI 304,DFO SCI 304
ati-schedule-i-department-of-fisheries-and-oceans,Department of Fisheries and Oceans,Ministère des Pêches et des Océans,DFO PPU 320,en,English,DFO SCI 307,institution_specific,Institution-specific class,true,Resolved,DFO SCI 307,DFO SCI 307
ati-schedule-i-department-of-fisheries-and-oceans,Department of Fisheries and Oceans,Ministère des Pêches et des Océans,DFO PPU 320,en,English,DFO SCI 308,institution_specific,Institution-specific class,true,Resolved,DFO SCI 308,DFO SCI 308
ati-schedule-i-department-of-fisheries-and-oceans,Department of Fisheries and Oceans,Ministère des Pêches et des Océans,DFO PPU 320,en,English,DFO SCI 309,institution_specific,Institution-specific class,true,Resolved,DFO SCI 309,DFO SCI 309
ati-schedule-i-department-of-fisheries-and-oceans,Department of Fisheries and Oceans,Ministère des Pêches et des Océans,DFO PPU 320,en,English,DFO SCI 310,institution_specific,Institution-specific class,true,Resolved,DFO SCI 310,DFO SCI 310
ati-schedule-i-department-of-fisheries-and-oceans,Department of Fisheries and Oceans,Ministère des Pêches et des Océans,DFO PPU 320,en,English,DFO SCI 313,institution_specific,Institution-specific class,true,Resolved,DFO SCI 313,DFO SCI 313
ati-schedule-i-department-of-fisheries-and-oceans,Department of Fisheries and Oceans,Ministère des Pêches et des Océans,DFO PPU 320,en,English,DFO SCI 314,institution_specific,Institution-specific class,true,Resolved,DFO SCI 314,DFO SCI 314
ati-schedule-i-department-of-fisheries-and-oceans,Department of Fisheries and Oceans,Ministère des Pêches et des Océans,DFO PPU 320,en,English,DFO SCI 315,institution_specific,Institution-specific class,true,Resolved,DFO SCI 315,DFO SCI 315
ati-schedule-i-department-of-fisheries-and-oceans,Department of Fisheries and Oceans,Ministère des Pêches et des Océans,DFO PPU 320,en,English,DFO SCI 317,institution_specific,Institution-specific class,true,Resolved,DFO SCI 317,DFO SCI 317
ati-schedule-i-department-of-fisheries-and-oceans,Department of Fisheries and Oceans,Ministère des Pêches et des Océans,DFO PPU 320,en,English,DFO SCI 318,institution_specific,Institution-specific class,true,Resolved,DFO SCI 318,DFO SCI 318
ati-schedule-i-department-of-fisheries-and-oceans,Department of Fisheries and Oceans,Ministère des Pêches et des Océans,DFO PPU 320,en,English,DFO SCI 319,institution_specific,Institution-specific class,true,Resolved,DFO SCI 319,DFO SCI 319
ati-schedule-i-department-of-fisheries-and-oceans,Department of Fisheries and Oceans,Ministère des Pêches et des Océans,DFO PPU 320,en,English,DFO OCE 500,institution_specific,Institution-specific class,true,Resolved,DFO OCE 500,DFO OCE 500
ati-schedule-i-department-of-fisheries-and-oceans,Department of Fisheries and Oceans,Ministère des Pêches et des Océans,DFO PPU 320,fr,French,MPO SCI 301,institution_specific,Institution-specific class,true,Resolved,DFO SCI 301,DFO SCI 301
ati-schedule-i-department-of-fisheries-and-oceans,Department of Fisheries and Oceans,Ministère des Pêches et des Océans,DFO PPU 320,fr,French,MPO SCI 302,institution_specific,Institution-specific class,true,Resolved,DFO SCI 302,DFO SCI 302
ati-schedule-i-department-of-fisheries-and-oceans,Department of Fisheries and Oceans,Ministère des Pêches et des Océans,DFO PPU 320,fr,French,MPO SCI 303,institution_specific,Institution-specific class,true,Resolved,DFO SCI 303,DFO SCI 303
ati-schedule-i-department-of-fisheries-and-oceans,Department of Fisheries and Oceans,Ministère des Pêches et des Océans,DFO PPU 320,fr,French,MPO SCI 304,institution_specific,Institution-specific class,true,Resolved,DFO SCI 304,DFO SCI 304
ati-schedule-i-department-of-fisheries-and-oceans,Department of Fisheries and Oceans,Ministère des Pêches et des Océans,DFO PPU 320,fr,French,MPO SCI 307,institution_specific,Institution-specific class,true,Resolved,DFO SCI 307,DFO SCI 307
ati-schedule-i-department-of-fisheries-and-oceans,Department of Fisheries and Oceans,Ministère des Pêches et des Océans,DFO PPU 320,fr,French,MPO SCI 308,institution_specific,Institution-specific class,true,Resolved,DFO SCI 308,DFO SCI 308
ati-schedule-i-department-of-fisheries-and-oceans,Department of Fisheries and Oceans,Ministère des Pêches et des Océans,DFO PPU 320,fr,French,MPO SCI 309,institution_specific,Institution-specific class,true,Resolved,DFO SCI 309,DFO SCI 309
ati-schedule-i-department-of-fisheries-and-oceans,Department of Fisheries and Oceans,Ministère des Pêches et des Océans,DFO PPU 320,fr,French,MPO SCI 310,institution_specific,Institution-specific class,true,Resolved,DFO SCI 310,DFO SCI 310
ati-schedule-i-department-of-fisheries-and-oceans,Department of Fisheries and Oceans,Ministère des Pêches et des Océans,DFO PPU 320,fr,French,MPO SCI 313,institution_specific,Institution-specific class,true,Resolved,DFO SCI 313,DFO SCI 313
ati-schedule-i-department-of-fisheries-and-oceans,Department of Fisheries and Oceans,Ministère des Pêches et des Océans,DFO PPU 320,fr,French,MPO SCI 314,institution_specific,Institution-specific class,true,Resolved,DFO SCI 314,DFO SCI 314
ati-schedule-i-department-of-fisheries-and-oceans,Department of Fisheries and Oceans,Ministère des Pêches et des Océans,DFO PPU 320,fr,French,MPO SCI 315,institution_specific,Institution-specific class,true,Resolved,DFO SCI 315,DFO SCI 315
ati-schedule-i-department-of-fisheries-and-oceans,Department of Fisheries and Oceans,Ministère des Pêches et des Océans,DFO PPU 320,fr,French,MPO SCI 317,institution_specific,Institution-specific class,true,Resolved,DFO SCI 317,DFO SCI 317
ati-schedule-i-department-of-fisheries-and-oceans,Department of Fisheries and Oceans,Ministère des Pêches et des Océans,DFO PPU 320,fr,French,MPO SCI 318,institution_specific,Institution-specific class,true,Resolved,DFO SCI 318,DFO SCI 318
ati-schedule-i-department-of-fisheries-and-oceans,Department of Fisheries and Oceans,Ministère des Pêches et des Océans,DFO PPU 320,fr,French,MPO SCI 319,institution_specific,Institution-specific class,true,Resolved,DFO SCI 319,DFO SCI 319
ati-schedule-i-department-of-fisheries-and-oceans,Department of Fisheries and Oceans,Ministère des Pêches et des Océans,DFO PPU 320,fr,French,MPO OCE 500,institution_specific,Institution-specific class,true,Resolved,DFO OCE 500,DFO OCE 500
ati-schedule-i-department-of-fisheries-and-oceans,Department of Fisheries and Oceans,Ministère des Pêches et des Océans,DFO PPU 165,en,English,DFO EFM 400,institution_specific,Institution-specific class,true,Resolved,DFO EFM 400,DFO EFM 400
ati-schedule-i-department-of-fisheries-and-oceans,Department of Fisheries and Oceans,Ministère des Pêches et des Océans,DFO PPU 165,en,English,DFO SP 100,institution_specific,Institution-specific class,true,Resolved,DFO SP 100,DFO SP 100
ati-schedule-i-department-of-fisheries-and-oceans,Department of Fisheries and Oceans,Ministère des Pêches et des Océans,DFO PPU 165,fr,French,MPO EGP 400,institution_specific,Institution-specific class,true,Resolved,DFO EFM 400,DFO EFM 400
ati-schedule-i-department-of-fisheries-and-oceans,Department of Fisheries and Oceans,Ministère des Pêches et des Océans,DFO PPU 165,fr,French,MPO PS 100,institution_specific,Institution-specific class,true,Resolved,DFO SP 100,DFO SP 100
ati-schedule-i-department-of-fisheries-and-oceans,Department of Fisheries and Oceans,Ministère des Pêches et des Océans,DFO PPU 145,en,English,DFO EFM 400,institution_specific,Institution-specific class,true,Resolved,DFO EFM 400,DFO EFM 400
ati-schedule-i-department-of-fisheries-and-oceans,Department of Fisheries and Oceans,Ministère des Pêches et des Océans,DFO PPU 145,en,English,DFO EFM 404,institution_specific,Institution-specific class,true,Resolved,DFO EFM 404,DFO EFM 404
ati-schedule-i-department-of-fisheries-and-oceans,Department of Fisheries and Oceans,Ministère des Pêches et des Océans,DFO PPU 145,fr,French,MPO EGP 400,institution_specific,Institution-specific class,true,Resolved,DFO EFM 400,DFO EFM 400
ati-schedule-i-department-of-fisheries-and-oceans,Department of Fisheries and Oceans,Ministère des Pêches et des Océans,DFO PPU 145,fr,French,MPO EGP 404,institution_specific,Institution-specific class,true,Resolved,DFO EFM 404,DFO EFM 404
ati-schedule-i-department-of-fisheries-and-oceans,Department of Fisheries and Oceans,Ministère des Pêches et des Océans,DFO PPU 500,en,English,DFO OCE 500,institution_specific,Institution-specific class,true,Resolved,DFO OCE 500,DFO OCE 500
ati-schedule-i-department-of-fisheries-and-oceans,Department of Fisheries and Oceans,Ministère des Pêches et des Océans,DFO PPU 500,fr,French,MPO OCE 500,institution_specific,Institution-specific class,true,Resolved,DFO OCE 500,DFO OCE 500
ati-schedule-i-department-of-fisheries-and-oceans,Department of Fisheries and Oceans,Ministère des Pêches et des Océans,DFO PPU 055,en,English,DFO EFM 404,institution_specific,Institution-specific class,true,Resolved,DFO EFM 404,DFO EFM 404
ati-schedule-i-department-of-fisheries-and-oceans,Department of Fisheries and Oceans,Ministère des Pêches et des Océans,DFO PPU 055,fr,French,MPO EGP 404,institution_specific,Institution-specific class,true,Resolved,DFO EFM 404,DFO EFM 404
ati-schedule-i-department-of-fisheries-and-oceans,Department of Fisheries and Oceans,Ministère des Pêches et des Océans,DFO PPU 125,en,English,DFO EFM 404,institution_specific,Institution-specific class,true,Resolved,DFO EFM 404,DFO EFM 404
ati-schedule-i-department-of-fisheries-and-oceans,Department of Fisheries and Oceans,Ministère des Pêches et des Océans,DFO PPU 125,fr,French,MPO EGP 404,institution_specific,Institution-specific class,true,Resolved,DFO EFM 404,DFO EFM 404
ati-schedule-i-department-of-fisheries-and-oceans,Department of Fisheries and Oceans,Ministère des Pêches et des Océans,DFO PPU 140,en,English,DFO EFM 400,institution_specific,Institution-specific class,true,Resolved,DFO EFM 400,DFO EFM 400
ati-schedule-i-department-of-fisheries-and-oceans,Department of Fisheries and Oceans,Ministère des Pêches et des Océans,DFO PPU 140,en,English,DFO EFM 404,institution_specific,Institution-specific class,true,Resolved,DFO EFM 404,DFO EFM 404
ati-schedule-i-department-of-fisheries-and-oceans,Department of Fisheries and Oceans,Ministère des Pêches et des Océans,DFO PPU 140,en,English,DFO INT 800,institution_specific,Institution-specific class,true,Resolved,DFO INT 800,DFO INT 800
ati-schedule-i-department-of-fisheries-and-oceans,Department of Fisheries and Oceans,Ministère des Pêches et des Océans,DFO PPU 140,en,English,DFO OCE 500,institution_specific,Institution-specific class,true,Resolved,DFO OCE 500,DFO OCE 500
ati-schedule-i-department-of-fisheries-and-oceans,Department of Fisheries and Oceans,Ministère des Pêches et des Océans,DFO PPU 140,en,English,DFO SAR 700,institution_specific,Institution-specific class,true,Resolved,DFO SAR 700,DFO SAR 700
ati-schedule-i-department-of-fisheries-and-oceans,Department of Fisheries and Oceans,Ministère des Pêches et des Océans,DFO PPU 140,en,English,DFO SCI 314,institution_specific,Institution-specific class,true,Resolved,DFO SCI 314,DFO SCI 314
ati-schedule-i-department-of-fisheries-and-oceans,Department of Fisheries and Oceans,Ministère des Pêches et des Océans,DFO PPU 140,en,English,DFO SCI 319,institution_specific,Institution-specific class,true,Resolved,DFO SCI 319,DFO SCI 319
ati-schedule-i-department-of-fisheries-and-oceans,Department of Fisheries and Oceans,Ministère des Pêches et des Océans,DFO PPU 140,fr,French,MPO EGP 400,institution_specific,Institution-specific class,true,Resolved,DFO EFM 400,DFO EFM 400
ati-schedule-i-department-of-fisheries-and-oceans,Department of Fisheries and Oceans,Ministère des Pêches et des Océans,DFO PPU 140,fr,French,MPO EGP 404,institution_specific,Institution-specific class,true,Resolved,DFO EFM 404,DFO EFM 404
ati-schedule-i-department-of-fisheries-and-oceans,Department of Fisheries and Oceans,Ministère des Pêches et des Océans,DFO PPU 140,fr,French,MPO INT 800,institution_specific,Institution-specific class,true,Resolved,DFO INT 800,DFO INT 800
ati-schedule-i-department-of-fisheries-and-oceans,Department of Fisheries and Oceans,Ministère des Pêches et des Océans,DFO PPU 140,fr,French,MPO OCE 500,institution_specific,Institution-specific class,true,Resolved,DFO OCE 500,DFO OCE 500
ati-schedule-i-department-of-fisheries-and-oceans,Department of Fisheries and Oceans,Ministère des Pêches et des Océans,DFO PPU 140,fr,French,MPO EEP 700,institution_specific,Institution-specific class,true,Resolved,DFO SAR 700,DFO SAR 700
ati-schedule-i-department-of-fisheries-and-oceans,Department of Fisheries and Oceans,Ministère des Pêches et des Océans,DFO PPU 140,fr,French,MPO SCI 314,institution_specific,Institution-specific class,true,Resolved,DFO SCI 314,DFO SCI 314
ati-schedule-i-department-of-fisheries-and-oceans,Department of Fisheries and Oceans,Ministère des Pêches et des Océans,DFO PPU 140,fr,French,MPO SCI 319,institution_specific,Institution-specific class,true,Resolved,DFO SCI 319,DFO SCI 319
ati-schedule-i-department-of-fisheries-and-oceans,Department of Fisheries and Oceans,Ministère des Pêches et des Océans,DFO PPU 415,en,English,DFO EFM 400,institution_specific,Institution-specific class,true,Resolved,DFO EFM 400,DFO EFM 400
ati-schedule-i-department-of-fisheries-and-oceans,Department of Fisheries and Oceans,Ministère des Pêches et des Océans,DFO PPU 415,fr,French,MPO EGP 400,institution_specific,Institution-specific class,true,Resolved,DFO EFM 400,DFO EFM 400
ati-schedule-i-department-of-fisheries-and-oceans,Department of Fisheries and Oceans,Ministère des Pêches et des Océans,DFO PPU 411,en,English,DFO EFM 400,institution_specific,Institution-specific class,true,Resolved,DFO EFM 400,DFO EFM 400
ati-schedule-i-department-of-fisheries-and-oceans,Department of Fisheries and Oceans,Ministère des Pêches et des Océans,DFO PPU 411,en,English,DFO SP 100,institution_specific,Institution-specific class,true,Resolved,DFO SP 100,DFO SP 100
ati-schedule-i-department-of-fisheries-and-oceans,Department of Fisheries and Oceans,Ministère des Pêches et des Océans,DFO PPU 411,fr,French,MPO EGP 400,institution_specific,Institution-specific class,true,Resolved,DFO EFM 400,DFO EFM 400
ati-schedule-i-department-of-fisheries-and-oceans,Department of Fisheries and Oceans,Ministère des Pêches et des Océans,DFO PPU 411,fr,French,MPO PS 100,institution_specific,Institution-specific class,true,Resolved,DFO SP 100,DFO SP 100
ati-schedule-i-department-of-fisheries-and-oceans,Department of Fisheries and Oceans,Ministère des Pêches et des Océans,DFO PPU 090,en,English,DFO EFM 403,institution_specific,Institution-specific class,true,Resolved,DFO EFM 403,DFO EFM 403
ati-schedule-i-department-of-fisheries-and-oceans,Department of Fisheries and Oceans,Ministère des Pêches et des Océans,DFO PPU 090,en,English,DFO SP 100,institution_specific,Institution-specific class,true,Resolved,DFO SP 100,DFO SP 100
ati-schedule-i-department-of-fisheries-and-oceans,Department of Fisheries and Oceans,Ministère des Pêches et des Océans,DFO PPU 090,fr,French,MPO EGP 403,institution_specific,Institution-specific class,true,Resolved,DFO EFM 403,DFO EFM 403
ati-schedule-i-department-of-fisheries-and-oceans,Department of Fisheries and Oceans,Ministère des Pêches et des Océans,DFO PPU 090,fr,French,MPO PS 100,institution_specific,Institution-specific class,true,Resolved,DFO SP 100,DFO SP 100
ati-schedule-i-department-of-fisheries-and-oceans,Department of Fisheries and Oceans,Ministère des Pêches et des Océans,DFO PPU 110,en,English,PRN 920,standard,Standard class,true,Resolved,920,PRN 920 / NDP 920
ati-schedule-i-department-of-fisheries-and-oceans,Department of Fisheries and Oceans,Ministère des Pêches et des Océans,DFO PPU 110,en,English,PRN 922,standard,Standard class,true,Resolved,922,PRN 922 / NDP 922
ati-schedule-i-department-of-fisheries-and-oceans,Department of Fisheries and Oceans,Ministère des Pêches et des Océans,DFO PPU 110,en,English,PRN 926,standard,Standard class,true,Resolved,926,PRN 926 / NDP 926
ati-schedule-i-department-of-fisheries-and-oceans,Department of Fisheries and Oceans,Ministère des Pêches et des Océans,DFO PPU 110,en,English,PRN 941,standard,Standard class,true,Resolved,941,PRN 941 / NDP 941
ati-schedule-i-department-of-fisheries-and-oceans,Department of Fisheries and Oceans,Ministère des Pêches et des Océans,DFO PPU 110,en,English,DFO EFM 404,institution_specific,Institution-specific class,true,Resolved,DFO EFM 404,DFO EFM 404
ati-schedule-i-department-of-fisheries-and-oceans,Department of Fisheries and Oceans,Ministère des Pêches et des Océans,DFO PPU 075,en,English,DFO EFM 404,institution_specific,Institution-specific class,true,Resolved,DFO EFM 404,DFO EFM 404
ati-schedule-i-department-of-fisheries-and-oceans,Department of Fisheries and Oceans,Ministère des Pêches et des Océans,DFO PPU 075,fr,French,MPO EGP 404,institution_specific,Institution-specific class,true,Resolved,DFO EFM 404,DFO EFM 404
ati-schedule-i-department-of-fisheries-and-oceans,Department of Fisheries and Oceans,Ministère des Pêches et des Océans,DFO PPU 135,en,English,DFO EFM 400,institution_specific,Institution-specific class,true,Resolved,DFO EFM 400,DFO EFM 400
ati-schedule-i-department-of-fisheries-and-oceans,Department of Fisheries and Oceans,Ministère des Pêches et des Océans,DFO PPU 135,fr,French,MPO EGP 400,institution_specific,Institution-specific class,true,Resolved,DFO EFM 400,DFO EFM 400
ati-schedule-i-department-of-fisheries-and-oceans,Department of Fisheries and Oceans,Ministère des Pêches et des Océans,DFO PPU 770,en,English,DFO SAR 700,institution_specific,Institution-specific class,true,Resolved,DFO SAR 700,DFO SAR 700
ati-schedule-i-department-of-fisheries-and-oceans,Department of Fisheries and Oceans,Ministère des Pêches et des Océans,DFO PPU 770,en,English,DFO SP 100,institution_specific,Institution-specific class,true,Resolved,DFO SP 100,DFO SP 100
ati-schedule-i-department-of-fisheries-and-oceans,Department of Fisheries and Oceans,Ministère des Pêches et des Océans,DFO PPU 770,fr,French,MPO EEP 700,institution_specific,Institution-specific class,true,Resolved,DFO SAR 700,DFO SAR 700
ati-schedule-i-department-of-fisheries-and-oceans,Department of Fisheries and Oceans,Ministère des Pêches et des Océans,DFO PPU 770,fr,French,MPO PS 100,institution_specific,Institution-specific class,true,Resolved,DFO SP 100,DFO SP 100
ati-schedule-i-department-of-fisheries-and-oceans,Department of Fisheries and Oceans,Ministère des Pêches et des Océans,DFO PPU 005,en,English,DFO SCI 310,institution_specific,Institution-specific class,true,Resolved,DFO SCI 310,DFO SCI 310
ati-schedule-i-department-of-fisheries-and-oceans,Department of Fisheries and Oceans,Ministère des Pêches et des Océans,DFO PPU 005,fr,French,MPO SCI 310,institution_specific,Institution-specific class,true,Resolved,DFO SCI 310,DFO SCI 310
ati-schedule-i-department-of-fisheries-and-oceans,Department of Fisheries and Oceans,Ministère des Pêches et des Océans,DFO PPU 790,en,English,DFO EFM 404,institution_specific,Institution-specific class,true,Resolved,DFO EFM 404,DFO EFM 404
ati-schedule-i-department-of-fisheries-and-oceans,Department of Fisheries and Oceans,Ministère des Pêches et des Océans,DFO PPU 790,fr,French,MPO GEP 404,institution_specific,Institution-specific class,true,Resolved,DFO EFM 404,DFO EFM 404
ati-schedule-i-department-of-fisheries-and-oceans,Department of Fisheries and Oceans,Ministère des Pêches et des Océans,DFO PPU 065,en,English,DFO EFM 400,institution_specific,Institution-specific class,true,Resolved,DFO EFM 400,DFO EFM 400
ati-schedule-i-department-of-fisheries-and-oceans,Department of Fisheries and Oceans,Ministère des Pêches et des Océans,DFO PPU 065,en,English,DFO EFM 404,institution_specific,Institution-specific class,true,Resolved,DFO EFM 404,DFO EFM 404
ati-schedule-i-department-of-fisheries-and-oceans,Department of Fisheries and Oceans,Ministère des Pêches et des Océans,DFO PPU 065,fr,French,MPO EGP 400,institution_specific,Institution-specific class,true,Resolved,DFO EFM 400,DFO EFM 400
ati-schedule-i-department-of-fisheries-and-oceans,Department of Fisheries and Oceans,Ministère des Pêches et des Océans,DFO PPU 065,fr,French,MPO EGP 404,institution_specific,Institution-specific class,true,Resolved,DFO EFM 404,DFO EFM 404
ati-schedule-i-department-of-fisheries-and-oceans,Department of Fisheries and Oceans,Ministère des Pêches et des Océans,DFO PPU 460,en,English,DFO EFM 400,institution_specific,Institution-specific class,true,Resolved,DFO EFM 400,DFO EFM 400
ati-schedule-i-department-of-fisheries-and-oceans,Department of Fisheries and Oceans,Ministère des Pêches et des Océans,DFO PPU 460,en,English,DFO EFM 404,institution_specific,Institution-specific class,true,Resolved,DFO EFM 404,DFO EFM 404
ati-schedule-i-department-of-fisheries-and-oceans,Department of Fisheries and Oceans,Ministère des Pêches et des Océans,DFO PPU 460,en,English,DFO INT 800,institution_specific,Institution-specific class,true,Resolved,DFO INT 800,DFO INT 800
ati-schedule-i-department-of-fisheries-and-oceans,Department of Fisheries and Oceans,Ministère des Pêches et des Océans,DFO PPU 460,en,English,DFO OCE 500,institution_specific,Institution-specific class,true,Resolved,DFO OCE 500,DFO OCE 500
ati-schedule-i-department-of-fisheries-and-oceans,Department of Fisheries and Oceans,Ministère des Pêches et des Océans,DFO PPU 460,en,English,DFO SAR 700,institution_specific,Institution-specific class,true,Resolved,DFO SAR 700,DFO SAR 700
ati-schedule-i-department-of-fisheries-and-oceans,Department of Fisheries and Oceans,Ministère des Pêches et des Océans,DFO PPU 460,en,English,DFO SCI 314,institution_specific,Institution-specific class,true,Resolved,DFO SCI 314,DFO SCI 314
ati-schedule-i-department-of-fisheries-and-oceans,Department of Fisheries and Oceans,Ministère des Pêches et des Océans,DFO PPU 460,en,English,DFO SCI 319,institution_specific,Institution-specific class,true,Resolved,DFO SCI 319,DFO SCI 319
ati-schedule-i-department-of-fisheries-and-oceans,Department of Fisheries and Oceans,Ministère des Pêches et des Océans,DFO PPU 460,fr,French,MPO EGP 400,institution_specific,Institution-specific class,true,Resolved,DFO EFM 400,DFO EFM 400
ati-schedule-i-department-of-fisheries-and-oceans,Department of Fisheries and Oceans,Ministère des Pêches et des Océans,DFO PPU 460,fr,French,MPO EGP 404,institution_specific,Institution-specific class,true,Resolved,DFO EFM 404,DFO EFM 404
ati-schedule-i-department-of-fisheries-and-oceans,Department of Fisheries and Oceans,Ministère des Pêches et des Océans,DFO PPU 460,fr,French,MPO INT 800,institution_specific,Institution-specific class,true,Resolved,DFO INT 800,DFO INT 800
ati-schedule-i-department-of-fisheries-and-oceans,Department of Fisheries and Oceans,Ministère des Pêches et des Océans,DFO PPU 460,fr,French,MPO OCE 500,institution_specific,Institution-specific class,true,Resolved,DFO OCE 500,DFO OCE 500
ati-schedule-i-department-of-fisheries-and-oceans,Department of Fisheries and Oceans,Ministère des Pêches et des Océans,DFO PPU 460,fr,French,MPO EEP 700,institution_specific,Institution-specific class,true,Resolved,DFO SAR 700,DFO SAR 700
ati-schedule-i-department-of-fisheries-and-oceans,Department of Fisheries and Oceans,Ministère des Pêches et des Océans,DFO PPU 460,fr,French,MPO SCI 314,institution_specific,Institution-specific class,true,Resolved,DFO SCI 314,DFO SCI 314
ati-schedule-i-department-of-fisheries-and-oceans,Department of Fisheries and Oceans,Ministère des Pêches et des Océans,DFO PPU 460,fr,French,MPO SCI 319,institution_specific,Institution-specific class,true,Resolved,DFO SCI 319,DFO SCI 319
ati-schedule-i-department-of-foreign-affairs-trade-and-development,"Department of Foreign Affairs, Trade and Development","Ministère des Affaires étrangères, du Commerce et du Développement",GAC PPU 010,en,English,GAC JPD 917,institution_specific,Institution-specific class,true,Resolved,GAC JPD 917,GAC JPD 917
ati-schedule-i-department-of-foreign-affairs-trade-and-development,"Department of Foreign Affairs, Trade and Development","Ministère des Affaires étrangères, du Commerce et du Développement",GAC PPU 010,en,English,GAC JPD 918,institution_specific,Institution-specific class,true,Resolved,GAC JPD 918,GAC JPD 918
ati-schedule-i-department-of-foreign-affairs-trade-and-development,"Department of Foreign Affairs, Trade and Development","Ministère des Affaires étrangères, du Commerce et du Développement",GAC PPU 010,en,English,GAC JSD 908,institution_specific,Institution-specific class,true,Resolved,GAC JSD 908,GAC JSD 908
ati-schedule-i-department-of-foreign-affairs-trade-and-development,"Department of Foreign Affairs, Trade and Development","Ministère des Affaires étrangères, du Commerce et du Développement",GAC PPU 032,en,English,GAC JPD 917,institution_specific,Institution-specific class,true,Resolved,GAC JPD 917,GAC JPD 917
ati-schedule-i-department-of-foreign-affairs-trade-and-development,"Department of Foreign Affairs, Trade and Development","Ministère des Affaires étrangères, du Commerce et du Développement",GAC PPU 032,en,English,GAC JPD 918,institution_specific,Institution-specific class,true,Resolved,GAC JPD 918,GAC JPD 918
ati-schedule-i-department-of-foreign-affairs-trade-and-development,"Department of Foreign Affairs, Trade and Development","Ministère des Affaires étrangères, du Commerce et du Développement",GAC PPU 005,en,English,GAC JPD 919,institution_specific,Institution-specific class,true,Resolved,GAC JPD 919,GAC JPD 919
ati-schedule-i-department-of-foreign-affairs-trade-and-development,"Department of Foreign Affairs, Trade and Development","Ministère des Affaires étrangères, du Commerce et du Développement",GAC PPU 031,en,English,GAC LDW 129,institution_specific,Institution-specific class,true,Resolved,GAC LDW 129,GAC LDW 129
ati-schedule-i-department-of-foreign-affairs-trade-and-development,"Department of Foreign Affairs, Trade and Development","Ministère des Affaires étrangères, du Commerce et du Développement",GAC PPU 911,en,English,GAC BBD 142,institution_specific,Institution-specific class,true,Resolved,GAC BBD 142,GAC BBD 142
ati-schedule-i-department-of-foreign-affairs-trade-and-development,"Department of Foreign Affairs, Trade and Development","Ministère des Affaires étrangères, du Commerce et du Développement",GAC PPU 907,en,English,GAC XDD 848,institution_specific,Institution-specific class,true,Resolved,GAC XDD 848,GAC XDD 848
ati-schedule-i-department-of-foreign-affairs-trade-and-development,"Department of Foreign Affairs, Trade and Development","Ministère des Affaires étrangères, du Commerce et du Développement",GAC PPU 910,en,English,GAC XDD 848,institution_specific,Institution-specific class,true,Resolved,GAC XDD 848,GAC XDD 848
ati-schedule-i-department-of-foreign-affairs-trade-and-development,"Department of Foreign Affairs, Trade and Development","Ministère des Affaires étrangères, du Commerce et du Développement",GAC PPU 904,en,English,GAC DSMO 161,institution_specific,Institution-specific class,true,Resolved,GAC DSMO 161,GAC DSMO 161
ati-schedule-i-department-of-foreign-affairs-trade-and-development,"Department of Foreign Affairs, Trade and Development","Ministère des Affaires étrangères, du Commerce et du Développement",GAC PPU 101,en,English,GAC BID 819,institution_specific,Institution-specific class,true,Resolved,GAC BID 819,GAC BID 819
ati-schedule-i-department-of-foreign-affairs-trade-and-development,"Department of Foreign Affairs, Trade and Development","Ministère des Affaires étrangères, du Commerce et du Développement",GAC PPU 906,en,English,GAC BTD 904,institution_specific,Institution-specific class,true,Resolved,GAC BTD 904,GAC BTD 904
ati-schedule-i-department-of-foreign-affairs-trade-and-development,"Department of Foreign Affairs, Trade and Development","Ministère des Affaires étrangères, du Commerce et du Développement",GAC PPU 015,en,English,GAC MID 026,institution_specific,Institution-specific class,true,Resolved,GAC MID 026,GAC MID 026
ati-schedule-i-department-of-foreign-affairs-trade-and-development,"Department of Foreign Affairs, Trade and Development","Ministère des Affaires étrangères, du Commerce et du Développement",GAC PPU 015,en,English,GAC MGD 027,institution_specific,Institution-specific class,true,Resolved,GAC MGD 027,GAC MGD 027
ati-schedule-i-department-of-foreign-affairs-trade-and-development,"Department of Foreign Affairs, Trade and Development","Ministère des Affaires étrangères, du Commerce et du Développement",GAC PPU 016,en,English,GAC KED 010,institution_specific,Institution-specific class,true,Resolved,GAC KED 010,GAC KED 010
ati-schedule-i-department-of-foreign-affairs-trade-and-development,"Department of Foreign Affairs, Trade and Development","Ministère des Affaires étrangères, du Commerce et du Développement",GAC PPU 908,en,English,GAC CFSI 844,institution_specific,Institution-specific class,true,Resolved,GAC CFSI 844,GAC CFSI 844
ati-schedule-i-department-of-foreign-affairs-trade-and-development,"Department of Foreign Affairs, Trade and Development","Ministère des Affaires étrangères, du Commerce et du Développement",GAC PPE 701,en,English,GAC AED 860,institution_specific,Institution-specific class,true,Resolved,GAC AED 860,GAC AED 860
ati-schedule-i-department-of-foreign-affairs-trade-and-development,"Department of Foreign Affairs, Trade and Development","Ministère des Affaires étrangères, du Commerce et du Développement",GAC PPE 802,en,English,GAC AED 860,institution_specific,Institution-specific class,true,Resolved,GAC AED 860,GAC AED 860
ati-schedule-i-department-of-foreign-affairs-trade-and-development,"Department of Foreign Affairs, Trade and Development","Ministère des Affaires étrangères, du Commerce et du Développement",GAC PPU 045,en,English,GAC HFD 127,institution_specific,Institution-specific class,true,Resolved,GAC HFD 127,GAC HFD 127
ati-schedule-i-department-of-foreign-affairs-trade-and-development,"Department of Foreign Affairs, Trade and Development","Ministère des Affaires étrangères, du Commerce et du Développement",GAC PPU 045,en,English,GAC HFD 169,institution_specific,Institution-specific class,true,Resolved,GAC HFD 169,GAC HFD 169
ati-schedule-i-department-of-health,Department of Health,Ministère de la Santé,HC PPU 051,en,English,HC CHS 010,institution_specific,Institution-specific class,true,Resolved,HC CHS 010,HC CHS 010
ati-schedule-i-department-of-health,Department of Health,Ministère de la Santé,HC PPU 051,fr,French,SC CHS 010,institution_specific,Institution-specific class,false,Needs review,,
ati-schedule-i-department-of-health,Department of Health,Ministère de la Santé,HC PPU 420,en,English,HC CHS 005,institution_specific,Institution-specific class,true,Resolved,HC CHS 005,HC CHS 005
ati-schedule-i-department-of-health,Department of Health,Ministère de la Santé,HC PPU 420,fr,French,SC CHS 005,institution_specific,Institution-specific class,false,Needs review,,
ati-schedule-i-department-of-health,Department of Health,Ministère de la Santé,HC PPU 421,en,English,HC CHS 005,institution_specific,Institution-specific class,true,Resolved,HC CHS 005,HC CHS 005
ati-schedule-i-department-of-health,Department of Health,Ministère de la Santé,HC PPU 421,fr,French,SC CHS 005,institution_specific,Institution-specific class,false,Needs review,,
ati-schedule-i-department-of-health,Department of Health,Ministère de la Santé,HC PPU 422,en,English,HC CHS 005,institution_specific,Institution-specific class,true,Resolved,HC CHS 005,HC CHS 005
ati-schedule-i-department-of-health,Department of Health,Ministère de la Santé,HC PPU 422,fr,French,SC CHS 005,institution_specific,Institution-specific class,false,Needs review,,
ati-schedule-i-department-of-health,Department of Health,Ministère de la Santé,HC PPU 440,en,English,HC CHS 005,institution_specific,Institution-specific class,true,Resolved,HC CHS 005,HC CHS 005
ati-schedule-i-department-of-health,Department of Health,Ministère de la Santé,HC PPU 440,fr,French,SC CHS 005,institution_specific,Institution-specific class,false,Needs review,,
ati-schedule-i-department-of-health,Department of Health,Ministère de la Santé,HC PPU 435,en,English,HC MAID 005,institution_specific,Institution-specific class,true,Resolved,HC MAID 005,HC MAID 005
ati-schedule-i-department-of-health,Department of Health,Ministère de la Santé,HC PPU 435,fr,French,SC MAID 005,institution_specific,Institution-specific class,false,Needs review,,
ati-schedule-i-department-of-health,Department of Health,Ministère de la Santé,HC PPU 036,en,English,HC ERH 015,institution_specific,Institution-specific class,true,Resolved,HC ERH 015,HC ERH 015
ati-schedule-i-department-of-health,Department of Health,Ministère de la Santé,HC PPU 089,en,English,HC ERH 015,institution_specific,Institution-specific class,true,Resolved,HC ERH 015,HC ERH 015
ati-schedule-i-department-of-health,Department of Health,Ministère de la Santé,HC PPU 089,fr,French,SC ERH 015,institution_specific,Institution-specific class,false,Needs review,,
ati-schedule-i-department-of-health,Department of Health,Ministère de la Santé,HC PPU 314,en,English,HC ERH 015,institution_specific,Institution-specific class,true,Resolved,HC ERH 015,HC ERH 015
ati-schedule-i-department-of-health,Department of Health,Ministère de la Santé,HC PPU 314,fr,French,SC ERH 015,institution_specific,Institution-specific class,false,Needs review,,
ati-schedule-i-department-of-health,Department of Health,Ministère de la Santé,HC PPU 417,en,English,HC HP 005,institution_specific,Institution-specific class,true,Resolved,HC HP 005,HC HP 005
ati-schedule-i-department-of-health,Department of Health,Ministère de la Santé,HC PPU 417,en,English,HC HP 025,institution_specific,Institution-specific class,true,Resolved,HC HP 025,HC HP 025
ati-schedule-i-department-of-health,Department of Health,Ministère de la Santé,HC PPU 417,fr,French,SC HP 005,institution_specific,Institution-specific class,false,Needs review,,
ati-schedule-i-department-of-health,Department of Health,Ministère de la Santé,HC PPU 417,fr,French,SC HP 025,institution_specific,Institution-specific class,false,Needs review,,
ati-schedule-i-department-of-health,Department of Health,Ministère de la Santé,HC PPU 436,en,English,HC HP 005,institution_specific,Institution-specific class,true,Resolved,HC HP 005,HC HP 005
ati-schedule-i-department-of-health,Department of Health,Ministère de la Santé,HC PPU 436,en,English,HC HP 020,institution_specific,Institution-specific class,true,Resolved,HC HP 020,HC HP 020
ati-schedule-i-department-of-health,Department of Health,Ministère de la Santé,HC PPU 436,en,English,HC HP 035,institution_specific,Institution-specific class,true,Resolved,HC HP 035,HC HP 035
ati-schedule-i-department-of-health,Department of Health,Ministère de la Santé,HC PPU 436,en,English,HC HP 045,institution_specific,Institution-specific class,true,Resolved,HC HP 045,HC HP 045
ati-schedule-i-department-of-health,Department of Health,Ministère de la Santé,HC PPU 436,en,English,HC HP 050,institution_specific,Institution-specific class,true,Resolved,HC HP 050,HC HP 050
ati-schedule-i-department-of-health,Department of Health,Ministère de la Santé,HC PPU 436,en,English,HC HP 065,institution_specific,Institution-specific class,true,Resolved,HC HP 065,HC HP 065
ati-schedule-i-department-of-health,Department of Health,Ministère de la Santé,HC PPU 436,fr,French,SC HP 005,institution_specific,Institution-specific class,false,Needs review,,
ati-schedule-i-department-of-health,Department of Health,Ministère de la Santé,HC PPU 436,fr,French,SC HP 020,institution_specific,Institution-specific class,false,Needs review,,
ati-schedule-i-department-of-health,Department of Health,Ministère de la Santé,HC PPU 436,fr,French,SC HP 035,institution_specific,Institution-specific class,false,Needs review,,
ati-schedule-i-department-of-health,Department of Health,Ministère de la Santé,HC PPU 436,fr,French,SC HP 045,institution_specific,Institution-specific class,true,Resolved,HC HP 045,HC HP 045
ati-schedule-i-department-of-health,Department of Health,Ministère de la Santé,HC PPU 436,fr,French,SC HP 050,institution_specific,Institution-specific class,false,Needs review,,
ati-schedule-i-department-of-health,Department of Health,Ministère de la Santé,HC PPU 436,fr,French,SC HP 065,institution_specific,Institution-specific class,true,Resolved,HC HP 065,HC HP 065
ati-schedule-i-department-of-health,Department of Health,Ministère de la Santé,HC PPU 408,en,English,HC HP 035,institution_specific,Institution-specific class,true,Resolved,HC HP 035,HC HP 035
ati-schedule-i-department-of-health,Department of Health,Ministère de la Santé,HC PPU 411,en,English,HC DSS 010,institution_specific,Institution-specific class,true,Resolved,HC DSS 010,HC DSS 010
ati-schedule-i-department-of-health,Department of Health,Ministère de la Santé,HC PPU 411,fr,French,SC DSS 010,institution_specific,Institution-specific class,false,Needs review,,
ati-schedule-i-department-of-health,Department of Health,Ministère de la Santé,HC PPU 073,en,English,HC CAN 005,institution_specific,Institution-specific class,true,Resolved,HC CAN 005,HC CAN 005
ati-schedule-i-department-of-health,Department of Health,Ministère de la Santé,HC PPU 073,fr,French,SC CAN 005,institution_specific,Institution-specific class,false,Needs review,,
ati-schedule-i-department-of-health,Department of Health,Ministère de la Santé,HC PPU 439,en,English,HC CAN 005,institution_specific,Institution-specific class,true,Resolved,HC CAN 005,HC CAN 005
ati-schedule-i-department-of-health,Department of Health,Ministère de la Santé,HC PPU 439,fr,French,HC CAN 005,institution_specific,Institution-specific class,true,Resolved,HC CAN 005,HC CAN 005
ati-schedule-i-department-of-health,Department of Health,Ministère de la Santé,HC PPU 442,en,English,HC CAN 005,institution_specific,Institution-specific class,true,Resolved,HC CAN 005,HC CAN 005
ati-schedule-i-department-of-health,Department of Health,Ministère de la Santé,HC PPU 416,en,English,HC HP 070,institution_specific,Institution-specific class,true,Resolved,HC HP 070,HC HP 070
ati-schedule-i-department-of-health,Department of Health,Ministère de la Santé,HC PPU 416,fr,French,SC HCP 070,institution_specific,Institution-specific class,true,Resolved,HC HP 070,HC HP 070
ati-schedule-i-department-of-health,Department of Health,Ministère de la Santé,HC PPU 088,en,English,HC CPS 005,institution_specific,Institution-specific class,true,Resolved,HC CPS 005,HC CPS 005
ati-schedule-i-department-of-health,Department of Health,Ministère de la Santé,HC PPU 088,fr,French,SC CPS 005,institution_specific,Institution-specific class,false,Needs review,,
ati-schedule-i-department-of-health,Department of Health,Ministère de la Santé,HC PPU 402,en,English,HC CPS 005,institution_specific,Institution-specific class,true,Resolved,HC CPS 005,HC CPS 005
ati-schedule-i-department-of-health,Department of Health,Ministère de la Santé,HC PPU 402,fr,French,SC CPS 005,institution_specific,Institution-specific class,false,Needs review,,
ati-schedule-i-department-of-health,Department of Health,Ministère de la Santé,HC PPU 074,en,English,HC SUA 010,institution_specific,Institution-specific class,true,Resolved,HC SUA 010,HC SUA 010
ati-schedule-i-department-of-health,Department of Health,Ministère de la Santé,HC PPU 060,en,English,HC SUA 010,institution_specific,Institution-specific class,true,Resolved,HC SUA 010,HC SUA 010
ati-schedule-i-department-of-health,Department of Health,Ministère de la Santé,HC PPU 060,fr,French,SC SUA 010,institution_specific,Institution-specific class,false,Needs review,,
ati-schedule-i-department-of-health,Department of Health,Ministère de la Santé,HC PPU 045,en,English,HC SUA 010,institution_specific,Institution-specific class,true,Resolved,HC SUA 010,HC SUA 010
ati-schedule-i-department-of-health,Department of Health,Ministère de la Santé,HC PPU 045,fr,French,SC SUA 010,institution_specific,Institution-specific class,false,Needs review,,
ati-schedule-i-department-of-health,Department of Health,Ministère de la Santé,HC PPU 040,en,English,HC SUA 010,institution_specific,Institution-specific class,true,Resolved,HC SUA 010,HC SUA 010
ati-schedule-i-department-of-health,Department of Health,Ministère de la Santé,HC PPU 040,fr,French,SC SUA 010,institution_specific,Institution-specific class,false,Needs review,,
ati-schedule-i-department-of-health,Department of Health,Ministère de la Santé,HC PPU 434,en,English,HC SUA 010,institution_specific,Institution-specific class,true,Resolved,HC SUA 010,HC SUA 010
ati-schedule-i-department-of-health,Department of Health,Ministère de la Santé,HC PPU 434,fr,French,SC SUA 010,institution_specific,Institution-specific class,false,Needs review,,
ati-schedule-i-department-of-health,Department of Health,Ministère de la Santé,HC PPU 448,en,English,HC SUA 010,institution_specific,Institution-specific class,true,Resolved,HC SUA 010,HC SUA 010
ati-schedule-i-department-of-health,Department of Health,Ministère de la Santé,HC PPU 447,en,English,HC SUA 010,institution_specific,Institution-specific class,true,Resolved,HC SUA 010,HC SUA 010
ati-schedule-i-department-of-health,Department of Health,Ministère de la Santé,HC PPU 443,en,English,HC SUA 010,institution_specific,Institution-specific class,true,Resolved,HC SUA 010,HC SUA 010
ati-schedule-i-department-of-health,Department of Health,Ministère de la Santé,HC PPU 449,en,English,HC SUA 010,institution_specific,Institution-specific class,true,Resolved,HC SUA 010,HC SUA 010
ati-schedule-i-department-of-health,Department of Health,Ministère de la Santé,HC PPU 444,en,English,HC FSN 005,institution_specific,Institution-specific class,true,Resolved,HC FSN 005,HC FSN 005
ati-schedule-i-department-of-health,Department of Health,Ministère de la Santé,HC PPU 076,en,English,HC FSN 010,institution_specific,Institution-specific class,true,Resolved,HC FSN 010,HC FSN 010
ati-schedule-i-department-of-health,Department of Health,Ministère de la Santé,HC PPU 076,fr,French,SC FSN 010,institution_specific,Institution-specific class,false,Needs review,,
ati-schedule-i-department-of-health,Department of Health,Ministère de la Santé,HC PPU 079,en,English,HC FSN 010,institution_specific,Institution-specific class,true,Resolved,HC FSN 010,HC FSN 010
ati-schedule-i-department-of-health,Department of Health,Ministère de la Santé,HC PPU 079,fr,French,SC FSN 010,institution_specific,Institution-specific class,false,Needs review,,
ati-schedule-i-department-of-health,Department of Health,Ministère de la Santé,HC PPU 037,en,English,HC ERH 035,institution_specific,Institution-specific class,true,Resolved,HC ERH 035,HC ERH 035
ati-schedule-i-department-of-health,Department of Health,Ministère de la Santé,HC PPU 037,fr,French,SC ERH 035,institution_specific,Institution-specific class,false,Needs review,,
ati-schedule-i-department-of-health,Department of Health,Ministère de la Santé,HC PPU 035,en,English,HC ERH 035,institution_specific,Institution-specific class,true,Resolved,HC ERH 035,HC ERH 035
ati-schedule-i-department-of-health,Department of Health,Ministère de la Santé,HC PPU 035,fr,French,SC ERH 035,institution_specific,Institution-specific class,false,Needs review,,
ati-schedule-i-department-of-health,Department of Health,Ministère de la Santé,HC PPU 084,en,English,HC ERH 035,institution_specific,Institution-specific class,true,Resolved,HC ERH 035,HC ERH 035
ati-schedule-i-department-of-health,Department of Health,Ministère de la Santé,HC PPU 084,fr,French,SC ERH 035,institution_specific,Institution-specific class,false,Needs review,,
ati-schedule-i-department-of-health,Department of Health,Ministère de la Santé,HC PPU 005,en,English,HC ERH 035,institution_specific,Institution-specific class,true,Resolved,HC ERH 035,HC ERH 035
ati-schedule-i-department-of-health,Department of Health,Ministère de la Santé,HC PPU 005,fr,French,SC ERH 035,institution_specific,Institution-specific class,false,Needs review,,
ati-schedule-i-department-of-health,Department of Health,Ministère de la Santé,HC PPU 200,en,English,HC ERH 035,institution_specific,Institution-specific class,true,Resolved,HC ERH 035,HC ERH 035
ati-schedule-i-department-of-health,Department of Health,Ministère de la Santé,HC PPU 200,fr,French,SC ERH 035,institution_specific,Institution-specific class,false,Needs review,,
ati-schedule-i-department-of-health,Department of Health,Ministère de la Santé,HC PPU 409,en,English,HC HP 040,institution_specific,Institution-specific class,true,Resolved,HC HP 040,HC HP 040
ati-schedule-i-department-of-health,Department of Health,Ministère de la Santé,HC PPU 409,en,English,HC HP 005,institution_specific,Institution-specific class,true,Resolved,HC HP 005,HC HP 005
ati-schedule-i-department-of-health,Department of Health,Ministère de la Santé,HC PPU 409,fr,French,SC HP 040,institution_specific,Institution-specific class,true,Resolved,HC HP 040,HC HP 040
ati-schedule-i-department-of-health,Department of Health,Ministère de la Santé,HC PPU 409,fr,French,SC HP 005,institution_specific,Institution-specific class,false,Needs review,,
ati-schedule-i-department-of-health,Department of Health,Ministère de la Santé,HC PPU 415,en,English,HC HP 040,institution_specific,Institution-specific class,true,Resolved,HC HP 040,HC HP 040
ati-schedule-i-department-of-health,Department of Health,Ministère de la Santé,HC PPU 415,en,English,HC HP 045,institution_specific,Institution-specific class,true,Resolved,HC HP 045,HC HP 045
ati-schedule-i-department-of-health,Department of Health,Ministère de la Santé,HC PPU 415,en,English,HC HP 050,institution_specific,Institution-specific class,true,Resolved,HC HP 050,HC HP 050
ati-schedule-i-department-of-health,Department of Health,Ministère de la Santé,HC PPU 415,fr,French,SC HP 040,institution_specific,Institution-specific class,true,Resolved,HC HP 040,HC HP 040
ati-schedule-i-department-of-health,Department of Health,Ministère de la Santé,HC PPU 415,fr,French,SC HP 045,institution_specific,Institution-specific class,true,Resolved,HC HP 045,HC HP 045
ati-schedule-i-department-of-health,Department of Health,Ministère de la Santé,HC PPU 415,fr,French,SC HP 050,institution_specific,Institution-specific class,false,Needs review,,
ati-schedule-i-department-of-health,Department of Health,Ministère de la Santé,HC PPU 430,en,English,HC HP 045,institution_specific,Institution-specific class,true,Resolved,HC HP 045,HC HP 045
ati-schedule-i-department-of-health,Department of Health,Ministère de la Santé,HC PPU 430,fr,French,SC HP 045,institution_specific,Institution-specific class,true,Resolved,HC HP 045,HC HP 045
ati-schedule-i-department-of-health,Department of Health,Ministère de la Santé,HC PPU 405,en,English,HC HP 050,institution_specific,Institution-specific class,true,Resolved,HC HP 050,HC HP 050
ati-schedule-i-department-of-health,Department of Health,Ministère de la Santé,HC PPU 405,fr,French,SC HP 050,institution_specific,Institution-specific class,false,Needs review,,
ati-schedule-i-department-of-health,Department of Health,Ministère de la Santé,HC PPU 406,en,English,HC HP 065,institution_specific,Institution-specific class,true,Resolved,HC HP 065,HC HP 065
ati-schedule-i-department-of-health,Department of Health,Ministère de la Santé,HC PPU 406,fr,French,SC HP 065,institution_specific,Institution-specific class,true,Resolved,HC HP 065,HC HP 065
ati-schedule-i-department-of-health,Department of Health,Ministère de la Santé,HC PPU 315,en,English,HC PS 005,institution_specific,Institution-specific class,true,Resolved,HC PS 005,HC PS 005
ati-schedule-i-department-of-health,Department of Health,Ministère de la Santé,HC PPU 315,fr,French,SC PS 005,institution_specific,Institution-specific class,false,Needs review,,
ati-schedule-i-department-of-health,Department of Health,Ministère de la Santé,HC PPU 414,en,English,HC HP 005,institution_specific,Institution-specific class,true,Resolved,HC HP 005,HC HP 005
ati-schedule-i-department-of-health,Department of Health,Ministère de la Santé,HC PPU 414,en,English,HC HP 025,institution_specific,Institution-specific class,true,Resolved,HC HP 025,HC HP 025
ati-schedule-i-department-of-health,Department of Health,Ministère de la Santé,HC PPU 414,fr,French,SC HP 005,institution_specific,Institution-specific class,false,Needs review,,
ati-schedule-i-department-of-health,Department of Health,Ministère de la Santé,HC PPU 414,fr,French,SC HP 025,institution_specific,Institution-specific class,false,Needs review,,
ati-schedule-i-department-of-health,Department of Health,Ministère de la Santé,HC PPU 445,en,English,HC HP 010,institution_specific,Institution-specific class,true,Resolved,HC HP 010,HC HP 010
ati-schedule-i-department-of-health,Department of Health,Ministère de la Santé,HC PPU 407,en,English,HC HP 020,institution_specific,Institution-specific class,true,Resolved,HC HP 020,HC HP 020
ati-schedule-i-department-of-health,Department of Health,Ministère de la Santé,HC PPU 407,fr,French,SC HP 020,institution_specific,Institution-specific class,false,Needs review,,
ati-schedule-i-department-of-health,Department of Health,Ministère de la Santé,HC PPU 450,en,English,HC HP 020,institution_specific,Institution-specific class,true,Resolved,HC HP 020,HC HP 020
ati-schedule-i-department-of-health,Department of Health,Ministère de la Santé,HC PPU 312,en,English,HC RP 005,institution_specific,Institution-specific class,true,Resolved,HC RP 005,HC RP 005
ati-schedule-i-department-of-health,Department of Health,Ministère de la Santé,HC PPU 312,fr,French,SC RP 005,institution_specific,Institution-specific class,false,Needs review,,
ati-schedule-i-department-of-health,Department of Health,Ministère de la Santé,HC PPU 310,en,English,HC RP 010,institution_specific,Institution-specific class,true,Resolved,HC RP 010,HC RP 010
ati-schedule-i-department-of-health,Department of Health,Ministère de la Santé,HC PPU 310,fr,French,SC RP 010,institution_specific,Institution-specific class,false,Needs review,,
ati-schedule-i-department-of-health,Department of Health,Ministère de la Santé,HC PPU 080,en,English,HC RP 015,institution_specific,Institution-specific class,true,Resolved,HC RP 015,HC RP 015
ati-schedule-i-department-of-health,Department of Health,Ministère de la Santé,HC PPU 080,fr,French,SC RP 015,institution_specific,Institution-specific class,false,Needs review,,
ati-schedule-i-department-of-health,Department of Health,Ministère de la Santé,HC PPU 431,en,English,HC RP 015,institution_specific,Institution-specific class,true,Resolved,HC RP 015,HC RP 015
ati-schedule-i-department-of-health,Department of Health,Ministère de la Santé,HC PPU 431,fr,French,SC RP 015,institution_specific,Institution-specific class,false,Needs review,,
ati-schedule-i-department-of-health,Department of Health,Ministère de la Santé,HC PCE 701,en,English,HC SHS 005,institution_specific,Institution-specific class,true,Resolved,HC SHS 005,HC SHS 005
ati-schedule-i-department-of-health,Department of Health,Ministère de la Santé,HC PCE 701,fr,French,SC SHS 005,institution_specific,Institution-specific class,false,Needs review,,
ati-schedule-i-department-of-health,Department of Health,Ministère de la Santé,HC PCU 705,en,English,HC SHS 005,institution_specific,Institution-specific class,true,Resolved,HC SHS 005,HC SHS 005
ati-schedule-i-department-of-health,Department of Health,Ministère de la Santé,HC PCU 705,fr,French,SC SHS 005,institution_specific,Institution-specific class,false,Needs review,,
ati-schedule-i-department-of-health,Department of Health,Ministère de la Santé,HC PPU 921,en,English,HC SHS 005,institution_specific,Institution-specific class,true,Resolved,HC SHS 005,HC SHS 005
ati-schedule-i-department-of-health,Department of Health,Ministère de la Santé,HC PPU 921,fr,French,SC SHS 005,institution_specific,Institution-specific class,false,Needs review,,
ati-schedule-i-department-of-health,Department of Health,Ministère de la Santé,HC PPU 446,en,English,HC SHS 005,institution_specific,Institution-specific class,true,Resolved,HC SHS 005,HC SHS 005
ati-schedule-i-department-of-health,Department of Health,Ministère de la Santé,HC PPU 022,en,English,HC DSS 020,institution_specific,Institution-specific class,true,Resolved,HC DSS 020,HC DSS 020
ati-schedule-i-department-of-health,Department of Health,Ministère de la Santé,HC PPU 022,fr,French,SC DSS 020,institution_specific,Institution-specific class,false,Needs review,,
ati-schedule-i-department-of-health,Department of Health,Ministère de la Santé,HC PPU 038,en,English,HC SUA 005,institution_specific,Institution-specific class,true,Resolved,HC SUA 005,HC SUA 005
ati-schedule-i-department-of-health,Department of Health,Ministère de la Santé,HC PPU 038,fr,French,SC SUA 005,institution_specific,Institution-specific class,false,Needs review,,
ati-schedule-i-department-of-health,Department of Health,Ministère de la Santé,HC PPU 410,en,English,HC SUA 005,institution_specific,Institution-specific class,true,Resolved,HC SUA 005,HC SUA 005
ati-schedule-i-department-of-health,Department of Health,Ministère de la Santé,HC PPU 410,fr,French,SC SUA 005,institution_specific,Institution-specific class,false,Needs review,,
ati-schedule-i-department-of-health,Department of Health,Ministère de la Santé,HC PPU 305,en,English,HC SUA 005,institution_specific,Institution-specific class,true,Resolved,HC SUA 005,HC SUA 005
ati-schedule-i-department-of-health,Department of Health,Ministère de la Santé,HC PPU 305,fr,French,SC SUA 005,institution_specific,Institution-specific class,false,Needs review,,
ati-schedule-i-department-of-health,Department of Health,Ministère de la Santé,HC PPU 432,fr,French,SC SUA 005,institution_specific,Institution-specific class,false,Needs review,,
ati-schedule-i-department-of-health,Department of Health,Ministère de la Santé,HC PPU 433,en,English,HC SUA 005,institution_specific,Institution-specific class,true,Resolved,HC SUA 005,HC SUA 005
ati-schedule-i-department-of-health,Department of Health,Ministère de la Santé,HC PPU 433,fr,French,SC SUA 005,institution_specific,Institution-specific class,false,Needs review,,
ati-schedule-i-department-of-indigenous-services,Department of Indigenous Services,Ministère des Services aux Autochtones,ISC PPU 016,en,English,ISC FNIHB 005,institution_specific,Institution-specific class,true,Resolved,ISC FNIHB 005,ISC FNIHB 005
ati-schedule-i-department-of-indigenous-services,Department of Indigenous Services,Ministère des Services aux Autochtones,ISC PPU 017,en,English,ISC FNIHB 005,institution_specific,Institution-specific class,true,Resolved,ISC FNIHB 005,ISC FNIHB 005
ati-schedule-i-department-of-indigenous-services,Department of Indigenous Services,Ministère des Services aux Autochtones,ISC PPU 401,en,English,ISC FNIHB 005,institution_specific,Institution-specific class,true,Resolved,ISC FNIHB 005,ISC FNIHB 005
ati-schedule-i-department-of-indigenous-services,Department of Indigenous Services,Ministère des Services aux Autochtones,ISC PPU 014,en,English,ISC FNIHB 030,institution_specific,Institution-specific class,true,Resolved,ISC FNIHB 030,ISC FNIHB 030
ati-schedule-i-department-of-indigenous-services,Department of Indigenous Services,Ministère des Services aux Autochtones,ISC PPU 008,en,English,ISC FNIHB 005,institution_specific,Institution-specific class,true,Resolved,ISC FNIHB 005,ISC FNIHB 005
ati-schedule-i-department-of-indigenous-services,Department of Indigenous Services,Ministère des Services aux Autochtones,ISC PPU 008,en,English,ISC FNIHB 030,institution_specific,Institution-specific class,true,Resolved,ISC FNIHB 030,ISC FNIHB 030
ati-schedule-i-department-of-indigenous-services,Department of Indigenous Services,Ministère des Services aux Autochtones,ISC PPU 009,en,English,ISC RO 999,institution_specific,Institution-specific class,true,Resolved,ISC RO 999,ISC RO 999
ati-schedule-i-department-of-indigenous-services,Department of Indigenous Services,Ministère des Services aux Autochtones,ISC PPU 220,en,English,ISC RO 121,institution_specific,Institution-specific class,true,Resolved,ISC RO 121,ISC RO 121
ati-schedule-i-department-of-indigenous-services,Department of Indigenous Services,Ministère des Services aux Autochtones,ISC PPU 110,en,English,ISC RO 121,institution_specific,Institution-specific class,true,Resolved,ISC RO 121,ISC RO 121
ati-schedule-i-department-of-indigenous-services,Department of Indigenous Services,Ministère des Services aux Autochtones,ISC PPU 121,en,English,ISC RO 300,institution_specific,Institution-specific class,true,Resolved,ISC RO 300,ISC RO 300
ati-schedule-i-department-of-indigenous-services,Department of Indigenous Services,Ministère des Services aux Autochtones,ISC PPU 122,en,English,ISC RO 300,institution_specific,Institution-specific class,true,Resolved,ISC RO 300,ISC RO 300
ati-schedule-i-department-of-indigenous-services,Department of Indigenous Services,Ministère des Services aux Autochtones,ISC PPU 125,en,English,ISC RO 300,institution_specific,Institution-specific class,true,Resolved,ISC RO 300,ISC RO 300
ati-schedule-i-department-of-indigenous-services,Department of Indigenous Services,Ministère des Services aux Autochtones,ISC PPU 105,en,English,ISC RO 300,institution_specific,Institution-specific class,true,Resolved,ISC RO 300,ISC RO 300
ati-schedule-i-department-of-indigenous-services,Department of Indigenous Services,Ministère des Services aux Autochtones,ISC PPU 230,en,English,ISC RO 300,institution_specific,Institution-specific class,true,Resolved,ISC RO 300,ISC RO 300
ati-schedule-i-department-of-indigenous-services,Department of Indigenous Services,Ministère des Services aux Autochtones,ISC PPU 019,en,English,ISC FNIHB 035,institution_specific,Institution-specific class,true,Resolved,ISC FNIHB 035,ISC FNIHB 035
ati-schedule-i-department-of-indigenous-services,Department of Indigenous Services,Ministère des Services aux Autochtones,ISC PPU 021,en,English,ISC FNIHB 025,institution_specific,Institution-specific class,true,Resolved,ISC FNIHB 025,ISC FNIHB 025
ati-schedule-i-department-of-indigenous-services,Department of Indigenous Services,Ministère des Services aux Autochtones,ISC PPU 400,en,English,ISC FNIHB 025,institution_specific,Institution-specific class,true,Resolved,ISC FNIHB 025,ISC FNIHB 025
ati-schedule-i-department-of-indigenous-services,Department of Indigenous Services,Ministère des Services aux Autochtones,ISC PPU 023,en,English,ISC FNIHB 020,institution_specific,Institution-specific class,true,Resolved,ISC FNIHB 020,ISC FNIHB 020
ati-schedule-i-department-of-indigenous-services,Department of Indigenous Services,Ministère des Services aux Autochtones,ISC PPU 604,en,English,ISC ESDPP 005,institution_specific,Institution-specific class,true,Resolved,ISC ESDPP 005,ISC ESDPP 005
ati-schedule-i-department-of-indigenous-services,Department of Indigenous Services,Ministère des Services aux Autochtones,ISC PPU 145,en,English,ISC ESDPP 507,institution_specific,Institution-specific class,true,Resolved,ISC ESDPP 507,ISC ESDPP 507
ati-schedule-i-department-of-indigenous-services,Department of Indigenous Services,Ministère des Services aux Autochtones,ISC PPU 240,en,English,ISC ESDPP 504,institution_specific,Institution-specific class,true,Resolved,ISC ESDPP 504,ISC ESDPP 504
ati-schedule-i-department-of-indigenous-services,Department of Indigenous Services,Ministère des Services aux Autochtones,ISC PPU 215,en,English,ISC ESDPP 031,institution_specific,Institution-specific class,true,Resolved,ISC ESDPP 031,ISC ESDPP 031
ati-schedule-i-department-of-indigenous-services,Department of Indigenous Services,Ministère des Services aux Autochtones,ISC PPU 210,en,English,ISC CFSR 502,institution_specific,Institution-specific class,true,Resolved,ISC CFSR 502,ISC CFSR 502
ati-schedule-i-department-of-indigenous-services,Department of Indigenous Services,Ministère des Services aux Autochtones,ISC PPU 265,en,English,ISC FNIHB 005,institution_specific,Institution-specific class,true,Resolved,ISC FNIHB 005,ISC FNIHB 005
ati-schedule-i-department-of-indigenous-services,Department of Indigenous Services,Ministère des Services aux Autochtones,ISC PPU 602,en,English,ISC RO 403,institution_specific,Institution-specific class,true,Resolved,ISC RO 403,ISC RO 403
ati-schedule-i-department-of-indigenous-services,Department of Indigenous Services,Ministère des Services aux Autochtones,ISC PPU 005,en,English,ISC RO 404,institution_specific,Institution-specific class,true,Resolved,ISC RO 404,ISC RO 404
ati-schedule-i-department-of-indigenous-services,Department of Indigenous Services,Ministère des Services aux Autochtones,ISC PPU 011,en,English,ISC RO 404,institution_specific,Institution-specific class,true,Resolved,ISC RO 404,ISC RO 404
ati-schedule-i-department-of-indigenous-services,Department of Indigenous Services,Ministère des Services aux Autochtones,ISC PPU 901,en,English,ISC LED 802,institution_specific,Institution-specific class,true,Resolved,ISC LED 802,ISC LED 802
ati-schedule-i-department-of-indigenous-services,Department of Indigenous Services,Ministère des Services aux Autochtones,ISC PPU 300,en,English,ISC CFO 040,institution_specific,Institution-specific class,true,Resolved,ISC CFO 040,ISC CFO 040
ati-schedule-i-department-of-indigenous-services,Department of Indigenous Services,Ministère des Services aux Autochtones,ISC PPU 250,en,English,ISC CFO 250,institution_specific,Institution-specific class,true,Resolved,ISC CFO 250,ISC CFO 250
ati-schedule-i-department-of-indigenous-services,Department of Indigenous Services,Ministère des Services aux Autochtones,ISC PPE 802,en,English,ISC DMO 100,institution_specific,Institution-specific class,true,Resolved,ISC DMO 100,ISC DMO 100
ati-schedule-i-department-of-indigenous-services,Department of Indigenous Services,Ministère des Services aux Autochtones,ISC PPU 135,en,English,ISC PSD 393,institution_specific,Institution-specific class,true,Resolved,ISC PSD 393,ISC PSD 393
ati-schedule-i-department-of-indigenous-services,Department of Indigenous Services,Ministère des Services aux Autochtones,ISC PPU 151,en,English,ISC AES 151,institution_specific,Institution-specific class,true,Resolved,ISC AES 151,ISC AES 151
ati-schedule-i-department-of-indigenous-services,Department of Indigenous Services,Ministère des Services aux Autochtones,ISC PPU 151,en,English,HC FNI 005,institution_specific,Institution-specific class,false,Needs review,,
ati-schedule-i-department-of-indigenous-services,Department of Indigenous Services,Ministère des Services aux Autochtones,ISC PPU 151,en,English,ISC FNI 010,institution_specific,Institution-specific class,true,Resolved,ISC FNIHB 010,ISC FNIHB 010
ati-schedule-i-department-of-indigenous-services,Department of Indigenous Services,Ministère des Services aux Autochtones,ISC PPU 151,en,English,ISC FNI 015,institution_specific,Institution-specific class,true,Resolved,ISC FNIHB 015,ISC FNIHB 015
ati-schedule-i-department-of-industry,Department of Industry,Ministère de l’Industrie,ISED PPU 023,en,English,ISED SIT 925,institution_specific,Institution-specific class,false,Needs review,,
ati-schedule-i-department-of-industry,Department of Industry,Ministère de l’Industrie,ISED PPU 041,en,English,IC CIP 100,institution_specific,Institution-specific class,false,Needs review,,
ati-schedule-i-department-of-industry,Department of Industry,Ministère de l’Industrie,ISED PPU 041,en,English,IC CIP 105,institution_specific,Institution-specific class,false,Needs review,,
ati-schedule-i-department-of-industry,Department of Industry,Ministère de l’Industrie,ISED PPU 041,en,English,IC CIP 570,institution_specific,Institution-specific class,false,Needs review,,
ati-schedule-i-department-of-industry,Department of Industry,Ministère de l’Industrie,ISED PPU 059,en,English,IC OSB 275,institution_specific,Institution-specific class,false,Needs review,,
ati-schedule-i-department-of-industry,Department of Industry,Ministère de l’Industrie,IC PPU 036,en,English,IC OSB 275,institution_specific,Institution-specific class,false,Needs review,,
ati-schedule-i-department-of-justice,Department of Justice,Ministère de la Justice,JUS PPU 135,en,English,JUS LS 104,institution_specific,Institution-specific class,true,Resolved,JUS LS 104,JUS LS 104
ati-schedule-i-department-of-justice,Department of Justice,Ministère de la Justice,JUS PPU 135,fr,French,JUS LS 104,institution_specific,Institution-specific class,true,Resolved,JUS LS 104,JUS LS 104
ati-schedule-i-department-of-justice,Department of Justice,Ministère de la Justice,JUS PPU 005,en,English,JUS JSS 101,institution_specific,Institution-specific class,true,Resolved,JUS JSS 101,JUS JSS 101
ati-schedule-i-department-of-justice,Department of Justice,Ministère de la Justice,JUS PPU 005,fr,French,JUS JSS 101,institution_specific,Institution-specific class,true,Resolved,JUS JSS 101,JUS JSS 101
ati-schedule-i-department-of-justice,Department of Justice,Ministère de la Justice,JUS PPU 010,en,English,JUS LS 100,institution_specific,Institution-specific class,true,Resolved,JUS LS 100,JUS LS 100
ati-schedule-i-department-of-justice,Department of Justice,Ministère de la Justice,JUS PPU 010,en,English,JUS LS 104,institution_specific,Institution-specific class,true,Resolved,JUS LS 104,JUS LS 104
ati-schedule-i-department-of-justice,Department of Justice,Ministère de la Justice,JUS PPU 030,en,English,JUS JSS 119,institution_specific,Institution-specific class,true,Resolved,JUS JSS 119,JUS JSS 119
ati-schedule-i-department-of-justice,Department of Justice,Ministère de la Justice,JUS PPU 030,fr,French,JUS JSS 119,institution_specific,Institution-specific class,true,Resolved,JUS JSS 119,JUS JSS 119
ati-schedule-i-department-of-justice,Department of Justice,Ministère de la Justice,JUS PPU 125,en,English,JUS JSS 101,institution_specific,Institution-specific class,true,Resolved,JUS JSS 101,JUS JSS 101
ati-schedule-i-department-of-justice,Department of Justice,Ministère de la Justice,JUS PPU 125,fr,French,JUS JSS 101,institution_specific,Institution-specific class,true,Resolved,JUS JSS 101,JUS JSS 101
ati-schedule-i-department-of-justice,Department of Justice,Ministère de la Justice,JUS PPU 160,en,English,JUS LS 102,institution_specific,Institution-specific class,true,Resolved,JUS LS 102,JUS LS 102
ati-schedule-i-department-of-justice,Department of Justice,Ministère de la Justice,JUS PPU 160,fr,French,JUS LS 102,institution_specific,Institution-specific class,true,Resolved,JUS LS 102,JUS LS 102
ati-schedule-i-department-of-justice,Department of Justice,Ministère de la Justice,JUS PPU 150,en,English,JUS JSS 101,institution_specific,Institution-specific class,true,Resolved,JUS JSS 101,JUS JSS 101
ati-schedule-i-department-of-justice,Department of Justice,Ministère de la Justice,JUS PPU 150,fr,French,JUS JSS 101,institution_specific,Institution-specific class,true,Resolved,JUS JSS 101,JUS JSS 101
ati-schedule-i-department-of-justice,Department of Justice,Ministère de la Justice,JUS PPU 165,en,English,JUS JSS 107,institution_specific,Institution-specific class,true,Resolved,JUS JSS 107,JUS JSS 107
ati-schedule-i-department-of-justice,Department of Justice,Ministère de la Justice,JUS PPU 165,en,English,JUS JSS 108,institution_specific,Institution-specific class,true,Resolved,JUS JSS 108,JUS JSS 108
ati-schedule-i-department-of-justice,Department of Justice,Ministère de la Justice,JUS PPU 165,en,English,JUS JSS 109,institution_specific,Institution-specific class,true,Resolved,JUS JSS 109,JUS JSS 109
ati-schedule-i-department-of-justice,Department of Justice,Ministère de la Justice,JUS PPU 165,en,English,JUS JSS 110,institution_specific,Institution-specific class,true,Resolved,JUS JSS 110,JUS JSS 110
ati-schedule-i-department-of-justice,Department of Justice,Ministère de la Justice,JUS PPU 165,en,English,JUS JSS 111,institution_specific,Institution-specific class,true,Resolved,JUS JSS 111,JUS JSS 111
ati-schedule-i-department-of-justice,Department of Justice,Ministère de la Justice,JUS PPU 165,en,English,JUS JSS 112,institution_specific,Institution-specific class,true,Resolved,JUS JSS 112,JUS JSS 112
ati-schedule-i-department-of-justice,Department of Justice,Ministère de la Justice,JUS PPU 165,en,English,JUS JSS 113,institution_specific,Institution-specific class,true,Resolved,JUS JSS 113,JUS JSS 113
ati-schedule-i-department-of-justice,Department of Justice,Ministère de la Justice,JUS PPU 165,en,English,JUS JSS 114,institution_specific,Institution-specific class,true,Resolved,JUS JSS 114,JUS JSS 114
ati-schedule-i-department-of-justice,Department of Justice,Ministère de la Justice,JUS PPU 165,en,English,JUS JSS 115,institution_specific,Institution-specific class,true,Resolved,JUS JSS 115,JUS JSS 115
ati-schedule-i-department-of-justice,Department of Justice,Ministère de la Justice,JUS PPU 165,en,English,JUS JSS 116,institution_specific,Institution-specific class,true,Resolved,JUS JSS 116,JUS JSS 116
ati-schedule-i-department-of-justice,Department of Justice,Ministère de la Justice,JUS PPU 165,en,English,JUS JSS 117,institution_specific,Institution-specific class,true,Resolved,JUS JSS 117,JUS JSS 117
ati-schedule-i-department-of-justice,Department of Justice,Ministère de la Justice,JUS PPU 165,en,English,JUS JSS 118,institution_specific,Institution-specific class,true,Resolved,JUS JSS 118,JUS JSS 118
ati-schedule-i-department-of-justice,Department of Justice,Ministère de la Justice,JUS PPU 165,en,English,JUS JSS 119,institution_specific,Institution-specific class,true,Resolved,JUS JSS 119,JUS JSS 119
ati-schedule-i-department-of-justice,Department of Justice,Ministère de la Justice,JUS PPU 165,en,English,JUS JSS 121,institution_specific,Institution-specific class,true,Resolved,JUS JSS 121,JUS JSS 121
ati-schedule-i-department-of-justice,Department of Justice,Ministère de la Justice,JUS PPU 165,en,English,JUS JSS 122,institution_specific,Institution-specific class,true,Resolved,JUS JSS 122,JUS JSS 122
ati-schedule-i-department-of-justice,Department of Justice,Ministère de la Justice,JUS PPU 165,en,English,JUS JSS 123,institution_specific,Institution-specific class,true,Resolved,JUS JSS 123,JUS JSS 123
ati-schedule-i-department-of-justice,Department of Justice,Ministère de la Justice,JUS PPU 035,en,English,JUS JSS 114,institution_specific,Institution-specific class,true,Resolved,JUS JSS 114,JUS JSS 114
ati-schedule-i-department-of-justice,Department of Justice,Ministère de la Justice,JUS PPU 035,en,English,PRN 914,standard,Standard class,true,Resolved,914,PRN 914 / NDP 914
ati-schedule-i-department-of-justice,Department of Justice,Ministère de la Justice,JUS PPU 035,fr,French,JUS JSS 114,institution_specific,Institution-specific class,true,Resolved,JUS JSS 114,JUS JSS 114
ati-schedule-i-department-of-justice,Department of Justice,Ministère de la Justice,JUS PPU 035,fr,French,PRN 914,standard,Standard class,true,Resolved,914,PRN 914 / NDP 914
ati-schedule-i-department-of-justice,Department of Justice,Ministère de la Justice,JUS PPU 025,en,English,JUS LS 100,institution_specific,Institution-specific class,true,Resolved,JUS LS 100,JUS LS 100
ati-schedule-i-department-of-justice,Department of Justice,Ministère de la Justice,JUS PPU 025,en,English,JUS LS 104,institution_specific,Institution-specific class,true,Resolved,JUS LS 104,JUS LS 104
ati-schedule-i-department-of-justice,Department of Justice,Ministère de la Justice,JUS PPU 015,en,English,JUS LS 104,institution_specific,Institution-specific class,true,Resolved,JUS LS 104,JUS LS 104
ati-schedule-i-department-of-justice,Department of Justice,Ministère de la Justice,JUS PPU 015,fr,French,JUS LS 104,institution_specific,Institution-specific class,true,Resolved,JUS LS 104,JUS LS 104
ati-schedule-i-department-of-justice,Department of Justice,Ministère de la Justice,JUS PPU 020,en,English,JUS IS 100,institution_specific,Institution-specific class,true,Resolved,JUS IS 100,JUS IS 100
ati-schedule-i-department-of-justice,Department of Justice,Ministère de la Justice,JUS PPU 020,fr,French,JUS IS 100,institution_specific,Institution-specific class,true,Resolved,JUS IS 100,JUS IS 100
ati-schedule-i-department-of-justice,Department of Justice,Ministère de la Justice,JUS PPE 005,en,English,JUS IS 102,institution_specific,Institution-specific class,false,Needs review,,
ati-schedule-i-department-of-justice,Department of Justice,Ministère de la Justice,JUS PPE 005,fr,French,JUS IS 102,institution_specific,Institution-specific class,false,Needs review,,
ati-schedule-i-department-of-national-defence,Department of National Defence,Ministère de la Défense nationale,DND PPU 050,en,English,DND ADO 275,institution_specific,Institution-specific class,true,Resolved,DND ADO 275,DND ADO 275
ati-schedule-i-department-of-national-defence,Department of National Defence,Ministère de la Défense nationale,DND PPE 823,en,English,DND DOC 420,institution_specific,Institution-specific class,true,Resolved,DND DOC 420,DND DOC 420
ati-schedule-i-department-of-national-defence,Department of National Defence,Ministère de la Défense nationale,DND PPE 823,en,English,DND DOC 445,institution_specific,Institution-specific class,true,Resolved,DND DOC 445,DND DOC 445
ati-schedule-i-department-of-national-defence,Department of National Defence,Ministère de la Défense nationale,DND PPU 839,en,English,DND RCD 340,institution_specific,Institution-specific class,true,Resolved,DND RCD 340,DND RCD 340
ati-schedule-i-department-of-national-defence,Department of National Defence,Ministère de la Défense nationale,DND PPU 839,fr,French,MDN RCD 340,institution_specific,Institution-specific class,true,Resolved,DND RCD 340,DND RCD 340
ati-schedule-i-department-of-national-defence,Department of National Defence,Ministère de la Défense nationale,DND PPE 862,en,English,DND RDP 759,institution_specific,Institution-specific class,true,Resolved,DND RDP 759,DND RDP 759
ati-schedule-i-department-of-national-defence,Department of National Defence,Ministère de la Défense nationale,DND PPE 822,en,English,DND MUD 565,institution_specific,Institution-specific class,true,Resolved,DND MUD 565,DND MUD 565
ati-schedule-i-department-of-national-defence,Department of National Defence,Ministère de la Défense nationale,DND PPE 822,fr,French,MDN DUE 565,institution_specific,Institution-specific class,true,Resolved,DND MUD 565,DND MUD 565
ati-schedule-i-department-of-national-defence,Department of National Defence,Ministère de la Défense nationale,DND PPE 816,en,English,DND MUD 565,institution_specific,Institution-specific class,true,Resolved,DND MUD 565,DND MUD 565
ati-schedule-i-department-of-national-defence,Department of National Defence,Ministère de la Défense nationale,DND PPE 816,fr,French,MDN DUE 565,institution_specific,Institution-specific class,true,Resolved,DND MUD 565,DND MUD 565
ati-schedule-i-department-of-national-defence,Department of National Defence,Ministère de la Défense nationale,DND PPU 025,en,English,DND RET 375,institution_specific,Institution-specific class,true,Resolved,DND RET 375,DND RET 375
ati-schedule-i-department-of-national-defence,Department of National Defence,Ministère de la Défense nationale,DND PPU 880,en,English,DND SMR 100,institution_specific,Institution-specific class,true,Resolved,DND SMR 100,DND SMR 100
ati-schedule-i-department-of-national-defence,Department of National Defence,Ministère de la Défense nationale,DND PPU 882,en,English,DND CSA 520,institution_specific,Institution-specific class,true,Resolved,DND CSA 520,DND CSA 520
ati-schedule-i-department-of-national-defence,Department of National Defence,Ministère de la Défense nationale,DND PPU 882,en,English,DND SMR 100,institution_specific,Institution-specific class,true,Resolved,DND SMR 100,DND SMR 100
ati-schedule-i-department-of-national-defence,Department of National Defence,Ministère de la Défense nationale,DND PPU 883,en,English,DND SMR 100,institution_specific,Institution-specific class,true,Resolved,DND SMR 100,DND SMR 100
ati-schedule-i-department-of-national-defence,Department of National Defence,Ministère de la Défense nationale,DND PPU 883,en,English,DND SMR 102,institution_specific,Institution-specific class,true,Resolved,DND SMR 102,DND SMR 102
ati-schedule-i-department-of-national-defence,Department of National Defence,Ministère de la Défense nationale,DND PPU 883,fr,French,MDN SMR 100,institution_specific,Institution-specific class,false,Needs review,,
ati-schedule-i-department-of-national-defence,Department of National Defence,Ministère de la Défense nationale,DND PPU 883,fr,French,MDN SMR 102,institution_specific,Institution-specific class,false,Needs review,,
ati-schedule-i-department-of-national-defence,Department of National Defence,Ministère de la Défense nationale,DND PPU 884,en,English,DND SMR 103,institution_specific,Institution-specific class,true,Resolved,DND SMR 103,DND SMR 103
ati-schedule-i-department-of-national-defence,Department of National Defence,Ministère de la Défense nationale,DND PPU 884,fr,French,MDN IIS 103,institution_specific,Institution-specific class,false,Needs review,,
ati-schedule-i-department-of-national-defence,Department of National Defence,Ministère de la Défense nationale,DND PPU 898,en,English,DND SGB 495,institution_specific,Institution-specific class,true,Resolved,DND SGB 495,DND SGB 495
ati-schedule-i-department-of-national-defence,Department of National Defence,Ministère de la Défense nationale,DND PPE 811,en,English,DND SGB 495,institution_specific,Institution-specific class,true,Resolved,DND SGB 495,DND SGB 495
ati-schedule-i-department-of-national-defence,Department of National Defence,Ministère de la Défense nationale,DND PPE 810,en,English,DND SGB 495,institution_specific,Institution-specific class,true,Resolved,DND SGB 495,DND SGB 495
ati-schedule-i-department-of-national-defence,Department of National Defence,Ministère de la Défense nationale,DND PPE 812,en,English,DND SGB 495,institution_specific,Institution-specific class,true,Resolved,DND SGB 495,DND SGB 495
ati-schedule-i-department-of-national-defence,Department of National Defence,Ministère de la Défense nationale,DND PPU 819,en,English,DND SGB 496,institution_specific,Institution-specific class,true,Resolved,DND SGB 496,DND SGB 496
ati-schedule-i-department-of-national-defence,Department of National Defence,Ministère de la Défense nationale,DND PPE 806,en,English,DND SOF 100,institution_specific,Institution-specific class,true,Resolved,DND SOF 100,DND SOF 100
ati-schedule-i-department-of-national-defence,Department of National Defence,Ministère de la Défense nationale,DND PPE 806,fr,French,MDN FOS 100,institution_specific,Institution-specific class,true,Resolved,MDN FOS 100,MDN FOS 100
ati-schedule-i-department-of-national-defence,Department of National Defence,Ministère de la Défense nationale,DND PPU 881,en,English,PRN 914,standard,Standard class,true,Resolved,914,PRN 914 / NDP 914
ati-schedule-i-department-of-national-defence,Department of National Defence,Ministère de la Défense nationale,DND PPU 881,en,English,PRN 938,standard,Standard class,true,Resolved,938,PRN 938 / NDP 938
ati-schedule-i-department-of-national-defence,Department of National Defence,Ministère de la Défense nationale,DND PPU 881,en,English,DND SGB 495,institution_specific,Institution-specific class,true,Resolved,DND SGB 495,DND SGB 495
ati-schedule-i-department-of-national-defence,Department of National Defence,Ministère de la Défense nationale,DND PPU 870,en,English,DND PSB 405,institution_specific,Institution-specific class,true,Resolved,DND PSB 405,DND PSB 405
ati-schedule-i-department-of-national-defence,Department of National Defence,Ministère de la Défense nationale,DND PPE 872,en,English,DND DOC 420,institution_specific,Institution-specific class,true,Resolved,DND DOC 420,DND DOC 420
ati-schedule-i-department-of-national-defence,Department of National Defence,Ministère de la Défense nationale,DND PPE 872,en,English,DND DOC 445,institution_specific,Institution-specific class,true,Resolved,DND DOC 445,DND DOC 445
ati-schedule-i-department-of-national-defence,Department of National Defence,Ministère de la Défense nationale,DND PPE 872,fr,French,MDN DOC 420,institution_specific,Institution-specific class,true,Resolved,DND DOC 420,DND DOC 420
ati-schedule-i-department-of-national-defence,Department of National Defence,Ministère de la Défense nationale,DND PPE 872,fr,French,MDN DOC 445,institution_specific,Institution-specific class,true,Resolved,DND DOC 445,DND DOC 445
ati-schedule-i-department-of-national-defence,Department of National Defence,Ministère de la Défense nationale,DND PPU 873,en,English,PRN 902,standard,Standard class,true,Resolved,902,PRN 902 / NDP 902
ati-schedule-i-department-of-national-defence,Department of National Defence,Ministère de la Défense nationale,DND PPU 873,en,English,DND JAG 015,institution_specific,Institution-specific class,true,Resolved,DND JAG 015,DND JAG 015
ati-schedule-i-department-of-national-defence,Department of National Defence,Ministère de la Défense nationale,DND PPU 873,en,English,DND DLO 101,institution_specific,Institution-specific class,true,Resolved,DND DLO 101,DND DLO 101
ati-schedule-i-department-of-national-defence,Department of National Defence,Ministère de la Défense nationale,DND PPE 817,en,English,DND PSB 405,institution_specific,Institution-specific class,true,Resolved,DND PSB 405,DND PSB 405
ati-schedule-i-department-of-national-defence,Department of National Defence,Ministère de la Défense nationale,DND PPU 809,en,English,DND CBD 450,institution_specific,Institution-specific class,true,Resolved,DND CBD 450,DND CBD 450
ati-schedule-i-department-of-national-defence,Department of National Defence,Ministère de la Défense nationale,DND PPU 809,fr,French,MDN DRA 450,institution_specific,Institution-specific class,true,Resolved,DND CBD 450,DND CBD 450
ati-schedule-i-department-of-national-defence,Department of National Defence,Ministère de la Défense nationale,DND PPU 876,en,English,DND DEP 465,institution_specific,Institution-specific class,true,Resolved,DND DEP 465,DND DEP 465
ati-schedule-i-department-of-national-defence,Department of National Defence,Ministère de la Défense nationale,DND PPU 876,fr,French,MDN DEP 465,institution_specific,Institution-specific class,true,Resolved,DND DEP 465,DND DEP 465
ati-schedule-i-department-of-national-defence,Department of National Defence,Ministère de la Défense nationale,DND PPE 814,en,English,DND CSA 520,institution_specific,Institution-specific class,true,Resolved,DND CSA 520,DND CSA 520
ati-schedule-i-department-of-national-defence,Department of National Defence,Ministère de la Défense nationale,DND PPE 814,fr,French,MDN CSA 520,institution_specific,Institution-specific class,true,Resolved,DND CSA 520,DND CSA 520
ati-schedule-i-department-of-national-defence,Department of National Defence,Ministère de la Défense nationale,DND PPE 852,en,English,DND CSA 520,institution_specific,Institution-specific class,true,Resolved,DND CSA 520,DND CSA 520
ati-schedule-i-department-of-national-defence,Department of National Defence,Ministère de la Défense nationale,DND PPE 852,en,English,PRN 916,standard,Standard class,true,Resolved,916,PRN 916 / NDP 916
ati-schedule-i-department-of-national-defence,Department of National Defence,Ministère de la Défense nationale,DND PPE 852,fr,French,MDN CSA 520,institution_specific,Institution-specific class,true,Resolved,DND CSA 520,DND CSA 520
ati-schedule-i-department-of-national-defence,Department of National Defence,Ministère de la Défense nationale,DND PPE 852,fr,French,NDP 916,standard,Standard class,true,Resolved,916,PRN 916 / NDP 916
ati-schedule-i-department-of-national-defence,Department of National Defence,Ministère de la Défense nationale,DND PPE 853,en,English,DND CSA 520,institution_specific,Institution-specific class,true,Resolved,DND CSA 520,DND CSA 520
ati-schedule-i-department-of-national-defence,Department of National Defence,Ministère de la Défense nationale,DND PPE 853,fr,French,MDN CSA 520,institution_specific,Institution-specific class,true,Resolved,DND CSA 520,DND CSA 520
ati-schedule-i-department-of-national-defence,Department of National Defence,Ministère de la Défense nationale,DND PPU 874,en,English,DND CSA 520,institution_specific,Institution-specific class,true,Resolved,DND CSA 520,DND CSA 520
ati-schedule-i-department-of-national-defence,Department of National Defence,Ministère de la Défense nationale,DND PPU 874,fr,French,MDN CSA 520,institution_specific,Institution-specific class,true,Resolved,DND CSA 520,DND CSA 520
ati-schedule-i-department-of-national-defence,Department of National Defence,Ministère de la Défense nationale,DND PPE 821,en,English,DND CSA 520,institution_specific,Institution-specific class,true,Resolved,DND CSA 520,DND CSA 520
ati-schedule-i-department-of-national-defence,Department of National Defence,Ministère de la Défense nationale,DND PPE 821,fr,French,MDN CNS 520,institution_specific,Institution-specific class,true,Resolved,DND CSA 520,DND CSA 520
ati-schedule-i-department-of-national-defence,Department of National Defence,Ministère de la Défense nationale,DND PPE 825,en,English,DND CSA 520,institution_specific,Institution-specific class,true,Resolved,DND CSA 520,DND CSA 520
ati-schedule-i-department-of-national-defence,Department of National Defence,Ministère de la Défense nationale,DND PPE 825,fr,French,MDN CSA 520,institution_specific,Institution-specific class,true,Resolved,DND CSA 520,DND CSA 520
ati-schedule-i-department-of-national-defence,Department of National Defence,Ministère de la Défense nationale,DND PPE 818,en,English,DND CSA 520,institution_specific,Institution-specific class,true,Resolved,DND CSA 520,DND CSA 520
ati-schedule-i-department-of-national-defence,Department of National Defence,Ministère de la Défense nationale,DND PPE 818,fr,French,MDN CNS 520,institution_specific,Institution-specific class,true,Resolved,DND CSA 520,DND CSA 520
ati-schedule-i-department-of-national-defence,Department of National Defence,Ministère de la Défense nationale,DND PPE 864,en,English,DND CSA 520,institution_specific,Institution-specific class,true,Resolved,DND CSA 520,DND CSA 520
ati-schedule-i-department-of-national-defence,Department of National Defence,Ministère de la Défense nationale,DND PPE 864,en,English,DND RCD 345,institution_specific,Institution-specific class,true,Resolved,DND RCD 345,DND RCD 345
ati-schedule-i-department-of-national-defence,Department of National Defence,Ministère de la Défense nationale,DND PPE 864,fr,French,MDN CNS 520,institution_specific,Institution-specific class,true,Resolved,DND CSA 520,DND CSA 520
ati-schedule-i-department-of-national-defence,Department of National Defence,Ministère de la Défense nationale,DND PPE 864,fr,French,MDN FRC 345,institution_specific,Institution-specific class,true,Resolved,DND RCD 345,DND RCD 345
ati-schedule-i-department-of-national-defence,Department of National Defence,Ministère de la Défense nationale,DND PPE 831,en,English,DND CSA 520,institution_specific,Institution-specific class,true,Resolved,DND CSA 520,DND CSA 520
ati-schedule-i-department-of-national-defence,Department of National Defence,Ministère de la Défense nationale,DND PPE 831,fr,French,MDN CSA 520,institution_specific,Institution-specific class,true,Resolved,DND CSA 520,DND CSA 520
ati-schedule-i-department-of-national-defence,Department of National Defence,Ministère de la Défense nationale,DND PPE 848,en,English,DND CSA 520,institution_specific,Institution-specific class,true,Resolved,DND CSA 520,DND CSA 520
ati-schedule-i-department-of-national-defence,Department of National Defence,Ministère de la Défense nationale,DND PPE 848,fr,French,MDN CNS 520,institution_specific,Institution-specific class,true,Resolved,DND CSA 520,DND CSA 520
ati-schedule-i-department-of-national-defence,Department of National Defence,Ministère de la Défense nationale,DND PPU 834,en,English,DND CSA 520,institution_specific,Institution-specific class,true,Resolved,DND CSA 520,DND CSA 520
ati-schedule-i-department-of-national-defence,Department of National Defence,Ministère de la Défense nationale,DND PPU 834,en,English,DND MIS 085,institution_specific,Institution-specific class,true,Resolved,DND MIS 085,DND MIS 085
ati-schedule-i-department-of-national-defence,Department of National Defence,Ministère de la Défense nationale,DND PPE 877,en,English,DND CSA 520,institution_specific,Institution-specific class,true,Resolved,DND CSA 520,DND CSA 520
ati-schedule-i-department-of-national-defence,Department of National Defence,Ministère de la Défense nationale,DND PPE 877,en,English,DND RCD 345,institution_specific,Institution-specific class,true,Resolved,DND RCD 345,DND RCD 345
ati-schedule-i-department-of-national-defence,Department of National Defence,Ministère de la Défense nationale,DND PPE 877,fr,French,MDN CNS 520,institution_specific,Institution-specific class,true,Resolved,DND CSA 520,DND CSA 520
ati-schedule-i-department-of-national-defence,Department of National Defence,Ministère de la Défense nationale,DND PPE 877,fr,French,MDN FRC 345,institution_specific,Institution-specific class,true,Resolved,DND RCD 345,DND RCD 345
ati-schedule-i-department-of-national-defence,Department of National Defence,Ministère de la Défense nationale,DND PPE 847,en,English,DND CSA 520,institution_specific,Institution-specific class,true,Resolved,DND CSA 520,DND CSA 520
ati-schedule-i-department-of-national-defence,Department of National Defence,Ministère de la Défense nationale,DND PPE 847,fr,French,MDN CNS 520,institution_specific,Institution-specific class,true,Resolved,DND CSA 520,DND CSA 520
ati-schedule-i-department-of-national-defence,Department of National Defence,Ministère de la Défense nationale,DND PPE 836,en,English,DND CSA 520,institution_specific,Institution-specific class,true,Resolved,DND CSA 520,DND CSA 520
ati-schedule-i-department-of-national-defence,Department of National Defence,Ministère de la Défense nationale,DND PPE 836,fr,French,MDN CNS 520,institution_specific,Institution-specific class,true,Resolved,DND CSA 520,DND CSA 520
ati-schedule-i-department-of-national-defence,Department of National Defence,Ministère de la Défense nationale,DND PPE 899,en,English,DND CSA 520,institution_specific,Institution-specific class,true,Resolved,DND CSA 520,DND CSA 520
ati-schedule-i-department-of-national-defence,Department of National Defence,Ministère de la Défense nationale,DND PPE 899,fr,French,MDN CNS 520,institution_specific,Institution-specific class,true,Resolved,DND CSA 520,DND CSA 520
ati-schedule-i-department-of-national-defence,Department of National Defence,Ministère de la Défense nationale,DND PPU 875,en,English,DND CSA 520,institution_specific,Institution-specific class,true,Resolved,DND CSA 520,DND CSA 520
ati-schedule-i-department-of-national-defence,Department of National Defence,Ministère de la Défense nationale,DND PPE 871,en,English,DND CSA 520,institution_specific,Institution-specific class,true,Resolved,DND CSA 520,DND CSA 520
ati-schedule-i-department-of-national-defence,Department of National Defence,Ministère de la Défense nationale,DND PPE 871,fr,French,MDN CNS 520,institution_specific,Institution-specific class,true,Resolved,DND CSA 520,DND CSA 520
ati-schedule-i-department-of-national-defence,Department of National Defence,Ministère de la Défense nationale,DND PPE 832,en,English,DND CSA 520,institution_specific,Institution-specific class,true,Resolved,DND CSA 520,DND CSA 520
ati-schedule-i-department-of-national-defence,Department of National Defence,Ministère de la Défense nationale,DND PPE 890,en,English,DND CSA 520,institution_specific,Institution-specific class,true,Resolved,DND CSA 520,DND CSA 520
ati-schedule-i-department-of-national-defence,Department of National Defence,Ministère de la Défense nationale,DND PPE 890,fr,French,MDN CNS 520,institution_specific,Institution-specific class,true,Resolved,DND CSA 520,DND CSA 520
ati-schedule-i-department-of-national-defence,Department of National Defence,Ministère de la Défense nationale,DND PPU 826,en,English,DND DOC 430,institution_specific,Institution-specific class,true,Resolved,DND DOC 430,DND DOC 430
ati-schedule-i-department-of-national-defence,Department of National Defence,Ministère de la Défense nationale,DND PPE 860,en,English,DND CSA 560,institution_specific,Institution-specific class,true,Resolved,DND CSA 560,DND CSA 560
ati-schedule-i-department-of-national-defence,Department of National Defence,Ministère de la Défense nationale,DND PPE 860,fr,French,MDN CSA 560,institution_specific,Institution-specific class,true,Resolved,DND CSA 560,DND CSA 560
ati-schedule-i-department-of-national-defence,Department of National Defence,Ministère de la Défense nationale,DND PPE 807,en,English,DND CRC 485,institution_specific,Institution-specific class,true,Resolved,DND CRC 485,DND CRC 485
ati-schedule-i-department-of-national-defence,Department of National Defence,Ministère de la Défense nationale,DND PPE 807,fr,French,MDN AGC 485,institution_specific,Institution-specific class,true,Resolved,DND CRC 485,DND CRC 485
ati-schedule-i-department-of-national-defence,Department of National Defence,Ministère de la Défense nationale,DND PPE 830,en,English,DND JAG 035,institution_specific,Institution-specific class,true,Resolved,DND JAG 035,DND JAG 035
ati-schedule-i-department-of-national-defence,Department of National Defence,Ministère de la Défense nationale,DND PPE 830,fr,French,MDN JAG 035,institution_specific,Institution-specific class,true,Resolved,DND JAG 035,DND JAG 035
ati-schedule-i-department-of-national-defence,Department of National Defence,Ministère de la Défense nationale,DND PPE 855,en,English,DND JAG 015,institution_specific,Institution-specific class,true,Resolved,DND JAG 015,DND JAG 015
ati-schedule-i-department-of-national-defence,Department of National Defence,Ministère de la Défense nationale,DND PPE 855,fr,French,MDN JAG 015,institution_specific,Institution-specific class,false,Needs review,,
ati-schedule-i-department-of-national-defence,Department of National Defence,Ministère de la Défense nationale,DND PPE 856,en,English,DND JAG 015,institution_specific,Institution-specific class,true,Resolved,DND JAG 015,DND JAG 015
ati-schedule-i-department-of-national-defence,Department of National Defence,Ministère de la Défense nationale,DND PPE 856,fr,French,MDN JAG 015,institution_specific,Institution-specific class,false,Needs review,,
ati-schedule-i-department-of-national-defence,Department of National Defence,Ministère de la Défense nationale,DND PPE 857,en,English,DND JAG 015,institution_specific,Institution-specific class,true,Resolved,DND JAG 015,DND JAG 015
ati-schedule-i-department-of-national-defence,Department of National Defence,Ministère de la Défense nationale,DND PPE 857,fr,French,MDN JAG 015,institution_specific,Institution-specific class,false,Needs review,,
ati-schedule-i-department-of-national-defence,Department of National Defence,Ministère de la Défense nationale,DND PPE 897,en,English,DND JAG 015,institution_specific,Institution-specific class,true,Resolved,DND JAG 015,DND JAG 015
ati-schedule-i-department-of-national-defence,Department of National Defence,Ministère de la Défense nationale,DND PPE 897,fr,French,MDN JAG 015,institution_specific,Institution-specific class,false,Needs review,,
ati-schedule-i-department-of-national-defence,Department of National Defence,Ministère de la Défense nationale,DND PPU 070,en,English,DND MIS 085,institution_specific,Institution-specific class,true,Resolved,DND MIS 085,DND MIS 085
ati-schedule-i-department-of-national-defence,Department of National Defence,Ministère de la Défense nationale,DND PPU 070,fr,French,MDN RMS 085,institution_specific,Institution-specific class,true,Resolved,DND MIS 085,DND MIS 085
ati-schedule-i-department-of-national-defence,Department of National Defence,Ministère de la Défense nationale,DND PPU 896,en,English,DND MIS 085,institution_specific,Institution-specific class,true,Resolved,DND MIS 085,DND MIS 085
ati-schedule-i-department-of-national-defence,Department of National Defence,Ministère de la Défense nationale,DND PPU 896,fr,French,MDN RMS 085,institution_specific,Institution-specific class,true,Resolved,DND MIS 085,DND MIS 085
ati-schedule-i-department-of-national-defence,Department of National Defence,Ministère de la Défense nationale,DND PPU 837,en,English,DND MIS 085,institution_specific,Institution-specific class,true,Resolved,DND MIS 085,DND MIS 085
ati-schedule-i-department-of-national-defence,Department of National Defence,Ministère de la Défense nationale,DND PPU 837,fr,French,MDN MIS 085,institution_specific,Institution-specific class,true,Resolved,DND MIS 085,DND MIS 085
ati-schedule-i-department-of-national-defence,Department of National Defence,Ministère de la Défense nationale,DND PPU 071,en,English,DND MIS 085,institution_specific,Institution-specific class,true,Resolved,DND MIS 085,DND MIS 085
ati-schedule-i-department-of-national-defence,Department of National Defence,Ministère de la Défense nationale,DND PPU 071,fr,French,MDN RMS 085,institution_specific,Institution-specific class,true,Resolved,DND MIS 085,DND MIS 085
ati-schedule-i-department-of-national-defence,Department of National Defence,Ministère de la Défense nationale,DND PPU 833,en,English,DND MIS 085,institution_specific,Institution-specific class,true,Resolved,DND MIS 085,DND MIS 085
ati-schedule-i-department-of-national-defence,Department of National Defence,Ministère de la Défense nationale,DND PPU 833,fr,French,MDN RMS 085,institution_specific,Institution-specific class,true,Resolved,DND MIS 085,DND MIS 085
ati-schedule-i-department-of-national-defence,Department of National Defence,Ministère de la Défense nationale,DND PPE 835,en,English,DND MIS 085,institution_specific,Institution-specific class,true,Resolved,DND MIS 085,DND MIS 085
ati-schedule-i-department-of-national-defence,Department of National Defence,Ministère de la Défense nationale,DND PPE 835,fr,French,MDN RMS 085,institution_specific,Institution-specific class,true,Resolved,DND MIS 085,DND MIS 085
ati-schedule-i-department-of-national-defence,Department of National Defence,Ministère de la Défense nationale,DND PPU 801,en,English,DND MIS 085,institution_specific,Institution-specific class,true,Resolved,DND MIS 085,DND MIS 085
ati-schedule-i-department-of-national-defence,Department of National Defence,Ministère de la Défense nationale,DND PPU 801,fr,French,MDN RMS 085,institution_specific,Institution-specific class,true,Resolved,DND MIS 085,DND MIS 085
ati-schedule-i-department-of-national-defence,Department of National Defence,Ministère de la Défense nationale,DND PPU 851,en,English,DND MIS 085,institution_specific,Institution-specific class,true,Resolved,DND MIS 085,DND MIS 085
ati-schedule-i-department-of-national-defence,Department of National Defence,Ministère de la Défense nationale,DND PPU 061,en,English,DND MIS 085,institution_specific,Institution-specific class,true,Resolved,DND MIS 085,DND MIS 085
ati-schedule-i-department-of-national-defence,Department of National Defence,Ministère de la Défense nationale,DND PPU 060,en,English,DND MIS 085,institution_specific,Institution-specific class,true,Resolved,DND MIS 085,DND MIS 085
ati-schedule-i-department-of-national-defence,Department of National Defence,Ministère de la Défense nationale,DND PPU 060,fr,French,MDN MIS 085,institution_specific,Institution-specific class,true,Resolved,DND MIS 085,DND MIS 085
ati-schedule-i-department-of-national-defence,Department of National Defence,Ministère de la Défense nationale,DND PPU 840,en,English,DND MIS 085,institution_specific,Institution-specific class,true,Resolved,DND MIS 085,DND MIS 085
ati-schedule-i-department-of-national-defence,Department of National Defence,Ministère de la Défense nationale,DND PPE 863,en,English,DND MIS 085,institution_specific,Institution-specific class,true,Resolved,DND MIS 085,DND MIS 085
ati-schedule-i-department-of-national-defence,Department of National Defence,Ministère de la Défense nationale,DND PPE 863,fr,French,MDN RMS 085,institution_specific,Institution-specific class,true,Resolved,DND MIS 085,DND MIS 085
ati-schedule-i-department-of-national-defence,Department of National Defence,Ministère de la Défense nationale,DND PPE 841,en,English,DND RET 370,institution_specific,Institution-specific class,true,Resolved,DND RET 370,DND RET 370
ati-schedule-i-department-of-national-defence,Department of National Defence,Ministère de la Défense nationale,DND PPE 841,en,English,DND FSB 765,institution_specific,Institution-specific class,true,Resolved,DND FSB 765,DND FSB 765
ati-schedule-i-department-of-national-defence,Department of National Defence,Ministère de la Défense nationale,DND PPE 841,en,English,DND CSA 520,institution_specific,Institution-specific class,true,Resolved,DND CSA 520,DND CSA 520
ati-schedule-i-department-of-national-defence,Department of National Defence,Ministère de la Défense nationale,DND PPE 841,fr,French,MDN RET 370,institution_specific,Institution-specific class,true,Resolved,DND RET 370,DND RET 370
ati-schedule-i-department-of-national-defence,Department of National Defence,Ministère de la Défense nationale,DND PPE 841,fr,French,MDN FSB 765,institution_specific,Institution-specific class,true,Resolved,DND FSB 765,DND FSB 765
ati-schedule-i-department-of-national-defence,Department of National Defence,Ministère de la Défense nationale,DND PPE 841,fr,French,MDN CSA 520,institution_specific,Institution-specific class,true,Resolved,DND CSA 520,DND CSA 520
ati-schedule-i-department-of-national-defence,Department of National Defence,Ministère de la Défense nationale,DND PPE 844,en,English,DND RET 370,institution_specific,Institution-specific class,true,Resolved,DND RET 370,DND RET 370
ati-schedule-i-department-of-national-defence,Department of National Defence,Ministère de la Défense nationale,DND PPE 844,fr,French,MDN REI 370,institution_specific,Institution-specific class,true,Resolved,DND RET 370,DND RET 370
ati-schedule-i-department-of-national-defence,Department of National Defence,Ministère de la Défense nationale,DND PPE 843,en,English,DND RET 370,institution_specific,Institution-specific class,true,Resolved,DND RET 370,DND RET 370
ati-schedule-i-department-of-national-defence,Department of National Defence,Ministère de la Défense nationale,DND PPE 843,fr,French,MDN REI 370,institution_specific,Institution-specific class,true,Resolved,DND RET 370,DND RET 370
ati-schedule-i-department-of-national-defence,Department of National Defence,Ministère de la Défense nationale,DND PPU 878,en,English,DND RET 370,institution_specific,Institution-specific class,true,Resolved,DND RET 370,DND RET 370
ati-schedule-i-department-of-national-defence,Department of National Defence,Ministère de la Défense nationale,DND PPU 878,fr,French,MDN REI 370,institution_specific,Institution-specific class,true,Resolved,DND RET 370,DND RET 370
ati-schedule-i-department-of-national-defence,Department of National Defence,Ministère de la Défense nationale,DND PPE 842,en,English,DND RET 370,institution_specific,Institution-specific class,true,Resolved,DND RET 370,DND RET 370
ati-schedule-i-department-of-national-defence,Department of National Defence,Ministère de la Défense nationale,DND PPE 842,fr,French,MDN REI 370,institution_specific,Institution-specific class,true,Resolved,DND RET 370,DND RET 370
ati-schedule-i-department-of-national-defence,Department of National Defence,Ministère de la Défense nationale,DND PPE 845,en,English,DND RET 370,institution_specific,Institution-specific class,true,Resolved,DND RET 370,DND RET 370
ati-schedule-i-department-of-national-defence,Department of National Defence,Ministère de la Défense nationale,DND PPE 845,fr,French,MDN REI 370,institution_specific,Institution-specific class,true,Resolved,DND RET 370,DND RET 370
ati-schedule-i-department-of-national-defence,Department of National Defence,Ministère de la Défense nationale,DND PPE 886,en,English,DND RMC 100,institution_specific,Institution-specific class,true,Resolved,DND RMC 100,DND RMC 100
ati-schedule-i-department-of-national-defence,Department of National Defence,Ministère de la Défense nationale,DND PPE 805,en,English,DND CSA 520,institution_specific,Institution-specific class,true,Resolved,DND CSA 520,DND CSA 520
ati-schedule-i-department-of-national-defence,Department of National Defence,Ministère de la Défense nationale,DND PPE 805,en,English,DND RCD 345,institution_specific,Institution-specific class,true,Resolved,DND RCD 345,DND RCD 345
ati-schedule-i-department-of-national-defence,Department of National Defence,Ministère de la Défense nationale,DND PPE 805,fr,French,MDN CNS 520,institution_specific,Institution-specific class,true,Resolved,DND CSA 520,DND CSA 520
ati-schedule-i-department-of-national-defence,Department of National Defence,Ministère de la Défense nationale,DND PPE 805,fr,French,MDN FRC 345,institution_specific,Institution-specific class,true,Resolved,DND RCD 345,DND RCD 345
ati-schedule-i-department-of-national-defence,Department of National Defence,Ministère de la Défense nationale,DND PPE 820,en,English,DND CSA 520,institution_specific,Institution-specific class,true,Resolved,DND CSA 520,DND CSA 520
ati-schedule-i-department-of-national-defence,Department of National Defence,Ministère de la Défense nationale,DND PPU 850,en,English,TBS PRN 920,standard,Standard class,true,Resolved,920,PRN 920 / NDP 920
ati-schedule-i-department-of-national-defence,Department of National Defence,Ministère de la Défense nationale,DND PPU 850,en,English,PRN 927,standard,Standard class,true,Resolved,927,PRN 927 / NDP 927
ati-schedule-i-department-of-national-defence,Department of National Defence,Ministère de la Défense nationale,DND PPE 838,en,English,DND CSA 520,institution_specific,Institution-specific class,true,Resolved,DND CSA 520,DND CSA 520
ati-schedule-i-department-of-national-defence,Department of National Defence,Ministère de la Défense nationale,DND PPE 838,en,English,DND RCD 345,institution_specific,Institution-specific class,true,Resolved,DND RCD 345,DND RCD 345
ati-schedule-i-department-of-national-defence,Department of National Defence,Ministère de la Défense nationale,DND PPE 838,fr,French,MDN CNS 520,institution_specific,Institution-specific class,true,Resolved,DND CSA 520,DND CSA 520
ati-schedule-i-department-of-national-defence,Department of National Defence,Ministère de la Défense nationale,DND PPE 838,fr,French,MDN FRC 345,institution_specific,Institution-specific class,true,Resolved,DND RCD 345,DND RCD 345
ati-schedule-i-department-of-national-defence,Department of National Defence,Ministère de la Défense nationale,DND PPE 829,en,English,DND WEE 665,institution_specific,Institution-specific class,true,Resolved,DND WEE 665,DND WEE 665
ati-schedule-i-department-of-national-defence,Department of National Defence,Ministère de la Défense nationale,DND PPE 829,fr,French,MDN BSA 665,institution_specific,Institution-specific class,true,Resolved,DND WEE 665,DND WEE 665
ati-schedule-i-department-of-national-defence,Department of National Defence,Ministère de la Défense nationale,DND PPU 885,en,English,DND IPC 115,institution_specific,Institution-specific class,true,Resolved,DND IPC 115,DND IPC 115
ati-schedule-i-department-of-national-defence,Department of National Defence,Ministère de la Défense nationale,DND PPU 885,fr,French,MDN CPI 115,institution_specific,Institution-specific class,false,Needs review,,
ati-schedule-i-department-of-national-defence,Department of National Defence,Ministère de la Défense nationale,DND PPU 894,en,English,DND RSD 740,institution_specific,Institution-specific class,true,Resolved,DND RSD 740,DND RSD 740
ati-schedule-i-department-of-national-defence,Department of National Defence,Ministère de la Défense nationale,DND PPU 894,fr,French,MDN RSD 740,institution_specific,Institution-specific class,true,Resolved,DND RSD 740,DND RSD 740
ati-schedule-i-department-of-national-defence,Department of National Defence,Ministère de la Défense nationale,DND PPU 815,en,English,DND PDB 360,institution_specific,Institution-specific class,true,Resolved,DND PDB 360,DND PDB 360
ati-schedule-i-department-of-national-defence,Department of National Defence,Ministère de la Défense nationale,DND PPU 815,fr,French,MDN BPP 360,institution_specific,Institution-specific class,true,Resolved,DND PDB 360,DND PDB 360
ati-schedule-i-department-of-national-defence,Department of National Defence,Ministère de la Défense nationale,DND PPU 879,en,English,DND POL 100,institution_specific,Institution-specific class,true,Resolved,DND POL 100,DND POL 100
ati-schedule-i-department-of-national-defence,Department of National Defence,Ministère de la Défense nationale,DND PPU 879,fr,French,MDN POL 100,institution_specific,Institution-specific class,false,Needs review,,
ati-schedule-i-department-of-national-defence,Department of National Defence,Ministère de la Défense nationale,DND PPU 795,en,English,DND CCG 101,institution_specific,Institution-specific class,true,Resolved,DND CCG 101,DND CCG 101
ati-schedule-i-department-of-national-defence,Department of National Defence,Ministère de la Défense nationale,DND PPU 795,en,English,DND CCG 104,institution_specific,Institution-specific class,true,Resolved,DND CCG 104,DND CCG 104
ati-schedule-i-department-of-national-defence,Department of National Defence,Ministère de la Défense nationale,DND PPU 795,fr,French,MDN GCC 101,institution_specific,Institution-specific class,false,Needs review,,
ati-schedule-i-department-of-national-defence,Department of National Defence,Ministère de la Défense nationale,DND PPU 795,fr,French,MDN GCC 104,institution_specific,Institution-specific class,true,Resolved,DND CCG 104,DND CCG 104
ati-schedule-i-department-of-national-defence,Department of National Defence,Ministère de la Défense nationale,DND PPU 794,en,English,DND CCG 103,institution_specific,Institution-specific class,true,Resolved,DND CCG 103,DND CCG 103
ati-schedule-i-department-of-national-defence,Department of National Defence,Ministère de la Défense nationale,DND PPU 794,fr,French,MDN GCC 103,institution_specific,Institution-specific class,false,Needs review,,
ati-schedule-i-department-of-national-defence,Department of National Defence,Ministère de la Défense nationale,DND PPU 793,en,English,DND CCG 106,institution_specific,Institution-specific class,true,Resolved,DND CCG 106,DND CCG 106
ati-schedule-i-department-of-national-defence,Department of National Defence,Ministère de la Défense nationale,DND PPU 793,en,English,DND CCG 107,institution_specific,Institution-specific class,true,Resolved,DND CCG 107,DND CCG 107
ati-schedule-i-department-of-national-defence,Department of National Defence,Ministère de la Défense nationale,DND PPU 793,fr,French,MDN GCC 106,institution_specific,Institution-specific class,true,Resolved,DND CCG 106,DND CCG 106
ati-schedule-i-department-of-national-defence,Department of National Defence,Ministère de la Défense nationale,DND PPU 793,fr,French,MDN GCC 107,institution_specific,Institution-specific class,true,Resolved,DND CCG 107,DND CCG 107
ati-schedule-i-department-of-national-defence,Department of National Defence,Ministère de la Défense nationale,DND PPU 797,en,English,DND CCG 107,institution_specific,Institution-specific class,true,Resolved,DND CCG 107,DND CCG 107
ati-schedule-i-department-of-national-defence,Department of National Defence,Ministère de la Défense nationale,DND PPU 797,fr,French,MDN GCC 107,institution_specific,Institution-specific class,true,Resolved,DND CCG 107,DND CCG 107
ati-schedule-i-department-of-national-defence,Department of National Defence,Ministère de la Défense nationale,DND PPU 792,en,English,DND CCG 109,institution_specific,Institution-specific class,true,Resolved,DND CCG 109,DND CCG 109
ati-schedule-i-department-of-national-defence,Department of National Defence,Ministère de la Défense nationale,DND PPU 792,fr,French,MDN GCC 109,institution_specific,Institution-specific class,true,Resolved,DND CCG 109,DND CCG 109
ati-schedule-i-department-of-national-defence,Department of National Defence,Ministère de la Défense nationale,DND PPU 796,en,English,DND CCG 109,institution_specific,Institution-specific class,true,Resolved,DND CCG 109,DND CCG 109
ati-schedule-i-department-of-national-defence,Department of National Defence,Ministère de la Défense nationale,DND PPU 796,fr,French,MDN GCC 109,institution_specific,Institution-specific class,true,Resolved,DND CCG 109,DND CCG 109
ati-schedule-i-department-of-national-defence,Department of National Defence,Ministère de la Défense nationale,DND PPU 798,en,English,DND CCG 109,institution_specific,Institution-specific class,true,Resolved,DND CCG 109,DND CCG 109
ati-schedule-i-department-of-national-defence,Department of National Defence,Ministère de la Défense nationale,DND PPU 798,fr,French,MDN GCC 109,institution_specific,Institution-specific class,true,Resolved,DND CCG 109,DND CCG 109
ati-schedule-i-department-of-national-defence,Department of National Defence,Ministère de la Défense nationale,DND PPU 791,en,English,DND CCG 112,institution_specific,Institution-specific class,true,Resolved,DND CCG 112,DND CCG 112
ati-schedule-i-department-of-national-defence,Department of National Defence,Ministère de la Défense nationale,DND PPU 791,fr,French,MDN GCC 112,institution_specific,Institution-specific class,true,Resolved,DND CCG 112,DND CCG 112
ati-schedule-i-department-of-national-defence,Department of National Defence,Ministère de la Défense nationale,DND PPU 790,en,English,DND CCG 114,institution_specific,Institution-specific class,true,Resolved,DND CCG 114,DND CCG 114
ati-schedule-i-department-of-national-defence,Department of National Defence,Ministère de la Défense nationale,DND PPU 790,fr,French,MDN GCC 114,institution_specific,Institution-specific class,true,Resolved,DND CCG 114,DND CCG 114
ati-schedule-i-department-of-national-defence,Department of National Defence,Ministère de la Défense nationale,DND PPU 799,en,English,DND CCG 116,institution_specific,Institution-specific class,true,Resolved,DND CCG 116,DND CCG 116
ati-schedule-i-department-of-national-defence,Department of National Defence,Ministère de la Défense nationale,DND PPU 799,fr,French,MDN GCC 116,institution_specific,Institution-specific class,true,Resolved,DND CCG 116,DND CCG 116
ati-schedule-i-department-of-national-defence,Department of National Defence,Ministère de la Défense nationale,DND PPE 858,en,English,DND FSB 765,institution_specific,Institution-specific class,true,Resolved,DND FSB 765,DND FSB 765
ati-schedule-i-department-of-national-defence,Department of National Defence,Ministère de la Défense nationale,DND PPE 859,en,English,DND FSB 765,institution_specific,Institution-specific class,true,Resolved,DND FSB 765,DND FSB 765
ati-schedule-i-department-of-national-defence,Department of National Defence,Ministère de la Défense nationale,DND PPE 859,fr,French,MDN BDF 765,institution_specific,Institution-specific class,true,Resolved,DND FSB 765,DND FSB 765
ati-schedule-i-department-of-national-defence,Department of National Defence,Ministère de la Défense nationale,DND PPU 065,en,English,PRN 920,standard,Standard class,true,Resolved,920,PRN 920 / NDP 920
ati-schedule-i-department-of-national-defence,Department of National Defence,Ministère de la Défense nationale,DND PPU 065,fr,French,NDP 920,standard,Standard class,true,Resolved,920,PRN 920 / NDP 920
ati-schedule-i-department-of-national-defence,Department of National Defence,Ministère de la Défense nationale,DND PPU 813,en,English,PRN 931,standard,Standard class,true,Resolved,931,PRN 931 / NDP 931
ati-schedule-i-department-of-national-defence,Department of National Defence,Ministère de la Défense nationale,DND PPU 813,fr,French,NPD 931,institution_specific,Institution-specific class,false,Needs review,,
ati-schedule-i-department-of-national-defence,Department of National Defence,Ministère de la Défense nationale,MDN PPE 881,fr,French,NDP 914,standard,Standard class,true,Resolved,914,PRN 914 / NDP 914
ati-schedule-i-department-of-national-defence,Department of National Defence,Ministère de la Défense nationale,MDN PPE 881,fr,French,NDP 938,standard,Standard class,true,Resolved,938,PRN 938 / NDP 938
ati-schedule-i-department-of-national-defence,Department of National Defence,Ministère de la Défense nationale,MDN PPE 881,fr,French,MDN BSS 495,institution_specific,Institution-specific class,true,Resolved,DND SGB 495,DND SGB 495
ati-schedule-i-department-of-transport,Department of Transport,Ministère des Transports,TC PPU 020,en,English,TC ASA 003,institution_specific,Institution-specific class,false,Needs review,,
ati-schedule-i-department-of-transport,Department of Transport,Ministère des Transports,TC PPU 031,en,English,TC ASA 003,institution_specific,Institution-specific class,false,Needs review,,
ati-schedule-i-department-of-transport,Department of Transport,Ministère des Transports,TC PPU 015,en,English,TC ASA 005,institution_specific,Institution-specific class,false,Needs review,,
ati-schedule-i-department-of-transport,Department of Transport,Ministère des Transports,TC PPU 014,en,English,TC ASA 005,institution_specific,Institution-specific class,false,Needs review,,
ati-schedule-i-department-of-transport,Department of Transport,Ministère des Transports,TC PPU 005,en,English,TC ASA 005,institution_specific,Institution-specific class,false,Needs review,,
ati-schedule-i-department-of-transport,Department of Transport,Ministère des Transports,TC PPU 001,en,English,TC ASE 007,institution_specific,Institution-specific class,false,Needs review,,
ati-schedule-i-department-of-transport,Department of Transport,Ministère des Transports,TC PPU 064,en,English,TC ASE 007,institution_specific,Institution-specific class,false,Needs review,,
ati-schedule-i-department-of-transport,Department of Transport,Ministère des Transports,TC PPU 093,en,English,TC ASE 010,institution_specific,Institution-specific class,false,Needs review,,
ati-schedule-i-department-of-transport,Department of Transport,Ministère des Transports,TC PPU 093,en,English,TC ASE 014,institution_specific,Institution-specific class,false,Needs review,,
ati-schedule-i-department-of-transport,Department of Transport,Ministère des Transports,TC PPU 093,en,English,TC MSE 004,institution_specific,Institution-specific class,true,Resolved,TC ASA 004,TC ASA 004
ati-schedule-i-department-of-transport,Department of Transport,Ministère des Transports,TC PPU 056,en,English,TC NIE 001,institution_specific,Institution-specific class,false,Needs review,,
ati-schedule-i-department-of-transport,Department of Transport,Ministère des Transports,TC PPU 052,en,English,TC IZEV 001,institution_specific,Institution-specific class,false,Needs review,,
ati-schedule-i-department-of-transport,Department of Transport,Ministère des Transports,TC PPU 040,en,English,TC MSA 005,institution_specific,Institution-specific class,false,Needs review,,
ati-schedule-i-department-of-transport,Department of Transport,Ministère des Transports,TC PPU 023,en,English,TC MSA 005,institution_specific,Institution-specific class,false,Needs review,,
ati-schedule-i-department-of-transport,Department of Transport,Ministère des Transports,TC PPU 030,en,English,TC MSA 005,institution_specific,Institution-specific class,false,Needs review,,
ati-schedule-i-department-of-transport,Department of Transport,Ministère des Transports,TC PPU 054,en,English,TC MSA 007,institution_specific,Institution-specific class,false,Needs review,,
ati-schedule-i-department-of-transport,Department of Transport,Ministère des Transports,TC PPU 041,en,English,TC MSA 003,institution_specific,Institution-specific class,false,Needs review,,
ati-schedule-i-department-of-transport,Department of Transport,Ministère des Transports,TC PPU 021,en,English,TC MSA 008,institution_specific,Institution-specific class,false,Needs review,,
ati-schedule-i-department-of-transport,Department of Transport,Ministère des Transports,TC PPU 048,en,English,TC MSA 009,institution_specific,Institution-specific class,false,Needs review,,
ati-schedule-i-department-of-transport,Department of Transport,Ministère des Transports,TC PPU 044,en,English,TC MSA 004,institution_specific,Institution-specific class,true,Resolved,TC ASA 004,TC ASA 004
ati-schedule-i-department-of-transport,Department of Transport,Ministère des Transports,TC PPU 086,en,English,TC MSA 012,institution_specific,Institution-specific class,false,Needs review,,
ati-schedule-i-department-of-transport,Department of Transport,Ministère des Transports,TC PPU 700,en,English,TC MSE 004,institution_specific,Institution-specific class,true,Resolved,TC ASA 004,TC ASA 004
ati-schedule-i-department-of-transport,Department of Transport,Ministère des Transports,TC PPU 028,en,English,TC HRM 001,institution_specific,Institution-specific class,false,Needs review,,
ati-schedule-i-department-of-transport,Department of Transport,Ministère des Transports,TC PPU 006,en,English,TC RSA 002,institution_specific,Institution-specific class,false,Needs review,,
ati-schedule-i-department-of-transport,Department of Transport,Ministère des Transports,TC PPU 003,en,English,TC RSA 002,institution_specific,Institution-specific class,false,Needs review,,
ati-schedule-i-department-of-transport,Department of Transport,Ministère des Transports,TC PPU 085,en,English,TC TIN 003,institution_specific,Institution-specific class,false,Needs review,,
ati-schedule-i-department-of-transport,Department of Transport,Ministère des Transports,TC PPU 007,en,English,TC ASA 005,institution_specific,Institution-specific class,false,Needs review,,
ati-schedule-i-atlantic-canada-opportunities-agency,Atlantic Canada Opportunities Agency,Agence de promotion économique du Canada atlantique,ACOA PPU 111,en,English,ACOA 101,institution_specific,Institution-specific class,true,Resolved,ACOA 101,ACOA 101
ati-schedule-i-canada-border-services-agency,Canada Border Services Agency,Agence des services frontaliers du Canada,CBSA PPU 016,en,English,CBSA ENF 137,institution_specific,Institution-specific class,true,Resolved,CBSA ENF 137,CBSA ENF 137
ati-schedule-i-canada-border-services-agency,Canada Border Services Agency,Agence des services frontaliers du Canada,CBSA PPU 016,fr,French,ASFC ENF 137,institution_specific,Institution-specific class,false,Needs review,,
ati-schedule-i-canada-border-services-agency,Canada Border Services Agency,Agence des services frontaliers du Canada,CBSA PPU 035,en,English,CBSA ENF 137,institution_specific,Institution-specific class,true,Resolved,CBSA ENF 137,CBSA ENF 137
ati-schedule-i-canada-border-services-agency,Canada Border Services Agency,Agence des services frontaliers du Canada,CBSA PPU 035,fr,French,ASFC ENF 137,institution_specific,Institution-specific class,false,Needs review,,
ati-schedule-i-canada-border-services-agency,Canada Border Services Agency,Agence des services frontaliers du Canada,CBSA PPU 200,en,English,CBSA ENF 117,institution_specific,Institution-specific class,true,Resolved,CBSA ENF 117,CBSA ENF 117
ati-schedule-i-canada-border-services-agency,Canada Border Services Agency,Agence des services frontaliers du Canada,CBSA PPU 200,fr,French,ASFC ENF 117,institution_specific,Institution-specific class,false,Needs review,,
ati-schedule-i-canada-border-services-agency,Canada Border Services Agency,Agence des services frontaliers du Canada,CBSA PPU 062,en,English,CBSA ADM 130,institution_specific,Institution-specific class,true,Resolved,CBSA ADM 130,CBSA ADM 130
ati-schedule-i-canada-border-services-agency,Canada Border Services Agency,Agence des services frontaliers du Canada,CBSA PPU 062,fr,French,ASFC ADM 130,institution_specific,Institution-specific class,false,Needs review,,
ati-schedule-i-canada-border-services-agency,Canada Border Services Agency,Agence des services frontaliers du Canada,CBSA PPU 015,en,English,CBSA ENF 121,institution_specific,Institution-specific class,true,Resolved,CBSA ENF 121,CBSA ENF 121
ati-schedule-i-canada-border-services-agency,Canada Border Services Agency,Agence des services frontaliers du Canada,CBSA PPU 015,en,English,CBSA ENF 129,institution_specific,Institution-specific class,true,Resolved,CBSA ENF 129,CBSA ENF 129
ati-schedule-i-canada-border-services-agency,Canada Border Services Agency,Agence des services frontaliers du Canada,CBSA PPU 015,en,English,CBSA ENF 132,institution_specific,Institution-specific class,true,Resolved,CBSA ENF 132,CBSA ENF 132
ati-schedule-i-canada-border-services-agency,Canada Border Services Agency,Agence des services frontaliers du Canada,CBSA PPU 015,en,English,CBSA ENF 134,institution_specific,Institution-specific class,true,Resolved,CBSA ENF 134,CBSA ENF 134
ati-schedule-i-canada-border-services-agency,Canada Border Services Agency,Agence des services frontaliers du Canada,CBSA PPU 015,fr,French,ASFC ENF 121,institution_specific,Institution-specific class,false,Needs review,,
ati-schedule-i-canada-border-services-agency,Canada Border Services Agency,Agence des services frontaliers du Canada,CBSA PPU 015,fr,French,ASFC ENF 129,institution_specific,Institution-specific class,false,Needs review,,
ati-schedule-i-canada-border-services-agency,Canada Border Services Agency,Agence des services frontaliers du Canada,CBSA PPU 015,fr,French,ASFC ENF 132,institution_specific,Institution-specific class,false,Needs review,,
ati-schedule-i-canada-border-services-agency,Canada Border Services Agency,Agence des services frontaliers du Canada,CBSA PPU 015,fr,French,ASFC ENF 134,institution_specific,Institution-specific class,false,Needs review,,
ati-schedule-i-canada-border-services-agency,Canada Border Services Agency,Agence des services frontaliers du Canada,CBSA PPU 117,en,English,CBSA ENF 137,institution_specific,Institution-specific class,true,Resolved,CBSA ENF 137,CBSA ENF 137
ati-schedule-i-canada-border-services-agency,Canada Border Services Agency,Agence des services frontaliers du Canada,CBSA PPU 117,fr,French,ASFC ENF 137,institution_specific,Institution-specific class,false,Needs review,,
ati-schedule-i-canada-border-services-agency,Canada Border Services Agency,Agence des services frontaliers du Canada,CBSA PPU 018,en,English,CBSA ADM 132,institution_specific,Institution-specific class,true,Resolved,CBSA ADM 132,CBSA ADM 132
ati-schedule-i-canada-border-services-agency,Canada Border Services Agency,Agence des services frontaliers du Canada,CBSA PPU 018,fr,French,ASFC ADM 132,institution_specific,Institution-specific class,false,Needs review,,
ati-schedule-i-canada-border-services-agency,Canada Border Services Agency,Agence des services frontaliers du Canada,CBSA PPU 033,en,English,CBSA ENF 137,institution_specific,Institution-specific class,true,Resolved,CBSA ENF 137,CBSA ENF 137
ati-schedule-i-canada-border-services-agency,Canada Border Services Agency,Agence des services frontaliers du Canada,CBSA PPU 033,fr,French,ASFC ENF 137,institution_specific,Institution-specific class,false,Needs review,,
ati-schedule-i-canada-border-services-agency,Canada Border Services Agency,Agence des services frontaliers du Canada,CBSA PPU 030,en,English,CBSA ENF 116,institution_specific,Institution-specific class,true,Resolved,CBSA ENF 116,CBSA ENF 116
ati-schedule-i-canada-border-services-agency,Canada Border Services Agency,Agence des services frontaliers du Canada,CBSA PPU 030,fr,French,ASFC ENF 116,institution_specific,Institution-specific class,false,Needs review,,
ati-schedule-i-canada-border-services-agency,Canada Border Services Agency,Agence des services frontaliers du Canada,CBSA PPU 020,en,English,CBSA ENF 102,institution_specific,Institution-specific class,true,Resolved,CBSA ENF 102,CBSA ENF 102
ati-schedule-i-canada-border-services-agency,Canada Border Services Agency,Agence des services frontaliers du Canada,CBSA PPU 020,fr,French,ASFC ENF 102,institution_specific,Institution-specific class,false,Needs review,,
ati-schedule-i-canada-border-services-agency,Canada Border Services Agency,Agence des services frontaliers du Canada,CBSA PPU 040,en,English,CBSA OPS 101,institution_specific,Institution-specific class,true,Resolved,CBSA OPS 101,CBSA OPS 101
ati-schedule-i-canada-border-services-agency,Canada Border Services Agency,Agence des services frontaliers du Canada,CBSA PPU 040,fr,French,ASFC OPS 101,institution_specific,Institution-specific class,false,Needs review,,
ati-schedule-i-canada-border-services-agency,Canada Border Services Agency,Agence des services frontaliers du Canada,CBSA PPU 034,en,English,CBSA ENF 137,institution_specific,Institution-specific class,true,Resolved,CBSA ENF 137,CBSA ENF 137
ati-schedule-i-canada-border-services-agency,Canada Border Services Agency,Agence des services frontaliers du Canada,CBSA PPU 034,fr,French,ASFC ENF 137,institution_specific,Institution-specific class,false,Needs review,,
ati-schedule-i-canada-border-services-agency,Canada Border Services Agency,Agence des services frontaliers du Canada,CBSA PPU 036,en,English,CBSA ENF 137,institution_specific,Institution-specific class,true,Resolved,CBSA ENF 137,CBSA ENF 137
ati-schedule-i-canada-border-services-agency,Canada Border Services Agency,Agence des services frontaliers du Canada,CBSA PPU 036,fr,French,ASFC ENF 137,institution_specific,Institution-specific class,false,Needs review,,
ati-schedule-i-canada-border-services-agency,Canada Border Services Agency,Agence des services frontaliers du Canada,CBSA PPU 002,en,English,CBSA ADM 107,institution_specific,Institution-specific class,true,Resolved,CBSA ADM 107,CBSA ADM 107
ati-schedule-i-canada-border-services-agency,Canada Border Services Agency,Agence des services frontaliers du Canada,CBSA PPU 002,en,English,CBSA ADM 108,institution_specific,Institution-specific class,true,Resolved,CBSA ADM 108,CBSA ADM 108
ati-schedule-i-canada-border-services-agency,Canada Border Services Agency,Agence des services frontaliers du Canada,CBSA PPU 002,en,English,CBSA ADM 109,institution_specific,Institution-specific class,true,Resolved,CBSA ADM 109,CBSA ADM 109
ati-schedule-i-canada-border-services-agency,Canada Border Services Agency,Agence des services frontaliers du Canada,CBSA PPU 002,fr,French,ASFC ADM 107,institution_specific,Institution-specific class,false,Needs review,,
ati-schedule-i-canada-border-services-agency,Canada Border Services Agency,Agence des services frontaliers du Canada,CBSA PPU 002,fr,French,ASFC ADM 108,institution_specific,Institution-specific class,false,Needs review,,
ati-schedule-i-canada-border-services-agency,Canada Border Services Agency,Agence des services frontaliers du Canada,CBSA PPU 002,fr,French,ASFC ADM 109,institution_specific,Institution-specific class,false,Needs review,,
ati-schedule-i-canada-border-services-agency,Canada Border Services Agency,Agence des services frontaliers du Canada,CBSA PPU 013,en,English,CBSA ADM 110,institution_specific,Institution-specific class,true,Resolved,CBSA ADM 110,CBSA ADM 110
ati-schedule-i-canada-border-services-agency,Canada Border Services Agency,Agence des services frontaliers du Canada,CBSA PPU 013,fr,French,ASFC ADM 110,institution_specific,Institution-specific class,false,Needs review,,
ati-schedule-i-canada-border-services-agency,Canada Border Services Agency,Agence des services frontaliers du Canada,CBSA PPU 031,en,English,CBSA ADM 117,institution_specific,Institution-specific class,true,Resolved,CBSA ADM 117,CBSA ADM 117
ati-schedule-i-canada-border-services-agency,Canada Border Services Agency,Agence des services frontaliers du Canada,CBSA PPU 031,fr,French,ASFC ADM 117,institution_specific,Institution-specific class,false,Needs review,,
ati-schedule-i-canada-border-services-agency,Canada Border Services Agency,Agence des services frontaliers du Canada,CBSA PPU 061,en,English,CBSA IST 004,institution_specific,Institution-specific class,true,Resolved,CBSA IST 004,CBSA IST 004
ati-schedule-i-canada-border-services-agency,Canada Border Services Agency,Agence des services frontaliers du Canada,CBSA PPU 061,fr,French,ASFC IST 004,institution_specific,Institution-specific class,false,Needs review,,
ati-schedule-i-canada-border-services-agency,Canada Border Services Agency,Agence des services frontaliers du Canada,CBSA PPU 011,en,English,CBSA ADM 120,institution_specific,Institution-specific class,true,Resolved,CBSA ADM 120,CBSA ADM 120
ati-schedule-i-canada-border-services-agency,Canada Border Services Agency,Agence des services frontaliers du Canada,CBSA PPU 011,fr,French,ASFC ADM 120,institution_specific,Institution-specific class,false,Needs review,,
ati-schedule-i-canada-border-services-agency,Canada Border Services Agency,Agence des services frontaliers du Canada,CBSA PPU 045,en,English,CBSA ADM 105,institution_specific,Institution-specific class,true,Resolved,CBSA ADM 105,CBSA ADM 105
ati-schedule-i-canada-border-services-agency,Canada Border Services Agency,Agence des services frontaliers du Canada,CBSA PPU 045,en,English,CBSA ADM 106,institution_specific,Institution-specific class,true,Resolved,CBSA ADM 106,CBSA ADM 106
ati-schedule-i-canada-border-services-agency,Canada Border Services Agency,Agence des services frontaliers du Canada,CBSA PPU 045,fr,French,ASFC ADM 105,institution_specific,Institution-specific class,false,Needs review,,
ati-schedule-i-canada-border-services-agency,Canada Border Services Agency,Agence des services frontaliers du Canada,CBSA PPU 045,fr,French,ASFC ADM 106,institution_specific,Institution-specific class,false,Needs review,,
ati-schedule-i-canada-border-services-agency,Canada Border Services Agency,Agence des services frontaliers du Canada,CBSA PPU 006,en,English,CBSA ADM 123,institution_specific,Institution-specific class,true,Resolved,CBSA ADM 123,CBSA ADM 123
ati-schedule-i-canada-border-services-agency,Canada Border Services Agency,Agence des services frontaliers du Canada,CBSA PPU 006,fr,French,ASFC ADM 123,institution_specific,Institution-specific class,false,Needs review,,
ati-schedule-i-canada-border-services-agency,Canada Border Services Agency,Agence des services frontaliers du Canada,CBSA PPU 032,en,English,CBSA ENF 137,institution_specific,Institution-specific class,true,Resolved,CBSA ENF 137,CBSA ENF 137
ati-schedule-i-canada-border-services-agency,Canada Border Services Agency,Agence des services frontaliers du Canada,CBSA PPU 032,fr,French,ASFC ENF 137,institution_specific,Institution-specific class,false,Needs review,,
ati-schedule-i-canada-border-services-agency,Canada Border Services Agency,Agence des services frontaliers du Canada,CBSA PPU 025,en,English,CBSA ENF 137,institution_specific,Institution-specific class,true,Resolved,CBSA ENF 137,CBSA ENF 137
ati-schedule-i-canada-border-services-agency,Canada Border Services Agency,Agence des services frontaliers du Canada,CBSA PPU 025,fr,French,ASFC ENF 137,institution_specific,Institution-specific class,false,Needs review,,
ati-schedule-i-canada-border-services-agency,Canada Border Services Agency,Agence des services frontaliers du Canada,CBSA PPU 008,en,English,CBSA IST 001,institution_specific,Institution-specific class,true,Resolved,CBSA IST 001,CBSA IST 001
ati-schedule-i-canada-border-services-agency,Canada Border Services Agency,Agence des services frontaliers du Canada,CBSA PPU 008,fr,French,ASFC IST 001,institution_specific,Institution-specific class,false,Needs review,,
ati-schedule-i-canada-border-services-agency,Canada Border Services Agency,Agence des services frontaliers du Canada,CBSA PPU 023,en,English,CBSA ADM 136,institution_specific,Institution-specific class,true,Resolved,CBSA ADM 136,CBSA ADM 136
ati-schedule-i-canada-border-services-agency,Canada Border Services Agency,Agence des services frontaliers du Canada,CBSA PPU 023,fr,French,ASFC ADM 136,institution_specific,Institution-specific class,false,Needs review,,
ati-schedule-i-canada-border-services-agency,Canada Border Services Agency,Agence des services frontaliers du Canada,CBSA PPU 014,en,English,CBSA ENF 137,institution_specific,Institution-specific class,true,Resolved,CBSA ENF 137,CBSA ENF 137
ati-schedule-i-canada-border-services-agency,Canada Border Services Agency,Agence des services frontaliers du Canada,CBSA PPU 014,fr,French,ASFC ENF 137,institution_specific,Institution-specific class,false,Needs review,,
ati-schedule-i-canada-border-services-agency,Canada Border Services Agency,Agence des services frontaliers du Canada,CBSA PPU 022,en,English,CBSA ENF 137,institution_specific,Institution-specific class,true,Resolved,CBSA ENF 137,CBSA ENF 137
ati-schedule-i-canada-border-services-agency,Canada Border Services Agency,Agence des services frontaliers du Canada,CBSA PPU 022,fr,French,ASFC ENF 137,institution_specific,Institution-specific class,false,Needs review,,
ati-schedule-i-canada-border-services-agency,Canada Border Services Agency,Agence des services frontaliers du Canada,CBSA PPU 050,en,English,CBSA ADM 135,institution_specific,Institution-specific class,true,Resolved,CBSA ADM 135,CBSA ADM 135
ati-schedule-i-canada-border-services-agency,Canada Border Services Agency,Agence des services frontaliers du Canada,CBSA PPU 050,fr,French,ASFC ADM 135,institution_specific,Institution-specific class,false,Needs review,,
ati-schedule-i-canada-border-services-agency,Canada Border Services Agency,Agence des services frontaliers du Canada,CBSA PPU 021,en,English,CBSA ENF 137,institution_specific,Institution-specific class,true,Resolved,CBSA ENF 137,CBSA ENF 137
ati-schedule-i-canada-border-services-agency,Canada Border Services Agency,Agence des services frontaliers du Canada,CBSA PPU 021,fr,French,ASFC ENF 137,institution_specific,Institution-specific class,false,Needs review,,
ati-schedule-i-canada-border-services-agency,Canada Border Services Agency,Agence des services frontaliers du Canada,CBSA PPU 060,en,English,CBSA ENF 136,institution_specific,Institution-specific class,true,Resolved,CBSA ENF 136,CBSA ENF 136
ati-schedule-i-canada-border-services-agency,Canada Border Services Agency,Agence des services frontaliers du Canada,CBSA PPU 060,fr,French,ASFC ENF 136,institution_specific,Institution-specific class,false,Needs review,,
ati-schedule-i-canada-border-services-agency,Canada Border Services Agency,Agence des services frontaliers du Canada,CBSA PPU 005,en,English,CBSA ADM 101,institution_specific,Institution-specific class,true,Resolved,CBSA ADM 101,CBSA ADM 101
ati-schedule-i-canada-border-services-agency,Canada Border Services Agency,Agence des services frontaliers du Canada,CBSA PPU 005,en,English,CBSA ADM 103,institution_specific,Institution-specific class,true,Resolved,CBSA ADM 103,CBSA ADM 103
ati-schedule-i-canada-border-services-agency,Canada Border Services Agency,Agence des services frontaliers du Canada,CBSA PPU 005,fr,French,ASFC ADM 101,institution_specific,Institution-specific class,false,Needs review,,
ati-schedule-i-canada-border-services-agency,Canada Border Services Agency,Agence des services frontaliers du Canada,CBSA PPU 005,fr,French,ASFC ADM 103,institution_specific,Institution-specific class,false,Needs review,,
ati-schedule-i-canada-border-services-agency,Canada Border Services Agency,Agence des services frontaliers du Canada,CBSA PPU 003,en,English,CBSA ADM 102,institution_specific,Institution-specific class,true,Resolved,CBSA ADM 102,CBSA ADM 102
ati-schedule-i-canada-border-services-agency,Canada Border Services Agency,Agence des services frontaliers du Canada,CBSA PPU 003,en,English,CBSA REC 001,institution_specific,Institution-specific class,true,Resolved,CBSA REC 001,CBSA REC 001
ati-schedule-i-canada-border-services-agency,Canada Border Services Agency,Agence des services frontaliers du Canada,CBSA PPU 003,fr,French,ASFC ADM 102,institution_specific,Institution-specific class,false,Needs review,,
ati-schedule-i-canada-border-services-agency,Canada Border Services Agency,Agence des services frontaliers du Canada,CBSA PPU 003,fr,French,ASFC REC 001,institution_specific,Institution-specific class,false,Needs review,,
ati-schedule-i-canada-border-services-agency,Canada Border Services Agency,Agence des services frontaliers du Canada,CBSA PPU 007,en,English,CBSA ADM 126,institution_specific,Institution-specific class,true,Resolved,CBSA ADM 126,CBSA ADM 126
ati-schedule-i-canada-border-services-agency,Canada Border Services Agency,Agence des services frontaliers du Canada,CBSA PPU 007,fr,French,ASFC ADM 126,institution_specific,Institution-specific class,false,Needs review,,
ati-schedule-i-canada-border-services-agency,Canada Border Services Agency,Agence des services frontaliers du Canada,CBSA PPU 010,en,English,CBSA ADM 143,institution_specific,Institution-specific class,true,Resolved,CBSA ADM 143,CBSA ADM 143
ati-schedule-i-canada-border-services-agency,Canada Border Services Agency,Agence des services frontaliers du Canada,CBSA PPU 010,fr,French,ASFC ADM 143,institution_specific,Institution-specific class,true,Resolved,CBSA ADM 143,CBSA ADM 143
ati-schedule-i-canada-border-services-agency,Canada Border Services Agency,Agence des services frontaliers du Canada,CBSA PPU 037,en,English,CBSA ADM 143,institution_specific,Institution-specific class,true,Resolved,CBSA ADM 143,CBSA ADM 143
ati-schedule-i-canada-border-services-agency,Canada Border Services Agency,Agence des services frontaliers du Canada,CBSA PPU 037,fr,French,ASFC ADM 143,institution_specific,Institution-specific class,true,Resolved,CBSA ADM 143,CBSA ADM 143
ati-schedule-i-canada-border-services-agency,Canada Border Services Agency,Agence des services frontaliers du Canada,CBSA PPU 001,en,English,CBSA ADM 122,institution_specific,Institution-specific class,true,Resolved,CBSA ADM 122,CBSA ADM 122
ati-schedule-i-canada-border-services-agency,Canada Border Services Agency,Agence des services frontaliers du Canada,CBSA PPU 001,fr,French,ASFC ADM 122,institution_specific,Institution-specific class,false,Needs review,,
ati-schedule-i-canada-border-services-agency,Canada Border Services Agency,Agence des services frontaliers du Canada,CBSA PPU 818,en,English,CBSA IST 008,institution_specific,Institution-specific class,true,Resolved,CBSA IST 008,CBSA IST 008
ati-schedule-i-canada-border-services-agency,Canada Border Services Agency,Agence des services frontaliers du Canada,CBSA PPU 818,fr,French,ASFC IST 008,institution_specific,Institution-specific class,true,Resolved,CBSA IST 008,CBSA IST 008
ati-schedule-i-canada-border-services-agency,Canada Border Services Agency,Agence des services frontaliers du Canada,CBSA PPU 012,en,English,CBSA OPS 100,institution_specific,Institution-specific class,true,Resolved,CBSA OPS 100,CBSA OPS 100
ati-schedule-i-canada-border-services-agency,Canada Border Services Agency,Agence des services frontaliers du Canada,CBSA PPU 012,fr,French,ASFC OPS 100,institution_specific,Institution-specific class,false,Needs review,,
ati-schedule-i-canada-employment-insurance-commission,Canada Employment Insurance Commission,Commission de l’assurance-emploi du Canada,ESDC PPU 291,en,English,ESDC PMMC 001,institution_specific,Institution-specific class,true,Resolved,ESDC PMMC 001,ESDC PMMC 001
ati-schedule-i-canada-employment-insurance-commission,Canada Employment Insurance Commission,Commission de l’assurance-emploi du Canada,ESDC PPU 291,fr,French,EDSC PEAD 001,institution_specific,Institution-specific class,false,Needs review,,
ati-schedule-i-canada-employment-insurance-commission,Canada Employment Insurance Commission,Commission de l’assurance-emploi du Canada,ESDC PPU 650,en,English,ESDC PMVA 205,institution_specific,Institution-specific class,true,Resolved,ESDC PMVA 205,ESDC PMVA 205
ati-schedule-i-canada-employment-insurance-commission,Canada Employment Insurance Commission,Commission de l’assurance-emploi du Canada,ESDC PPU 650,fr,French,EDSC PPMPB 205,institution_specific,Institution-specific class,true,Resolved,ESDC PMVA 205,ESDC PMVA 205
ati-schedule-i-canada-employment-insurance-commission,Canada Employment Insurance Commission,Commission de l’assurance-emploi du Canada,ESDC PPU 038,en,English,ESDC IS 049,institution_specific,Institution-specific class,true,Resolved,ESDC IS 049,ESDC IS 049
ati-schedule-i-canada-employment-insurance-commission,Canada Employment Insurance Commission,Commission de l’assurance-emploi du Canada,ESDC PPU 038,fr,French,EDSC SR 049,institution_specific,Institution-specific class,true,Resolved,ESDC IS 049,ESDC IS 049
ati-schedule-i-canada-employment-insurance-commission,Canada Employment Insurance Commission,Commission de l’assurance-emploi du Canada,ESDC PPU 146,en,English,ESDC IAP 064,institution_specific,Institution-specific class,true,Resolved,ESDC IAP 064,ESDC IAP 064
ati-schedule-i-canada-employment-insurance-commission,Canada Employment Insurance Commission,Commission de l’assurance-emploi du Canada,ESDC PPU 146,fr,French,EDSC IET 064,institution_specific,Institution-specific class,true,Resolved,ESDC IAP 064,ESDC IAP 064
ati-schedule-i-canada-employment-insurance-commission,Canada Employment Insurance Commission,Commission de l’assurance-emploi du Canada,ESDC PPU 140,en,English,ESDC IAP 064,institution_specific,Institution-specific class,true,Resolved,ESDC IAP 064,ESDC IAP 064
ati-schedule-i-canada-employment-insurance-commission,Canada Employment Insurance Commission,Commission de l’assurance-emploi du Canada,ESDC PPU 140,fr,French,EDSC IET 064,institution_specific,Institution-specific class,true,Resolved,ESDC IAP 064,ESDC IAP 064
ati-schedule-i-canada-employment-insurance-commission,Canada Employment Insurance Commission,Commission de l’assurance-emploi du Canada,ESDC PPU 649,en,English,ESDC IS 045,institution_specific,Institution-specific class,false,Needs review,,
ati-schedule-i-canada-employment-insurance-commission,Canada Employment Insurance Commission,Commission de l’assurance-emploi du Canada,ESDC PPU 649,en,English,ESDC IS 046,institution_specific,Institution-specific class,false,Needs review,,
ati-schedule-i-canada-employment-insurance-commission,Canada Employment Insurance Commission,Commission de l’assurance-emploi du Canada,ESDC PPU 649,en,English,ESDC IS 047,institution_specific,Institution-specific class,false,Needs review,,
ati-schedule-i-canada-employment-insurance-commission,Canada Employment Insurance Commission,Commission de l’assurance-emploi du Canada,ESDC PPU 649,en,English,ESDC IAP 059,institution_specific,Institution-specific class,true,Resolved,ESDC IAP 059,ESDC IAP 059
ati-schedule-i-canada-employment-insurance-commission,Canada Employment Insurance Commission,Commission de l’assurance-emploi du Canada,ESDC PPU 649,fr,French,EDSC SR 045,institution_specific,Institution-specific class,false,Needs review,,
ati-schedule-i-canada-employment-insurance-commission,Canada Employment Insurance Commission,Commission de l’assurance-emploi du Canada,ESDC PPU 649,fr,French,EDSC SR 046,institution_specific,Institution-specific class,false,Needs review,,
ati-schedule-i-canada-employment-insurance-commission,Canada Employment Insurance Commission,Commission de l’assurance-emploi du Canada,ESDC PPU 649,fr,French,EDSC SR 047,institution_specific,Institution-specific class,false,Needs review,,
ati-schedule-i-canada-employment-insurance-commission,Canada Employment Insurance Commission,Commission de l’assurance-emploi du Canada,ESDC PPU 649,fr,French,EDSC IET 059,institution_specific,Institution-specific class,true,Resolved,EDSC IET 059,EDSC IET 059
ati-schedule-i-canada-employment-insurance-commission,Canada Employment Insurance Commission,Commission de l’assurance-emploi du Canada,ESDC PPU 116,en,English,ESDC IAP 063,institution_specific,Institution-specific class,true,Resolved,ESDC IAP 063,ESDC IAP 063
ati-schedule-i-canada-employment-insurance-commission,Canada Employment Insurance Commission,Commission de l’assurance-emploi du Canada,ESDC PPU 116,fr,French,EDSC IET 063,institution_specific,Institution-specific class,true,Resolved,ESDC IAP 063,ESDC IAP 063
ati-schedule-i-canada-employment-insurance-commission,Canada Employment Insurance Commission,Commission de l’assurance-emploi du Canada,ESDC PPU 336,en,English,ESDC IAP 063,institution_specific,Institution-specific class,true,Resolved,ESDC IAP 063,ESDC IAP 063
ati-schedule-i-canada-employment-insurance-commission,Canada Employment Insurance Commission,Commission de l’assurance-emploi du Canada,ESDC PPU 336,fr,French,EDSC IET 063,institution_specific,Institution-specific class,true,Resolved,ESDC IAP 063,ESDC IAP 063
ati-schedule-i-canada-employment-insurance-commission,Canada Employment Insurance Commission,Commission de l’assurance-emploi du Canada,ESDC PPU 102,en,English,ESDC UCCB 200,institution_specific,Institution-specific class,true,Resolved,ESDC UCCB 200,ESDC UCCB 200
ati-schedule-i-canada-employment-insurance-commission,Canada Employment Insurance Commission,Commission de l’assurance-emploi du Canada,ESDC PPU 102,fr,French,EDSC PUGE 200,institution_specific,Institution-specific class,true,Resolved,ESDC UCCB 200,ESDC UCCB 200
ati-schedule-i-canada-employment-insurance-commission,Canada Employment Insurance Commission,Commission de l’assurance-emploi du Canada,ESDC PPU 395,en,English,ESDC IAP 545,institution_specific,Institution-specific class,true,Resolved,ESDC IAP 545,ESDC IAP 545
ati-schedule-i-canada-employment-insurance-commission,Canada Employment Insurance Commission,Commission de l’assurance-emploi du Canada,ESDC PPU 395,fr,French,EDSC IET 545,institution_specific,Institution-specific class,true,Resolved,ESDC IAP 545,ESDC IAP 545
ati-schedule-i-canada-employment-insurance-commission,Canada Employment Insurance Commission,Commission de l’assurance-emploi du Canada,ESDC PPU 171,en,English,ESDC IAP 059,institution_specific,Institution-specific class,true,Resolved,ESDC IAP 059,ESDC IAP 059
ati-schedule-i-canada-employment-insurance-commission,Canada Employment Insurance Commission,Commission de l’assurance-emploi du Canada,ESDC PPU 171,en,English,ESDC IAP 070,institution_specific,Institution-specific class,true,Resolved,ESDC IAP 070,ESDC IAP 070
ati-schedule-i-canada-employment-insurance-commission,Canada Employment Insurance Commission,Commission de l’assurance-emploi du Canada,ESDC PPU 171,fr,French,EDSC IET 059,institution_specific,Institution-specific class,true,Resolved,EDSC IET 059,EDSC IET 059
ati-schedule-i-canada-employment-insurance-commission,Canada Employment Insurance Commission,Commission de l’assurance-emploi du Canada,ESDC PPU 171,fr,French,EDSC IET 070,institution_specific,Institution-specific class,true,Resolved,ESDC IAP 070,ESDC IAP 070
ati-schedule-i-canada-employment-insurance-commission,Canada Employment Insurance Commission,Commission de l’assurance-emploi du Canada,ESDC PPU 118,en,English,ESDC IAP 059,institution_specific,Institution-specific class,true,Resolved,ESDC IAP 059,ESDC IAP 059
ati-schedule-i-canada-employment-insurance-commission,Canada Employment Insurance Commission,Commission de l’assurance-emploi du Canada,ESDC PPU 118,en,English,ESDC IAP 070,institution_specific,Institution-specific class,true,Resolved,ESDC IAP 070,ESDC IAP 070
ati-schedule-i-canada-employment-insurance-commission,Canada Employment Insurance Commission,Commission de l’assurance-emploi du Canada,ESDC PPU 118,fr,French,EDSC IET 059,institution_specific,Institution-specific class,true,Resolved,EDSC IET 059,EDSC IET 059
ati-schedule-i-canada-employment-insurance-commission,Canada Employment Insurance Commission,Commission de l’assurance-emploi du Canada,ESDC PPU 118,fr,French,EDSC IET 070,institution_specific,Institution-specific class,true,Resolved,ESDC IAP 070,ESDC IAP 070
ati-schedule-i-canada-employment-insurance-commission,Canada Employment Insurance Commission,Commission de l’assurance-emploi du Canada,ESDC PPU 506,en,English,ESDC LB 113,institution_specific,Institution-specific class,true,Resolved,ESDC LB 113,ESDC LB 113
ati-schedule-i-canada-employment-insurance-commission,Canada Employment Insurance Commission,Commission de l’assurance-emploi du Canada,ESDC PPU 506,fr,French,EDSC DGA 113,institution_specific,Institution-specific class,true,Resolved,ESDC LB 113,ESDC LB 113
ati-schedule-i-canada-employment-insurance-commission,Canada Employment Insurance Commission,Commission de l’assurance-emploi du Canada,ESDC PPU 151,en,English,ESDC IAP 070,institution_specific,Institution-specific class,true,Resolved,ESDC IAP 070,ESDC IAP 070
ati-schedule-i-canada-employment-insurance-commission,Canada Employment Insurance Commission,Commission de l’assurance-emploi du Canada,ESDC PPU 151,en,English,ESDC IAP 071,institution_specific,Institution-specific class,true,Resolved,ESDC IAP 071,ESDC IAP 071
ati-schedule-i-canada-employment-insurance-commission,Canada Employment Insurance Commission,Commission de l’assurance-emploi du Canada,ESDC PPU 151,fr,French,EDSC IET 070,institution_specific,Institution-specific class,true,Resolved,ESDC IAP 070,ESDC IAP 070
ati-schedule-i-canada-employment-insurance-commission,Canada Employment Insurance Commission,Commission de l’assurance-emploi du Canada,ESDC PPU 151,fr,French,EDSC IET 071,institution_specific,Institution-specific class,true,Resolved,ESDC IAP 071,ESDC IAP 071
ati-schedule-i-canada-employment-insurance-commission,Canada Employment Insurance Commission,Commission de l’assurance-emploi du Canada,ESDC PPU 030,en,English,ESDC LB 110,institution_specific,Institution-specific class,true,Resolved,ESDC LB 110,ESDC LB 110
ati-schedule-i-canada-employment-insurance-commission,Canada Employment Insurance Commission,Commission de l’assurance-emploi du Canada,ESDC PPU 030,en,English,ESDC LB 111,institution_specific,Institution-specific class,true,Resolved,ESDC LB 111,ESDC LB 111
ati-schedule-i-canada-employment-insurance-commission,Canada Employment Insurance Commission,Commission de l’assurance-emploi du Canada,ESDC PPU 709,en,English,ESDC LB 115,institution_specific,Institution-specific class,true,Resolved,ESDC LB 115,ESDC LB 115
ati-schedule-i-canada-employment-insurance-commission,Canada Employment Insurance Commission,Commission de l’assurance-emploi du Canada,ESDC PPU 709,fr,French,EDSC DGA 115,institution_specific,Institution-specific class,true,Resolved,ESDC LB 115,ESDC LB 115
ati-schedule-i-canada-employment-insurance-commission,Canada Employment Insurance Commission,Commission de l’assurance-emploi du Canada,ESDC PPU 297,en,English,ESDC IAP 142,institution_specific,Institution-specific class,true,Resolved,ESDC IAP 142,ESDC IAP 142
ati-schedule-i-canada-employment-insurance-commission,Canada Employment Insurance Commission,Commission de l’assurance-emploi du Canada,ESDC PPU 297,fr,French,ESDC IAP 142,institution_specific,Institution-specific class,true,Resolved,ESDC IAP 142,ESDC IAP 142
ati-schedule-i-canada-employment-insurance-commission,Canada Employment Insurance Commission,Commission de l’assurance-emploi du Canada,ESDC PPU 299,en,English,ESDC IAP 153,institution_specific,Institution-specific class,true,Resolved,ESDC IAP 153,ESDC IAP 153
ati-schedule-i-canada-employment-insurance-commission,Canada Employment Insurance Commission,Commission de l’assurance-emploi du Canada,ESDC PPU 299,fr,French,EDSC IET 153,institution_specific,Institution-specific class,true,Resolved,ESDC IAP 153,ESDC IAP 153
ati-schedule-i-canada-employment-insurance-commission,Canada Employment Insurance Commission,Commission de l’assurance-emploi du Canada,ESDC PPU 390,en,English,ESDC IAP 060,institution_specific,Institution-specific class,true,Resolved,ESDC IAP 060,ESDC IAP 060
ati-schedule-i-canada-employment-insurance-commission,Canada Employment Insurance Commission,Commission de l’assurance-emploi du Canada,ESDC PPU 390,fr,French,EDSC IET 060,institution_specific,Institution-specific class,true,Resolved,ESDC IAP 060,ESDC IAP 060
ati-schedule-i-canada-employment-insurance-commission,Canada Employment Insurance Commission,Commission de l’assurance-emploi du Canada,ESDC PPU 180,en,English,ESDC IAP 070,institution_specific,Institution-specific class,true,Resolved,ESDC IAP 070,ESDC IAP 070
ati-schedule-i-canada-employment-insurance-commission,Canada Employment Insurance Commission,Commission de l’assurance-emploi du Canada,ESDC PPU 180,fr,French,EDSC IET 070,institution_specific,Institution-specific class,true,Resolved,ESDC IAP 070,ESDC IAP 070
ati-schedule-i-canada-employment-insurance-commission,Canada Employment Insurance Commission,Commission de l’assurance-emploi du Canada,ESDC PPU 155,en,English,ESDC IAP 070,institution_specific,Institution-specific class,true,Resolved,ESDC IAP 070,ESDC IAP 070
ati-schedule-i-canada-employment-insurance-commission,Canada Employment Insurance Commission,Commission de l’assurance-emploi du Canada,ESDC PPU 155,fr,French,EDSC IET 070,institution_specific,Institution-specific class,true,Resolved,ESDC IAP 070,ESDC IAP 070
ati-schedule-i-canada-employment-insurance-commission,Canada Employment Insurance Commission,Commission de l’assurance-emploi du Canada,ESDC PPU 385,en,English,ESDC IAP 059,institution_specific,Institution-specific class,true,Resolved,ESDC IAP 059,ESDC IAP 059
ati-schedule-i-canada-employment-insurance-commission,Canada Employment Insurance Commission,Commission de l’assurance-emploi du Canada,ESDC PPU 501,en,English,ESDC IAP 070,institution_specific,Institution-specific class,true,Resolved,ESDC IAP 070,ESDC IAP 070
ati-schedule-i-canada-employment-insurance-commission,Canada Employment Insurance Commission,Commission de l’assurance-emploi du Canada,ESDC PPU 501,fr,French,EDSC IET 070,institution_specific,Institution-specific class,true,Resolved,ESDC IAP 070,ESDC IAP 070
ati-schedule-i-canada-employment-insurance-commission,Canada Employment Insurance Commission,Commission de l’assurance-emploi du Canada,ESDC PPU 150,en,English,ESDC IAP 070,institution_specific,Institution-specific class,true,Resolved,ESDC IAP 070,ESDC IAP 070
ati-schedule-i-canada-employment-insurance-commission,Canada Employment Insurance Commission,Commission de l’assurance-emploi du Canada,ESDC PPU 150,fr,French,EDSC IET 070,institution_specific,Institution-specific class,true,Resolved,ESDC IAP 070,ESDC IAP 070
ati-schedule-i-canada-employment-insurance-commission,Canada Employment Insurance Commission,Commission de l’assurance-emploi du Canada,ESDC PPU 170,en,English,ESDC IAP 070,institution_specific,Institution-specific class,true,Resolved,ESDC IAP 070,ESDC IAP 070
ati-schedule-i-canada-employment-insurance-commission,Canada Employment Insurance Commission,Commission de l’assurance-emploi du Canada,ESDC PPU 170,fr,French,EDSC IET 070,institution_specific,Institution-specific class,true,Resolved,ESDC IAP 070,ESDC IAP 070
ati-schedule-i-canada-employment-insurance-commission,Canada Employment Insurance Commission,Commission de l’assurance-emploi du Canada,ESDC PPU 281,en,English,ESDC IAP 070,institution_specific,Institution-specific class,true,Resolved,ESDC IAP 070,ESDC IAP 070
ati-schedule-i-canada-employment-insurance-commission,Canada Employment Insurance Commission,Commission de l’assurance-emploi du Canada,ESDC PPU 281,fr,French,EDSC IET 070,institution_specific,Institution-specific class,true,Resolved,ESDC IAP 070,ESDC IAP 070
ati-schedule-i-canada-employment-insurance-commission,Canada Employment Insurance Commission,Commission de l’assurance-emploi du Canada,ESDC PPU 323,en,English,ESDC IAP 070,institution_specific,Institution-specific class,true,Resolved,ESDC IAP 070,ESDC IAP 070
ati-schedule-i-canada-employment-insurance-commission,Canada Employment Insurance Commission,Commission de l’assurance-emploi du Canada,ESDC PPU 323,fr,French,EDSC IET 070,institution_specific,Institution-specific class,true,Resolved,ESDC IAP 070,ESDC IAP 070
ati-schedule-i-canada-employment-insurance-commission,Canada Employment Insurance Commission,Commission de l’assurance-emploi du Canada,ESDC PPU 295,en,English,ESDC SEB 130,institution_specific,Institution-specific class,true,Resolved,ESDC SEB 130,ESDC SEB 130
ati-schedule-i-canada-employment-insurance-commission,Canada Employment Insurance Commission,Commission de l’assurance-emploi du Canada,ESDC PPU 295,en,English,AND 136,institution_specific,Institution-specific class,true,Resolved,ESDC SEB 136,ESDC SEB 136
ati-schedule-i-canada-employment-insurance-commission,Canada Employment Insurance Commission,Commission de l’assurance-emploi du Canada,ESDC PPU 295,fr,French,ESDC SEB 130,institution_specific,Institution-specific class,true,Resolved,ESDC SEB 130,ESDC SEB 130
ati-schedule-i-canada-employment-insurance-commission,Canada Employment Insurance Commission,Commission de l’assurance-emploi du Canada,ESDC PPU 295,fr,French,ET 136,institution_specific,Institution-specific class,true,Resolved,ESDC SEB 136,ESDC SEB 136
ati-schedule-i-canada-employment-insurance-commission,Canada Employment Insurance Commission,Commission de l’assurance-emploi du Canada,ESDC PPU 302,en,English,ESDC IAP 061,institution_specific,Institution-specific class,true,Resolved,ESDC IAP 061,ESDC IAP 061
ati-schedule-i-canada-employment-insurance-commission,Canada Employment Insurance Commission,Commission de l’assurance-emploi du Canada,ESDC PPU 302,en,English,AND 070,institution_specific,Institution-specific class,true,Resolved,ESDC IAP 070,ESDC IAP 070
ati-schedule-i-canada-employment-insurance-commission,Canada Employment Insurance Commission,Commission de l’assurance-emploi du Canada,ESDC PPU 302,fr,French,EDSC PAR 061,institution_specific,Institution-specific class,true,Resolved,ESDC IAP 061,ESDC IAP 061
ati-schedule-i-canada-employment-insurance-commission,Canada Employment Insurance Commission,Commission de l’assurance-emploi du Canada,ESDC PPU 302,fr,French,AND 070,institution_specific,Institution-specific class,true,Resolved,ESDC IAP 070,ESDC IAP 070
ati-schedule-i-canada-employment-insurance-commission,Canada Employment Insurance Commission,Commission de l’assurance-emploi du Canada,ESDC PPU 717,en,English,ESDC SEB 132,institution_specific,Institution-specific class,true,Resolved,ESDC SEB 132,ESDC SEB 132
ati-schedule-i-canada-employment-insurance-commission,Canada Employment Insurance Commission,Commission de l’assurance-emploi du Canada,ESDC PPU 717,fr,French,EDSC DGCE 132,institution_specific,Institution-specific class,true,Resolved,ESDC SEB 132,ESDC SEB 132
ati-schedule-i-canada-employment-insurance-commission,Canada Employment Insurance Commission,Commission de l’assurance-emploi du Canada,ESDC PPU 711,en,English,ESDC SEB 149,institution_specific,Institution-specific class,true,Resolved,ESDC SEB 149,ESDC SEB 149
ati-schedule-i-canada-employment-insurance-commission,Canada Employment Insurance Commission,Commission de l’assurance-emploi du Canada,ESDC PPU 293,en,English,ESDC SEB 131,institution_specific,Institution-specific class,true,Resolved,ESDC SEB 131,ESDC SEB 131
ati-schedule-i-canada-employment-insurance-commission,Canada Employment Insurance Commission,Commission de l’assurance-emploi du Canada,ESDC PPU 293,fr,French,EDSC DGCE 131,institution_specific,Institution-specific class,true,Resolved,ESDC SEB 131,ESDC SEB 131
ati-schedule-i-canada-employment-insurance-commission,Canada Employment Insurance Commission,Commission de l’assurance-emploi du Canada,ESDC PPU 300,en,English,ESDC SEB 138,institution_specific,Institution-specific class,true,Resolved,ESDC SEB 138,ESDC SEB 138
ati-schedule-i-canada-employment-insurance-commission,Canada Employment Insurance Commission,Commission de l’assurance-emploi du Canada,ESDC PPU 300,fr,French,EDSC DGCE 138,institution_specific,Institution-specific class,true,Resolved,ESDC SEB 138,ESDC SEB 138
ati-schedule-i-canada-employment-insurance-commission,Canada Employment Insurance Commission,Commission de l’assurance-emploi du Canada,ESDC PPU 703,en,English,ESDC SEB 140,institution_specific,Institution-specific class,false,Needs review,,
ati-schedule-i-canada-employment-insurance-commission,Canada Employment Insurance Commission,Commission de l’assurance-emploi du Canada,ESDC PPU 703,fr,French,ESDC SEB 140,institution_specific,Institution-specific class,false,Needs review,,
ati-schedule-i-canada-employment-insurance-commission,Canada Employment Insurance Commission,Commission de l’assurance-emploi du Canada,ESDC PPU 710,en,English,ESDC SEB 151,institution_specific,Institution-specific class,true,Resolved,ESDC SEB 151,ESDC SEB 151
ati-schedule-i-canada-employment-insurance-commission,Canada Employment Insurance Commission,Commission de l’assurance-emploi du Canada,ESDC PPU 710,fr,French,EDSC DGCE 151,institution_specific,Institution-specific class,true,Resolved,ESDC SEB 151,ESDC SEB 151
ati-schedule-i-canada-employment-insurance-commission,Canada Employment Insurance Commission,Commission de l’assurance-emploi du Canada,ESDC PPU 440,en,English,ESDC SEB 147,institution_specific,Institution-specific class,true,Resolved,ESDC SEB 147,ESDC SEB 147
ati-schedule-i-canada-employment-insurance-commission,Canada Employment Insurance Commission,Commission de l’assurance-emploi du Canada,ESDC PPU 440,fr,French,EDSC DGCE 147,institution_specific,Institution-specific class,true,Resolved,ESDC SEB 147,ESDC SEB 147
ati-schedule-i-canada-employment-insurance-commission,Canada Employment Insurance Commission,Commission de l’assurance-emploi du Canada,ESDC PPU 715,en,English,ESDC IAP 059,institution_specific,Institution-specific class,true,Resolved,ESDC IAP 059,ESDC IAP 059
ati-schedule-i-canada-employment-insurance-commission,Canada Employment Insurance Commission,Commission de l’assurance-emploi du Canada,ESDC PPU 715,en,English,ESDC SEB 147,institution_specific,Institution-specific class,true,Resolved,ESDC SEB 147,ESDC SEB 147
ati-schedule-i-canada-employment-insurance-commission,Canada Employment Insurance Commission,Commission de l’assurance-emploi du Canada,ESDC PPU 715,fr,French,EDSC IET 059,institution_specific,Institution-specific class,true,Resolved,EDSC IET 059,EDSC IET 059
ati-schedule-i-canada-employment-insurance-commission,Canada Employment Insurance Commission,Commission de l’assurance-emploi du Canada,ESDC PPU 715,fr,French,EDSC DGCE 147,institution_specific,Institution-specific class,true,Resolved,ESDC SEB 147,ESDC SEB 147
ati-schedule-i-canada-employment-insurance-commission,Canada Employment Insurance Commission,Commission de l’assurance-emploi du Canada,ESDC PPU 303,en,English,ESDC SEB 133,institution_specific,Institution-specific class,true,Resolved,ESDC SEB 133,ESDC SEB 133
ati-schedule-i-canada-employment-insurance-commission,Canada Employment Insurance Commission,Commission de l’assurance-emploi du Canada,ESDC PPU 303,fr,French,EDSC DGCE 133,institution_specific,Institution-specific class,true,Resolved,ESDC SEB 133,ESDC SEB 133
ati-schedule-i-canada-employment-insurance-commission,Canada Employment Insurance Commission,Commission de l’assurance-emploi du Canada,ESDC PPU 706,en,English,ESDC SEB 134,institution_specific,Institution-specific class,true,Resolved,ESDC SEB 134,ESDC SEB 134
ati-schedule-i-canada-employment-insurance-commission,Canada Employment Insurance Commission,Commission de l’assurance-emploi du Canada,ESDC PPU 706,fr,French,EDSC DGCE 134,institution_specific,Institution-specific class,true,Resolved,ESDC SEB 134,ESDC SEB 134
ati-schedule-i-canada-employment-insurance-commission,Canada Employment Insurance Commission,Commission de l’assurance-emploi du Canada,ESDC PPU 705,en,English,ESDC SEB 135,institution_specific,Institution-specific class,true,Resolved,ESDC SEB 135,ESDC SEB 135
ati-schedule-i-canada-employment-insurance-commission,Canada Employment Insurance Commission,Commission de l’assurance-emploi du Canada,ESDC PPU 705,fr,French,EDSC DGCE 135,institution_specific,Institution-specific class,true,Resolved,ESDC SEB 135,ESDC SEB 135
ati-schedule-i-canada-employment-insurance-commission,Canada Employment Insurance Commission,Commission de l’assurance-emploi du Canada,ESDC PPU 730,en,English,ESDC CCS 002,institution_specific,Institution-specific class,true,Resolved,ESDC CCS 002,ESDC CCS 002
ati-schedule-i-canada-employment-insurance-commission,Canada Employment Insurance Commission,Commission de l’assurance-emploi du Canada,ESDC PPU 730,fr,French,EDSC SCC 002,institution_specific,Institution-specific class,false,Needs review,,
ati-schedule-i-canada-employment-insurance-commission,Canada Employment Insurance Commission,Commission de l’assurance-emploi du Canada,ESDC PPU 301,en,English,ESDC IAP 058,institution_specific,Institution-specific class,true,Resolved,ESDC IAP 058,ESDC IAP 058
ati-schedule-i-canada-employment-insurance-commission,Canada Employment Insurance Commission,Commission de l’assurance-emploi du Canada,ESDC PPU 301,fr,French,EDSC IET 058,institution_specific,Institution-specific class,true,Resolved,ESDC IAP 058,ESDC IAP 058
ati-schedule-i-canada-employment-insurance-commission,Canada Employment Insurance Commission,Commission de l’assurance-emploi du Canada,ESDC PPU 716,en,English,ESDC SEB 142,institution_specific,Institution-specific class,true,Resolved,ESDC SEB 142,ESDC SEB 142
ati-schedule-i-canada-employment-insurance-commission,Canada Employment Insurance Commission,Commission de l’assurance-emploi du Canada,ESDC PPU 716,fr,French,EDSC DGCE 142,institution_specific,Institution-specific class,false,Needs review,,
ati-schedule-i-canada-employment-insurance-commission,Canada Employment Insurance Commission,Commission de l’assurance-emploi du Canada,ESDC PPU 032,en,English,ESDC LAB 097,institution_specific,Institution-specific class,true,Resolved,ESDC LAB 097,ESDC LAB 097
ati-schedule-i-canada-employment-insurance-commission,Canada Employment Insurance Commission,Commission de l’assurance-emploi du Canada,ESDC PPU 032,fr,French,EDSC TRA 097,institution_specific,Institution-specific class,true,Resolved,EDSC TRA 097,EDSC TRA 097
ati-schedule-i-canada-employment-insurance-commission,Canada Employment Insurance Commission,Commission de l’assurance-emploi du Canada,ESDC PPU 037,en,English,ESDC LAB 097,institution_specific,Institution-specific class,true,Resolved,ESDC LAB 097,ESDC LAB 097
ati-schedule-i-canada-employment-insurance-commission,Canada Employment Insurance Commission,Commission de l’assurance-emploi du Canada,ESDC PPU 037,fr,French,EDSC TRA 097,institution_specific,Institution-specific class,true,Resolved,EDSC TRA 097,EDSC TRA 097
ati-schedule-i-canada-employment-insurance-commission,Canada Employment Insurance Commission,Commission de l’assurance-emploi du Canada,ESDC PPU 034,en,English,ESDC LAB 097,institution_specific,Institution-specific class,true,Resolved,ESDC LAB 097,ESDC LAB 097
ati-schedule-i-canada-employment-insurance-commission,Canada Employment Insurance Commission,Commission de l’assurance-emploi du Canada,ESDC PPU 034,fr,French,EDSC TRA 097,institution_specific,Institution-specific class,true,Resolved,EDSC TRA 097,EDSC TRA 097
ati-schedule-i-canada-employment-insurance-commission,Canada Employment Insurance Commission,Commission de l’assurance-emploi du Canada,ESDC PPU 033,en,English,ESDC LAB 097,institution_specific,Institution-specific class,true,Resolved,ESDC LAB 097,ESDC LAB 097
ati-schedule-i-canada-employment-insurance-commission,Canada Employment Insurance Commission,Commission de l’assurance-emploi du Canada,ESDC PPU 036,fr,French,EDSC TRA 090,institution_specific,Institution-specific class,true,Resolved,ESDC LAB 090,ESDC LAB 090
ati-schedule-i-canada-employment-insurance-commission,Canada Employment Insurance Commission,Commission de l’assurance-emploi du Canada,ESDC PPU 050,en,English,ESDC LAB 090,institution_specific,Institution-specific class,true,Resolved,ESDC LAB 090,ESDC LAB 090
ati-schedule-i-canada-employment-insurance-commission,Canada Employment Insurance Commission,Commission de l’assurance-emploi du Canada,ESDC PPU 050,fr,French,EDSC TRA 090,institution_specific,Institution-specific class,true,Resolved,ESDC LAB 090,ESDC LAB 090
ati-schedule-i-canada-employment-insurance-commission,Canada Employment Insurance Commission,Commission de l’assurance-emploi du Canada,ESDC PPU 728,en,English,ESDC LAB 100,institution_specific,Institution-specific class,true,Resolved,ESDC LAB 100,ESDC LAB 100
ati-schedule-i-canada-employment-insurance-commission,Canada Employment Insurance Commission,Commission de l’assurance-emploi du Canada,ESDC PPU 006,en,English,ESDC LAB 095,institution_specific,Institution-specific class,true,Resolved,ESDC LAB 095,ESDC LAB 095
ati-schedule-i-canada-employment-insurance-commission,Canada Employment Insurance Commission,Commission de l’assurance-emploi du Canada,ESDC PPU 006,fr,French,EDSC TRA 095,institution_specific,Institution-specific class,true,Resolved,ESDC LAB 095,ESDC LAB 095
ati-schedule-i-canada-employment-insurance-commission,Canada Employment Insurance Commission,Commission de l’assurance-emploi du Canada,ESDC PPU 041,en,English,ESDC LAB 091,institution_specific,Institution-specific class,true,Resolved,ESDC LAB 091,ESDC LAB 091
ati-schedule-i-canada-employment-insurance-commission,Canada Employment Insurance Commission,Commission de l’assurance-emploi du Canada,ESDC PPU 041,fr,French,EDSC TRA 091,institution_specific,Institution-specific class,true,Resolved,ESDC LAB 091,ESDC LAB 091
ati-schedule-i-canada-employment-insurance-commission,Canada Employment Insurance Commission,Commission de l’assurance-emploi du Canada,ESDC PPU 024,fr,French,EDSC TRA 093,institution_specific,Institution-specific class,true,Resolved,ESDC LAB 093,ESDC LAB 093
ati-schedule-i-canada-employment-insurance-commission,Canada Employment Insurance Commission,Commission de l’assurance-emploi du Canada,ESDC PPU 098,en,English,ESDC LAB 102,institution_specific,Institution-specific class,true,Resolved,ESDC LAB 102,ESDC LAB 102
ati-schedule-i-canada-employment-insurance-commission,Canada Employment Insurance Commission,Commission de l’assurance-emploi du Canada,ESDC PPU 098,fr,French,EDSC TRA 102,institution_specific,Institution-specific class,true,Resolved,ESDC LAB 102,ESDC LAB 102
ati-schedule-i-canada-employment-insurance-commission,Canada Employment Insurance Commission,Commission de l’assurance-emploi du Canada,ESDC PPU 035,en,English,ESDC LAB 098,institution_specific,Institution-specific class,true,Resolved,ESDC LAB 098,ESDC LAB 098
ati-schedule-i-canada-employment-insurance-commission,Canada Employment Insurance Commission,Commission de l’assurance-emploi du Canada,ESDC PPU 035,fr,French,EDSC TRA 098,institution_specific,Institution-specific class,true,Resolved,ESDC LAB 098,ESDC LAB 098
ati-schedule-i-canada-employment-insurance-commission,Canada Employment Insurance Commission,Commission de l’assurance-emploi du Canada,ESDC PPU 739,en,English,ESDC LAB 092,institution_specific,Institution-specific class,true,Resolved,ESDC LAB 092,ESDC LAB 092
ati-schedule-i-canada-employment-insurance-commission,Canada Employment Insurance Commission,Commission de l’assurance-emploi du Canada,ESDC PPU 739,en,English,AND 096,institution_specific,Institution-specific class,true,Resolved,ESDC LAB 096,ESDC LAB 096
ati-schedule-i-canada-employment-insurance-commission,Canada Employment Insurance Commission,Commission de l’assurance-emploi du Canada,ESDC PPU 739,fr,French,ESDC TRA 096,institution_specific,Institution-specific class,true,Resolved,ESDC LAB 096,ESDC LAB 096
ati-schedule-i-canada-employment-insurance-commission,Canada Employment Insurance Commission,Commission de l’assurance-emploi du Canada,ESDC PPU 739,fr,French,ESDC TRA 092,institution_specific,Institution-specific class,true,Resolved,ESDC LAB 092,ESDC LAB 092
ati-schedule-i-canada-employment-insurance-commission,Canada Employment Insurance Commission,Commission de l’assurance-emploi du Canada,ESDC PPU 701,en,English,ESDC CCS 002,institution_specific,Institution-specific class,true,Resolved,ESDC CCS 002,ESDC CCS 002
ati-schedule-i-canada-employment-insurance-commission,Canada Employment Insurance Commission,Commission de l’assurance-emploi du Canada,ESDC PPU 701,fr,French,EDSC SAC 002,institution_specific,Institution-specific class,false,Needs review,,
ati-schedule-i-canada-employment-insurance-commission,Canada Employment Insurance Commission,Commission de l’assurance-emploi du Canada,ESDC PPU 702,en,English,ESDC CCS 002,institution_specific,Institution-specific class,true,Resolved,ESDC CCS 002,ESDC CCS 002
ati-schedule-i-canada-employment-insurance-commission,Canada Employment Insurance Commission,Commission de l’assurance-emploi du Canada,ESDC PPU 702,fr,French,EDSC SAC 002,institution_specific,Institution-specific class,false,Needs review,,
ati-schedule-i-canada-employment-insurance-commission,Canada Employment Insurance Commission,Commission de l’assurance-emploi du Canada,ESDC PPU 680,en,English,ESDC CCS 003,institution_specific,Institution-specific class,true,Resolved,ESDC CCS 003,ESDC CCS 003
ati-schedule-i-canada-employment-insurance-commission,Canada Employment Insurance Commission,Commission de l’assurance-emploi du Canada,ESDC PPU 680,en,English,AND 014,institution_specific,Institution-specific class,true,Resolved,ESDC CCS 014,ESDC CCS 014
ati-schedule-i-canada-employment-insurance-commission,Canada Employment Insurance Commission,Commission de l’assurance-emploi du Canada,ESDC PPU 680,fr,French,EDSC SAC 003,institution_specific,Institution-specific class,false,Needs review,,
ati-schedule-i-canada-employment-insurance-commission,Canada Employment Insurance Commission,Commission de l’assurance-emploi du Canada,ESDC PPU 680,fr,French,ET 014,institution_specific,Institution-specific class,true,Resolved,ESDC CCS 014,ESDC CCS 014
ati-schedule-i-canada-employment-insurance-commission,Canada Employment Insurance Commission,Commission de l’assurance-emploi du Canada,ESDC PPU 681,en,English,ESDC CCS 011,institution_specific,Institution-specific class,true,Resolved,ESDC CCS 011,ESDC CCS 011
ati-schedule-i-canada-employment-insurance-commission,Canada Employment Insurance Commission,Commission de l’assurance-emploi du Canada,ESDC PPU 681,fr,French,ESDC SCC 011,institution_specific,Institution-specific class,false,Needs review,,
ati-schedule-i-canada-employment-insurance-commission,Canada Employment Insurance Commission,Commission de l’assurance-emploi du Canada,ESDC PPU 729,en,English,ESDC CCS 007,institution_specific,Institution-specific class,true,Resolved,ESDC CCS 007,ESDC CCS 007
ati-schedule-i-canada-employment-insurance-commission,Canada Employment Insurance Commission,Commission de l’assurance-emploi du Canada,ESDC PPU 729,fr,French,EDSC SCC 007,institution_specific,Institution-specific class,true,Resolved,ESDC CCS 007,ESDC CCS 007
ati-schedule-i-canada-employment-insurance-commission,Canada Employment Insurance Commission,Commission de l’assurance-emploi du Canada,ESDC PPU 708,en,English,ESDC CCS 005,institution_specific,Institution-specific class,true,Resolved,ESDC CCS 005,ESDC CCS 005
ati-schedule-i-canada-employment-insurance-commission,Canada Employment Insurance Commission,Commission de l’assurance-emploi du Canada,ESDC PPU 708,fr,French,ESDC SCC 005,institution_specific,Institution-specific class,true,Resolved,ESDC CCS 005,ESDC CCS 005
ati-schedule-i-canada-employment-insurance-commission,Canada Employment Insurance Commission,Commission de l’assurance-emploi du Canada,ESDC PPU 100,en,English,ESDC IAP 065,institution_specific,Institution-specific class,true,Resolved,ESDC IAP 065,ESDC IAP 065
ati-schedule-i-canada-employment-insurance-commission,Canada Employment Insurance Commission,Commission de l’assurance-emploi du Canada,ESDC PPU 100,fr,French,EDSC IET 065,institution_specific,Institution-specific class,true,Resolved,ESDC IAP 065,ESDC IAP 065
ati-schedule-i-canada-employment-insurance-commission,Canada Employment Insurance Commission,Commission de l’assurance-emploi du Canada,ESDC PPU 712,en,English,ESDC IAP 066,institution_specific,Institution-specific class,true,Resolved,ESDC IAP 066,ESDC IAP 066
ati-schedule-i-canada-employment-insurance-commission,Canada Employment Insurance Commission,Commission de l’assurance-emploi du Canada,ESDC PPU 712,fr,French,EDSC IET 066,institution_specific,Institution-specific class,true,Resolved,ESDC IAP 066,ESDC IAP 066
ati-schedule-i-canada-employment-insurance-commission,Canada Employment Insurance Commission,Commission de l’assurance-emploi du Canada,ESDC PPU 700,en,English,ESDC CSB 011,institution_specific,Institution-specific class,true,Resolved,ESDC CSB 011,ESDC CSB 011
ati-schedule-i-canada-employment-insurance-commission,Canada Employment Insurance Commission,Commission de l’assurance-emploi du Canada,ESDC PPU 700,fr,French,ESDC CSB 011,institution_specific,Institution-specific class,true,Resolved,ESDC CSB 011,ESDC CSB 011
ati-schedule-i-canada-employment-insurance-commission,Canada Employment Insurance Commission,Commission de l’assurance-emploi du Canada,ESDC PPE 718,en,English,ESDC IAP 068,institution_specific,Institution-specific class,true,Resolved,ESDC IAP 068,ESDC IAP 068
ati-schedule-i-canada-employment-insurance-commission,Canada Employment Insurance Commission,Commission de l’assurance-emploi du Canada,ESDC PPE 718,fr,French,EDSC IAP 068,institution_specific,Institution-specific class,true,Resolved,ESDC IAP 068,ESDC IAP 068
ati-schedule-i-canada-revenue-agency,Canada Revenue Agency,Agence du revenu du Canada,ARC PPU 411,fr,French,ARC DGPO 415,institution_specific,Institution-specific class,true,Resolved,CRA CPB 415,CRA CPB 415
ati-schedule-i-canada-revenue-agency,Canada Revenue Agency,Agence du revenu du Canada,ARC PPU 050,fr,French,ARC DGRV 190,institution_specific,Institution-specific class,true,Resolved,CRA CVB 190,CRA CVB 190
ati-schedule-i-canadian-centre-for-occupational-health-and-safety,Canadian Centre for Occupational Health and Safety,Centre canadien d’hygiène et de sécurité au travail,CCOHS PPU 041,en,English,CCOHS IRS 041,institution_specific,Institution-specific class,true,Resolved,CCOHS IRS 041,CCOHS IRS 041
ati-schedule-i-canadian-forces,Canadian Forces,Forces canadiennes,DND PPU 050,en,English,DND ADO 275,institution_specific,Institution-specific class,true,Resolved,DND ADO 275,DND ADO 275
ati-schedule-i-canadian-forces,Canadian Forces,Forces canadiennes,DND PPE 823,en,English,DND DOC 420,institution_specific,Institution-specific class,true,Resolved,DND DOC 420,DND DOC 420
ati-schedule-i-canadian-forces,Canadian Forces,Forces canadiennes,DND PPE 823,en,English,DND DOC 445,institution_specific,Institution-specific class,true,Resolved,DND DOC 445,DND DOC 445
ati-schedule-i-canadian-forces,Canadian Forces,Forces canadiennes,DND PPU 839,en,English,DND RCD 340,institution_specific,Institution-specific class,true,Resolved,DND RCD 340,DND RCD 340
ati-schedule-i-canadian-forces,Canadian Forces,Forces canadiennes,DND PPU 839,fr,French,MDN RCD 340,institution_specific,Institution-specific class,true,Resolved,DND RCD 340,DND RCD 340
ati-schedule-i-canadian-forces,Canadian Forces,Forces canadiennes,DND PPE 862,en,English,DND RDP 759,institution_specific,Institution-specific class,true,Resolved,DND RDP 759,DND RDP 759
ati-schedule-i-canadian-forces,Canadian Forces,Forces canadiennes,DND PPE 822,en,English,DND MUD 565,institution_specific,Institution-specific class,true,Resolved,DND MUD 565,DND MUD 565
ati-schedule-i-canadian-forces,Canadian Forces,Forces canadiennes,DND PPE 822,fr,French,MDN DUE 565,institution_specific,Institution-specific class,true,Resolved,DND MUD 565,DND MUD 565
ati-schedule-i-canadian-forces,Canadian Forces,Forces canadiennes,DND PPE 816,en,English,DND MUD 565,institution_specific,Institution-specific class,true,Resolved,DND MUD 565,DND MUD 565
ati-schedule-i-canadian-forces,Canadian Forces,Forces canadiennes,DND PPE 816,fr,French,MDN DUE 565,institution_specific,Institution-specific class,true,Resolved,DND MUD 565,DND MUD 565
ati-schedule-i-canadian-forces,Canadian Forces,Forces canadiennes,DND PPU 025,en,English,DND RET 375,institution_specific,Institution-specific class,true,Resolved,DND RET 375,DND RET 375
ati-schedule-i-canadian-forces,Canadian Forces,Forces canadiennes,DND PPU 880,en,English,DND SMR 100,institution_specific,Institution-specific class,true,Resolved,DND SMR 100,DND SMR 100
ati-schedule-i-canadian-forces,Canadian Forces,Forces canadiennes,DND PPU 882,en,English,DND CSA 520,institution_specific,Institution-specific class,true,Resolved,DND CSA 520,DND CSA 520
ati-schedule-i-canadian-forces,Canadian Forces,Forces canadiennes,DND PPU 882,en,English,DND SMR 100,institution_specific,Institution-specific class,true,Resolved,DND SMR 100,DND SMR 100
ati-schedule-i-canadian-forces,Canadian Forces,Forces canadiennes,DND PPU 883,en,English,DND SMR 100,institution_specific,Institution-specific class,true,Resolved,DND SMR 100,DND SMR 100
ati-schedule-i-canadian-forces,Canadian Forces,Forces canadiennes,DND PPU 883,en,English,DND SMR 102,institution_specific,Institution-specific class,true,Resolved,DND SMR 102,DND SMR 102
ati-schedule-i-canadian-forces,Canadian Forces,Forces canadiennes,DND PPU 883,fr,French,MDN SMR 100,institution_specific,Institution-specific class,false,Needs review,,
ati-schedule-i-canadian-forces,Canadian Forces,Forces canadiennes,DND PPU 883,fr,French,MDN SMR 102,institution_specific,Institution-specific class,false,Needs review,,
ati-schedule-i-canadian-forces,Canadian Forces,Forces canadiennes,DND PPU 884,en,English,DND SMR 103,institution_specific,Institution-specific class,true,Resolved,DND SMR 103,DND SMR 103
ati-schedule-i-canadian-forces,Canadian Forces,Forces canadiennes,DND PPU 884,fr,French,MDN IIS 103,institution_specific,Institution-specific class,false,Needs review,,
ati-schedule-i-canadian-forces,Canadian Forces,Forces canadiennes,DND PPU 898,en,English,DND SGB 495,institution_specific,Institution-specific class,true,Resolved,DND SGB 495,DND SGB 495
ati-schedule-i-canadian-forces,Canadian Forces,Forces canadiennes,DND PPE 811,en,English,DND SGB 495,institution_specific,Institution-specific class,true,Resolved,DND SGB 495,DND SGB 495
ati-schedule-i-canadian-forces,Canadian Forces,Forces canadiennes,DND PPE 810,en,English,DND SGB 495,institution_specific,Institution-specific class,true,Resolved,DND SGB 495,DND SGB 495
ati-schedule-i-canadian-forces,Canadian Forces,Forces canadiennes,DND PPE 812,en,English,DND SGB 495,institution_specific,Institution-specific class,true,Resolved,DND SGB 495,DND SGB 495
ati-schedule-i-canadian-forces,Canadian Forces,Forces canadiennes,DND PPU 819,en,English,DND SGB 496,institution_specific,Institution-specific class,true,Resolved,DND SGB 496,DND SGB 496
ati-schedule-i-canadian-forces,Canadian Forces,Forces canadiennes,DND PPE 806,en,English,DND SOF 100,institution_specific,Institution-specific class,true,Resolved,DND SOF 100,DND SOF 100
ati-schedule-i-canadian-forces,Canadian Forces,Forces canadiennes,DND PPE 806,fr,French,MDN FOS 100,institution_specific,Institution-specific class,true,Resolved,MDN FOS 100,MDN FOS 100
ati-schedule-i-canadian-forces,Canadian Forces,Forces canadiennes,DND PPU 881,en,English,PRN 914,standard,Standard class,true,Resolved,914,PRN 914 / NDP 914
ati-schedule-i-canadian-forces,Canadian Forces,Forces canadiennes,DND PPU 881,en,English,PRN 938,standard,Standard class,true,Resolved,938,PRN 938 / NDP 938
ati-schedule-i-canadian-forces,Canadian Forces,Forces canadiennes,DND PPU 881,en,English,DND SGB 495,institution_specific,Institution-specific class,true,Resolved,DND SGB 495,DND SGB 495
ati-schedule-i-canadian-forces,Canadian Forces,Forces canadiennes,DND PPU 870,en,English,DND PSB 405,institution_specific,Institution-specific class,true,Resolved,DND PSB 405,DND PSB 405
ati-schedule-i-canadian-forces,Canadian Forces,Forces canadiennes,DND PPE 872,en,English,DND DOC 420,institution_specific,Institution-specific class,true,Resolved,DND DOC 420,DND DOC 420
ati-schedule-i-canadian-forces,Canadian Forces,Forces canadiennes,DND PPE 872,en,English,DND DOC 445,institution_specific,Institution-specific class,true,Resolved,DND DOC 445,DND DOC 445
ati-schedule-i-canadian-forces,Canadian Forces,Forces canadiennes,DND PPE 872,fr,French,MDN DOC 420,institution_specific,Institution-specific class,true,Resolved,DND DOC 420,DND DOC 420
ati-schedule-i-canadian-forces,Canadian Forces,Forces canadiennes,DND PPE 872,fr,French,MDN DOC 445,institution_specific,Institution-specific class,true,Resolved,DND DOC 445,DND DOC 445
ati-schedule-i-canadian-forces,Canadian Forces,Forces canadiennes,DND PPU 873,en,English,PRN 902,standard,Standard class,true,Resolved,902,PRN 902 / NDP 902
ati-schedule-i-canadian-forces,Canadian Forces,Forces canadiennes,DND PPU 873,en,English,DND JAG 015,institution_specific,Institution-specific class,true,Resolved,DND JAG 015,DND JAG 015
ati-schedule-i-canadian-forces,Canadian Forces,Forces canadiennes,DND PPU 873,en,English,DND DLO 101,institution_specific,Institution-specific class,true,Resolved,DND DLO 101,DND DLO 101
ati-schedule-i-canadian-forces,Canadian Forces,Forces canadiennes,DND PPE 817,en,English,DND PSB 405,institution_specific,Institution-specific class,true,Resolved,DND PSB 405,DND PSB 405
ati-schedule-i-canadian-forces,Canadian Forces,Forces canadiennes,DND PPU 809,en,English,DND CBD 450,institution_specific,Institution-specific class,true,Resolved,DND CBD 450,DND CBD 450
ati-schedule-i-canadian-forces,Canadian Forces,Forces canadiennes,DND PPU 809,fr,French,MDN DRA 450,institution_specific,Institution-specific class,true,Resolved,DND CBD 450,DND CBD 450
ati-schedule-i-canadian-forces,Canadian Forces,Forces canadiennes,DND PPU 876,en,English,DND DEP 465,institution_specific,Institution-specific class,true,Resolved,DND DEP 465,DND DEP 465
ati-schedule-i-canadian-forces,Canadian Forces,Forces canadiennes,DND PPU 876,fr,French,MDN DEP 465,institution_specific,Institution-specific class,true,Resolved,DND DEP 465,DND DEP 465
ati-schedule-i-canadian-forces,Canadian Forces,Forces canadiennes,DND PPE 814,en,English,DND CSA 520,institution_specific,Institution-specific class,true,Resolved,DND CSA 520,DND CSA 520
ati-schedule-i-canadian-forces,Canadian Forces,Forces canadiennes,DND PPE 814,fr,French,MDN CSA 520,institution_specific,Institution-specific class,true,Resolved,DND CSA 520,DND CSA 520
ati-schedule-i-canadian-forces,Canadian Forces,Forces canadiennes,DND PPE 852,en,English,DND CSA 520,institution_specific,Institution-specific class,true,Resolved,DND CSA 520,DND CSA 520
ati-schedule-i-canadian-forces,Canadian Forces,Forces canadiennes,DND PPE 852,en,English,PRN 916,standard,Standard class,true,Resolved,916,PRN 916 / NDP 916
ati-schedule-i-canadian-forces,Canadian Forces,Forces canadiennes,DND PPE 852,fr,French,MDN CSA 520,institution_specific,Institution-specific class,true,Resolved,DND CSA 520,DND CSA 520
ati-schedule-i-canadian-forces,Canadian Forces,Forces canadiennes,DND PPE 852,fr,French,NDP 916,standard,Standard class,true,Resolved,916,PRN 916 / NDP 916
ati-schedule-i-canadian-forces,Canadian Forces,Forces canadiennes,DND PPE 853,en,English,DND CSA 520,institution_specific,Institution-specific class,true,Resolved,DND CSA 520,DND CSA 520
ati-schedule-i-canadian-forces,Canadian Forces,Forces canadiennes,DND PPE 853,fr,French,MDN CSA 520,institution_specific,Institution-specific class,true,Resolved,DND CSA 520,DND CSA 520
ati-schedule-i-canadian-forces,Canadian Forces,Forces canadiennes,DND PPU 874,en,English,DND CSA 520,institution_specific,Institution-specific class,true,Resolved,DND CSA 520,DND CSA 520
ati-schedule-i-canadian-forces,Canadian Forces,Forces canadiennes,DND PPU 874,fr,French,MDN CSA 520,institution_specific,Institution-specific class,true,Resolved,DND CSA 520,DND CSA 520
ati-schedule-i-canadian-forces,Canadian Forces,Forces canadiennes,DND PPE 821,en,English,DND CSA 520,institution_specific,Institution-specific class,true,Resolved,DND CSA 520,DND CSA 520
ati-schedule-i-canadian-forces,Canadian Forces,Forces canadiennes,DND PPE 821,fr,French,MDN CNS 520,institution_specific,Institution-specific class,true,Resolved,DND CSA 520,DND CSA 520
ati-schedule-i-canadian-forces,Canadian Forces,Forces canadiennes,DND PPE 825,en,English,DND CSA 520,institution_specific,Institution-specific class,true,Resolved,DND CSA 520,DND CSA 520
ati-schedule-i-canadian-forces,Canadian Forces,Forces canadiennes,DND PPE 825,fr,French,MDN CSA 520,institution_specific,Institution-specific class,true,Resolved,DND CSA 520,DND CSA 520
ati-schedule-i-canadian-forces,Canadian Forces,Forces canadiennes,DND PPE 818,en,English,DND CSA 520,institution_specific,Institution-specific class,true,Resolved,DND CSA 520,DND CSA 520
ati-schedule-i-canadian-forces,Canadian Forces,Forces canadiennes,DND PPE 818,fr,French,MDN CNS 520,institution_specific,Institution-specific class,true,Resolved,DND CSA 520,DND CSA 520
ati-schedule-i-canadian-forces,Canadian Forces,Forces canadiennes,DND PPE 864,en,English,DND CSA 520,institution_specific,Institution-specific class,true,Resolved,DND CSA 520,DND CSA 520
ati-schedule-i-canadian-forces,Canadian Forces,Forces canadiennes,DND PPE 864,en,English,DND RCD 345,institution_specific,Institution-specific class,true,Resolved,DND RCD 345,DND RCD 345
ati-schedule-i-canadian-forces,Canadian Forces,Forces canadiennes,DND PPE 864,fr,French,MDN CNS 520,institution_specific,Institution-specific class,true,Resolved,DND CSA 520,DND CSA 520
ati-schedule-i-canadian-forces,Canadian Forces,Forces canadiennes,DND PPE 864,fr,French,MDN FRC 345,institution_specific,Institution-specific class,true,Resolved,DND RCD 345,DND RCD 345
ati-schedule-i-canadian-forces,Canadian Forces,Forces canadiennes,DND PPE 831,en,English,DND CSA 520,institution_specific,Institution-specific class,true,Resolved,DND CSA 520,DND CSA 520
ati-schedule-i-canadian-forces,Canadian Forces,Forces canadiennes,DND PPE 831,fr,French,MDN CSA 520,institution_specific,Institution-specific class,true,Resolved,DND CSA 520,DND CSA 520
ati-schedule-i-canadian-forces,Canadian Forces,Forces canadiennes,DND PPE 848,en,English,DND CSA 520,institution_specific,Institution-specific class,true,Resolved,DND CSA 520,DND CSA 520
ati-schedule-i-canadian-forces,Canadian Forces,Forces canadiennes,DND PPE 848,fr,French,MDN CNS 520,institution_specific,Institution-specific class,true,Resolved,DND CSA 520,DND CSA 520
ati-schedule-i-canadian-forces,Canadian Forces,Forces canadiennes,DND PPU 834,en,English,DND CSA 520,institution_specific,Institution-specific class,true,Resolved,DND CSA 520,DND CSA 520
ati-schedule-i-canadian-forces,Canadian Forces,Forces canadiennes,DND PPU 834,en,English,DND MIS 085,institution_specific,Institution-specific class,true,Resolved,DND MIS 085,DND MIS 085
ati-schedule-i-canadian-forces,Canadian Forces,Forces canadiennes,DND PPE 877,en,English,DND CSA 520,institution_specific,Institution-specific class,true,Resolved,DND CSA 520,DND CSA 520
ati-schedule-i-canadian-forces,Canadian Forces,Forces canadiennes,DND PPE 877,en,English,DND RCD 345,institution_specific,Institution-specific class,true,Resolved,DND RCD 345,DND RCD 345
ati-schedule-i-canadian-forces,Canadian Forces,Forces canadiennes,DND PPE 877,fr,French,MDN CNS 520,institution_specific,Institution-specific class,true,Resolved,DND CSA 520,DND CSA 520
ati-schedule-i-canadian-forces,Canadian Forces,Forces canadiennes,DND PPE 877,fr,French,MDN FRC 345,institution_specific,Institution-specific class,true,Resolved,DND RCD 345,DND RCD 345
ati-schedule-i-canadian-forces,Canadian Forces,Forces canadiennes,DND PPE 847,en,English,DND CSA 520,institution_specific,Institution-specific class,true,Resolved,DND CSA 520,DND CSA 520
ati-schedule-i-canadian-forces,Canadian Forces,Forces canadiennes,DND PPE 847,fr,French,MDN CNS 520,institution_specific,Institution-specific class,true,Resolved,DND CSA 520,DND CSA 520
ati-schedule-i-canadian-forces,Canadian Forces,Forces canadiennes,DND PPE 836,en,English,DND CSA 520,institution_specific,Institution-specific class,true,Resolved,DND CSA 520,DND CSA 520
ati-schedule-i-canadian-forces,Canadian Forces,Forces canadiennes,DND PPE 836,fr,French,MDN CNS 520,institution_specific,Institution-specific class,true,Resolved,DND CSA 520,DND CSA 520
ati-schedule-i-canadian-forces,Canadian Forces,Forces canadiennes,DND PPE 899,en,English,DND CSA 520,institution_specific,Institution-specific class,true,Resolved,DND CSA 520,DND CSA 520
ati-schedule-i-canadian-forces,Canadian Forces,Forces canadiennes,DND PPE 899,fr,French,MDN CNS 520,institution_specific,Institution-specific class,true,Resolved,DND CSA 520,DND CSA 520
ati-schedule-i-canadian-forces,Canadian Forces,Forces canadiennes,DND PPU 875,en,English,DND CSA 520,institution_specific,Institution-specific class,true,Resolved,DND CSA 520,DND CSA 520
ati-schedule-i-canadian-forces,Canadian Forces,Forces canadiennes,DND PPE 871,en,English,DND CSA 520,institution_specific,Institution-specific class,true,Resolved,DND CSA 520,DND CSA 520
ati-schedule-i-canadian-forces,Canadian Forces,Forces canadiennes,DND PPE 871,fr,French,MDN CNS 520,institution_specific,Institution-specific class,true,Resolved,DND CSA 520,DND CSA 520
ati-schedule-i-canadian-forces,Canadian Forces,Forces canadiennes,DND PPE 832,en,English,DND CSA 520,institution_specific,Institution-specific class,true,Resolved,DND CSA 520,DND CSA 520
ati-schedule-i-canadian-forces,Canadian Forces,Forces canadiennes,DND PPE 890,en,English,DND CSA 520,institution_specific,Institution-specific class,true,Resolved,DND CSA 520,DND CSA 520
ati-schedule-i-canadian-forces,Canadian Forces,Forces canadiennes,DND PPE 890,fr,French,MDN CNS 520,institution_specific,Institution-specific class,true,Resolved,DND CSA 520,DND CSA 520
ati-schedule-i-canadian-forces,Canadian Forces,Forces canadiennes,DND PPU 826,en,English,DND DOC 430,institution_specific,Institution-specific class,true,Resolved,DND DOC 430,DND DOC 430
ati-schedule-i-canadian-forces,Canadian Forces,Forces canadiennes,DND PPE 860,en,English,DND CSA 560,institution_specific,Institution-specific class,true,Resolved,DND CSA 560,DND CSA 560
ati-schedule-i-canadian-forces,Canadian Forces,Forces canadiennes,DND PPE 860,fr,French,MDN CSA 560,institution_specific,Institution-specific class,true,Resolved,DND CSA 560,DND CSA 560
ati-schedule-i-canadian-forces,Canadian Forces,Forces canadiennes,DND PPE 807,en,English,DND CRC 485,institution_specific,Institution-specific class,true,Resolved,DND CRC 485,DND CRC 485
ati-schedule-i-canadian-forces,Canadian Forces,Forces canadiennes,DND PPE 807,fr,French,MDN AGC 485,institution_specific,Institution-specific class,true,Resolved,DND CRC 485,DND CRC 485
ati-schedule-i-canadian-forces,Canadian Forces,Forces canadiennes,DND PPE 830,en,English,DND JAG 035,institution_specific,Institution-specific class,true,Resolved,DND JAG 035,DND JAG 035
ati-schedule-i-canadian-forces,Canadian Forces,Forces canadiennes,DND PPE 830,fr,French,MDN JAG 035,institution_specific,Institution-specific class,true,Resolved,DND JAG 035,DND JAG 035
ati-schedule-i-canadian-forces,Canadian Forces,Forces canadiennes,DND PPE 855,en,English,DND JAG 015,institution_specific,Institution-specific class,true,Resolved,DND JAG 015,DND JAG 015
ati-schedule-i-canadian-forces,Canadian Forces,Forces canadiennes,DND PPE 855,fr,French,MDN JAG 015,institution_specific,Institution-specific class,false,Needs review,,
ati-schedule-i-canadian-forces,Canadian Forces,Forces canadiennes,DND PPE 856,en,English,DND JAG 015,institution_specific,Institution-specific class,true,Resolved,DND JAG 015,DND JAG 015
ati-schedule-i-canadian-forces,Canadian Forces,Forces canadiennes,DND PPE 856,fr,French,MDN JAG 015,institution_specific,Institution-specific class,false,Needs review,,
ati-schedule-i-canadian-forces,Canadian Forces,Forces canadiennes,DND PPE 857,en,English,DND JAG 015,institution_specific,Institution-specific class,true,Resolved,DND JAG 015,DND JAG 015
ati-schedule-i-canadian-forces,Canadian Forces,Forces canadiennes,DND PPE 857,fr,French,MDN JAG 015,institution_specific,Institution-specific class,false,Needs review,,
ati-schedule-i-canadian-forces,Canadian Forces,Forces canadiennes,DND PPE 897,en,English,DND JAG 015,institution_specific,Institution-specific class,true,Resolved,DND JAG 015,DND JAG 015
ati-schedule-i-canadian-forces,Canadian Forces,Forces canadiennes,DND PPE 897,fr,French,MDN JAG 015,institution_specific,Institution-specific class,false,Needs review,,
ati-schedule-i-canadian-forces,Canadian Forces,Forces canadiennes,DND PPU 070,en,English,DND MIS 085,institution_specific,Institution-specific class,true,Resolved,DND MIS 085,DND MIS 085
ati-schedule-i-canadian-forces,Canadian Forces,Forces canadiennes,DND PPU 070,fr,French,MDN RMS 085,institution_specific,Institution-specific class,true,Resolved,DND MIS 085,DND MIS 085
ati-schedule-i-canadian-forces,Canadian Forces,Forces canadiennes,DND PPU 896,en,English,DND MIS 085,institution_specific,Institution-specific class,true,Resolved,DND MIS 085,DND MIS 085
ati-schedule-i-canadian-forces,Canadian Forces,Forces canadiennes,DND PPU 896,fr,French,MDN RMS 085,institution_specific,Institution-specific class,true,Resolved,DND MIS 085,DND MIS 085
ati-schedule-i-canadian-forces,Canadian Forces,Forces canadiennes,DND PPU 837,en,English,DND MIS 085,institution_specific,Institution-specific class,true,Resolved,DND MIS 085,DND MIS 085
ati-schedule-i-canadian-forces,Canadian Forces,Forces canadiennes,DND PPU 837,fr,French,MDN MIS 085,institution_specific,Institution-specific class,true,Resolved,DND MIS 085,DND MIS 085
ati-schedule-i-canadian-forces,Canadian Forces,Forces canadiennes,DND PPU 071,en,English,DND MIS 085,institution_specific,Institution-specific class,true,Resolved,DND MIS 085,DND MIS 085
ati-schedule-i-canadian-forces,Canadian Forces,Forces canadiennes,DND PPU 071,fr,French,MDN RMS 085,institution_specific,Institution-specific class,true,Resolved,DND MIS 085,DND MIS 085
ati-schedule-i-canadian-forces,Canadian Forces,Forces canadiennes,DND PPU 833,en,English,DND MIS 085,institution_specific,Institution-specific class,true,Resolved,DND MIS 085,DND MIS 085
ati-schedule-i-canadian-forces,Canadian Forces,Forces canadiennes,DND PPU 833,fr,French,MDN RMS 085,institution_specific,Institution-specific class,true,Resolved,DND MIS 085,DND MIS 085
ati-schedule-i-canadian-forces,Canadian Forces,Forces canadiennes,DND PPE 835,en,English,DND MIS 085,institution_specific,Institution-specific class,true,Resolved,DND MIS 085,DND MIS 085
ati-schedule-i-canadian-forces,Canadian Forces,Forces canadiennes,DND PPE 835,fr,French,MDN RMS 085,institution_specific,Institution-specific class,true,Resolved,DND MIS 085,DND MIS 085
ati-schedule-i-canadian-forces,Canadian Forces,Forces canadiennes,DND PPU 801,en,English,DND MIS 085,institution_specific,Institution-specific class,true,Resolved,DND MIS 085,DND MIS 085
ati-schedule-i-canadian-forces,Canadian Forces,Forces canadiennes,DND PPU 801,fr,French,MDN RMS 085,institution_specific,Institution-specific class,true,Resolved,DND MIS 085,DND MIS 085
ati-schedule-i-canadian-forces,Canadian Forces,Forces canadiennes,DND PPU 851,en,English,DND MIS 085,institution_specific,Institution-specific class,true,Resolved,DND MIS 085,DND MIS 085
ati-schedule-i-canadian-forces,Canadian Forces,Forces canadiennes,DND PPU 061,en,English,DND MIS 085,institution_specific,Institution-specific class,true,Resolved,DND MIS 085,DND MIS 085
ati-schedule-i-canadian-forces,Canadian Forces,Forces canadiennes,DND PPU 060,en,English,DND MIS 085,institution_specific,Institution-specific class,true,Resolved,DND MIS 085,DND MIS 085
ati-schedule-i-canadian-forces,Canadian Forces,Forces canadiennes,DND PPU 060,fr,French,MDN MIS 085,institution_specific,Institution-specific class,true,Resolved,DND MIS 085,DND MIS 085
ati-schedule-i-canadian-forces,Canadian Forces,Forces canadiennes,DND PPU 840,en,English,DND MIS 085,institution_specific,Institution-specific class,true,Resolved,DND MIS 085,DND MIS 085
ati-schedule-i-canadian-forces,Canadian Forces,Forces canadiennes,DND PPE 863,en,English,DND MIS 085,institution_specific,Institution-specific class,true,Resolved,DND MIS 085,DND MIS 085
ati-schedule-i-canadian-forces,Canadian Forces,Forces canadiennes,DND PPE 863,fr,French,MDN RMS 085,institution_specific,Institution-specific class,true,Resolved,DND MIS 085,DND MIS 085
ati-schedule-i-canadian-forces,Canadian Forces,Forces canadiennes,DND PPE 841,en,English,DND RET 370,institution_specific,Institution-specific class,true,Resolved,DND RET 370,DND RET 370
ati-schedule-i-canadian-forces,Canadian Forces,Forces canadiennes,DND PPE 841,en,English,DND FSB 765,institution_specific,Institution-specific class,true,Resolved,DND FSB 765,DND FSB 765
ati-schedule-i-canadian-forces,Canadian Forces,Forces canadiennes,DND PPE 841,en,English,DND CSA 520,institution_specific,Institution-specific class,true,Resolved,DND CSA 520,DND CSA 520
ati-schedule-i-canadian-forces,Canadian Forces,Forces canadiennes,DND PPE 841,fr,French,MDN RET 370,institution_specific,Institution-specific class,true,Resolved,DND RET 370,DND RET 370
ati-schedule-i-canadian-forces,Canadian Forces,Forces canadiennes,DND PPE 841,fr,French,MDN FSB 765,institution_specific,Institution-specific class,true,Resolved,DND FSB 765,DND FSB 765
ati-schedule-i-canadian-forces,Canadian Forces,Forces canadiennes,DND PPE 841,fr,French,MDN CSA 520,institution_specific,Institution-specific class,true,Resolved,DND CSA 520,DND CSA 520
ati-schedule-i-canadian-forces,Canadian Forces,Forces canadiennes,DND PPE 844,en,English,DND RET 370,institution_specific,Institution-specific class,true,Resolved,DND RET 370,DND RET 370
ati-schedule-i-canadian-forces,Canadian Forces,Forces canadiennes,DND PPE 844,fr,French,MDN REI 370,institution_specific,Institution-specific class,true,Resolved,DND RET 370,DND RET 370
ati-schedule-i-canadian-forces,Canadian Forces,Forces canadiennes,DND PPE 843,en,English,DND RET 370,institution_specific,Institution-specific class,true,Resolved,DND RET 370,DND RET 370
ati-schedule-i-canadian-forces,Canadian Forces,Forces canadiennes,DND PPE 843,fr,French,MDN REI 370,institution_specific,Institution-specific class,true,Resolved,DND RET 370,DND RET 370
ati-schedule-i-canadian-forces,Canadian Forces,Forces canadiennes,DND PPU 878,en,English,DND RET 370,institution_specific,Institution-specific class,true,Resolved,DND RET 370,DND RET 370
ati-schedule-i-canadian-forces,Canadian Forces,Forces canadiennes,DND PPU 878,fr,French,MDN REI 370,institution_specific,Institution-specific class,true,Resolved,DND RET 370,DND RET 370
ati-schedule-i-canadian-forces,Canadian Forces,Forces canadiennes,DND PPE 842,en,English,DND RET 370,institution_specific,Institution-specific class,true,Resolved,DND RET 370,DND RET 370
ati-schedule-i-canadian-forces,Canadian Forces,Forces canadiennes,DND PPE 842,fr,French,MDN REI 370,institution_specific,Institution-specific class,true,Resolved,DND RET 370,DND RET 370
ati-schedule-i-canadian-forces,Canadian Forces,Forces canadiennes,DND PPE 845,en,English,DND RET 370,institution_specific,Institution-specific class,true,Resolved,DND RET 370,DND RET 370
ati-schedule-i-canadian-forces,Canadian Forces,Forces canadiennes,DND PPE 845,fr,French,MDN REI 370,institution_specific,Institution-specific class,true,Resolved,DND RET 370,DND RET 370
ati-schedule-i-canadian-forces,Canadian Forces,Forces canadiennes,DND PPE 886,en,English,DND RMC 100,institution_specific,Institution-specific class,true,Resolved,DND RMC 100,DND RMC 100
ati-schedule-i-canadian-forces,Canadian Forces,Forces canadiennes,DND PPE 805,en,English,DND CSA 520,institution_specific,Institution-specific class,true,Resolved,DND CSA 520,DND CSA 520
ati-schedule-i-canadian-forces,Canadian Forces,Forces canadiennes,DND PPE 805,en,English,DND RCD 345,institution_specific,Institution-specific class,true,Resolved,DND RCD 345,DND RCD 345
ati-schedule-i-canadian-forces,Canadian Forces,Forces canadiennes,DND PPE 805,fr,French,MDN CNS 520,institution_specific,Institution-specific class,true,Resolved,DND CSA 520,DND CSA 520
ati-schedule-i-canadian-forces,Canadian Forces,Forces canadiennes,DND PPE 805,fr,French,MDN FRC 345,institution_specific,Institution-specific class,true,Resolved,DND RCD 345,DND RCD 345
ati-schedule-i-canadian-forces,Canadian Forces,Forces canadiennes,DND PPE 820,en,English,DND CSA 520,institution_specific,Institution-specific class,true,Resolved,DND CSA 520,DND CSA 520
ati-schedule-i-canadian-forces,Canadian Forces,Forces canadiennes,DND PPU 850,en,English,TBS PRN 920,standard,Standard class,true,Resolved,920,PRN 920 / NDP 920
ati-schedule-i-canadian-forces,Canadian Forces,Forces canadiennes,DND PPU 850,en,English,PRN 927,standard,Standard class,true,Resolved,927,PRN 927 / NDP 927
ati-schedule-i-canadian-forces,Canadian Forces,Forces canadiennes,DND PPE 838,en,English,DND CSA 520,institution_specific,Institution-specific class,true,Resolved,DND CSA 520,DND CSA 520
ati-schedule-i-canadian-forces,Canadian Forces,Forces canadiennes,DND PPE 838,en,English,DND RCD 345,institution_specific,Institution-specific class,true,Resolved,DND RCD 345,DND RCD 345
ati-schedule-i-canadian-forces,Canadian Forces,Forces canadiennes,DND PPE 838,fr,French,MDN CNS 520,institution_specific,Institution-specific class,true,Resolved,DND CSA 520,DND CSA 520
ati-schedule-i-canadian-forces,Canadian Forces,Forces canadiennes,DND PPE 838,fr,French,MDN FRC 345,institution_specific,Institution-specific class,true,Resolved,DND RCD 345,DND RCD 345
ati-schedule-i-canadian-forces,Canadian Forces,Forces canadiennes,DND PPE 829,en,English,DND WEE 665,institution_specific,Institution-specific class,true,Resolved,DND WEE 665,DND WEE 665
ati-schedule-i-canadian-forces,Canadian Forces,Forces canadiennes,DND PPE 829,fr,French,MDN BSA 665,institution_specific,Institution-specific class,true,Resolved,DND WEE 665,DND WEE 665
ati-schedule-i-canadian-forces,Canadian Forces,Forces canadiennes,DND PPU 885,en,English,DND IPC 115,institution_specific,Institution-specific class,true,Resolved,DND IPC 115,DND IPC 115
ati-schedule-i-canadian-forces,Canadian Forces,Forces canadiennes,DND PPU 885,fr,French,MDN CPI 115,institution_specific,Institution-specific class,false,Needs review,,
ati-schedule-i-canadian-forces,Canadian Forces,Forces canadiennes,DND PPU 894,en,English,DND RSD 740,institution_specific,Institution-specific class,true,Resolved,DND RSD 740,DND RSD 740
ati-schedule-i-canadian-forces,Canadian Forces,Forces canadiennes,DND PPU 894,fr,French,MDN RSD 740,institution_specific,Institution-specific class,true,Resolved,DND RSD 740,DND RSD 740
ati-schedule-i-canadian-forces,Canadian Forces,Forces canadiennes,DND PPU 815,en,English,DND PDB 360,institution_specific,Institution-specific class,true,Resolved,DND PDB 360,DND PDB 360
ati-schedule-i-canadian-forces,Canadian Forces,Forces canadiennes,DND PPU 815,fr,French,MDN BPP 360,institution_specific,Institution-specific class,true,Resolved,DND PDB 360,DND PDB 360
ati-schedule-i-canadian-forces,Canadian Forces,Forces canadiennes,DND PPU 879,en,English,DND POL 100,institution_specific,Institution-specific class,true,Resolved,DND POL 100,DND POL 100
ati-schedule-i-canadian-forces,Canadian Forces,Forces canadiennes,DND PPU 879,fr,French,MDN POL 100,institution_specific,Institution-specific class,false,Needs review,,
ati-schedule-i-canadian-forces,Canadian Forces,Forces canadiennes,DND PPU 795,en,English,DND CCG 101,institution_specific,Institution-specific class,true,Resolved,DND CCG 101,DND CCG 101
ati-schedule-i-canadian-forces,Canadian Forces,Forces canadiennes,DND PPU 795,en,English,DND CCG 104,institution_specific,Institution-specific class,true,Resolved,DND CCG 104,DND CCG 104
ati-schedule-i-canadian-forces,Canadian Forces,Forces canadiennes,DND PPU 795,fr,French,MDN GCC 101,institution_specific,Institution-specific class,false,Needs review,,
ati-schedule-i-canadian-forces,Canadian Forces,Forces canadiennes,DND PPU 795,fr,French,MDN GCC 104,institution_specific,Institution-specific class,true,Resolved,DND CCG 104,DND CCG 104
ati-schedule-i-canadian-forces,Canadian Forces,Forces canadiennes,DND PPU 794,en,English,DND CCG 103,institution_specific,Institution-specific class,true,Resolved,DND CCG 103,DND CCG 103
ati-schedule-i-canadian-forces,Canadian Forces,Forces canadiennes,DND PPU 794,fr,French,MDN GCC 103,institution_specific,Institution-specific class,false,Needs review,,
ati-schedule-i-canadian-forces,Canadian Forces,Forces canadiennes,DND PPU 793,en,English,DND CCG 106,institution_specific,Institution-specific class,true,Resolved,DND CCG 106,DND CCG 106
ati-schedule-i-canadian-forces,Canadian Forces,Forces canadiennes,DND PPU 793,en,English,DND CCG 107,institution_specific,Institution-specific class,true,Resolved,DND CCG 107,DND CCG 107
ati-schedule-i-canadian-forces,Canadian Forces,Forces canadiennes,DND PPU 793,fr,French,MDN GCC 106,institution_specific,Institution-specific class,true,Resolved,DND CCG 106,DND CCG 106
ati-schedule-i-canadian-forces,Canadian Forces,Forces canadiennes,DND PPU 793,fr,French,MDN GCC 107,institution_specific,Institution-specific class,true,Resolved,DND CCG 107,DND CCG 107
ati-schedule-i-canadian-forces,Canadian Forces,Forces canadiennes,DND PPU 797,en,English,DND CCG 107,institution_specific,Institution-specific class,true,Resolved,DND CCG 107,DND CCG 107
ati-schedule-i-canadian-forces,Canadian Forces,Forces canadiennes,DND PPU 797,fr,French,MDN GCC 107,institution_specific,Institution-specific class,true,Resolved,DND CCG 107,DND CCG 107
ati-schedule-i-canadian-forces,Canadian Forces,Forces canadiennes,DND PPU 792,en,English,DND CCG 109,institution_specific,Institution-specific class,true,Resolved,DND CCG 109,DND CCG 109
ati-schedule-i-canadian-forces,Canadian Forces,Forces canadiennes,DND PPU 792,fr,French,MDN GCC 109,institution_specific,Institution-specific class,true,Resolved,DND CCG 109,DND CCG 109
ati-schedule-i-canadian-forces,Canadian Forces,Forces canadiennes,DND PPU 796,en,English,DND CCG 109,institution_specific,Institution-specific class,true,Resolved,DND CCG 109,DND CCG 109
ati-schedule-i-canadian-forces,Canadian Forces,Forces canadiennes,DND PPU 796,fr,French,MDN GCC 109,institution_specific,Institution-specific class,true,Resolved,DND CCG 109,DND CCG 109
ati-schedule-i-canadian-forces,Canadian Forces,Forces canadiennes,DND PPU 798,en,English,DND CCG 109,institution_specific,Institution-specific class,true,Resolved,DND CCG 109,DND CCG 109
ati-schedule-i-canadian-forces,Canadian Forces,Forces canadiennes,DND PPU 798,fr,French,MDN GCC 109,institution_specific,Institution-specific class,true,Resolved,DND CCG 109,DND CCG 109
ati-schedule-i-canadian-forces,Canadian Forces,Forces canadiennes,DND PPU 791,en,English,DND CCG 112,institution_specific,Institution-specific class,true,Resolved,DND CCG 112,DND CCG 112
ati-schedule-i-canadian-forces,Canadian Forces,Forces canadiennes,DND PPU 791,fr,French,MDN GCC 112,institution_specific,Institution-specific class,true,Resolved,DND CCG 112,DND CCG 112
ati-schedule-i-canadian-forces,Canadian Forces,Forces canadiennes,DND PPU 790,en,English,DND CCG 114,institution_specific,Institution-specific class,true,Resolved,DND CCG 114,DND CCG 114
ati-schedule-i-canadian-forces,Canadian Forces,Forces canadiennes,DND PPU 790,fr,French,MDN GCC 114,institution_specific,Institution-specific class,true,Resolved,DND CCG 114,DND CCG 114
ati-schedule-i-canadian-forces,Canadian Forces,Forces canadiennes,DND PPU 799,en,English,DND CCG 116,institution_specific,Institution-specific class,true,Resolved,DND CCG 116,DND CCG 116
ati-schedule-i-canadian-forces,Canadian Forces,Forces canadiennes,DND PPU 799,fr,French,MDN GCC 116,institution_specific,Institution-specific class,true,Resolved,DND CCG 116,DND CCG 116
ati-schedule-i-canadian-forces,Canadian Forces,Forces canadiennes,DND PPE 858,en,English,DND FSB 765,institution_specific,Institution-specific class,true,Resolved,DND FSB 765,DND FSB 765
ati-schedule-i-canadian-forces,Canadian Forces,Forces canadiennes,DND PPE 859,en,English,DND FSB 765,institution_specific,Institution-specific class,true,Resolved,DND FSB 765,DND FSB 765
ati-schedule-i-canadian-forces,Canadian Forces,Forces canadiennes,DND PPE 859,fr,French,MDN BDF 765,institution_specific,Institution-specific class,true,Resolved,DND FSB 765,DND FSB 765
ati-schedule-i-canadian-forces,Canadian Forces,Forces canadiennes,DND PPU 065,en,English,PRN 920,standard,Standard class,true,Resolved,920,PRN 920 / NDP 920
ati-schedule-i-canadian-forces,Canadian Forces,Forces canadiennes,DND PPU 065,fr,French,NDP 920,standard,Standard class,true,Resolved,920,PRN 920 / NDP 920
ati-schedule-i-canadian-forces,Canadian Forces,Forces canadiennes,DND PPU 813,en,English,PRN 931,standard,Standard class,true,Resolved,931,PRN 931 / NDP 931
ati-schedule-i-canadian-forces,Canadian Forces,Forces canadiennes,DND PPU 813,fr,French,NPD 931,institution_specific,Institution-specific class,false,Needs review,,
ati-schedule-i-canadian-forces,Canadian Forces,Forces canadiennes,MDN PPE 881,fr,French,NDP 914,standard,Standard class,true,Resolved,914,PRN 914 / NDP 914
ati-schedule-i-canadian-forces,Canadian Forces,Forces canadiennes,MDN PPE 881,fr,French,NDP 938,standard,Standard class,true,Resolved,938,PRN 938 / NDP 938
ati-schedule-i-canadian-forces,Canadian Forces,Forces canadiennes,MDN PPE 881,fr,French,MDN BSS 495,institution_specific,Institution-specific class,true,Resolved,DND SGB 495,DND SGB 495
ati-schedule-i-canadian-grain-commission,Canadian Grain Commission,Commission canadienne des grains,CGC PPU 215,en,English,CGC 565,institution_specific,Institution-specific class,true,Resolved,CGC 565,CGC 565
ati-schedule-i-canadian-grain-commission,Canadian Grain Commission,Commission canadienne des grains,CGC PPU 215,fr,French,CGC 565,institution_specific,Institution-specific class,true,Resolved,CGC 565,CGC 565
ati-schedule-i-canadian-grain-commission,Canadian Grain Commission,Commission canadienne des grains,CGC PPU 205,en,English,CGC 587,institution_specific,Institution-specific class,true,Resolved,CGC 587,CGC 587
ati-schedule-i-canadian-grain-commission,Canadian Grain Commission,Commission canadienne des grains,CGC PPU 205,fr,French,CGC 587,institution_specific,Institution-specific class,true,Resolved,CGC 587,CGC 587
ati-schedule-i-canadian-radio-television-and-telecommunications-commission,Canadian Radio-television and Telecommunications Commission,Conseil de la radiodiffusion et des télécommunications canadiennes,CRTC PPU 065,en,English,CRTC APP 085,institution_specific,Institution-specific class,true,Resolved,CRTC APP 085,CRTC APP 085
ati-schedule-i-canadian-radio-television-and-telecommunications-commission,Canadian Radio-television and Telecommunications Commission,Conseil de la radiodiffusion et des télécommunications canadiennes,CRTC PPU 065,en,English,CRTC PGM 180,institution_specific,Institution-specific class,true,Resolved,CRTC PGM 180,CRTC PGM 180
ati-schedule-i-canadian-radio-television-and-telecommunications-commission,Canadian Radio-television and Telecommunications Commission,Conseil de la radiodiffusion et des télécommunications canadiennes,CRTC PPU 065,en,English,CRTC CCM 100,institution_specific,Institution-specific class,true,Resolved,CRTC CCM 100,CRTC CCM 100
ati-schedule-i-canadian-radio-television-and-telecommunications-commission,Canadian Radio-television and Telecommunications Commission,Conseil de la radiodiffusion et des télécommunications canadiennes,CRTC PPU 065,en,English,CRTC CIN 220,institution_specific,Institution-specific class,true,Resolved,CRTC CIN 220,CRTC CIN 220
ati-schedule-i-canadian-radio-television-and-telecommunications-commission,Canadian Radio-television and Telecommunications Commission,Conseil de la radiodiffusion et des télécommunications canadiennes,CRTC PPU 065,en,English,CRTC OWN 025,institution_specific,Institution-specific class,true,Resolved,CRTC OWN 025,CRTC OWN 025
ati-schedule-i-canadian-radio-television-and-telecommunications-commission,Canadian Radio-television and Telecommunications Commission,Conseil de la radiodiffusion et des télécommunications canadiennes,CRTC PPU 065,en,English,CRTC 100,institution_specific,Institution-specific class,true,Resolved,CRTC CCM 100,CRTC CCM 100
ati-schedule-i-canadian-radio-television-and-telecommunications-commission,Canadian Radio-television and Telecommunications Commission,Conseil de la radiodiffusion et des télécommunications canadiennes,CRTC PPU 065,fr,French,CRTC APP 085,institution_specific,Institution-specific class,true,Resolved,CRTC APP 085,CRTC APP 085
ati-schedule-i-canadian-radio-television-and-telecommunications-commission,Canadian Radio-television and Telecommunications Commission,Conseil de la radiodiffusion et des télécommunications canadiennes,CRTC PPU 065,fr,French,CRTC PGM 180,institution_specific,Institution-specific class,true,Resolved,CRTC PGM 180,CRTC PGM 180
ati-schedule-i-canadian-radio-television-and-telecommunications-commission,Canadian Radio-television and Telecommunications Commission,Conseil de la radiodiffusion et des télécommunications canadiennes,CRTC PPU 065,fr,French,CRTC CCM 100,institution_specific,Institution-specific class,true,Resolved,CRTC CCM 100,CRTC CCM 100
ati-schedule-i-canadian-radio-television-and-telecommunications-commission,Canadian Radio-television and Telecommunications Commission,Conseil de la radiodiffusion et des télécommunications canadiennes,CRTC PPU 065,fr,French,CRTC CIN 220,institution_specific,Institution-specific class,true,Resolved,CRTC CIN 220,CRTC CIN 220
ati-schedule-i-canadian-radio-television-and-telecommunications-commission,Canadian Radio-television and Telecommunications Commission,Conseil de la radiodiffusion et des télécommunications canadiennes,CRTC PPU 065,fr,French,CRTC OWN 025,institution_specific,Institution-specific class,true,Resolved,CRTC OWN 025,CRTC OWN 025
ati-schedule-i-canadian-radio-television-and-telecommunications-commission,Canadian Radio-television and Telecommunications Commission,Conseil de la radiodiffusion et des télécommunications canadiennes,CRTC PPU 065,fr,French,CRTC 100,institution_specific,Institution-specific class,true,Resolved,CRTC CCM 100,CRTC CCM 100
ati-schedule-i-canadian-radio-television-and-telecommunications-commission,Canadian Radio-television and Telecommunications Commission,Conseil de la radiodiffusion et des télécommunications canadiennes,CRTC PPU 035,en,English,CRTC BRO 185,institution_specific,Institution-specific class,true,Resolved,CRTC BRO 185,CRTC BRO 185
ati-schedule-i-canadian-radio-television-and-telecommunications-commission,Canadian Radio-television and Telecommunications Commission,Conseil de la radiodiffusion et des télécommunications canadiennes,CRTC PPU 035,fr,French,CRTC BRO 185,institution_specific,Institution-specific class,true,Resolved,CRTC BRO 185,CRTC BRO 185
ati-schedule-i-canadian-radio-television-and-telecommunications-commission,Canadian Radio-television and Telecommunications Commission,Conseil de la radiodiffusion et des télécommunications canadiennes,CRTC PPU 020,en,English,CRTC BRO 185,institution_specific,Institution-specific class,true,Resolved,CRTC BRO 185,CRTC BRO 185
ati-schedule-i-canadian-radio-television-and-telecommunications-commission,Canadian Radio-television and Telecommunications Commission,Conseil de la radiodiffusion et des télécommunications canadiennes,CRTC PPU 020,en,English,CRTC PGM 180,institution_specific,Institution-specific class,true,Resolved,CRTC PGM 180,CRTC PGM 180
ati-schedule-i-canadian-radio-television-and-telecommunications-commission,Canadian Radio-television and Telecommunications Commission,Conseil de la radiodiffusion et des télécommunications canadiennes,CRTC PPU 020,en,English,CRTC CIN 220,institution_specific,Institution-specific class,true,Resolved,CRTC CIN 220,CRTC CIN 220
ati-schedule-i-canadian-radio-television-and-telecommunications-commission,Canadian Radio-television and Telecommunications Commission,Conseil de la radiodiffusion et des télécommunications canadiennes,CRTC PPU 020,fr,French,CRTC BRO 185,institution_specific,Institution-specific class,true,Resolved,CRTC BRO 185,CRTC BRO 185
ati-schedule-i-canadian-radio-television-and-telecommunications-commission,Canadian Radio-television and Telecommunications Commission,Conseil de la radiodiffusion et des télécommunications canadiennes,CRTC PPU 020,fr,French,CRTC PGM 180,institution_specific,Institution-specific class,true,Resolved,CRTC PGM 180,CRTC PGM 180
ati-schedule-i-canadian-radio-television-and-telecommunications-commission,Canadian Radio-television and Telecommunications Commission,Conseil de la radiodiffusion et des télécommunications canadiennes,CRTC PPU 020,fr,French,CRTC CIN 220,institution_specific,Institution-specific class,true,Resolved,CRTC CIN 220,CRTC CIN 220
ati-schedule-i-canadian-radio-television-and-telecommunications-commission,Canadian Radio-television and Telecommunications Commission,Conseil de la radiodiffusion et des télécommunications canadiennes,CRTC PPU 005,en,English,CRTC CCM 100,institution_specific,Institution-specific class,true,Resolved,CRTC CCM 100,CRTC CCM 100
ati-schedule-i-canadian-radio-television-and-telecommunications-commission,Canadian Radio-television and Telecommunications Commission,Conseil de la radiodiffusion et des télécommunications canadiennes,CRTC PPU 005,fr,French,CRTC CCM 100,institution_specific,Institution-specific class,true,Resolved,CRTC CCM 100,CRTC CCM 100
ati-schedule-i-canadian-radio-television-and-telecommunications-commission,Canadian Radio-television and Telecommunications Commission,Conseil de la radiodiffusion et des télécommunications canadiennes,CRTC PPU 070,en,English,CRTC DCS 255,institution_specific,Institution-specific class,true,Resolved,CRTC DCS 255,CRTC DCS 255
ati-schedule-i-canadian-radio-television-and-telecommunications-commission,Canadian Radio-television and Telecommunications Commission,Conseil de la radiodiffusion et des télécommunications canadiennes,CRTC PPU 070,fr,French,CRTC DCS 255,institution_specific,Institution-specific class,true,Resolved,CRTC DCS 255,CRTC DCS 255
ati-schedule-i-canadian-radio-television-and-telecommunications-commission,Canadian Radio-television and Telecommunications Commission,Conseil de la radiodiffusion et des télécommunications canadiennes,CRTC PPU 015,en,English,CRTC FDB 225,institution_specific,Institution-specific class,true,Resolved,CRTC FDB 225,CRTC FDB 225
ati-schedule-i-canadian-radio-television-and-telecommunications-commission,Canadian Radio-television and Telecommunications Commission,Conseil de la radiodiffusion et des télécommunications canadiennes,CRTC PPU 015,fr,French,CRTC FDB 225,institution_specific,Institution-specific class,true,Resolved,CRTC FDB 225,CRTC FDB 225
ati-schedule-i-canadian-radio-television-and-telecommunications-commission,Canadian Radio-television and Telecommunications Commission,Conseil de la radiodiffusion et des télécommunications canadiennes,CRTC PPU 045,en,English,CRTC IML 105,institution_specific,Institution-specific class,true,Resolved,CRTC IML 105,CRTC IML 105
ati-schedule-i-canadian-radio-television-and-telecommunications-commission,Canadian Radio-television and Telecommunications Commission,Conseil de la radiodiffusion et des télécommunications canadiennes,CRTC PPU 045,fr,French,CRTC IML 105,institution_specific,Institution-specific class,true,Resolved,CRTC IML 105,CRTC IML 105
ati-schedule-i-canadian-radio-television-and-telecommunications-commission,Canadian Radio-television and Telecommunications Commission,Conseil de la radiodiffusion et des télécommunications canadiennes,CRTC PPU 010,en,English,CRTC OWN 025,institution_specific,Institution-specific class,true,Resolved,CRTC OWN 025,CRTC OWN 025
ati-schedule-i-canadian-radio-television-and-telecommunications-commission,Canadian Radio-television and Telecommunications Commission,Conseil de la radiodiffusion et des télécommunications canadiennes,CRTC PPU 010,fr,French,CRTC OWN 025,institution_specific,Institution-specific class,true,Resolved,CRTC OWN 025,CRTC OWN 025
ati-schedule-i-canadian-radio-television-and-telecommunications-commission,Canadian Radio-television and Telecommunications Commission,Conseil de la radiodiffusion et des télécommunications canadiennes,CRTC PPU 025,en,English,CRTC APP 085,institution_specific,Institution-specific class,true,Resolved,CRTC APP 085,CRTC APP 085
ati-schedule-i-canadian-radio-television-and-telecommunications-commission,Canadian Radio-television and Telecommunications Commission,Conseil de la radiodiffusion et des télécommunications canadiennes,CRTC PPU 025,en,English,CRTC CCM 100,institution_specific,Institution-specific class,true,Resolved,CRTC CCM 100,CRTC CCM 100
ati-schedule-i-canadian-radio-television-and-telecommunications-commission,Canadian Radio-television and Telecommunications Commission,Conseil de la radiodiffusion et des télécommunications canadiennes,CRTC PPU 025,fr,French,CRTC APP 085,institution_specific,Institution-specific class,true,Resolved,CRTC APP 085,CRTC APP 085
ati-schedule-i-canadian-radio-television-and-telecommunications-commission,Canadian Radio-television and Telecommunications Commission,Conseil de la radiodiffusion et des télécommunications canadiennes,CRTC PPU 025,fr,French,CRTC CCM 100,institution_specific,Institution-specific class,true,Resolved,CRTC CCM 100,CRTC CCM 100
ati-schedule-i-canadian-radio-television-and-telecommunications-commission,Canadian Radio-television and Telecommunications Commission,Conseil de la radiodiffusion et des télécommunications canadiennes,CRT PPU 075,en,English,CRT TEL 265,institution_specific,Institution-specific class,true,Resolved,CRTC TEL 265,CRTC TEL 265
ati-schedule-i-canadian-radio-television-and-telecommunications-commission,Canadian Radio-television and Telecommunications Commission,Conseil de la radiodiffusion et des télécommunications canadiennes,CRT PPU 075,fr,French,CRT TEL 265,institution_specific,Institution-specific class,true,Resolved,CRTC TEL 265,CRTC TEL 265
ati-schedule-i-canadian-radio-television-and-telecommunications-commission,Canadian Radio-television and Telecommunications Commission,Conseil de la radiodiffusion et des télécommunications canadiennes,CRTC PPU 555,en,English,CRTC CCM 100,institution_specific,Institution-specific class,true,Resolved,CRTC CCM 100,CRTC CCM 100
ati-schedule-i-canadian-radio-television-and-telecommunications-commission,Canadian Radio-television and Telecommunications Commission,Conseil de la radiodiffusion et des télécommunications canadiennes,CRTC PPU 777,en,English,CRTC CCM 100,institution_specific,Institution-specific class,true,Resolved,CRTC CCM 100,CRTC CCM 100
ati-schedule-i-canadian-radio-television-and-telecommunications-commission,Canadian Radio-television and Telecommunications Commission,Conseil de la radiodiffusion et des télécommunications canadiennes,CRTC PPU 777,fr,French,CRTC CCM 100,institution_specific,Institution-specific class,true,Resolved,CRTC CCM 100,CRTC CCM 100
ati-schedule-i-canadian-security-intelligence-service,Canadian Security Intelligence Service,Service canadien du renseignement de sécurité,CSIS PPU 045,en,English,CSIS DDS 041,institution_specific,Institution-specific class,true,Resolved,CSIS DDS 041,CSIS DDS 041
ati-schedule-i-canadian-security-intelligence-service,Canadian Security Intelligence Service,Service canadien du renseignement de sécurité,CSIS PPU 045,fr,French,SCRS SDS 041,institution_specific,Institution-specific class,true,Resolved,CSIS DDS 041,CSIS DDS 041
ati-schedule-i-canadian-security-intelligence-service,Canadian Security Intelligence Service,Service canadien du renseignement de sécurité,CSIS PPU 015,en,English,CSIS DDS 041,institution_specific,Institution-specific class,true,Resolved,CSIS DDS 041,CSIS DDS 041
ati-schedule-i-canadian-security-intelligence-service,Canadian Security Intelligence Service,Service canadien du renseignement de sécurité,CSIS PPU 015,fr,French,SCRS SDS 041,institution_specific,Institution-specific class,true,Resolved,CSIS DDS 041,CSIS DDS 041
ati-schedule-i-canadian-security-intelligence-service,Canadian Security Intelligence Service,Service canadien du renseignement de sécurité,CSIS PPU 070,en,English,CSIS DDS 041,institution_specific,Institution-specific class,true,Resolved,CSIS DDS 041,CSIS DDS 041
ati-schedule-i-canadian-security-intelligence-service,Canadian Security Intelligence Service,Service canadien du renseignement de sécurité,CSIS PPU 070,fr,French,SCRS SDS 041,institution_specific,Institution-specific class,true,Resolved,CSIS DDS 041,CSIS DDS 041
ati-schedule-i-canadian-security-intelligence-service,Canadian Security Intelligence Service,Service canadien du renseignement de sécurité,CSIS PPU 050,en,English,CSIS DDS 041,institution_specific,Institution-specific class,true,Resolved,CSIS DDS 041,CSIS DDS 041
ati-schedule-i-canadian-security-intelligence-service,Canadian Security Intelligence Service,Service canadien du renseignement de sécurité,CSIS PPU 050,fr,French,SCRS SDS 041,institution_specific,Institution-specific class,true,Resolved,CSIS DDS 041,CSIS DDS 041
ati-schedule-i-canadian-security-intelligence-service,Canadian Security Intelligence Service,Service canadien du renseignement de sécurité,CSIS PPU 005,en,English,SIS DDS 052,institution_specific,Institution-specific class,true,Resolved,CSIS DDS 052,CSIS DDS 052
ati-schedule-i-canadian-security-intelligence-service,Canadian Security Intelligence Service,Service canadien du renseignement de sécurité,CSIS PPU 005,fr,French,SCRS SDS 052,institution_specific,Institution-specific class,true,Resolved,CSIS DDS 052,CSIS DDS 052
ati-schedule-i-canadian-security-intelligence-service,Canadian Security Intelligence Service,Service canadien du renseignement de sécurité,SIS PPE 815,en,English,SIS DDS 052,institution_specific,Institution-specific class,true,Resolved,CSIS DDS 052,CSIS DDS 052
ati-schedule-i-canadian-security-intelligence-service,Canadian Security Intelligence Service,Service canadien du renseignement de sécurité,SIS PPE 815,fr,French,SRS SDS 052,institution_specific,Institution-specific class,true,Resolved,CSIS DDS 052,CSIS DDS 052
ati-schedule-i-canadian-security-intelligence-service,Canadian Security Intelligence Service,Service canadien du renseignement de sécurité,CSIS PPU 055,en,English,CSIS DDS 052,institution_specific,Institution-specific class,true,Resolved,CSIS DDS 052,CSIS DDS 052
ati-schedule-i-canadian-security-intelligence-service,Canadian Security Intelligence Service,Service canadien du renseignement de sécurité,CSIS PPU 055,fr,French,SCRS SDS 052,institution_specific,Institution-specific class,true,Resolved,CSIS DDS 052,CSIS DDS 052
ati-schedule-i-canadian-security-intelligence-service,Canadian Security Intelligence Service,Service canadien du renseignement de sécurité,CSIS PPU 065,en,English,CSIS DDS 052,institution_specific,Institution-specific class,true,Resolved,CSIS DDS 052,CSIS DDS 052
ati-schedule-i-canadian-security-intelligence-service,Canadian Security Intelligence Service,Service canadien du renseignement de sécurité,CSIS PPU 065,fr,French,SCRS SDS 052,institution_specific,Institution-specific class,true,Resolved,CSIS DDS 052,CSIS DDS 052
ati-schedule-i-canadian-security-intelligence-service,Canadian Security Intelligence Service,Service canadien du renseignement de sécurité,CSIS PPU 035,en,English,CSIS DDS 050,institution_specific,Institution-specific class,true,Resolved,CSIS DDS 050,CSIS DDS 050
ati-schedule-i-canadian-security-intelligence-service,Canadian Security Intelligence Service,Service canadien du renseignement de sécurité,CSIS PPU 035,fr,French,CSIS SDS 050,institution_specific,Institution-specific class,true,Resolved,CSIS DDS 050,CSIS DDS 050
ati-schedule-i-canadian-security-intelligence-service,Canadian Security Intelligence Service,Service canadien du renseignement de sécurité,CSIS PPU 025,en,English,CSIS DDS 050,institution_specific,Institution-specific class,true,Resolved,CSIS DDS 050,CSIS DDS 050
ati-schedule-i-canadian-security-intelligence-service,Canadian Security Intelligence Service,Service canadien du renseignement de sécurité,CSIS PPU 025,fr,French,CSIS SDS 050,institution_specific,Institution-specific class,true,Resolved,CSIS DDS 050,CSIS DDS 050
ati-schedule-i-canadian-security-intelligence-service,Canadian Security Intelligence Service,Service canadien du renseignement de sécurité,CSIS PPE 831,en,English,CSIS DDS 050,institution_specific,Institution-specific class,true,Resolved,CSIS DDS 050,CSIS DDS 050
ati-schedule-i-canadian-security-intelligence-service,Canadian Security Intelligence Service,Service canadien du renseignement de sécurité,CSIS PPE 831,fr,French,CSIS SDS 050,institution_specific,Institution-specific class,true,Resolved,CSIS DDS 050,CSIS DDS 050
ati-schedule-i-canadian-security-intelligence-service,Canadian Security Intelligence Service,Service canadien du renseignement de sécurité,CSIS PPE 827,en,English,CSIS DDS 050,institution_specific,Institution-specific class,true,Resolved,CSIS DDS 050,CSIS DDS 050
ati-schedule-i-canadian-security-intelligence-service,Canadian Security Intelligence Service,Service canadien du renseignement de sécurité,CSIS PPE 827,fr,French,CSIS SDS 050,institution_specific,Institution-specific class,true,Resolved,CSIS DDS 050,CSIS DDS 050
ati-schedule-i-canadian-security-intelligence-service,Canadian Security Intelligence Service,Service canadien du renseignement de sécurité,CSIS PPU 906,en,English,CSIS DDS 050,institution_specific,Institution-specific class,true,Resolved,CSIS DDS 050,CSIS DDS 050
ati-schedule-i-canadian-security-intelligence-service,Canadian Security Intelligence Service,Service canadien du renseignement de sécurité,CSIS PPU 906,fr,French,CSIS SDS 050,institution_specific,Institution-specific class,true,Resolved,CSIS DDS 050,CSIS DDS 050
ati-schedule-i-canadian-security-intelligence-service,Canadian Security Intelligence Service,Service canadien du renseignement de sécurité,CSIS PPU 822,en,English,CSIS DDS 050,institution_specific,Institution-specific class,true,Resolved,CSIS DDS 050,CSIS DDS 050
ati-schedule-i-canadian-security-intelligence-service,Canadian Security Intelligence Service,Service canadien du renseignement de sécurité,CSIS PPU 822,fr,French,CSIS SDS 050,institution_specific,Institution-specific class,true,Resolved,CSIS DDS 050,CSIS DDS 050
ati-schedule-i-canadian-security-intelligence-service,Canadian Security Intelligence Service,Service canadien du renseignement de sécurité,CSIS PPE 832,en,English,CSIS DDS 050,institution_specific,Institution-specific class,true,Resolved,CSIS DDS 050,CSIS DDS 050
ati-schedule-i-canadian-security-intelligence-service,Canadian Security Intelligence Service,Service canadien du renseignement de sécurité,CSIS PPE 832,fr,French,CSIS SDS 050,institution_specific,Institution-specific class,true,Resolved,CSIS DDS 050,CSIS DDS 050
ati-schedule-i-canadian-space-agency,Canadian Space Agency,Agence spatiale canadienne,CSA PPU 040,en,English,CSA FCS 015,institution_specific,Institution-specific class,true,Resolved,CSA FCS 015,CSA FCS 015
ati-schedule-i-canadian-space-agency,Canadian Space Agency,Agence spatiale canadienne,CSA PPU 040,en,English,FCS 030,institution_specific,Institution-specific class,false,Needs review,,
ati-schedule-i-canadian-space-agency,Canadian Space Agency,Agence spatiale canadienne,CSA PPU 040,en,English,SDI 040,institution_specific,Institution-specific class,false,Needs review,,
ati-schedule-i-canadian-space-agency,Canadian Space Agency,Agence spatiale canadienne,CSA PPU 045,en,English,CSA FCS 015,institution_specific,Institution-specific class,true,Resolved,CSA FCS 015,CSA FCS 015
ati-schedule-i-canadian-space-agency,Canadian Space Agency,Agence spatiale canadienne,CSA PPU 045,en,English,FCS 030,institution_specific,Institution-specific class,false,Needs review,,
ati-schedule-i-canadian-space-agency,Canadian Space Agency,Agence spatiale canadienne,CSA PPU 045,en,English,SDI 040,institution_specific,Institution-specific class,false,Needs review,,
ati-schedule-i-canadian-space-agency,Canadian Space Agency,Agence spatiale canadienne,CSA PPU 045,en,English,SEC 005,institution_specific,Institution-specific class,true,Resolved,CSA SEC 005,CSA SEC 005
ati-schedule-i-canadian-space-agency,Canadian Space Agency,Agence spatiale canadienne,CSA PPU 045,en,English,SEC 025,institution_specific,Institution-specific class,true,Resolved,CSA SEC 025,CSA SEC 025
ati-schedule-i-canadian-space-agency,Canadian Space Agency,Agence spatiale canadienne,CSA PPU 060,en,English,CSA EOE 060,institution_specific,Institution-specific class,true,Resolved,CSA EOE 060,CSA EOE 060
ati-schedule-i-canadian-space-agency,Canadian Space Agency,Agence spatiale canadienne,CSA PPU 035,en,English,CSA SEC 030,institution_specific,Institution-specific class,true,Resolved,CSA SEC 030,CSA SEC 030
ati-schedule-i-canadian-space-agency,Canadian Space Agency,Agence spatiale canadienne,CSA PPU 020,en,English,CSA SEC 030,institution_specific,Institution-specific class,true,Resolved,CSA SEC 030,CSA SEC 030
ati-schedule-i-canadian-space-agency,Canadian Space Agency,Agence spatiale canadienne,CSA PPU 015,en,English,CSA SEC 005,institution_specific,Institution-specific class,true,Resolved,CSA SEC 005,CSA SEC 005
ati-schedule-i-canadian-space-agency,Canadian Space Agency,Agence spatiale canadienne,CSA PIB 015,en,English,CSA HR 010,institution_specific,Institution-specific class,true,Resolved,CSA HR 010,CSA HR 010
ati-schedule-i-canadian-space-agency,Canadian Space Agency,Agence spatiale canadienne,CSA PPU 010,en,English,CSA SEC 005,institution_specific,Institution-specific class,true,Resolved,CSA SEC 005,CSA SEC 005
ati-schedule-i-canadian-transportation-agency,Canadian Transportation Agency,Office des transports du Canada,CTA PPU 033,en,English,CTA DRB 001,institution_specific,Institution-specific class,true,Resolved,CTA DRB 001,CTA DRB 001
ati-schedule-i-canadian-transportation-agency,Canadian Transportation Agency,Office des transports du Canada,CTA PPU 033,fr,French,OTC RDD 001,institution_specific,Institution-specific class,false,Needs review,,
ati-schedule-i-canadian-transportation-agency,Canadian Transportation Agency,Office des transports du Canada,CTA PPU 014,en,English,CTA DRB 003,institution_specific,Institution-specific class,true,Resolved,CTA DRB 003,CTA DRB 003
ati-schedule-i-canadian-transportation-agency,Canadian Transportation Agency,Office des transports du Canada,CTA PPU 014,en,English,CTA DRB 002,institution_specific,Institution-specific class,true,Resolved,CTA DRB 002,CTA DRB 002
ati-schedule-i-canadian-transportation-agency,Canadian Transportation Agency,Office des transports du Canada,CTA PPU 014,fr,French,OTC RDD 003,institution_specific,Institution-specific class,false,Needs review,,
ati-schedule-i-canadian-transportation-agency,Canadian Transportation Agency,Office des transports du Canada,CTA PPU 014,fr,French,OTC RDD 002,institution_specific,Institution-specific class,false,Needs review,,
ati-schedule-i-canadian-transportation-agency,Canadian Transportation Agency,Office des transports du Canada,CTA PPU 001,en,English,CTA DRB 003,institution_specific,Institution-specific class,true,Resolved,CTA DRB 003,CTA DRB 003
ati-schedule-i-canadian-transportation-agency,Canadian Transportation Agency,Office des transports du Canada,CTA PPU 015,en,English,CTA IRD 002,institution_specific,Institution-specific class,true,Resolved,CTA IRD 002,CTA IRD 002
ati-schedule-i-canadian-transportation-agency,Canadian Transportation Agency,Office des transports du Canada,CTA PPU 015,en,English,CTA IRD 003,institution_specific,Institution-specific class,true,Resolved,CTA IRD 003,CTA IRD 003
ati-schedule-i-canadian-transportation-agency,Canadian Transportation Agency,Office des transports du Canada,CTA PPU 015,fr,French,OTC RDI 002,institution_specific,Institution-specific class,false,Needs review,,
ati-schedule-i-canadian-transportation-agency,Canadian Transportation Agency,Office des transports du Canada,CTA PPU 015,fr,French,OTC RDI 003,institution_specific,Institution-specific class,false,Needs review,,
ati-schedule-i-canadian-transportation-agency,Canadian Transportation Agency,Office des transports du Canada,CTA PPU 010,en,English,CTA IRD 003,institution_specific,Institution-specific class,true,Resolved,CTA IRD 003,CTA IRD 003
ati-schedule-i-canadian-transportation-agency,Canadian Transportation Agency,Office des transports du Canada,CTA PPU 010,fr,French,OTC RDI 003,institution_specific,Institution-specific class,false,Needs review,,
ati-schedule-i-college-of-patent-agents-and-trademark-agents,College of Patent Agents and Trademark Agents,Collège des agents de brevets et des agents de marques de commerce,IC PPU 043,en,English,IC CIP 100,institution_specific,Institution-specific class,false,Needs review,,
ati-schedule-i-college-of-patent-agents-and-trademark-agents,College of Patent Agents and Trademark Agents,Collège des agents de brevets et des agents de marques de commerce,IC PPU 043,en,English,IC CIP 105,institution_specific,Institution-specific class,false,Needs review,,
ati-schedule-i-college-of-patent-agents-and-trademark-agents,College of Patent Agents and Trademark Agents,Collège des agents de brevets et des agents de marques de commerce,IC PPU 043,fr,French,IC CIP 100,institution_specific,Institution-specific class,false,Needs review,,
ati-schedule-i-college-of-patent-agents-and-trademark-agents,College of Patent Agents and Trademark Agents,Collège des agents de brevets et des agents de marques de commerce,IC PPU 043,fr,French,IC CIP 105,institution_specific,Institution-specific class,false,Needs review,,
ati-schedule-i-communications-security-establishment,Communications Security Establishment,Centre de la sécurité des télécommunications,CSE PPU 040,en,English,CSE MIS 080,institution_specific,Institution-specific class,true,Resolved,CSE MIS 080,CSE MIS 080
ati-schedule-i-communications-security-establishment,Communications Security Establishment,Centre de la sécurité des télécommunications,CSE PPU 040,fr,French,CST MIS 080,institution_specific,Institution-specific class,true,Resolved,CSE MIS 080,CSE MIS 080
ati-schedule-i-communications-security-establishment,Communications Security Establishment,Centre de la sécurité des télécommunications,CSE PPE 001,en,English,PRN 944,standard,Standard class,true,Resolved,944,PRN 944 / NDP 944
ati-schedule-i-communications-security-establishment,Communications Security Establishment,Centre de la sécurité des télécommunications,CSE PPE 001,fr,French,NDP 944,standard,Standard class,true,Resolved,944,PRN 944 / NDP 944
ati-schedule-i-communications-security-establishment,Communications Security Establishment,Centre de la sécurité des télécommunications,CSE PPU 007,en,English,CSE 002,institution_specific,Institution-specific class,true,Resolved,CSE 002,CSE 002
ati-schedule-i-communications-security-establishment,Communications Security Establishment,Centre de la sécurité des télécommunications,CSE PPU 007,fr,French,CST 002,institution_specific,Institution-specific class,true,Resolved,CSE 002,CSE 002
ati-schedule-i-correctional-service-of-canada,Correctional Service of Canada,Service correctionnel du Canada,CSC PPU 025,en,English,CSC COP 050,institution_specific,Institution-specific class,false,Needs review,,
ati-schedule-i-correctional-service-of-canada,Correctional Service of Canada,Service correctionnel du Canada,CSC PPU 136,en,English,CSC COP 390,institution_specific,Institution-specific class,false,Needs review,,
ati-schedule-i-correctional-service-of-canada,Correctional Service of Canada,Service correctionnel du Canada,CSC PPU 120,en,English,CSC CDS 020,institution_specific,Institution-specific class,false,Needs review,,
ati-schedule-i-correctional-service-of-canada,Correctional Service of Canada,Service correctionnel du Canada,CSC PPU 042,en,English,CSC COP 050,institution_specific,Institution-specific class,false,Needs review,,
ati-schedule-i-correctional-service-of-canada,Correctional Service of Canada,Service correctionnel du Canada,CSC PPU 035,en,English,CSC COP 050,institution_specific,Institution-specific class,false,Needs review,,
ati-schedule-i-correctional-service-of-canada,Correctional Service of Canada,Service correctionnel du Canada,CSC PPU 040,en,English,CSC COP 050,institution_specific,Institution-specific class,false,Needs review,,
ati-schedule-i-correctional-service-of-canada,Correctional Service of Canada,Service correctionnel du Canada,CSC PPU 030,en,English,CSC COP 050,institution_specific,Institution-specific class,false,Needs review,,
ati-schedule-i-correctional-service-of-canada,Correctional Service of Canada,Service correctionnel du Canada,CSC PPU 045,en,English,CSC COP 130,institution_specific,Institution-specific class,false,Needs review,,
ati-schedule-i-correctional-service-of-canada,Correctional Service of Canada,Service correctionnel du Canada,CSC PPU 045,en,English,CSC COP 390,institution_specific,Institution-specific class,false,Needs review,,
ati-schedule-i-correctional-service-of-canada,Correctional Service of Canada,Service correctionnel du Canada,CSC PPU 050,en,English,CSC COP 140,institution_specific,Institution-specific class,true,Resolved,CSC COP 140,CSC COP 140
ati-schedule-i-correctional-service-of-canada,Correctional Service of Canada,Service correctionnel du Canada,CSC PPU 095,en,English,CSC COP 500,institution_specific,Institution-specific class,false,Needs review,,
ati-schedule-i-correctional-service-of-canada,Correctional Service of Canada,Service correctionnel du Canada,CSC PPU 055,en,English,CSC COP 040,institution_specific,Institution-specific class,true,Resolved,CSC COP 040,CSC COP 040
ati-schedule-i-correctional-service-of-canada,Correctional Service of Canada,Service correctionnel du Canada,CSC PPU 055,en,English,CSC COP 230,institution_specific,Institution-specific class,false,Needs review,,
ati-schedule-i-correctional-service-of-canada,Correctional Service of Canada,Service correctionnel du Canada,CSC PPU 125,en,English,CSC COP 460,institution_specific,Institution-specific class,false,Needs review,,
ati-schedule-i-correctional-service-of-canada,Correctional Service of Canada,Service correctionnel du Canada,CSC PPU 096,en,English,CSC WOS 010,institution_specific,Institution-specific class,false,Needs review,,
ati-schedule-i-correctional-service-of-canada,Correctional Service of Canada,Service correctionnel du Canada,CSC PPU 082,en,English,CSC CDS 020,institution_specific,Institution-specific class,false,Needs review,,
ati-schedule-i-correctional-service-of-canada,Correctional Service of Canada,Service correctionnel du Canada,CSC PPU 115,en,English,CSC COP 130,institution_specific,Institution-specific class,false,Needs review,,
ati-schedule-i-correctional-service-of-canada,Correctional Service of Canada,Service correctionnel du Canada,CSC PPU 115,en,English,CSC COP 390,institution_specific,Institution-specific class,false,Needs review,,
ati-schedule-i-correctional-service-of-canada,Correctional Service of Canada,Service correctionnel du Canada,CSC PPU 115,en,English,CSC COP 480,institution_specific,Institution-specific class,false,Needs review,,
ati-schedule-i-correctional-service-of-canada,Correctional Service of Canada,Service correctionnel du Canada,CSC PPU 115,en,English,CSC COP 050,institution_specific,Institution-specific class,false,Needs review,,
ati-schedule-i-correctional-service-of-canada,Correctional Service of Canada,Service correctionnel du Canada,CSC PPU 115,en,English,CSC COP 420,institution_specific,Institution-specific class,false,Needs review,,
ati-schedule-i-correctional-service-of-canada,Correctional Service of Canada,Service correctionnel du Canada,CSC PPU 115,en,English,CSC COP 140,institution_specific,Institution-specific class,true,Resolved,CSC COP 140,CSC COP 140
ati-schedule-i-correctional-service-of-canada,Correctional Service of Canada,Service correctionnel du Canada,CSC PPU 115,en,English,CSC COP 230,institution_specific,Institution-specific class,false,Needs review,,
ati-schedule-i-correctional-service-of-canada,Correctional Service of Canada,Service correctionnel du Canada,CSC PPU 065,en,English,CSC COP 390,institution_specific,Institution-specific class,false,Needs review,,
ati-schedule-i-correctional-service-of-canada,Correctional Service of Canada,Service correctionnel du Canada,CSC PPU 110,en,English,CSC COP 050,institution_specific,Institution-specific class,false,Needs review,,
ati-schedule-i-correctional-service-of-canada,Correctional Service of Canada,Service correctionnel du Canada,CSC PPU 110,en,English,CSC COP 130,institution_specific,Institution-specific class,false,Needs review,,
ati-schedule-i-correctional-service-of-canada,Correctional Service of Canada,Service correctionnel du Canada,CSC PPU 110,en,English,CSC COP 140,institution_specific,Institution-specific class,true,Resolved,CSC COP 140,CSC COP 140
ati-schedule-i-correctional-service-of-canada,Correctional Service of Canada,Service correctionnel du Canada,CSC PPU 110,en,English,CSC COP 230,institution_specific,Institution-specific class,false,Needs review,,
ati-schedule-i-correctional-service-of-canada,Correctional Service of Canada,Service correctionnel du Canada,CSC PPU 110,en,English,CSC COP 390,institution_specific,Institution-specific class,false,Needs review,,
ati-schedule-i-correctional-service-of-canada,Correctional Service of Canada,Service correctionnel du Canada,CSC PPU 110,en,English,CSC COP 420,institution_specific,Institution-specific class,false,Needs review,,
ati-schedule-i-correctional-service-of-canada,Correctional Service of Canada,Service correctionnel du Canada,CSC PPU 110,en,English,CSC COP 480,institution_specific,Institution-specific class,false,Needs review,,
ati-schedule-i-correctional-service-of-canada,Correctional Service of Canada,Service correctionnel du Canada,CSC PPU 075,en,English,CSC COP 420,institution_specific,Institution-specific class,false,Needs review,,
ati-schedule-i-correctional-service-of-canada,Correctional Service of Canada,Service correctionnel du Canada,CSC PPU 200,en,English,CSC COP 010,institution_specific,Institution-specific class,false,Needs review,,
ati-schedule-i-correctional-service-of-canada,Correctional Service of Canada,Service correctionnel du Canada,CSC PPU 135,en,English,CSC COP 475,institution_specific,Institution-specific class,false,Needs review,,
ati-schedule-i-correctional-service-of-canada,Correctional Service of Canada,Service correctionnel du Canada,CSC PPU 080,en,English,CSC COP 480,institution_specific,Institution-specific class,false,Needs review,,
ati-schedule-i-correctional-service-of-canada,Correctional Service of Canada,Service correctionnel du Canada,CSC PPU 000,en,English,CSC CCE 080,institution_specific,Institution-specific class,false,Needs review,,
ati-schedule-i-economic-development-agency-of-canada-for-the-regions-of-quebec,Economic Development Agency of Canada for the Regions of Quebec,Agence de développement économique du Canada pour les régions du Québec,CED PPU 138,en,English,CED 122,institution_specific,Institution-specific class,true,Resolved,CED 122,CED 122
ati-schedule-i-federal-economic-development-agency-for-northern-ontario,Federal Economic Development Agency for Northern Ontario,Agence fédérale de développement économique pour le Nord de l’Ontario,FEDNOR PPU 001,en,English,FEDNOR 101,institution_specific,Institution-specific class,true,Resolved,FedNor 101,FedNor 101
ati-schedule-i-federal-economic-development-agency-for-northern-ontario,Federal Economic Development Agency for Northern Ontario,Agence fédérale de développement économique pour le Nord de l’Ontario,FEDNOR PPU 001,en,English,FEDNOR 102,institution_specific,Institution-specific class,true,Resolved,FedNor 102,FedNor 102
ati-schedule-i-federal-economic-development-agency-for-northern-ontario,Federal Economic Development Agency for Northern Ontario,Agence fédérale de développement économique pour le Nord de l’Ontario,FEDNOR PPU 001,en,English,AND FEDNOR 103,institution_specific,Institution-specific class,true,Resolved,FedNor 103,FedNor 103
ati-schedule-i-immigration-and-refugee-board,Immigration and Refugee Board,Commission de l’immigration et du statut de réfugié,IRB PPU 140,en,English,IRB ADJ 130,institution_specific,Institution-specific class,true,Resolved,IRB ADJ 130,IRB ADJ 130
ati-schedule-i-immigration-and-refugee-board,Immigration and Refugee Board,Commission de l’immigration et du statut de réfugié,IRB PPU 140,en,English,IRB INF 160,institution_specific,Institution-specific class,true,Resolved,IRB INF 160,IRB INF 160
ati-schedule-i-immigration-and-refugee-board,Immigration and Refugee Board,Commission de l’immigration et du statut de réfugié,IRB PPU 140,fr,French,CISR ADJ 130,institution_specific,Institution-specific class,true,Resolved,IRB ADJ 130,IRB ADJ 130
ati-schedule-i-immigration-and-refugee-board,Immigration and Refugee Board,Commission de l’immigration et du statut de réfugié,IRB PPU 140,fr,French,CISR INF 160,institution_specific,Institution-specific class,true,Resolved,IRB INF 160,IRB INF 160
ati-schedule-i-immigration-and-refugee-board,Immigration and Refugee Board,Commission de l’immigration et du statut de réfugié,IRB PPU 125,en,English,IRB OPS 110,institution_specific,Institution-specific class,true,Resolved,IRB OPS 110,IRB OPS 110
ati-schedule-i-immigration-and-refugee-board,Immigration and Refugee Board,Commission de l’immigration et du statut de réfugié,IRB PPU 125,fr,French,CISR OPS 110,institution_specific,Institution-specific class,true,Resolved,IRB OPS 110,IRB OPS 110
ati-schedule-i-immigration-and-refugee-board,Immigration and Refugee Board,Commission de l’immigration et du statut de réfugié,IRB PPU 105,en,English,IRB OPS 005,institution_specific,Institution-specific class,true,Resolved,IRB OPS 005,IRB OPS 005
ati-schedule-i-immigration-and-refugee-board,Immigration and Refugee Board,Commission de l’immigration et du statut de réfugié,IRB PPU 105,fr,French,CISR OPS 005,institution_specific,Institution-specific class,true,Resolved,IRB OPS 005,IRB OPS 005
ati-schedule-i-immigration-and-refugee-board,Immigration and Refugee Board,Commission de l’immigration et du statut de réfugié,IRB PPU 155,en,English,IRB OPS 025,institution_specific,Institution-specific class,true,Resolved,IRB OPS 025,IRB OPS 025
ati-schedule-i-immigration-and-refugee-board,Immigration and Refugee Board,Commission de l’immigration et du statut de réfugié,IRB PPU 155,en,English,IRB OPS 020,institution_specific,Institution-specific class,true,Resolved,IRB OPS 020,IRB OPS 020
ati-schedule-i-immigration-and-refugee-board,Immigration and Refugee Board,Commission de l’immigration et du statut de réfugié,IRB PPU 155,en,English,IRB OPS 015,institution_specific,Institution-specific class,true,Resolved,IRB OPS 015,IRB OPS 015
ati-schedule-i-immigration-and-refugee-board,Immigration and Refugee Board,Commission de l’immigration et du statut de réfugié,IRB PPU 155,fr,French,CISR OPS 025,institution_specific,Institution-specific class,true,Resolved,IRB OPS 025,IRB OPS 025
ati-schedule-i-immigration-and-refugee-board,Immigration and Refugee Board,Commission de l’immigration et du statut de réfugié,IRB PPU 155,fr,French,CISR OPS 020,institution_specific,Institution-specific class,true,Resolved,IRB OPS 020,IRB OPS 020
ati-schedule-i-immigration-and-refugee-board,Immigration and Refugee Board,Commission de l’immigration et du statut de réfugié,IRB PPU 155,fr,French,CISR OPS 015,institution_specific,Institution-specific class,true,Resolved,IRB OPS 015,IRB OPS 015
ati-schedule-i-immigration-and-refugee-board,Immigration and Refugee Board,Commission de l’immigration et du statut de réfugié,IRB PPU 110,en,English,IRB OPS 025,institution_specific,Institution-specific class,true,Resolved,IRB OPS 025,IRB OPS 025
ati-schedule-i-immigration-and-refugee-board,Immigration and Refugee Board,Commission de l’immigration et du statut de réfugié,IRB PPU 110,fr,French,CISR OPS 025,institution_specific,Institution-specific class,true,Resolved,IRB OPS 025,IRB OPS 025
ati-schedule-i-immigration-and-refugee-board,Immigration and Refugee Board,Commission de l’immigration et du statut de réfugié,IRB PPU 115,en,English,IRB OPS 020,institution_specific,Institution-specific class,true,Resolved,IRB OPS 020,IRB OPS 020
ati-schedule-i-immigration-and-refugee-board,Immigration and Refugee Board,Commission de l’immigration et du statut de réfugié,IRB PPU 115,en,English,IRB OPS 015,institution_specific,Institution-specific class,true,Resolved,IRB OPS 015,IRB OPS 015
ati-schedule-i-immigration-and-refugee-board,Immigration and Refugee Board,Commission de l’immigration et du statut de réfugié,IRB PPU 115,en,English,IRB DOC 140,institution_specific,Institution-specific class,true,Resolved,IRB DOC 140,IRB DOC 140
ati-schedule-i-immigration-and-refugee-board,Immigration and Refugee Board,Commission de l’immigration et du statut de réfugié,IRB PPU 115,fr,French,CISR OPS 020,institution_specific,Institution-specific class,true,Resolved,IRB OPS 020,IRB OPS 020
ati-schedule-i-immigration-and-refugee-board,Immigration and Refugee Board,Commission de l’immigration et du statut de réfugié,IRB PPU 115,fr,French,CISR OPS 015,institution_specific,Institution-specific class,true,Resolved,IRB OPS 015,IRB OPS 015
ati-schedule-i-immigration-and-refugee-board,Immigration and Refugee Board,Commission de l’immigration et du statut de réfugié,IRB PPU 115,fr,French,CISR DOC 140,institution_specific,Institution-specific class,true,Resolved,IRB DOC 140,IRB DOC 140
ati-schedule-i-immigration-and-refugee-board,Immigration and Refugee Board,Commission de l’immigration et du statut de réfugié,IRB PPU 145,en,English,IRB DOC 135,institution_specific,Institution-specific class,true,Resolved,IRB DOC 135,IRB DOC 135
ati-schedule-i-immigration-and-refugee-board,Immigration and Refugee Board,Commission de l’immigration et du statut de réfugié,IRB PPU 145,fr,French,CISR DOC 135,institution_specific,Institution-specific class,true,Resolved,IRB DOC 135,IRB DOC 135
ati-schedule-i-library-and-archives-of-canada,Library and Archives of Canada,Bibliothèque et Archives du Canada,LAC PPU 060,en,English,LAC DHC 320,institution_specific,Institution-specific class,true,Resolved,LAC DHC 320,LAC DHC 320
ati-schedule-i-library-and-archives-of-canada,Library and Archives of Canada,Bibliothèque et Archives du Canada,LAC PPU 025,en,English,LAC DHC 114,institution_specific,Institution-specific class,true,Resolved,LAC DHC 114,LAC DHC 114
ati-schedule-i-library-and-archives-of-canada,Library and Archives of Canada,Bibliothèque et Archives du Canada,LAC PPU 040,en,English,LAC PS 090,institution_specific,Institution-specific class,true,Resolved,LAC PS 090,LAC PS 090
ati-schedule-i-library-and-archives-of-canada,Library and Archives of Canada,Bibliothèque et Archives du Canada,LAC PPU 011,en,English,LAC PS 013,institution_specific,Institution-specific class,true,Resolved,LAC PS 013,LAC PS 013
ati-schedule-i-library-and-archives-of-canada,Library and Archives of Canada,Bibliothèque et Archives du Canada,LAC PPU 715,en,English,LAC CMHI 155,institution_specific,Institution-specific class,true,Resolved,LAC CMHI 155,LAC CMHI 155
ati-schedule-i-library-and-archives-of-canada,Library and Archives of Canada,Bibliothèque et Archives du Canada,LAC PPU 715,en,English,LAC CMHI 170,institution_specific,Institution-specific class,true,Resolved,LAC CMHI 170,LAC CMHI 170
ati-schedule-i-library-and-archives-of-canada,Library and Archives of Canada,Bibliothèque et Archives du Canada,LAC PPU 727,en,English,LAC CMHI 155,institution_specific,Institution-specific class,true,Resolved,LAC CMHI 155,LAC CMHI 155
ati-schedule-i-library-and-archives-of-canada,Library and Archives of Canada,Bibliothèque et Archives du Canada,LAC PPU 727,en,English,LAC CMHI 170,institution_specific,Institution-specific class,true,Resolved,LAC CMHI 170,LAC CMHI 170
ati-schedule-i-library-and-archives-of-canada,Library and Archives of Canada,Bibliothèque et Archives du Canada,LAC PPE 710,en,English,LAC CMHI 155,institution_specific,Institution-specific class,true,Resolved,LAC CMHI 155,LAC CMHI 155
ati-schedule-i-library-and-archives-of-canada,Library and Archives of Canada,Bibliothèque et Archives du Canada,LAC PPU 017,en,English,LAC CMHI 155,institution_specific,Institution-specific class,true,Resolved,LAC CMHI 155,LAC CMHI 155
ati-schedule-i-library-and-archives-of-canada,Library and Archives of Canada,Bibliothèque et Archives du Canada,LAC PPU 017,en,English,LAC CMHI 170,institution_specific,Institution-specific class,true,Resolved,LAC CMHI 170,LAC CMHI 170
ati-schedule-i-library-and-archives-of-canada,Library and Archives of Canada,Bibliothèque et Archives du Canada,LAC PPU 027,en,English,LAC CMHI 155,institution_specific,Institution-specific class,true,Resolved,LAC CMHI 155,LAC CMHI 155
ati-schedule-i-library-and-archives-of-canada,Library and Archives of Canada,Bibliothèque et Archives du Canada,LAC PPU 027,en,English,LAC CMHI 170,institution_specific,Institution-specific class,true,Resolved,LAC CMHI 170,LAC CMHI 170
ati-schedule-i-library-and-archives-of-canada,Library and Archives of Canada,Bibliothèque et Archives du Canada,LAC PPU 721,en,English,LAC CMHI 155,institution_specific,Institution-specific class,true,Resolved,LAC CMHI 155,LAC CMHI 155
ati-schedule-i-library-and-archives-of-canada,Library and Archives of Canada,Bibliothèque et Archives du Canada,LAC PPU 721,en,English,LAC CMHI 170,institution_specific,Institution-specific class,true,Resolved,LAC CMHI 170,LAC CMHI 170
ati-schedule-i-library-and-archives-of-canada,Library and Archives of Canada,Bibliothèque et Archives du Canada,LAC PCU 748,en,English,LAC CMHI 155,institution_specific,Institution-specific class,true,Resolved,LAC CMHI 155,LAC CMHI 155
ati-schedule-i-library-and-archives-of-canada,Library and Archives of Canada,Bibliothèque et Archives du Canada,LAC PCU 748,en,English,LAC CMHI 170,institution_specific,Institution-specific class,true,Resolved,LAC CMHI 170,LAC CMHI 170
ati-schedule-i-library-and-archives-of-canada,Library and Archives of Canada,Bibliothèque et Archives du Canada,LAC PPU 018,en,English,LAC CMHI 155,institution_specific,Institution-specific class,true,Resolved,LAC CMHI 155,LAC CMHI 155
ati-schedule-i-library-and-archives-of-canada,Library and Archives of Canada,Bibliothèque et Archives du Canada,LAC PPU 018,en,English,LAC CMHI 170,institution_specific,Institution-specific class,true,Resolved,LAC CMHI 170,LAC CMHI 170
ati-schedule-i-library-and-archives-of-canada,Library and Archives of Canada,Bibliothèque et Archives du Canada,LAC PPU 722,en,English,LAC CMHI 155,institution_specific,Institution-specific class,true,Resolved,LAC CMHI 155,LAC CMHI 155
ati-schedule-i-library-and-archives-of-canada,Library and Archives of Canada,Bibliothèque et Archives du Canada,LAC PPU 722,en,English,LAC CMHI 170,institution_specific,Institution-specific class,true,Resolved,LAC CMHI 170,LAC CMHI 170
ati-schedule-i-library-and-archives-of-canada,Library and Archives of Canada,Bibliothèque et Archives du Canada,LAC PPU 023,en,English,LAC CMHI 155,institution_specific,Institution-specific class,true,Resolved,LAC CMHI 155,LAC CMHI 155
ati-schedule-i-library-and-archives-of-canada,Library and Archives of Canada,Bibliothèque et Archives du Canada,LAC PPU 023,en,English,LAC CMHI 170,institution_specific,Institution-specific class,true,Resolved,LAC CMHI 170,LAC CMHI 170
ati-schedule-i-library-and-archives-of-canada,Library and Archives of Canada,Bibliothèque et Archives du Canada,LAC PPU 024,en,English,LAC CMHI 155,institution_specific,Institution-specific class,true,Resolved,LAC CMHI 155,LAC CMHI 155
ati-schedule-i-library-and-archives-of-canada,Library and Archives of Canada,Bibliothèque et Archives du Canada,LAC PPU 024,en,English,LAC CMHI 170,institution_specific,Institution-specific class,true,Resolved,LAC CMHI 170,LAC CMHI 170
ati-schedule-i-library-and-archives-of-canada,Library and Archives of Canada,Bibliothèque et Archives du Canada,LAC PPU 026,en,English,LAC CMHI 155,institution_specific,Institution-specific class,true,Resolved,LAC CMHI 155,LAC CMHI 155
ati-schedule-i-library-and-archives-of-canada,Library and Archives of Canada,Bibliothèque et Archives du Canada,LAC PPU 026,en,English,LAC CMHI 170,institution_specific,Institution-specific class,true,Resolved,LAC CMHI 170,LAC CMHI 170
ati-schedule-i-library-and-archives-of-canada,Library and Archives of Canada,Bibliothèque et Archives du Canada,LAC PPU 028,en,English,LAC CMHI 155,institution_specific,Institution-specific class,true,Resolved,LAC CMHI 155,LAC CMHI 155
ati-schedule-i-library-and-archives-of-canada,Library and Archives of Canada,Bibliothèque et Archives du Canada,LAC PPU 028,en,English,LAC CMHI 170,institution_specific,Institution-specific class,true,Resolved,LAC CMHI 170,LAC CMHI 170
ati-schedule-i-library-and-archives-of-canada,Library and Archives of Canada,Bibliothèque et Archives du Canada,LAC PPU 725,en,English,LAC CMHI 155,institution_specific,Institution-specific class,true,Resolved,LAC CMHI 155,LAC CMHI 155
ati-schedule-i-library-and-archives-of-canada,Library and Archives of Canada,Bibliothèque et Archives du Canada,LAC PPU 725,en,English,LAC CMHI 170,institution_specific,Institution-specific class,true,Resolved,LAC CMHI 170,LAC CMHI 170
ati-schedule-i-library-and-archives-of-canada,Library and Archives of Canada,Bibliothèque et Archives du Canada,LAC PPU 719,en,English,LAC CMHI 155,institution_specific,Institution-specific class,true,Resolved,LAC CMHI 155,LAC CMHI 155
ati-schedule-i-library-and-archives-of-canada,Library and Archives of Canada,Bibliothèque et Archives du Canada,LAC PPU 719,en,English,LAC CMHI 170,institution_specific,Institution-specific class,true,Resolved,LAC CMHI 170,LAC CMHI 170
ati-schedule-i-library-and-archives-of-canada,Library and Archives of Canada,Bibliothèque et Archives du Canada,LAC PPU 029,en,English,LAC CMHI 155,institution_specific,Institution-specific class,true,Resolved,LAC CMHI 155,LAC CMHI 155
ati-schedule-i-library-and-archives-of-canada,Library and Archives of Canada,Bibliothèque et Archives du Canada,LAC PPU 029,en,English,LAC CMHI 170,institution_specific,Institution-specific class,true,Resolved,LAC CMHI 170,LAC CMHI 170
ati-schedule-i-library-and-archives-of-canada,Library and Archives of Canada,Bibliothèque et Archives du Canada,LAC PPE 713,en,English,LAC CMHI 170,institution_specific,Institution-specific class,true,Resolved,LAC CMHI 170,LAC CMHI 170
ati-schedule-i-library-and-archives-of-canada,Library and Archives of Canada,Bibliothèque et Archives du Canada,LAC PPE 712,en,English,LAC CMHI 170,institution_specific,Institution-specific class,true,Resolved,LAC CMHI 170,LAC CMHI 170
ati-schedule-i-library-and-archives-of-canada,Library and Archives of Canada,Bibliothèque et Archives du Canada,LAC PPE 711,en,English,LAC CMHI 170,institution_specific,Institution-specific class,true,Resolved,LAC CMHI 170,LAC CMHI 170
ati-schedule-i-montreal-port-authority,Montreal Port Authority,Administration portuaire de Montréal,MPA PPU 005,en,English,MPA LAS 005,institution_specific,Institution-specific class,true,Resolved,MPA LAS 005,MPA LAS 005
ati-schedule-i-montreal-port-authority,Montreal Port Authority,Administration portuaire de Montréal,MPA PPU 035,en,English,MPA LAS 005,institution_specific,Institution-specific class,true,Resolved,MPA LAS 005,MPA LAS 005
ati-schedule-i-montreal-port-authority,Montreal Port Authority,Administration portuaire de Montréal,MPA PPU 030,en,English,MPA LAS 005,institution_specific,Institution-specific class,true,Resolved,MPA LAS 005,MPA LAS 005
ati-schedule-i-montreal-port-authority,Montreal Port Authority,Administration portuaire de Montréal,MPA PPU 040,en,English,MPA OPE 060,institution_specific,Institution-specific class,true,Resolved,MPA SAF 060,MPA SAF 060
ati-schedule-i-national-research-council-of-canada,National Research Council of Canada,Conseil national de recherches du Canada,NRC PPU 806,en,English,NRC IRC 011,institution_specific,Institution-specific class,false,Needs review,,
ati-schedule-i-natural-sciences-and-engineering-research-council,Natural Sciences and Engineering Research Council,Conseil de recherches en sciences naturelles et en génie,NSERC PPU 060,en,English,NSERC 006,institution_specific,Institution-specific class,true,Resolved,NSERC 006,NSERC 006
ati-schedule-i-natural-sciences-and-engineering-research-council,Natural Sciences and Engineering Research Council,Conseil de recherches en sciences naturelles et en génie,NSERC PPU 060,en,English,THROUGH 006,institution_specific,Institution-specific class,true,Resolved,NSERC 006,NSERC 006
ati-schedule-i-natural-sciences-and-engineering-research-council,Natural Sciences and Engineering Research Council,Conseil de recherches en sciences naturelles et en génie,NSERC PPU 060,fr,French,CRSNG 006,institution_specific,Institution-specific class,true,Resolved,NSERC 006,NSERC 006
ati-schedule-i-natural-sciences-and-engineering-research-council,Natural Sciences and Engineering Research Council,Conseil de recherches en sciences naturelles et en génie,NSERC PPU 023,en,English,NSERC 006,institution_specific,Institution-specific class,true,Resolved,NSERC 006,NSERC 006
ati-schedule-i-office-of-the-administrator-of-the-fund-for-railway-accidents-involving-designated-goods,Office of the Administrator of the Fund for Railway Accidents Involving Designated Goods,Bureau de l’administrateur de la Caisse d’indemnisation pour les accidents ferroviaires impliquant des marchandises désignées,SRCC PPU 001,en,English,SSOPF INC 001,institution_specific,Institution-specific class,false,Needs review,,
ati-schedule-i-office-of-the-administrator-of-the-fund-for-railway-accidents-involving-designated-goods,Office of the Administrator of the Fund for Railway Accidents Involving Designated Goods,Bureau de l’administrateur de la Caisse d’indemnisation pour les accidents ferroviaires impliquant des marchandises désignées,SRCC PPU 001,fr,French,CIDPHN INC 001,institution_specific,Institution-specific class,false,Needs review,,
ati-schedule-i-office-of-the-administrator-of-the-ship-source-oil-pollution-fund,Office of the Administrator of the Ship-source Oil Pollution Fund,Bureau de l’administrateur de la Caisse d’indemnisation des dommages dus à la pollution par les hydrocarbures causée par les navires,SRCC PPU 001,en,English,SSOPF INC 001,institution_specific,Institution-specific class,false,Needs review,,
ati-schedule-i-office-of-the-administrator-of-the-ship-source-oil-pollution-fund,Office of the Administrator of the Ship-source Oil Pollution Fund,Bureau de l’administrateur de la Caisse d’indemnisation des dommages dus à la pollution par les hydrocarbures causée par les navires,SRCC PPU 001,fr,French,CIDPHN INC 001,institution_specific,Institution-specific class,false,Needs review,,
ati-schedule-i-office-of-the-correctional-investigator-of-canada,Office of the Correctional Investigator of Canada,Bureau de l’enquêteur correctionnel du Canada,OCI PPU 005,en,English,OCI BEC 030,institution_specific,Institution-specific class,true,Resolved,OCI BEC 030,OCI BEC 030
ati-schedule-i-office-of-the-correctional-investigator-of-canada,Office of the Correctional Investigator of Canada,Bureau de l’enquêteur correctionnel du Canada,OCI PPU 005,en,English,OCI BEC 010,institution_specific,Institution-specific class,true,Resolved,OCI BEC 010,OCI BEC 010
ati-schedule-i-office-of-the-correctional-investigator-of-canada,Office of the Correctional Investigator of Canada,Bureau de l’enquêteur correctionnel du Canada,OCI PPU 005,en,English,OCI BEC 005,institution_specific,Institution-specific class,true,Resolved,OCI BEC 005,OCI BEC 005
ati-schedule-i-office-of-the-correctional-investigator-of-canada,Office of the Correctional Investigator of Canada,Bureau de l’enquêteur correctionnel du Canada,OCI PPU 005,en,English,OCI BEC 020,institution_specific,Institution-specific class,true,Resolved,OCI BEC 020,OCI BEC 020
ati-schedule-i-office-of-the-correctional-investigator-of-canada,Office of the Correctional Investigator of Canada,Bureau de l’enquêteur correctionnel du Canada,OCI PPU 005,fr,French,OCI BEC 030,institution_specific,Institution-specific class,true,Resolved,OCI BEC 030,OCI BEC 030
ati-schedule-i-office-of-the-correctional-investigator-of-canada,Office of the Correctional Investigator of Canada,Bureau de l’enquêteur correctionnel du Canada,OCI PPU 005,fr,French,OCI BEC 010,institution_specific,Institution-specific class,true,Resolved,OCI BEC 010,OCI BEC 010
ati-schedule-i-office-of-the-correctional-investigator-of-canada,Office of the Correctional Investigator of Canada,Bureau de l’enquêteur correctionnel du Canada,OCI PPU 005,fr,French,OCI BEC 005,institution_specific,Institution-specific class,true,Resolved,OCI BEC 005,OCI BEC 005
ati-schedule-i-office-of-the-correctional-investigator-of-canada,Office of the Correctional Investigator of Canada,Bureau de l’enquêteur correctionnel du Canada,OCI PPU 005,fr,French,OCI BEC 020,institution_specific,Institution-specific class,true,Resolved,OCI BEC 020,OCI BEC 020
ati-schedule-i-office-of-the-correctional-investigator-of-canada,Office of the Correctional Investigator of Canada,Bureau de l’enquêteur correctionnel du Canada,OCI PPU 010,en,English,OCI BEC 035,institution_specific,Institution-specific class,true,Resolved,OCI BEC 035,OCI BEC 035
ati-schedule-i-office-of-the-correctional-investigator-of-canada,Office of the Correctional Investigator of Canada,Bureau de l’enquêteur correctionnel du Canada,OCI PPU 010,fr,French,OCI BEC 035,institution_specific,Institution-specific class,true,Resolved,OCI BEC 035,OCI BEC 035
ati-schedule-i-office-of-the-director-of-public-prosecutions,Office of the Director of Public Prosecutions,Bureau du directeur des poursuites pénales,SPPC PPU 005,fr,French,SPPC LGL 015,institution_specific,Institution-specific class,true,Resolved,SPPC LGL 015,SPPC LGL 015
ati-schedule-i-office-of-the-director-of-public-prosecutions,Office of the Director of Public Prosecutions,Bureau du directeur des poursuites pénales,SPPC PPU 001,fr,French,SPPC REG 001,institution_specific,Institution-specific class,true,Resolved,SPPC REG 001,SPPC REG 001
ati-schedule-i-office-of-the-privacy-commissioner,Office of the Privacy Commissioner,Commissariat à la protection de la vie privée,OPC PPU 005,en,English,OPC CPL 001,institution_specific,Institution-specific class,true,Resolved,OPC CPL 001,OPC CPL 001
ati-schedule-i-office-of-the-privacy-commissioner,Office of the Privacy Commissioner,Commissariat à la protection de la vie privée,OPC PPU 001,en,English,OPC CPL 002,institution_specific,Institution-specific class,true,Resolved,OPC CPL 002,OPC CPL 002
ati-schedule-i-office-of-the-privacy-commissioner,Office of the Privacy Commissioner,Commissariat à la protection de la vie privée,OPC PPU 008,en,English,OPC CPL 004,institution_specific,Institution-specific class,true,Resolved,OPC CPL 004,OPC CPL 004
ati-schedule-i-office-of-the-privacy-commissioner,Office of the Privacy Commissioner,Commissariat à la protection de la vie privée,OPC PPU 004,en,English,OPC CPL 006,institution_specific,Institution-specific class,true,Resolved,OPC CPL 006,OPC CPL 006
ati-schedule-i-office-of-the-privacy-commissioner,Office of the Privacy Commissioner,Commissariat à la protection de la vie privée,OPC PPU 006,en,English,OPC CPL 008,institution_specific,Institution-specific class,true,Resolved,OPC CPL 008,OPC CPL 008
ati-schedule-i-office-of-the-privacy-commissioner,Office of the Privacy Commissioner,Commissariat à la protection de la vie privée,OPC PPU 003,en,English,OPC PEC 002,institution_specific,Institution-specific class,true,Resolved,OPC PEC 002,OPC PEC 002
ati-schedule-i-office-of-the-public-sector-integrity-commissioner,Office of the Public Sector Integrity Commissioner,Commissariat à l’intégrité du secteur public,PSIC PPU 005,en,English,PSIC 002,institution_specific,Institution-specific class,true,Resolved,PSIC 002,PSIC 002
ati-schedule-i-office-of-the-public-sector-integrity-commissioner,Office of the Public Sector Integrity Commissioner,Commissariat à l’intégrité du secteur public,PSIC PPU 005,fr,French,ISPC 002,institution_specific,Institution-specific class,true,Resolved,PSIC 002,PSIC 002
ati-schedule-i-office-of-the-public-sector-integrity-commissioner,Office of the Public Sector Integrity Commissioner,Commissariat à l’intégrité du secteur public,PSIC PPU 006,en,English,PSIC 004,institution_specific,Institution-specific class,true,Resolved,PSIC 004,PSIC 004
ati-schedule-i-office-of-the-public-sector-integrity-commissioner,Office of the Public Sector Integrity Commissioner,Commissariat à l’intégrité du secteur public,PSIC PPU 006,fr,French,ISPC 004,institution_specific,Institution-specific class,true,Resolved,PSIC 004,PSIC 004
ati-schedule-i-office-of-the-superintendent-of-financial-institutions,Office of the Superintendent of Financial Institutions,Bureau du surintendant des institutions financières,OSFI PPU 020,en,English,OSFI RAI 001,institution_specific,Institution-specific class,true,Resolved,OSFI RAI 001,OSFI RAI 001
ati-schedule-i-office-of-the-superintendent-of-financial-institutions,Office of the Superintendent of Financial Institutions,Bureau du surintendant des institutions financières,OSFI PPU 020,fr,French,OSFI RAI 001,institution_specific,Institution-specific class,true,Resolved,OSFI RAI 001,OSFI RAI 001
ati-schedule-i-office-of-the-superintendent-of-financial-institutions,Office of the Superintendent of Financial Institutions,Bureau du surintendant des institutions financières,OSFI PPU 015,en,English,OSFI RAA 001,institution_specific,Institution-specific class,true,Resolved,OSFI RAA 001,OSFI RAA 001
ati-schedule-i-office-of-the-superintendent-of-financial-institutions,Office of the Superintendent of Financial Institutions,Bureau du surintendant des institutions financières,OSFI PPE 001,en,English,PRN 931,standard,Standard class,true,Resolved,931,PRN 931 / NDP 931
ati-schedule-i-office-of-the-superintendent-of-financial-institutions,Office of the Superintendent of Financial Institutions,Bureau du surintendant des institutions financières,OSFI PPE 001,fr,French,PRN 931,standard,Standard class,true,Resolved,931,PRN 931 / NDP 931
ati-schedule-i-pacific-economic-development-agency-of-canada,Pacific Economic Development Agency of Canada,Agence de développement économique du Pacifique Canada,PED PPU 055,en,English,PED 100,institution_specific,Institution-specific class,false,Needs review,,
ati-schedule-i-pacific-economic-development-agency-of-canada,Pacific Economic Development Agency of Canada,Agence de développement économique du Pacifique Canada,PED PPU 055,en,English,PED 105,institution_specific,Institution-specific class,false,Needs review,,
ati-schedule-i-pacific-economic-development-agency-of-canada,Pacific Economic Development Agency of Canada,Agence de développement économique du Pacifique Canada,PED PPU 055,en,English,PED 110,institution_specific,Institution-specific class,false,Needs review,,
ati-schedule-i-pacific-economic-development-agency-of-canada,Pacific Economic Development Agency of Canada,Agence de développement économique du Pacifique Canada,PED PPU 055,en,English,PED 115,institution_specific,Institution-specific class,false,Needs review,,
ati-schedule-i-pacific-economic-development-agency-of-canada,Pacific Economic Development Agency of Canada,Agence de développement économique du Pacifique Canada,PED PPU 055,en,English,PED 200,institution_specific,Institution-specific class,false,Needs review,,
ati-schedule-i-pacific-economic-development-agency-of-canada,Pacific Economic Development Agency of Canada,Agence de développement économique du Pacifique Canada,PED PPU 055,en,English,PED 205,institution_specific,Institution-specific class,false,Needs review,,
ati-schedule-i-pacific-economic-development-agency-of-canada,Pacific Economic Development Agency of Canada,Agence de développement économique du Pacifique Canada,PED PPU 055,en,English,PED 210,institution_specific,Institution-specific class,false,Needs review,,
ati-schedule-i-pacific-economic-development-agency-of-canada,Pacific Economic Development Agency of Canada,Agence de développement économique du Pacifique Canada,PED PPU 055,en,English,PED 215,institution_specific,Institution-specific class,false,Needs review,,
ati-schedule-i-pacific-economic-development-agency-of-canada,Pacific Economic Development Agency of Canada,Agence de développement économique du Pacifique Canada,PED PPU 055,en,English,PED 300,institution_specific,Institution-specific class,true,Resolved,PED 300,PED 300
ati-schedule-i-pacific-economic-development-agency-of-canada,Pacific Economic Development Agency of Canada,Agence de développement économique du Pacifique Canada,PED PPU 055,en,English,PED 305,institution_specific,Institution-specific class,false,Needs review,,
ati-schedule-i-parole-board-of-canada,Parole Board of Canada,Commission des libérations conditionnelles du Canada,PBC PPU 005,en,English,PBC CLCC 005,institution_specific,Institution-specific class,true,Resolved,PBC CLCC 005,PBC CLCC 005
ati-schedule-i-parole-board-of-canada,Parole Board of Canada,Commission des libérations conditionnelles du Canada,PBC PPU 005,en,English,PBC CLCC 010,institution_specific,Institution-specific class,true,Resolved,PBC CLCC 010,PBC CLCC 010
ati-schedule-i-parole-board-of-canada,Parole Board of Canada,Commission des libérations conditionnelles du Canada,PBC PPU 005,en,English,PBC CLCC 015,institution_specific,Institution-specific class,true,Resolved,PBC CLCC 015,PBC CLCC 015
ati-schedule-i-parole-board-of-canada,Parole Board of Canada,Commission des libérations conditionnelles du Canada,PBC PPU 015,en,English,PBC CLCC 020,institution_specific,Institution-specific class,true,Resolved,PBC CLCC 020,PBC CLCC 020
ati-schedule-i-parole-board-of-canada,Parole Board of Canada,Commission des libérations conditionnelles du Canada,PBC PPU 010,en,English,PBC CLCC 025,institution_specific,Institution-specific class,true,Resolved,PBC CLCC 025,PBC CLCC 025
ati-schedule-i-parole-board-of-canada,Parole Board of Canada,Commission des libérations conditionnelles du Canada,PBC PPU 010,en,English,PBC CLCC 030,institution_specific,Institution-specific class,true,Resolved,PBC CLCC 030,PBC CLCC 030
ati-schedule-i-prince-rupert-port-authority,Prince Rupert Port Authority,Administration portuaire de Prince-Rupert,PRPA PPU 001,en,English,PRPA OP 007,institution_specific,Institution-specific class,true,Resolved,PRPA OP 007,PRPA OP 007
ati-schedule-i-prince-rupert-port-authority,Prince Rupert Port Authority,Administration portuaire de Prince-Rupert,PRPA PPU 001,fr,French,PRPA OP 007,institution_specific,Institution-specific class,true,Resolved,PRPA OP 007,PRPA OP 007
ati-schedule-i-prince-rupert-port-authority,Prince Rupert Port Authority,Administration portuaire de Prince-Rupert,PRPA PPU 003,en,English,PRPA OP 003,institution_specific,Institution-specific class,false,Needs review,,
ati-schedule-i-prince-rupert-port-authority,Prince Rupert Port Authority,Administration portuaire de Prince-Rupert,PRPA PPU 004,en,English,PRPA OP 002,institution_specific,Institution-specific class,false,Needs review,,
ati-schedule-i-prince-rupert-port-authority,Prince Rupert Port Authority,Administration portuaire de Prince-Rupert,PRPA PPU 002,en,English,PRPA FIN 002,institution_specific,Institution-specific class,false,Needs review,,
ati-schedule-i-prince-rupert-port-authority,Prince Rupert Port Authority,Administration portuaire de Prince-Rupert,PRPA PPU 008,en,English,PRPA OP 005,institution_specific,Institution-specific class,true,Resolved,PRPA OP 005,PRPA OP 005
ati-schedule-i-prince-rupert-port-authority,Prince Rupert Port Authority,Administration portuaire de Prince-Rupert,PRPA PPU 007,en,English,PRPA AM 001,institution_specific,Institution-specific class,true,Resolved,PRPA AM 001,PRPA AM 001
ati-schedule-i-prince-rupert-port-authority,Prince Rupert Port Authority,Administration portuaire de Prince-Rupert,PRPA PPU 009,en,English,PRPA COM 004,institution_specific,Institution-specific class,false,Needs review,,
ati-schedule-i-prince-rupert-port-authority,Prince Rupert Port Authority,Administration portuaire de Prince-Rupert,PRPA PPU 006,en,English,PRPA BUS 012,institution_specific,Institution-specific class,true,Resolved,PRPA BUS 012,PRPA BUS 012
ati-schedule-i-prince-rupert-port-authority,Prince Rupert Port Authority,Administration portuaire de Prince-Rupert,PRPA PPU 005,en,English,PRPA CRA 010,institution_specific,Institution-specific class,true,Resolved,PRPA CRA 010,PRPA CRA 010
ati-schedule-i-privy-council-office,Privy Council Office,Bureau du Conseil privé,PCO PPE 801,en,English,PCO PRN 920,standard,Standard class,true,Resolved,920,PRN 920 / NDP 920
ati-schedule-i-privy-council-office,Privy Council Office,Bureau du Conseil privé,PCO PPE 801,en,English,PCO PRN 931,standard,Standard class,true,Resolved,931,PRN 931 / NDP 931
ati-schedule-i-privy-council-office,Privy Council Office,Bureau du Conseil privé,PCO PPU 005,en,English,PCO 037,institution_specific,Institution-specific class,true,Resolved,PCO 037,PCO 037
ati-schedule-i-privy-council-office,Privy Council Office,Bureau du Conseil privé,PCO PPU 010,en,English,PCO 032,institution_specific,Institution-specific class,true,Resolved,PCO 032,PCO 032
ati-schedule-i-privy-council-office,Privy Council Office,Bureau du Conseil privé,PCO PPU 030,en,English,PCO 039,institution_specific,Institution-specific class,true,Resolved,PCO 039,PCO 039
ati-schedule-i-public-health-agency-of-canada,Public Health Agency of Canada,Agence de la santé publique du Canada,PHAC PPU 314,en,English,PHAC 015,institution_specific,Institution-specific class,true,Resolved,PHAC 015,PHAC 015
ati-schedule-i-public-health-agency-of-canada,Public Health Agency of Canada,Agence de la santé publique du Canada,PHAC PPU 315,en,English,PHAC 015,institution_specific,Institution-specific class,true,Resolved,PHAC 015,PHAC 015
ati-schedule-i-public-health-agency-of-canada,Public Health Agency of Canada,Agence de la santé publique du Canada,PHAC PPU 071,en,English,PHAC 008,institution_specific,Institution-specific class,true,Resolved,PHAC 008,PHAC 008
ati-schedule-i-public-health-agency-of-canada,Public Health Agency of Canada,Agence de la santé publique du Canada,PHAC PPU 071,en,English,PHAC 010,institution_specific,Institution-specific class,true,Resolved,PHAC 010,PHAC 010
ati-schedule-i-public-health-agency-of-canada,Public Health Agency of Canada,Agence de la santé publique du Canada,PHAC PPU 071,fr,French,ASPC 008,institution_specific,Institution-specific class,true,Resolved,PHAC 008,PHAC 008
ati-schedule-i-public-health-agency-of-canada,Public Health Agency of Canada,Agence de la santé publique du Canada,PHAC PPU 071,fr,French,ASPC 010,institution_specific,Institution-specific class,true,Resolved,PHAC 010,PHAC 010
ati-schedule-i-public-health-agency-of-canada,Public Health Agency of Canada,Agence de la santé publique du Canada,PHAC PPU 074,en,English,PHAC 008,institution_specific,Institution-specific class,true,Resolved,PHAC 008,PHAC 008
ati-schedule-i-public-health-agency-of-canada,Public Health Agency of Canada,Agence de la santé publique du Canada,PHAC PPU 074,en,English,PHAC 010,institution_specific,Institution-specific class,true,Resolved,PHAC 010,PHAC 010
ati-schedule-i-public-health-agency-of-canada,Public Health Agency of Canada,Agence de la santé publique du Canada,PHAC PPU 074,fr,French,ASPC 008,institution_specific,Institution-specific class,true,Resolved,PHAC 008,PHAC 008
ati-schedule-i-public-health-agency-of-canada,Public Health Agency of Canada,Agence de la santé publique du Canada,PHAC PPU 074,fr,French,ASPC 010,institution_specific,Institution-specific class,true,Resolved,PHAC 010,PHAC 010
ati-schedule-i-public-health-agency-of-canada,Public Health Agency of Canada,Agence de la santé publique du Canada,PHAC PPU 290,en,English,PHAC 008,institution_specific,Institution-specific class,true,Resolved,PHAC 008,PHAC 008
ati-schedule-i-public-health-agency-of-canada,Public Health Agency of Canada,Agence de la santé publique du Canada,PHAC PPU 290,fr,French,PHAC 008,institution_specific,Institution-specific class,true,Resolved,PHAC 008,PHAC 008
ati-schedule-i-public-health-agency-of-canada,Public Health Agency of Canada,Agence de la santé publique du Canada,PHAC PPU 313,en,English,PHAC 008,institution_specific,Institution-specific class,true,Resolved,PHAC 008,PHAC 008
ati-schedule-i-public-health-agency-of-canada,Public Health Agency of Canada,Agence de la santé publique du Canada,PHAC PPE 305,en,English,PHAC 010,institution_specific,Institution-specific class,true,Resolved,PHAC 010,PHAC 010
ati-schedule-i-public-health-agency-of-canada,Public Health Agency of Canada,Agence de la santé publique du Canada,PHAC PPU 288,en,English,PHAC 008,institution_specific,Institution-specific class,true,Resolved,PHAC 008,PHAC 008
ati-schedule-i-public-health-agency-of-canada,Public Health Agency of Canada,Agence de la santé publique du Canada,PHAC PPU 306,en,English,PHAC 010,institution_specific,Institution-specific class,true,Resolved,PHAC 010,PHAC 010
ati-schedule-i-public-health-agency-of-canada,Public Health Agency of Canada,Agence de la santé publique du Canada,PHAC PPU 308,en,English,PHAC 010,institution_specific,Institution-specific class,true,Resolved,PHAC 010,PHAC 010
ati-schedule-i-public-health-agency-of-canada,Public Health Agency of Canada,Agence de la santé publique du Canada,PHAC PPU 309,en,English,PHAC 010,institution_specific,Institution-specific class,true,Resolved,PHAC 010,PHAC 010
ati-schedule-i-public-health-agency-of-canada,Public Health Agency of Canada,Agence de la santé publique du Canada,PHAC PPU 073,en,English,PHAC 010,institution_specific,Institution-specific class,true,Resolved,PHAC 010,PHAC 010
ati-schedule-i-public-health-agency-of-canada,Public Health Agency of Canada,Agence de la santé publique du Canada,PHAC PPU 072,en,English,PHAC 010,institution_specific,Institution-specific class,true,Resolved,PHAC 010,PHAC 010
ati-schedule-i-public-health-agency-of-canada,Public Health Agency of Canada,Agence de la santé publique du Canada,PHAC PPU 305,en,English,PHAC 010,institution_specific,Institution-specific class,true,Resolved,PHAC 010,PHAC 010
ati-schedule-i-public-health-agency-of-canada,Public Health Agency of Canada,Agence de la santé publique du Canada,PHAC PPU 307,en,English,PHAC 010,institution_specific,Institution-specific class,true,Resolved,PHAC 010,PHAC 010
ati-schedule-i-public-health-agency-of-canada,Public Health Agency of Canada,Agence de la santé publique du Canada,PHAC PPU 310,en,English,PHAC 010,institution_specific,Institution-specific class,true,Resolved,PHAC 010,PHAC 010
ati-schedule-i-public-health-agency-of-canada,Public Health Agency of Canada,Agence de la santé publique du Canada,PHAC PPU 310,fr,French,ASPC 010,institution_specific,Institution-specific class,true,Resolved,PHAC 010,PHAC 010
ati-schedule-i-public-health-agency-of-canada,Public Health Agency of Canada,Agence de la santé publique du Canada,PHAC PPU 286,en,English,PHAC 008,institution_specific,Institution-specific class,true,Resolved,PHAC 008,PHAC 008
ati-schedule-i-public-health-agency-of-canada,Public Health Agency of Canada,Agence de la santé publique du Canada,PHAC PPU 039,en,English,PHAC 008,institution_specific,Institution-specific class,true,Resolved,PHAC 008,PHAC 008
ati-schedule-i-public-health-agency-of-canada,Public Health Agency of Canada,Agence de la santé publique du Canada,PHAC PPU 293,en,English,PHAC 008,institution_specific,Institution-specific class,true,Resolved,PHAC 008,PHAC 008
ati-schedule-i-public-health-agency-of-canada,Public Health Agency of Canada,Agence de la santé publique du Canada,PHAC PPU 316,en,English,PHAC 008,institution_specific,Institution-specific class,true,Resolved,PHAC 008,PHAC 008
ati-schedule-i-public-health-agency-of-canada,Public Health Agency of Canada,Agence de la santé publique du Canada,PHAC PPU 317,en,English,PHAC 008,institution_specific,Institution-specific class,true,Resolved,PHAC 008,PHAC 008
ati-schedule-i-public-service-commission,Public Service Commission,Commission de la fonction publique,PSC PCE 780,en,English,PSC 1.1.2,institution_specific,Institution-specific class,true,Resolved,PSC 1.1.2,PSC 1.1.2
ati-schedule-i-public-service-commission,Public Service Commission,Commission de la fonction publique,PSC PCE 780,fr,French,CFP 1.1.2,institution_specific,Institution-specific class,true,Resolved,PSC 1.1.2,PSC 1.1.2
ati-schedule-i-public-service-commission,Public Service Commission,Commission de la fonction publique,PSC PCE 774,en,English,PSC 1.1.2,institution_specific,Institution-specific class,true,Resolved,PSC 1.1.2,PSC 1.1.2
ati-schedule-i-public-service-commission,Public Service Commission,Commission de la fonction publique,PSC PCE 774,fr,French,CFP 1.1.2,institution_specific,Institution-specific class,true,Resolved,PSC 1.1.2,PSC 1.1.2
ati-schedule-i-public-service-commission,Public Service Commission,Commission de la fonction publique,PSC PCE 800,en,English,PSC 1.1.2,institution_specific,Institution-specific class,true,Resolved,PSC 1.1.2,PSC 1.1.2
ati-schedule-i-public-service-commission,Public Service Commission,Commission de la fonction publique,PSC PCE 800,fr,French,CFP 1.1.2,institution_specific,Institution-specific class,true,Resolved,PSC 1.1.2,PSC 1.1.2
ati-schedule-i-public-service-commission,Public Service Commission,Commission de la fonction publique,PSC PCE 801,en,English,PSC 1.1.2,institution_specific,Institution-specific class,true,Resolved,PSC 1.1.2,PSC 1.1.2
ati-schedule-i-public-service-commission,Public Service Commission,Commission de la fonction publique,PSC PCE 801,fr,French,CFP 1.1.2,institution_specific,Institution-specific class,true,Resolved,PSC 1.1.2,PSC 1.1.2
ati-schedule-i-public-service-commission,Public Service Commission,Commission de la fonction publique,PSC PCE 763,en,English,PSC 1.1.2,institution_specific,Institution-specific class,true,Resolved,PSC 1.1.2,PSC 1.1.2
ati-schedule-i-public-service-commission,Public Service Commission,Commission de la fonction publique,PSC PCE 721,en,English,PSC 1.2.1,institution_specific,Institution-specific class,true,Resolved,PSC 1.2.1,PSC 1.2.1
ati-schedule-i-public-service-commission,Public Service Commission,Commission de la fonction publique,PSC PCE 721,fr,French,CFP 1.2.1,institution_specific,Institution-specific class,true,Resolved,PSC 1.2.1,PSC 1.2.1
ati-schedule-i-public-service-commission,Public Service Commission,Commission de la fonction publique,PSC PCE 746,en,English,PSC 1.2.1,institution_specific,Institution-specific class,true,Resolved,PSC 1.2.1,PSC 1.2.1
ati-schedule-i-public-service-commission,Public Service Commission,Commission de la fonction publique,PSC PCE 746,fr,French,CFP 1.2.1,institution_specific,Institution-specific class,true,Resolved,PSC 1.2.1,PSC 1.2.1
ati-schedule-i-public-service-commission,Public Service Commission,Commission de la fonction publique,PSC PPE 801,en,English,PSC 1.2.1,institution_specific,Institution-specific class,true,Resolved,PSC 1.2.1,PSC 1.2.1
ati-schedule-i-public-service-commission,Public Service Commission,Commission de la fonction publique,PSC PPE 801,fr,French,CFP 1.2.1,institution_specific,Institution-specific class,true,Resolved,PSC 1.2.1,PSC 1.2.1
ati-schedule-i-public-service-commission,Public Service Commission,Commission de la fonction publique,PSC PCE 798,en,English,PSC 1.2.1,institution_specific,Institution-specific class,true,Resolved,PSC 1.2.1,PSC 1.2.1
ati-schedule-i-public-service-commission,Public Service Commission,Commission de la fonction publique,PSC PCE 798,fr,French,CFP 1.2.1,institution_specific,Institution-specific class,true,Resolved,PSC 1.2.1,PSC 1.2.1
ati-schedule-i-public-service-commission,Public Service Commission,Commission de la fonction publique,PSC PPU 015,en,English,PSC 1.2.1,institution_specific,Institution-specific class,true,Resolved,PSC 1.2.1,PSC 1.2.1
ati-schedule-i-public-service-commission,Public Service Commission,Commission de la fonction publique,PSC PPU 040,en,English,PSC 1.2.1,institution_specific,Institution-specific class,true,Resolved,PSC 1.2.1,PSC 1.2.1
ati-schedule-i-public-service-commission,Public Service Commission,Commission de la fonction publique,PSC PPU 040,fr,French,CFP 1.2.1,institution_specific,Institution-specific class,true,Resolved,PSC 1.2.1,PSC 1.2.1
ati-schedule-i-public-service-commission,Public Service Commission,Commission de la fonction publique,PSC PCU 202,en,English,PSC 1.2.2,institution_specific,Institution-specific class,true,Resolved,PSC 1.2.2,PSC 1.2.2
ati-schedule-i-public-service-commission,Public Service Commission,Commission de la fonction publique,PSC PCU 025,en,English,PSC 1.2.2,institution_specific,Institution-specific class,true,Resolved,PSC 1.2.2,PSC 1.2.2
ati-schedule-i-public-service-commission,Public Service Commission,Commission de la fonction publique,PSC PCU 025,fr,French,CFP 1.2.2,institution_specific,Institution-specific class,true,Resolved,PSC 1.2.2,PSC 1.2.2
ati-schedule-i-public-service-commission,Public Service Commission,Commission de la fonction publique,PSC PCE 744,en,English,PSC 1.2.2,institution_specific,Institution-specific class,true,Resolved,PSC 1.2.2,PSC 1.2.2
ati-schedule-i-public-service-commission,Public Service Commission,Commission de la fonction publique,PSC PCE 744,fr,French,CFP 1.2.2,institution_specific,Institution-specific class,true,Resolved,PSC 1.2.2,PSC 1.2.2
ati-schedule-i-public-service-commission,Public Service Commission,Commission de la fonction publique,PSC PCE 796,en,English,PSC 1.2.2,institution_specific,Institution-specific class,true,Resolved,PSC 1.2.2,PSC 1.2.2
ati-schedule-i-public-service-commission,Public Service Commission,Commission de la fonction publique,PSC PCE 796,fr,French,CFP 1.2.2,institution_specific,Institution-specific class,true,Resolved,PSC 1.2.2,PSC 1.2.2
ati-schedule-i-public-service-commission,Public Service Commission,Commission de la fonction publique,PSC PPU 211,en,English,PSC 1.2.2,institution_specific,Institution-specific class,true,Resolved,PSC 1.2.2,PSC 1.2.2
ati-schedule-i-public-service-commission,Public Service Commission,Commission de la fonction publique,PSC PCE 761,en,English,PSC 1.3.2,institution_specific,Institution-specific class,true,Resolved,PSC 1.3.2,PSC 1.3.2
ati-schedule-i-public-service-commission,Public Service Commission,Commission de la fonction publique,PSC PCE 761,fr,French,CFP 1.3.2,institution_specific,Institution-specific class,true,Resolved,PSC 1.3.2,PSC 1.3.2
ati-schedule-i-public-service-commission,Public Service Commission,Commission de la fonction publique,PSC PCE 708,en,English,PSC 1.3.3,institution_specific,Institution-specific class,true,Resolved,PSC 1.3.3,PSC 1.3.3
ati-schedule-i-public-service-commission,Public Service Commission,Commission de la fonction publique,PSC PCE 708,fr,French,CFP 1.3.3,institution_specific,Institution-specific class,true,Resolved,PSC 1.3.3,PSC 1.3.3
ati-schedule-i-public-service-commission,Public Service Commission,Commission de la fonction publique,PSC PPU 010,en,English,PSC 1.3.3,institution_specific,Institution-specific class,true,Resolved,PSC 1.3.3,PSC 1.3.3
ati-schedule-i-public-service-commission,Public Service Commission,Commission de la fonction publique,PSC PPU 010,fr,French,PSC 1.3.3,institution_specific,Institution-specific class,true,Resolved,PSC 1.3.3,PSC 1.3.3
ati-schedule-i-public-service-commission,Public Service Commission,Commission de la fonction publique,CFP PCE 734,fr,French,CF 1.3.2,institution_specific,Institution-specific class,true,Resolved,PSC 1.3.2,PSC 1.3.2
ati-schedule-i-royal-canadian-mounted-police,Royal Canadian Mounted Police,Gendarmerie royale du Canada,RCMP PPE 801,en,English,RCMP EMP 001,institution_specific,Institution-specific class,false,Needs review,,
ati-schedule-i-royal-canadian-mounted-police,Royal Canadian Mounted Police,Gendarmerie royale du Canada,RCMP PPE 801,fr,French,GRC EMP 001,institution_specific,Institution-specific class,false,Needs review,,
ati-schedule-i-royal-canadian-mounted-police,Royal Canadian Mounted Police,Gendarmerie royale du Canada,RCMP PPE 802,en,English,RCMP EMP 001,institution_specific,Institution-specific class,false,Needs review,,
ati-schedule-i-royal-canadian-mounted-police,Royal Canadian Mounted Police,Gendarmerie royale du Canada,RCMP PPE 802,fr,French,GRC EMP 001,institution_specific,Institution-specific class,false,Needs review,,
ati-schedule-i-royal-canadian-mounted-police,Royal Canadian Mounted Police,Gendarmerie royale du Canada,RCMP PPE 803,en,English,RCMP ADM 442,institution_specific,Institution-specific class,false,Needs review,,
ati-schedule-i-royal-canadian-mounted-police,Royal Canadian Mounted Police,Gendarmerie royale du Canada,RCMP PPE 803,fr,French,GRC ADM 442,institution_specific,Institution-specific class,false,Needs review,,
ati-schedule-i-royal-canadian-mounted-police,Royal Canadian Mounted Police,Gendarmerie royale du Canada,RCMP PPE 804,en,English,RCMP EMP 001,institution_specific,Institution-specific class,false,Needs review,,
ati-schedule-i-royal-canadian-mounted-police,Royal Canadian Mounted Police,Gendarmerie royale du Canada,RCMP PPE 804,fr,French,GRC EMP 001,institution_specific,Institution-specific class,false,Needs review,,
ati-schedule-i-royal-canadian-mounted-police,Royal Canadian Mounted Police,Gendarmerie royale du Canada,RCMP PPE 805,en,English,RCMP EMP 001,institution_specific,Institution-specific class,false,Needs review,,
ati-schedule-i-royal-canadian-mounted-police,Royal Canadian Mounted Police,Gendarmerie royale du Canada,RCMP PPE 805,fr,French,GRC EMP 001,institution_specific,Institution-specific class,false,Needs review,,
ati-schedule-i-royal-canadian-mounted-police,Royal Canadian Mounted Police,Gendarmerie royale du Canada,RCMP PPE 806,en,English,RCMP EMP 001,institution_specific,Institution-specific class,false,Needs review,,
ati-schedule-i-royal-canadian-mounted-police,Royal Canadian Mounted Police,Gendarmerie royale du Canada,RCMP PPE 806,fr,French,GRC EMP 001,institution_specific,Institution-specific class,false,Needs review,,
ati-schedule-i-royal-canadian-mounted-police,Royal Canadian Mounted Police,Gendarmerie royale du Canada,RCMP PPE 807,en,English,RCMP ADM 245,institution_specific,Institution-specific class,false,Needs review,,
ati-schedule-i-royal-canadian-mounted-police,Royal Canadian Mounted Police,Gendarmerie royale du Canada,RCMP PPE 807,en,English,RCMP ADM 518,institution_specific,Institution-specific class,false,Needs review,,
ati-schedule-i-royal-canadian-mounted-police,Royal Canadian Mounted Police,Gendarmerie royale du Canada,RCMP PPE 807,fr,French,GRC ADM 245,institution_specific,Institution-specific class,false,Needs review,,
ati-schedule-i-royal-canadian-mounted-police,Royal Canadian Mounted Police,Gendarmerie royale du Canada,RCMP PPE 807,fr,French,GRC ADM 518,institution_specific,Institution-specific class,false,Needs review,,
ati-schedule-i-royal-canadian-mounted-police,Royal Canadian Mounted Police,Gendarmerie royale du Canada,RCMP PPE 808,en,English,RCMP EMP 001,institution_specific,Institution-specific class,false,Needs review,,
ati-schedule-i-royal-canadian-mounted-police,Royal Canadian Mounted Police,Gendarmerie royale du Canada,RCMP PPE 808,en,English,RCMP MP 002,institution_specific,Institution-specific class,false,Needs review,,
ati-schedule-i-royal-canadian-mounted-police,Royal Canadian Mounted Police,Gendarmerie royale du Canada,RCMP PPE 808,en,English,RCMP EMP 003,institution_specific,Institution-specific class,false,Needs review,,
ati-schedule-i-royal-canadian-mounted-police,Royal Canadian Mounted Police,Gendarmerie royale du Canada,RCMP PPE 808,en,English,RCMP EMP 004,institution_specific,Institution-specific class,false,Needs review,,
ati-schedule-i-royal-canadian-mounted-police,Royal Canadian Mounted Police,Gendarmerie royale du Canada,RCMP PPE 808,fr,French,GRC EMP 001,institution_specific,Institution-specific class,false,Needs review,,
ati-schedule-i-royal-canadian-mounted-police,Royal Canadian Mounted Police,Gendarmerie royale du Canada,RCMP PPE 808,fr,French,GRC EMP 002,institution_specific,Institution-specific class,false,Needs review,,
ati-schedule-i-royal-canadian-mounted-police,Royal Canadian Mounted Police,Gendarmerie royale du Canada,RCMP PPE 808,fr,French,GRC EMP 003,institution_specific,Institution-specific class,false,Needs review,,
ati-schedule-i-royal-canadian-mounted-police,Royal Canadian Mounted Police,Gendarmerie royale du Canada,RCMP PPE 808,fr,French,GRC EMP 004,institution_specific,Institution-specific class,false,Needs review,,
ati-schedule-i-royal-canadian-mounted-police,Royal Canadian Mounted Police,Gendarmerie royale du Canada,RCMP PPE 809,en,English,RCMP ADM 720,institution_specific,Institution-specific class,false,Needs review,,
ati-schedule-i-royal-canadian-mounted-police,Royal Canadian Mounted Police,Gendarmerie royale du Canada,RCMP PPE 809,fr,French,GRC ADM 720,institution_specific,Institution-specific class,false,Needs review,,
ati-schedule-i-royal-canadian-mounted-police,Royal Canadian Mounted Police,Gendarmerie royale du Canada,RCMP PPE 810,en,English,RCMP EMP 001,institution_specific,Institution-specific class,false,Needs review,,
ati-schedule-i-royal-canadian-mounted-police,Royal Canadian Mounted Police,Gendarmerie royale du Canada,RCMP PPE 810,fr,French,GRC EMP 001,institution_specific,Institution-specific class,false,Needs review,,
ati-schedule-i-royal-canadian-mounted-police,Royal Canadian Mounted Police,Gendarmerie royale du Canada,RCMP PPE 811,en,English,RCMP ADM 530,institution_specific,Institution-specific class,false,Needs review,,
ati-schedule-i-royal-canadian-mounted-police,Royal Canadian Mounted Police,Gendarmerie royale du Canada,RCMP PPE 812,en,English,RCMP ADM 415,institution_specific,Institution-specific class,false,Needs review,,
ati-schedule-i-royal-canadian-mounted-police,Royal Canadian Mounted Police,Gendarmerie royale du Canada,RCMP PPE 812,en,English,RCMP ADM 380,institution_specific,Institution-specific class,false,Needs review,,
ati-schedule-i-royal-canadian-mounted-police,Royal Canadian Mounted Police,Gendarmerie royale du Canada,RCMP PPE 812,en,English,RCMP ADM 390,institution_specific,Institution-specific class,false,Needs review,,
ati-schedule-i-royal-canadian-mounted-police,Royal Canadian Mounted Police,Gendarmerie royale du Canada,RCMP PPE 812,en,English,RCMP ADM 448,institution_specific,Institution-specific class,false,Needs review,,
ati-schedule-i-royal-canadian-mounted-police,Royal Canadian Mounted Police,Gendarmerie royale du Canada,RCMP PPE 812,en,English,RCMP ADM 372,institution_specific,Institution-specific class,false,Needs review,,
ati-schedule-i-royal-canadian-mounted-police,Royal Canadian Mounted Police,Gendarmerie royale du Canada,RCMP PPE 812,en,English,RCMP ADM 105,institution_specific,Institution-specific class,false,Needs review,,
ati-schedule-i-royal-canadian-mounted-police,Royal Canadian Mounted Police,Gendarmerie royale du Canada,RCMP PPE 812,fr,French,GRC ADM 415,institution_specific,Institution-specific class,false,Needs review,,
ati-schedule-i-royal-canadian-mounted-police,Royal Canadian Mounted Police,Gendarmerie royale du Canada,RCMP PPE 812,fr,French,GRC ADM 380,institution_specific,Institution-specific class,false,Needs review,,
ati-schedule-i-royal-canadian-mounted-police,Royal Canadian Mounted Police,Gendarmerie royale du Canada,RCMP PPE 812,fr,French,GRC ADM 390,institution_specific,Institution-specific class,false,Needs review,,
ati-schedule-i-royal-canadian-mounted-police,Royal Canadian Mounted Police,Gendarmerie royale du Canada,RCMP PPE 812,fr,French,GRC ADM 448,institution_specific,Institution-specific class,false,Needs review,,
ati-schedule-i-royal-canadian-mounted-police,Royal Canadian Mounted Police,Gendarmerie royale du Canada,RCMP PPE 812,fr,French,GRC ADM 372,institution_specific,Institution-specific class,false,Needs review,,
ati-schedule-i-royal-canadian-mounted-police,Royal Canadian Mounted Police,Gendarmerie royale du Canada,RCMP PPE 812,fr,French,GRC ADM 105,institution_specific,Institution-specific class,false,Needs review,,
ati-schedule-i-royal-canadian-mounted-police,Royal Canadian Mounted Police,Gendarmerie royale du Canada,RCMP PPE 815,en,English,RCMP ADM 002,institution_specific,Institution-specific class,false,Needs review,,
ati-schedule-i-royal-canadian-mounted-police,Royal Canadian Mounted Police,Gendarmerie royale du Canada,RCMP PPE 815,fr,French,GRC EMP 002,institution_specific,Institution-specific class,false,Needs review,,
ati-schedule-i-royal-canadian-mounted-police,Royal Canadian Mounted Police,Gendarmerie royale du Canada,RCMP PPE 818,en,English,RCMP EM 001,institution_specific,Institution-specific class,false,Needs review,,
ati-schedule-i-royal-canadian-mounted-police,Royal Canadian Mounted Police,Gendarmerie royale du Canada,RCMP PPE 818,en,English,RCMP EMP 003,institution_specific,Institution-specific class,false,Needs review,,
ati-schedule-i-royal-canadian-mounted-police,Royal Canadian Mounted Police,Gendarmerie royale du Canada,RCMP PPE 818,en,English,RCMP ADM 530,institution_specific,Institution-specific class,false,Needs review,,
ati-schedule-i-royal-canadian-mounted-police,Royal Canadian Mounted Police,Gendarmerie royale du Canada,RCMP PPE 818,en,English,RCMP EMP 002,institution_specific,Institution-specific class,false,Needs review,,
ati-schedule-i-royal-canadian-mounted-police,Royal Canadian Mounted Police,Gendarmerie royale du Canada,RCMP PPE 818,en,English,RCMP ADM 720,institution_specific,Institution-specific class,false,Needs review,,
ati-schedule-i-royal-canadian-mounted-police,Royal Canadian Mounted Police,Gendarmerie royale du Canada,RCMP PPE 818,fr,French,GRC EMP 001,institution_specific,Institution-specific class,false,Needs review,,
ati-schedule-i-royal-canadian-mounted-police,Royal Canadian Mounted Police,Gendarmerie royale du Canada,RCMP PPE 818,fr,French,GRC EMP 003,institution_specific,Institution-specific class,false,Needs review,,
ati-schedule-i-royal-canadian-mounted-police,Royal Canadian Mounted Police,Gendarmerie royale du Canada,RCMP PPE 818,fr,French,GRC ADM 530,institution_specific,Institution-specific class,false,Needs review,,
ati-schedule-i-royal-canadian-mounted-police,Royal Canadian Mounted Police,Gendarmerie royale du Canada,RCMP PPE 818,fr,French,GRC EMP 002,institution_specific,Institution-specific class,false,Needs review,,
ati-schedule-i-royal-canadian-mounted-police,Royal Canadian Mounted Police,Gendarmerie royale du Canada,RCMP PPE 818,fr,French,GRC ADM 720,institution_specific,Institution-specific class,false,Needs review,,
ati-schedule-i-royal-canadian-mounted-police,Royal Canadian Mounted Police,Gendarmerie royale du Canada,RCMP PPU 005,en,English,RCMP OPS 135,institution_specific,Institution-specific class,false,Needs review,,
ati-schedule-i-royal-canadian-mounted-police,Royal Canadian Mounted Police,Gendarmerie royale du Canada,RCMP PPU 005,fr,French,GRC OPS 135,institution_specific,Institution-specific class,false,Needs review,,
ati-schedule-i-royal-canadian-mounted-police,Royal Canadian Mounted Police,Gendarmerie royale du Canada,RCMP PPU 010,en,English,RCMP ADM 205,institution_specific,Institution-specific class,false,Needs review,,
ati-schedule-i-royal-canadian-mounted-police,Royal Canadian Mounted Police,Gendarmerie royale du Canada,RCMP PPU 010,en,English,RCMP ADM 720,institution_specific,Institution-specific class,false,Needs review,,
ati-schedule-i-royal-canadian-mounted-police,Royal Canadian Mounted Police,Gendarmerie royale du Canada,RCMP PPU 010,fr,French,GRC ADM 205,institution_specific,Institution-specific class,false,Needs review,,
ati-schedule-i-royal-canadian-mounted-police,Royal Canadian Mounted Police,Gendarmerie royale du Canada,RCMP PPU 010,fr,French,GRC ADM 720,institution_specific,Institution-specific class,false,Needs review,,
ati-schedule-i-royal-canadian-mounted-police,Royal Canadian Mounted Police,Gendarmerie royale du Canada,RCMP PPU 013,en,English,RCMP EMP 001,institution_specific,Institution-specific class,false,Needs review,,
ati-schedule-i-royal-canadian-mounted-police,Royal Canadian Mounted Police,Gendarmerie royale du Canada,RCMP PPU 013,en,English,RCMP EMP 002,institution_specific,Institution-specific class,false,Needs review,,
ati-schedule-i-royal-canadian-mounted-police,Royal Canadian Mounted Police,Gendarmerie royale du Canada,RCMP PPU 013,en,English,RCMP EMP 003,institution_specific,Institution-specific class,false,Needs review,,
ati-schedule-i-royal-canadian-mounted-police,Royal Canadian Mounted Police,Gendarmerie royale du Canada,RCMP PPU 013,en,English,RCMP ADM 565,institution_specific,Institution-specific class,false,Needs review,,
ati-schedule-i-royal-canadian-mounted-police,Royal Canadian Mounted Police,Gendarmerie royale du Canada,RCMP PPU 013,en,English,RCMP ADM 485,institution_specific,Institution-specific class,false,Needs review,,
ati-schedule-i-royal-canadian-mounted-police,Royal Canadian Mounted Police,Gendarmerie royale du Canada,RCMP PPU 013,en,English,RCMP ADM 445,institution_specific,Institution-specific class,false,Needs review,,
ati-schedule-i-royal-canadian-mounted-police,Royal Canadian Mounted Police,Gendarmerie royale du Canada,RCMP PPU 013,en,English,RCMP ADM 500,institution_specific,Institution-specific class,false,Needs review,,
ati-schedule-i-royal-canadian-mounted-police,Royal Canadian Mounted Police,Gendarmerie royale du Canada,RCMP PPU 013,en,English,RCMP ADM 390,institution_specific,Institution-specific class,false,Needs review,,
ati-schedule-i-royal-canadian-mounted-police,Royal Canadian Mounted Police,Gendarmerie royale du Canada,RCMP PPU 013,en,English,RCMP ADM 635,institution_specific,Institution-specific class,false,Needs review,,
ati-schedule-i-royal-canadian-mounted-police,Royal Canadian Mounted Police,Gendarmerie royale du Canada,RCMP PPU 013,en,English,RCMP ADM 374,institution_specific,Institution-specific class,false,Needs review,,
ati-schedule-i-royal-canadian-mounted-police,Royal Canadian Mounted Police,Gendarmerie royale du Canada,RCMP PPU 013,en,English,RCMP ADM 415,institution_specific,Institution-specific class,false,Needs review,,
ati-schedule-i-royal-canadian-mounted-police,Royal Canadian Mounted Police,Gendarmerie royale du Canada,RCMP PPU 013,en,English,RCMP ADM 450,institution_specific,Institution-specific class,false,Needs review,,
ati-schedule-i-royal-canadian-mounted-police,Royal Canadian Mounted Police,Gendarmerie royale du Canada,RCMP PPU 013,en,English,RCMP ADM 252,institution_specific,Institution-specific class,false,Needs review,,
ati-schedule-i-royal-canadian-mounted-police,Royal Canadian Mounted Police,Gendarmerie royale du Canada,RCMP PPU 013,en,English,RCMP ADM 442,institution_specific,Institution-specific class,false,Needs review,,
ati-schedule-i-royal-canadian-mounted-police,Royal Canadian Mounted Police,Gendarmerie royale du Canada,RCMP PPU 013,en,English,RCMP ADM 642,institution_specific,Institution-specific class,false,Needs review,,
ati-schedule-i-royal-canadian-mounted-police,Royal Canadian Mounted Police,Gendarmerie royale du Canada,RCMP PPU 013,en,English,RCMP ADM 645,institution_specific,Institution-specific class,false,Needs review,,
ati-schedule-i-royal-canadian-mounted-police,Royal Canadian Mounted Police,Gendarmerie royale du Canada,RCMP PPU 013,en,English,RCMP ADM 380,institution_specific,Institution-specific class,false,Needs review,,
ati-schedule-i-royal-canadian-mounted-police,Royal Canadian Mounted Police,Gendarmerie royale du Canada,RCMP PPU 013,fr,French,GRC EMP 001,institution_specific,Institution-specific class,false,Needs review,,
ati-schedule-i-royal-canadian-mounted-police,Royal Canadian Mounted Police,Gendarmerie royale du Canada,RCMP PPU 013,fr,French,GRC EMP 002,institution_specific,Institution-specific class,false,Needs review,,
ati-schedule-i-royal-canadian-mounted-police,Royal Canadian Mounted Police,Gendarmerie royale du Canada,RCMP PPU 013,fr,French,GRC EMP 003,institution_specific,Institution-specific class,false,Needs review,,
ati-schedule-i-royal-canadian-mounted-police,Royal Canadian Mounted Police,Gendarmerie royale du Canada,RCMP PPU 013,fr,French,GRC ADM 565,institution_specific,Institution-specific class,false,Needs review,,
ati-schedule-i-royal-canadian-mounted-police,Royal Canadian Mounted Police,Gendarmerie royale du Canada,RCMP PPU 013,fr,French,GRC ADM 485,institution_specific,Institution-specific class,false,Needs review,,
ati-schedule-i-royal-canadian-mounted-police,Royal Canadian Mounted Police,Gendarmerie royale du Canada,RCMP PPU 013,fr,French,GRC ADM 445,institution_specific,Institution-specific class,false,Needs review,,
ati-schedule-i-royal-canadian-mounted-police,Royal Canadian Mounted Police,Gendarmerie royale du Canada,RCMP PPU 013,fr,French,GRC ADM 500,institution_specific,Institution-specific class,false,Needs review,,
ati-schedule-i-royal-canadian-mounted-police,Royal Canadian Mounted Police,Gendarmerie royale du Canada,RCMP PPU 013,fr,French,GRC ADM 390,institution_specific,Institution-specific class,false,Needs review,,
ati-schedule-i-royal-canadian-mounted-police,Royal Canadian Mounted Police,Gendarmerie royale du Canada,RCMP PPU 013,fr,French,GRC ADM 635,institution_specific,Institution-specific class,false,Needs review,,
ati-schedule-i-royal-canadian-mounted-police,Royal Canadian Mounted Police,Gendarmerie royale du Canada,RCMP PPU 013,fr,French,GRC ADM 374,institution_specific,Institution-specific class,false,Needs review,,
ati-schedule-i-royal-canadian-mounted-police,Royal Canadian Mounted Police,Gendarmerie royale du Canada,RCMP PPU 013,fr,French,GRC ADM 415,institution_specific,Institution-specific class,false,Needs review,,
ati-schedule-i-royal-canadian-mounted-police,Royal Canadian Mounted Police,Gendarmerie royale du Canada,RCMP PPU 013,fr,French,GRC ADM 450,institution_specific,Institution-specific class,false,Needs review,,
ati-schedule-i-royal-canadian-mounted-police,Royal Canadian Mounted Police,Gendarmerie royale du Canada,RCMP PPU 013,fr,French,GRC ADM 252,institution_specific,Institution-specific class,false,Needs review,,
ati-schedule-i-royal-canadian-mounted-police,Royal Canadian Mounted Police,Gendarmerie royale du Canada,RCMP PPU 013,fr,French,GRC ADM 442,institution_specific,Institution-specific class,false,Needs review,,
ati-schedule-i-royal-canadian-mounted-police,Royal Canadian Mounted Police,Gendarmerie royale du Canada,RCMP PPU 013,fr,French,GRC ADM 642,institution_specific,Institution-specific class,false,Needs review,,
ati-schedule-i-royal-canadian-mounted-police,Royal Canadian Mounted Police,Gendarmerie royale du Canada,RCMP PPU 013,fr,French,GRC ADM 645,institution_specific,Institution-specific class,false,Needs review,,
ati-schedule-i-royal-canadian-mounted-police,Royal Canadian Mounted Police,Gendarmerie royale du Canada,RCMP PPU 013,fr,French,GRC ADM 380,institution_specific,Institution-specific class,false,Needs review,,
ati-schedule-i-royal-canadian-mounted-police,Royal Canadian Mounted Police,Gendarmerie royale du Canada,RCMP PPU 060,en,English,RCMP ADM 720,institution_specific,Institution-specific class,false,Needs review,,
ati-schedule-i-royal-canadian-mounted-police,Royal Canadian Mounted Police,Gendarmerie royale du Canada,RCMP PPU 060,en,English,RCMP ADM 340,institution_specific,Institution-specific class,false,Needs review,,
ati-schedule-i-royal-canadian-mounted-police,Royal Canadian Mounted Police,Gendarmerie royale du Canada,RCMP PPU 060,en,English,RCMP ADM 445,institution_specific,Institution-specific class,false,Needs review,,
ati-schedule-i-royal-canadian-mounted-police,Royal Canadian Mounted Police,Gendarmerie royale du Canada,RCMP PPU 060,fr,French,GRC ADM 720,institution_specific,Institution-specific class,false,Needs review,,
ati-schedule-i-royal-canadian-mounted-police,Royal Canadian Mounted Police,Gendarmerie royale du Canada,RCMP PPU 060,fr,French,GRC ADM 340,institution_specific,Institution-specific class,false,Needs review,,
ati-schedule-i-royal-canadian-mounted-police,Royal Canadian Mounted Police,Gendarmerie royale du Canada,RCMP PPU 060,fr,French,GRC ADM 445,institution_specific,Institution-specific class,false,Needs review,,
ati-schedule-i-royal-canadian-mounted-police,Royal Canadian Mounted Police,Gendarmerie royale du Canada,RCMP PPU 065,fr,French,CMP ADM 001,institution_specific,Institution-specific class,false,Needs review,,
ati-schedule-i-royal-canadian-mounted-police,Royal Canadian Mounted Police,Gendarmerie royale du Canada,RCMP PPU 070,en,English,RCMP ADM 530,institution_specific,Institution-specific class,false,Needs review,,
ati-schedule-i-royal-canadian-mounted-police,Royal Canadian Mounted Police,Gendarmerie royale du Canada,RCMP PPU 070,en,English,RCMP EMP 003,institution_specific,Institution-specific class,false,Needs review,,
ati-schedule-i-royal-canadian-mounted-police,Royal Canadian Mounted Police,Gendarmerie royale du Canada,RCMP PPU 070,en,English,RCMP ADM 445,institution_specific,Institution-specific class,false,Needs review,,
ati-schedule-i-royal-canadian-mounted-police,Royal Canadian Mounted Police,Gendarmerie royale du Canada,RCMP PPU 070,fr,French,GRC ADM 530,institution_specific,Institution-specific class,false,Needs review,,
ati-schedule-i-royal-canadian-mounted-police,Royal Canadian Mounted Police,Gendarmerie royale du Canada,RCMP PPU 070,fr,French,GRC EMP 003,institution_specific,Institution-specific class,false,Needs review,,
ati-schedule-i-royal-canadian-mounted-police,Royal Canadian Mounted Police,Gendarmerie royale du Canada,RCMP PPU 070,fr,French,GRC ADM 445,institution_specific,Institution-specific class,false,Needs review,,
ati-schedule-i-royal-canadian-mounted-police,Royal Canadian Mounted Police,Gendarmerie royale du Canada,RCMP PPU 075,en,English,RCMP ADM 105,institution_specific,Institution-specific class,false,Needs review,,
ati-schedule-i-royal-canadian-mounted-police,Royal Canadian Mounted Police,Gendarmerie royale du Canada,RCMP PPU 075,en,English,RCMP ADM 188,institution_specific,Institution-specific class,false,Needs review,,
ati-schedule-i-royal-canadian-mounted-police,Royal Canadian Mounted Police,Gendarmerie royale du Canada,RCMP PPU 075,en,English,RCMP ADM 372,institution_specific,Institution-specific class,false,Needs review,,
ati-schedule-i-royal-canadian-mounted-police,Royal Canadian Mounted Police,Gendarmerie royale du Canada,RCMP PPU 075,fr,French,GRC ADM 105,institution_specific,Institution-specific class,false,Needs review,,
ati-schedule-i-royal-canadian-mounted-police,Royal Canadian Mounted Police,Gendarmerie royale du Canada,RCMP PPU 075,fr,French,GRC ADM 188,institution_specific,Institution-specific class,false,Needs review,,
ati-schedule-i-royal-canadian-mounted-police,Royal Canadian Mounted Police,Gendarmerie royale du Canada,RCMP PPU 075,fr,French,GRC ADM 372,institution_specific,Institution-specific class,false,Needs review,,
ati-schedule-i-royal-canadian-mounted-police,Royal Canadian Mounted Police,Gendarmerie royale du Canada,RCMP PPU 080,en,English,RCMP ADM 565,institution_specific,Institution-specific class,false,Needs review,,
ati-schedule-i-royal-canadian-mounted-police,Royal Canadian Mounted Police,Gendarmerie royale du Canada,RCMP PPU 080,fr,French,GRC ADM 565,institution_specific,Institution-specific class,false,Needs review,,
ati-schedule-i-royal-canadian-mounted-police,Royal Canadian Mounted Police,Gendarmerie royale du Canada,RCMP PPU 090,en,English,RCMP ADM 350,institution_specific,Institution-specific class,false,Needs review,,
ati-schedule-i-royal-canadian-mounted-police,Royal Canadian Mounted Police,Gendarmerie royale du Canada,RCMP PPU 090,en,English,RCMP EMP 001,institution_specific,Institution-specific class,false,Needs review,,
ati-schedule-i-royal-canadian-mounted-police,Royal Canadian Mounted Police,Gendarmerie royale du Canada,RCMP PPU 090,en,English,RCMP EMP 003,institution_specific,Institution-specific class,false,Needs review,,
ati-schedule-i-royal-canadian-mounted-police,Royal Canadian Mounted Police,Gendarmerie royale du Canada,RCMP PPU 090,en,English,RCMP EMP 002,institution_specific,Institution-specific class,false,Needs review,,
ati-schedule-i-royal-canadian-mounted-police,Royal Canadian Mounted Police,Gendarmerie royale du Canada,RCMP PPU 090,en,English,RCMP ADM 720,institution_specific,Institution-specific class,false,Needs review,,
ati-schedule-i-royal-canadian-mounted-police,Royal Canadian Mounted Police,Gendarmerie royale du Canada,RCMP PPU 090,fr,French,GRC ADM 350,institution_specific,Institution-specific class,false,Needs review,,
ati-schedule-i-royal-canadian-mounted-police,Royal Canadian Mounted Police,Gendarmerie royale du Canada,RCMP PPU 090,fr,French,GRC EMP 001,institution_specific,Institution-specific class,false,Needs review,,
ati-schedule-i-royal-canadian-mounted-police,Royal Canadian Mounted Police,Gendarmerie royale du Canada,RCMP PPU 090,fr,French,GRC EMP 003,institution_specific,Institution-specific class,false,Needs review,,
ati-schedule-i-royal-canadian-mounted-police,Royal Canadian Mounted Police,Gendarmerie royale du Canada,RCMP PPU 090,fr,French,GRC EMP 002,institution_specific,Institution-specific class,false,Needs review,,
ati-schedule-i-royal-canadian-mounted-police,Royal Canadian Mounted Police,Gendarmerie royale du Canada,RCMP PPU 090,fr,French,GRC ADM 720,institution_specific,Institution-specific class,false,Needs review,,
ati-schedule-i-royal-canadian-mounted-police,Royal Canadian Mounted Police,Gendarmerie royale du Canada,RCMP PPU 095,en,English,RCMP INV 001,institution_specific,Institution-specific class,false,Needs review,,
ati-schedule-i-royal-canadian-mounted-police,Royal Canadian Mounted Police,Gendarmerie royale du Canada,RCMP PPU 095,fr,French,GRC INV 001,institution_specific,Institution-specific class,false,Needs review,,
ati-schedule-i-royal-canadian-mounted-police,Royal Canadian Mounted Police,Gendarmerie royale du Canada,GRC PPU 085,fr,French,GRC ADM 380,institution_specific,Institution-specific class,false,Needs review,,
ati-schedule-i-royal-canadian-mounted-police,Royal Canadian Mounted Police,Gendarmerie royale du Canada,GRC PPU 085,fr,French,GRC ADM 460,institution_specific,Institution-specific class,false,Needs review,,
ati-schedule-i-royal-canadian-mounted-police-external-review-committee,Royal Canadian Mounted Police External Review Committee,Comité externe d’examen de la Gendarmerie royale du Canada,ERC PPU 804,en,English,ERC EXE 041,institution_specific,Institution-specific class,true,Resolved,ERC EXE 041,ERC EXE 041
ati-schedule-i-royal-canadian-mounted-police-external-review-committee,Royal Canadian Mounted Police External Review Committee,Comité externe d’examen de la Gendarmerie royale du Canada,ERC PPU 804,fr,French,CEE EXE 041,institution_specific,Institution-specific class,true,Resolved,ERC EXE 041,ERC EXE 041
ati-schedule-i-royal-canadian-mounted-police-external-review-committee,Royal Canadian Mounted Police External Review Committee,Comité externe d’examen de la Gendarmerie royale du Canada,ERC PPU 805,en,English,ERC EXE 041,institution_specific,Institution-specific class,true,Resolved,ERC EXE 041,ERC EXE 041
ati-schedule-i-royal-canadian-mounted-police-external-review-committee,Royal Canadian Mounted Police External Review Committee,Comité externe d’examen de la Gendarmerie royale du Canada,ERC PPU 805,fr,French,CEE EXE 041,institution_specific,Institution-specific class,true,Resolved,ERC EXE 041,ERC EXE 041
ati-schedule-i-royal-canadian-mounted-police-external-review-committee,Royal Canadian Mounted Police External Review Committee,Comité externe d’examen de la Gendarmerie royale du Canada,ERC PPU 801,en,English,ERC EXE 041,institution_specific,Institution-specific class,true,Resolved,ERC EXE 041,ERC EXE 041
ati-schedule-i-royal-canadian-mounted-police-external-review-committee,Royal Canadian Mounted Police External Review Committee,Comité externe d’examen de la Gendarmerie royale du Canada,ERC PPU 801,fr,French,CEE EXE 041,institution_specific,Institution-specific class,true,Resolved,ERC EXE 041,ERC EXE 041
ati-schedule-i-royal-canadian-mounted-police-external-review-committee,Royal Canadian Mounted Police External Review Committee,Comité externe d’examen de la Gendarmerie royale du Canada,ERC PPU 803,en,English,ERC EXE 041,institution_specific,Institution-specific class,true,Resolved,ERC EXE 041,ERC EXE 041
ati-schedule-i-royal-canadian-mounted-police-external-review-committee,Royal Canadian Mounted Police External Review Committee,Comité externe d’examen de la Gendarmerie royale du Canada,ERC PPU 803,fr,French,CEE EXE 041,institution_specific,Institution-specific class,true,Resolved,ERC EXE 041,ERC EXE 041
ati-schedule-i-royal-canadian-mounted-police-external-review-committee,Royal Canadian Mounted Police External Review Committee,Comité externe d’examen de la Gendarmerie royale du Canada,ERC PPU 802,en,English,ERC EXE 041,institution_specific,Institution-specific class,true,Resolved,ERC EXE 041,ERC EXE 041
ati-schedule-i-royal-canadian-mounted-police-external-review-committee,Royal Canadian Mounted Police External Review Committee,Comité externe d’examen de la Gendarmerie royale du Canada,ERC PPU 802,fr,French,CEE EXE 041,institution_specific,Institution-specific class,true,Resolved,ERC EXE 041,ERC EXE 041
ati-schedule-i-sept-iles-port-authority,Sept-Îles Port Authority,Administration portuaire de Sept-Îles,APSI PPU 490,fr,French,APSI SBI 490,institution_specific,Institution-specific class,false,Needs review,,
ati-schedule-i-sept-iles-port-authority,Sept-Îles Port Authority,Administration portuaire de Sept-Îles,APSI PPU 345,fr,French,APSI NDP 345,standard,Standard class,false,Needs review,,
ati-schedule-i-sept-iles-port-authority,Sept-Îles Port Authority,Administration portuaire de Sept-Îles,APSI PPU 635,fr,French,APSI ACR 635,institution_specific,Institution-specific class,true,Resolved,APSI ACR 635,APSI ACR 635
ati-schedule-i-shared-services-canada,Shared Services Canada,Services partagés Canada,SSC PCU 608,en,English,SSC WTS 102,institution_specific,Institution-specific class,true,Resolved,SSC WTS 102,SSC WTS 102
ati-schedule-i-shared-services-canada,Shared Services Canada,Services partagés Canada,SSC PCU 707,en,English,SSC WTS 102,institution_specific,Institution-specific class,true,Resolved,SSC WTS 102,SSC WTS 102
ati-schedule-i-shared-services-canada,Shared Services Canada,Services partagés Canada,SSC PCU 050,en,English,SSC TS 402,institution_specific,Institution-specific class,true,Resolved,SSC TS 402,SSC TS 402
ati-schedule-i-shared-services-canada,Shared Services Canada,Services partagés Canada,SSC PCU 050,en,English,SSC TS 403,institution_specific,Institution-specific class,true,Resolved,SSC TS 403,SSC TS 403
ati-schedule-i-shared-services-canada,Shared Services Canada,Services partagés Canada,SSC PCU 606,en,English,SSC SS 600,institution_specific,Institution-specific class,true,Resolved,SSC SS 600,SSC SS 600
ati-schedule-i-shared-services-canada,Shared Services Canada,Services partagés Canada,SSC PCU 607,en,English,SSC SS 600,institution_specific,Institution-specific class,true,Resolved,SSC SS 600,SSC SS 600
ati-schedule-i-st-john-s-port-authority,St. John’s Port Authority,Administration portuaire de St. John’s,STJPA PPU 001,en,English,STJPA PMS 010,institution_specific,Institution-specific class,true,Resolved,STJPA PMS 010,STJPA PMS 010
ati-schedule-i-st-john-s-port-authority,St. John’s Port Authority,Administration portuaire de St. John’s,STJPA PPU 002,en,English,STJPA TFP 010,institution_specific,Institution-specific class,true,Resolved,STJPA TFP 010,STJPA TFP 010
ati-schedule-i-st-john-s-port-authority,St. John’s Port Authority,Administration portuaire de St. John’s,STJPA PPU 003,en,English,STJPA CIC 005,institution_specific,Institution-specific class,true,Resolved,STJPA CIC 005,STJPA CIC 005
ati-schedule-i-st-john-s-port-authority,St. John’s Port Authority,Administration portuaire de St. John’s,STJPA PPU 004,en,English,STJPA CRH 005,institution_specific,Institution-specific class,true,Resolved,STJPA CRH 005,STJPA CRH 005
ati-schedule-i-st-john-s-port-authority,St. John’s Port Authority,Administration portuaire de St. John’s,STJPA PPU 005,en,English,STJPA HRO 050,institution_specific,Institution-specific class,true,Resolved,STJPA HRO 050,STJPA HRO 050
ati-schedule-i-st-john-s-port-authority,St. John’s Port Authority,Administration portuaire de St. John’s,STJPA PPU 006,en,English,STJPA HRO 050,institution_specific,Institution-specific class,true,Resolved,STJPA HRO 050,STJPA HRO 050
ati-schedule-i-st-john-s-port-authority,St. John’s Port Authority,Administration portuaire de St. John’s,STJPA PPU 007,en,English,STJPA HRO 050,institution_specific,Institution-specific class,true,Resolved,STJPA HRO 050,STJPA HRO 050
ati-schedule-i-st-john-s-port-authority,St. John’s Port Authority,Administration portuaire de St. John’s,STJPA PPU 008,en,English,STJPA HRO 050,institution_specific,Institution-specific class,true,Resolved,STJPA HRO 050,STJPA HRO 050
ati-schedule-i-st-john-s-port-authority,St. John’s Port Authority,Administration portuaire de St. John’s,STJPA PPU 009,en,English,STJPA CII 005,institution_specific,Institution-specific class,true,Resolved,STJPA CII 005,STJPA CII 005
ati-schedule-i-thunder-bay-port-authority,Thunder Bay Port Authority,Administration portuaire de Thunder Bay,TBPA PPU 005,en,English,TBPA PRO 040,institution_specific,Institution-specific class,true,Resolved,TBPA PRO 040,TBPA PRO 040
ati-schedule-i-thunder-bay-port-authority,Thunder Bay Port Authority,Administration portuaire de Thunder Bay,TBPA PPU 005,fr,French,APTB PRO 040,institution_specific,Institution-specific class,true,Resolved,TBPA PRO 040,TBPA PRO 040
ati-schedule-i-treasury-board-secretariat,Treasury Board Secretariat,Secrétariat du Conseil du Trésor,TBS PCE 802,en,English,TBS MF 120,institution_specific,Institution-specific class,true,Resolved,TBS MF 120,TBS MF 120
ati-schedule-i-treasury-board-secretariat,Treasury Board Secretariat,Secrétariat du Conseil du Trésor,TBS PCE 802,fr,French,SCT CG 120,institution_specific,Institution-specific class,true,Resolved,TBS MF 120,TBS MF 120
ati-schedule-i-treasury-board-secretariat,Treasury Board Secretariat,Secrétariat du Conseil du Trésor,TBS PPU 030,en,English,TBS FM 408,institution_specific,Institution-specific class,true,Resolved,TBS FM 408,TBS FM 408
ati-schedule-i-treasury-board-secretariat,Treasury Board Secretariat,Secrétariat du Conseil du Trésor,TBS PPU 030,fr,French,SCT GF 408,institution_specific,Institution-specific class,true,Resolved,TBS FM 408,TBS FM 408
ati-schedule-i-treasury-board-secretariat,Treasury Board Secretariat,Secrétariat du Conseil du Trésor,TBS PCE 756,en,English,TBS FM 406,institution_specific,Institution-specific class,true,Resolved,TBS FM 406,TBS FM 406
ati-schedule-i-treasury-board-secretariat,Treasury Board Secretariat,Secrétariat du Conseil du Trésor,TBS PCE 756,fr,French,SCT GF 406,institution_specific,Institution-specific class,true,Resolved,TBS FM 406,TBS FM 406
ati-schedule-i-treasury-board-secretariat,Treasury Board Secretariat,Secrétariat du Conseil du Trésor,TBS PCE 805,en,English,TBS MF 126,institution_specific,Institution-specific class,true,Resolved,TBS MF 126,TBS MF 126
ati-schedule-i-treasury-board-secretariat,Treasury Board Secretariat,Secrétariat du Conseil du Trésor,TBS PCE 805,fr,French,SCT CG 126,institution_specific,Institution-specific class,true,Resolved,TBS MF 126,TBS MF 126
ati-schedule-i-treasury-board-secretariat,Treasury Board Secretariat,Secrétariat du Conseil du Trésor,TBS PCE 815,en,English,TBS FM 440,institution_specific,Institution-specific class,true,Resolved,TBS FM 440,TBS FM 440
ati-schedule-i-treasury-board-secretariat,Treasury Board Secretariat,Secrétariat du Conseil du Trésor,TBS PCE 815,fr,French,SCT GF 440,institution_specific,Institution-specific class,true,Resolved,TBS FM 440,TBS FM 440
ati-schedule-i-treasury-board-secretariat,Treasury Board Secretariat,Secrétariat du Conseil du Trésor,TBS PPU 095,en,English,TBS FM 417,institution_specific,Institution-specific class,true,Resolved,TBS FM 417,TBS FM 417
ati-schedule-i-treasury-board-secretariat,Treasury Board Secretariat,Secrétariat du Conseil du Trésor,TBS PPU 095,fr,French,SCT GF 417,institution_specific,Institution-specific class,true,Resolved,TBS FM 417,TBS FM 417
ati-schedule-i-treasury-board-secretariat,Treasury Board Secretariat,Secrétariat du Conseil du Trésor,TBS PCE 702,en,English,TBS PM 300,institution_specific,Institution-specific class,true,Resolved,TBS PM 300,TBS PM 300
ati-schedule-i-treasury-board-secretariat,Treasury Board Secretariat,Secrétariat du Conseil du Trésor,TBS PCE 702,fr,French,SCT RH 300,institution_specific,Institution-specific class,true,Resolved,TBS PM 300,TBS PM 300
ati-schedule-i-treasury-board-secretariat,Treasury Board Secretariat,Secrétariat du Conseil du Trésor,TBS PCE 760,en,English,TBS PM 250,institution_specific,Institution-specific class,true,Resolved,TBS PM 250,TBS PM 250
ati-schedule-i-treasury-board-secretariat,Treasury Board Secretariat,Secrétariat du Conseil du Trésor,TBS PCE 760,en,English,TBS PM 236,institution_specific,Institution-specific class,true,Resolved,TBS PM 236,TBS PM 236
ati-schedule-i-treasury-board-secretariat,Treasury Board Secretariat,Secrétariat du Conseil du Trésor,TBS PCE 760,fr,French,SCT RH 250,institution_specific,Institution-specific class,true,Resolved,TBS PM 250,TBS PM 250
ati-schedule-i-treasury-board-secretariat,Treasury Board Secretariat,Secrétariat du Conseil du Trésor,TBS PCE 760,fr,French,SCT RH 236,institution_specific,Institution-specific class,true,Resolved,SCT RH 236,SCT RH 236
ati-schedule-i-treasury-board-secretariat,Treasury Board Secretariat,Secrétariat du Conseil du Trésor,TBS PCE 810,en,English,TBS PM 250,institution_specific,Institution-specific class,true,Resolved,TBS PM 250,TBS PM 250
ati-schedule-i-treasury-board-secretariat,Treasury Board Secretariat,Secrétariat du Conseil du Trésor,TBS PCE 810,fr,French,SCT RH 250,institution_specific,Institution-specific class,true,Resolved,TBS PM 250,TBS PM 250
ati-schedule-i-treasury-board-secretariat,Treasury Board Secretariat,Secrétariat du Conseil du Trésor,TBS PCE 775,en,English,TBS PM 237,institution_specific,Institution-specific class,true,Resolved,TBS PM 237,TBS PM 237
ati-schedule-i-treasury-board-secretariat,Treasury Board Secretariat,Secrétariat du Conseil du Trésor,TBS PCE 775,fr,French,SCT RH 237,institution_specific,Institution-specific class,true,Resolved,TBS PM 237,TBS PM 237
ati-schedule-i-treasury-board-secretariat,Treasury Board Secretariat,Secrétariat du Conseil du Trésor,TBS PCE 820,en,English,TBS PM 248,institution_specific,Institution-specific class,true,Resolved,TBS PM 248,TBS PM 248
ati-schedule-i-treasury-board-secretariat,Treasury Board Secretariat,Secrétariat du Conseil du Trésor,TBS PCE 820,fr,French,SCT RH 248,institution_specific,Institution-specific class,true,Resolved,TBS PM 248,TBS PM 248
ati-schedule-i-treasury-board-secretariat,Treasury Board Secretariat,Secrétariat du Conseil du Trésor,TBS PCE 722,en,English,TBS PM 249,institution_specific,Institution-specific class,true,Resolved,TBS PM 249,TBS PM 249
ati-schedule-i-treasury-board-secretariat,Treasury Board Secretariat,Secrétariat du Conseil du Trésor,TBS PCE 722,fr,French,SCT RH 249,institution_specific,Institution-specific class,true,Resolved,TBS PM 249,TBS PM 249
ati-schedule-i-treasury-board-secretariat,Treasury Board Secretariat,Secrétariat du Conseil du Trésor,TBS PCE 728,en,English,TBS PM 249,institution_specific,Institution-specific class,true,Resolved,TBS PM 249,TBS PM 249
ati-schedule-i-treasury-board-secretariat,Treasury Board Secretariat,Secrétariat du Conseil du Trésor,TBS PCE 728,fr,French,SCT RH 249,institution_specific,Institution-specific class,true,Resolved,TBS PM 249,TBS PM 249
ati-schedule-i-treasury-board-secretariat,Treasury Board Secretariat,Secrétariat du Conseil du Trésor,TBS PPE 803,en,English,TBS PM 252,institution_specific,Institution-specific class,true,Resolved,TBS PM 252,TBS PM 252
ati-schedule-i-treasury-board-secretariat,Treasury Board Secretariat,Secrétariat du Conseil du Trésor,TBS PPE 803,fr,French,SCT RH 252,institution_specific,Institution-specific class,true,Resolved,TBS PM 252,TBS PM 252
ati-schedule-i-treasury-board-secretariat,Treasury Board Secretariat,Secrétariat du Conseil du Trésor,TBS PCE 705,en,English,TBS PM 201,institution_specific,Institution-specific class,true,Resolved,TBS PM 201,TBS PM 201
ati-schedule-i-treasury-board-secretariat,Treasury Board Secretariat,Secrétariat du Conseil du Trésor,TBS PCE 705,fr,French,SCT RH 201,institution_specific,Institution-specific class,true,Resolved,TBS PM 201,TBS PM 201
ati-schedule-i-treasury-board-secretariat,Treasury Board Secretariat,Secrétariat du Conseil du Trésor,TBS PPU 025,en,English,TBS PM 201,institution_specific,Institution-specific class,true,Resolved,TBS PM 201,TBS PM 201
ati-schedule-i-treasury-board-secretariat,Treasury Board Secretariat,Secrétariat du Conseil du Trésor,TBS PPU 025,fr,French,SCT RH 201,institution_specific,Institution-specific class,true,Resolved,TBS PM 201,TBS PM 201
ati-schedule-i-treasury-board-secretariat,Treasury Board Secretariat,Secrétariat du Conseil du Trésor,TBS PCE 740,en,English,TBS PM 201,institution_specific,Institution-specific class,true,Resolved,TBS PM 201,TBS PM 201
ati-schedule-i-treasury-board-secretariat,Treasury Board Secretariat,Secrétariat du Conseil du Trésor,TBS PCE 740,fr,French,SCT RH 201,institution_specific,Institution-specific class,true,Resolved,TBS PM 201,TBS PM 201
ati-schedule-i-treasury-board-secretariat,Treasury Board Secretariat,Secrétariat du Conseil du Trésor,TBS PCE 770,en,English,TBS PM 201,institution_specific,Institution-specific class,true,Resolved,TBS PM 201,TBS PM 201
ati-schedule-i-treasury-board-secretariat,Treasury Board Secretariat,Secrétariat du Conseil du Trésor,TBS PCE 770,fr,French,SCT RH 201,institution_specific,Institution-specific class,true,Resolved,TBS PM 201,TBS PM 201
ati-schedule-i-treasury-board-secretariat,Treasury Board Secretariat,Secrétariat du Conseil du Trésor,TBS PCE 803,en,English,TBS PM 209,institution_specific,Institution-specific class,true,Resolved,TBS PM 209,TBS PM 209
ati-schedule-i-treasury-board-secretariat,Treasury Board Secretariat,Secrétariat du Conseil du Trésor,TBS PCE 803,fr,French,SCT RH 209,institution_specific,Institution-specific class,true,Resolved,TBS PM 209,TBS PM 209
ati-schedule-i-treasury-board-secretariat,Treasury Board Secretariat,Secrétariat du Conseil du Trésor,TBS PCE 792,en,English,TBS PM 265,institution_specific,Institution-specific class,true,Resolved,TBS PM 265,TBS PM 265
ati-schedule-i-treasury-board-secretariat,Treasury Board Secretariat,Secrétariat du Conseil du Trésor,TBS PCE 792,fr,French,SCT RH 265,institution_specific,Institution-specific class,true,Resolved,TBS PM 265,TBS PM 265
ati-schedule-i-treasury-board-secretariat,Treasury Board Secretariat,Secrétariat du Conseil du Trésor,TBS PCE 723,en,English,TBS PM 236,institution_specific,Institution-specific class,true,Resolved,TBS PM 236,TBS PM 236
ati-schedule-i-treasury-board-secretariat,Treasury Board Secretariat,Secrétariat du Conseil du Trésor,TBS PCE 723,fr,French,SCT RH 236,institution_specific,Institution-specific class,true,Resolved,SCT RH 236,SCT RH 236
ati-schedule-i-treasury-board-secretariat,Treasury Board Secretariat,Secrétariat du Conseil du Trésor,TBS PCE 743,en,English,TBS PM 232,institution_specific,Institution-specific class,true,Resolved,TBS PM 232,TBS PM 232
ati-schedule-i-treasury-board-secretariat,Treasury Board Secretariat,Secrétariat du Conseil du Trésor,TBS PCE 743,fr,French,SCT RH 232,institution_specific,Institution-specific class,true,Resolved,TBS PM 232,TBS PM 232
ati-schedule-i-treasury-board-secretariat,Treasury Board Secretariat,Secrétariat du Conseil du Trésor,TBS PCE 789,en,English,TBS PM 255,institution_specific,Institution-specific class,true,Resolved,TBS PM 255,TBS PM 255
ati-schedule-i-treasury-board-secretariat,Treasury Board Secretariat,Secrétariat du Conseil du Trésor,TBS PCE 789,fr,French,SCT RH 255,institution_specific,Institution-specific class,true,Resolved,TBS PM 255,TBS PM 255
ati-schedule-i-treasury-board-secretariat,Treasury Board Secretariat,Secrétariat du Conseil du Trésor,TBS PCE 799,en,English,TBS PM 255,institution_specific,Institution-specific class,true,Resolved,TBS PM 255,TBS PM 255
ati-schedule-i-treasury-board-secretariat,Treasury Board Secretariat,Secrétariat du Conseil du Trésor,TBS PCE 799,fr,French,SCT RH 255,institution_specific,Institution-specific class,true,Resolved,TBS PM 255,TBS PM 255
ati-schedule-i-treasury-board-secretariat,Treasury Board Secretariat,Secrétariat du Conseil du Trésor,TBS PCE 745,en,English,TBS PM 236,institution_specific,Institution-specific class,true,Resolved,TBS PM 236,TBS PM 236
ati-schedule-i-treasury-board-secretariat,Treasury Board Secretariat,Secrétariat du Conseil du Trésor,TBS PCE 745,fr,French,SCT RH 236,institution_specific,Institution-specific class,true,Resolved,SCT RH 236,SCT RH 236
ati-schedule-i-treasury-board-secretariat,Treasury Board Secretariat,Secrétariat du Conseil du Trésor,TBS PCU 715,en,English,TBS PM 200,institution_specific,Institution-specific class,true,Resolved,TBS PM 200,TBS PM 200
ati-schedule-i-treasury-board-secretariat,Treasury Board Secretariat,Secrétariat du Conseil du Trésor,TBS PCU 715,fr,French,SCT RH 200,institution_specific,Institution-specific class,true,Resolved,TBS PM 200,TBS PM 200
ati-schedule-i-treasury-board-secretariat,Treasury Board Secretariat,Secrétariat du Conseil du Trésor,TBS PCE 754,en,English,TBS PM 275,institution_specific,Institution-specific class,true,Resolved,TBS PM 275,TBS PM 275
ati-schedule-i-treasury-board-secretariat,Treasury Board Secretariat,Secrétariat du Conseil du Trésor,TBS PCE 754,fr,French,SCT RH 275,institution_specific,Institution-specific class,true,Resolved,TBS PM 275,TBS PM 275
ati-schedule-i-treasury-board-secretariat,Treasury Board Secretariat,Secrétariat du Conseil du Trésor,TBS PCE 729,en,English,TBS PM 204,institution_specific,Institution-specific class,true,Resolved,TBS PM 204,TBS PM 204
ati-schedule-i-treasury-board-secretariat,Treasury Board Secretariat,Secrétariat du Conseil du Trésor,TBS PCE 729,fr,French,SCT RH 204,institution_specific,Institution-specific class,true,Resolved,TBS PM 204,TBS PM 204
ati-schedule-i-treasury-board-secretariat,Treasury Board Secretariat,Secrétariat du Conseil du Trésor,TBS PPU 035,en,English,TBS PM 205,institution_specific,Institution-specific class,true,Resolved,TBS PM 205,TBS PM 205
ati-schedule-i-treasury-board-secretariat,Treasury Board Secretariat,Secrétariat du Conseil du Trésor,TBS PPU 035,fr,French,SCT RH 205,institution_specific,Institution-specific class,true,Resolved,TBS PM 205,TBS PM 205
ati-schedule-i-treasury-board-secretariat,Treasury Board Secretariat,Secrétariat du Conseil du Trésor,TBS PCE 739,en,English,TBS PM 250,institution_specific,Institution-specific class,true,Resolved,TBS PM 250,TBS PM 250
ati-schedule-i-treasury-board-secretariat,Treasury Board Secretariat,Secrétariat du Conseil du Trésor,TBS PCE 739,en,English,TBS PM 236,institution_specific,Institution-specific class,true,Resolved,TBS PM 236,TBS PM 236
ati-schedule-i-treasury-board-secretariat,Treasury Board Secretariat,Secrétariat du Conseil du Trésor,TBS PCE 741,en,English,TBS PM 236,institution_specific,Institution-specific class,true,Resolved,TBS PM 236,TBS PM 236
ati-schedule-i-treasury-board-secretariat,Treasury Board Secretariat,Secrétariat du Conseil du Trésor,TBS PCE 741,fr,French,SCT RH 236,institution_specific,Institution-specific class,true,Resolved,SCT RH 236,SCT RH 236
ati-schedule-i-treasury-board-secretariat,Treasury Board Secretariat,Secrétariat du Conseil du Trésor,TBS PCE 747,en,English,TBS PM 236,institution_specific,Institution-specific class,true,Resolved,TBS PM 236,TBS PM 236
ati-schedule-i-treasury-board-secretariat,Treasury Board Secretariat,Secrétariat du Conseil du Trésor,TBS PCE 747,fr,French,SCT RH 236,institution_specific,Institution-specific class,true,Resolved,SCT RH 236,SCT RH 236
ati-schedule-i-treasury-board-secretariat,Treasury Board Secretariat,Secrétariat du Conseil du Trésor,TBS PCE 753,en,English,TBS PM 236,institution_specific,Institution-specific class,true,Resolved,TBS PM 236,TBS PM 236
ati-schedule-i-treasury-board-secretariat,Treasury Board Secretariat,Secrétariat du Conseil du Trésor,TBS PCE 753,fr,French,SCT RH 236,institution_specific,Institution-specific class,true,Resolved,SCT RH 236,SCT RH 236
ati-schedule-i-treasury-board-secretariat,Treasury Board Secretariat,Secrétariat du Conseil du Trésor,TBS PCE 764,en,English,TBS PM 236,institution_specific,Institution-specific class,true,Resolved,TBS PM 236,TBS PM 236
ati-schedule-i-treasury-board-secretariat,Treasury Board Secretariat,Secrétariat du Conseil du Trésor,TBS PCE 764,fr,French,SCT RH 236,institution_specific,Institution-specific class,true,Resolved,SCT RH 236,SCT RH 236
ati-schedule-i-treasury-board-secretariat,Treasury Board Secretariat,Secrétariat du Conseil du Trésor,TBS PCE 765,en,English,TBS PM 236,institution_specific,Institution-specific class,true,Resolved,TBS PM 236,TBS PM 236
ati-schedule-i-treasury-board-secretariat,Treasury Board Secretariat,Secrétariat du Conseil du Trésor,TBS PCE 765,fr,French,SCT RH 236,institution_specific,Institution-specific class,true,Resolved,SCT RH 236,SCT RH 236
ati-schedule-i-treasury-board-secretariat,Treasury Board Secretariat,Secrétariat du Conseil du Trésor,TBS PCE 769,en,English,TBS PM 236,institution_specific,Institution-specific class,true,Resolved,TBS PM 236,TBS PM 236
ati-schedule-i-treasury-board-secretariat,Treasury Board Secretariat,Secrétariat du Conseil du Trésor,TBS PCE 769,fr,French,SCT RH 236,institution_specific,Institution-specific class,true,Resolved,SCT RH 236,SCT RH 236
ati-schedule-i-treasury-board-secretariat,Treasury Board Secretariat,Secrétariat du Conseil du Trésor,TBS PCE 804,en,English,TBS PM 236,institution_specific,Institution-specific class,true,Resolved,TBS PM 236,TBS PM 236
ati-schedule-i-treasury-board-secretariat,Treasury Board Secretariat,Secrétariat du Conseil du Trésor,TBS PCE 804,fr,French,SCT RH 236,institution_specific,Institution-specific class,true,Resolved,SCT RH 236,SCT RH 236
ati-schedule-i-treasury-board-secretariat,Treasury Board Secretariat,Secrétariat du Conseil du Trésor,TBS PCE 742,en,English,TBS PM 236,institution_specific,Institution-specific class,true,Resolved,TBS PM 236,TBS PM 236
ati-schedule-i-treasury-board-secretariat,Treasury Board Secretariat,Secrétariat du Conseil du Trésor,TBS PCE 755,en,English,TBS PM 243,institution_specific,Institution-specific class,true,Resolved,TBS PM 243,TBS PM 243
ati-schedule-i-treasury-board-secretariat,Treasury Board Secretariat,Secrétariat du Conseil du Trésor,TBS PCE 755,fr,French,SCT RH 243,institution_specific,Institution-specific class,true,Resolved,TBS PM 243,TBS PM 243
ati-schedule-i-treasury-board-secretariat,Treasury Board Secretariat,Secrétariat du Conseil du Trésor,TBS PCE 807,en,English,TBS PM 253,institution_specific,Institution-specific class,true,Resolved,TBS PM 253,TBS PM 253
ati-schedule-i-treasury-board-secretariat,Treasury Board Secretariat,Secrétariat du Conseil du Trésor,TBS PCE 807,fr,French,SCT RH 253,institution_specific,Institution-specific class,true,Resolved,TBS PM 253,TBS PM 253
ati-schedule-i-treasury-board-secretariat,Treasury Board Secretariat,Secrétariat du Conseil du Trésor,TBS PCE 704,fr,French,SCT CG 125,institution_specific,Institution-specific class,true,Resolved,TBS MF 125,TBS MF 125
ati-schedule-i-treasury-board-secretariat,Treasury Board Secretariat,Secrétariat du Conseil du Trésor,TBS PCE 784,fr,French,SCT RH 236,institution_specific,Institution-specific class,true,Resolved,SCT RH 236,SCT RH 236
