record_number,record_number_en,record_number_fr,title_en,title_fr,description_en,description_fr,document_types_en,document_types_fr,url_en,url_fr
930,PRN 930,NDP 930,Access to Information and Privacy,Accès à l’information et protection des renseignements personnels,"Includes records related to the administration of the Access to Information and/or the Privacy Act including processing requests, preparing Annual Reports to Parliament, statistical reports and updates to the Info Source publications, providing advice, guidance and training to employees, responding to complaints from requestors, conducting privacy impact assessments and responding to investigations by the Offices of the Information and/or Privacy Commissioners. Records may include information related to all requests for information under the control of the institution including correction of personal information and notification of correction of personal information, the identification, description and registration of personal information banks, informal requests, complaints, investigations and requests for judicial review, consultations with third parties and information received from or sent to other institutions, legal advice and requests for advice received from institutional officials that raise privacy and/or access to information concerns. Records may also include information related to requests leading to a change of policy or procedure and documentation pertaining to the software systems used within institutions to manage the administration of access to information and privacy requests.","Comprend des dossiers liés à l’administration de la Loi sur l’accès à l’information et de la Loi sur la protection des renseignements personnels, dont des dossiers concernant le traitement des demandes, l’élaboration des rapports annuels au Parlement, les rapports statistiques et les mises à jour des publications d’Info Source, les conseils, l’aide et la formation fournis aux employés, les réponses aux plaintes des auteurs d’une demande, la réalisation d’évaluations des facteurs relatifs à la vie privée et la participation aux enquêtes menées par le Commissariat à l’information et le Commissariat à la protection de la vie privée. Les dossiers peuvent comprendre les renseignements liés à toutes les demandes d’information détenue par l’institution, y compris la correction de renseignements personnels et l’avis de correction de renseignements personnels, la désignation, la description et l’enregistrement de fichiers de renseignements personnels, les demandes officieuses, les plaintes, les enquêtes et les demandes de révision judiciaire, les consultations de tierces parties et les renseignements reçus d’autres institutions ou transmis à ces dernières, les avis juridiques et les demandes d’avis reçues des fonctionnaires de l’institution soulevant des questions de protection des renseignements personnels ou d’accès à l’information. Les dossiers peuvent aussi renfermer des renseignements liés à des demandes ayant mené à un changement de politique ou de procédure et de la documentation concernant les systèmes logiciels employés au sein de l’institution pour gérer l’administration des demandes d’accès à l’information et de renseignements personnels.","Request case files (may include written requests for information, request forms, letters of acknowledgement, fee estimates, working notes, news clippings, summaries of analyses, request response package including cover letter and copies of released documents, requests to correct personal information, and Commissioner and judicial recommendations and orders), Annual Reports to Parliament, statistical reports, copies of relevant legislation, regulations and related policy instruments, internal policies, guidelines, directives and procedures, legal opinions, copies of audits and/or investigations from the Office of the Privacy Commissioner and/or Office of the Information Commissioner, updates to the Info Source publications, delegation of authority, staff time logs, notices of transfer, fees or extension of time, file lists, indices or finding aids, reports, memoranda and correspondence files.","Dossiers des demandes (peuvent comprendre les demandes écrites de renseignements soumises par écrit, les formulaires de demande, les accusés de réception, les estimations de frais d’accès, les notes de travail, les coupures de presse, les résumés d’analyse, les documents de réponse aux demandes, notamment la lettre d’accompagnement et la copie des documents communiqués, les demandes de correction de renseignements personnels, ainsi que les recommandations et les décisions judiciaires et celles du commissaire), rapports annuels au Parlement, rapports statistiques, exemplaires des lois et des règlements pertinents et des instruments de politique connexes, politiques, lignes directrices, directives et procédures internes, avis juridiques, exemplaires de vérifications et rapports d’enquêtes du Commissariat à la protection de la vie privée ou du Commissariat à l’information, mises à jour des publications d’Info Source, délégation de pouvoirs, registres des heures des employés, avis de transfert, de frais ou de prolongation, listes, index et instruments de repérage de fichiers, rapports, notes de service et fichiers de correspondance.",https://www.canada.ca/en/treasury-board-secretariat/services/access-information-privacy/access-information/info-source/standard-classes-records.html#prn930,https://www.canada.ca/fr/secretariat-conseil-tresor/services/acces-information-protection-renseignements-personnels/acces-information/info-source/categories-documents-ordinaires.html#ndp930
901,PRN 901,NDP 901,Administrative Services,Services administratifs,"Includes records related to the management of internally-provided administrative services, undertaken in the institution, which help to manage and deliver the institution’s programs and services. Records may include information related to office accommodation, construction and modification of workstations, photocopy services, printing services, parking, telephone services, mail and messenger services, translation and locksmith services.","Comprend des dossiers liés à la gestion des services administratifs fournis à l’interne, au sein de l’institution, et contribuant à la gestion et à la mise en œuvre des programmes et services de l’institution. Les dossiers peuvent comprendre des renseignements concernant les locaux, la construction et la modification des postes de travail, les services de photocopie, les services d’impression, le stationnement, les services téléphoniques, les services de courrier et de messagerie, de traduction et de serrurier.","Telephone lists, photocopier usage counts, print job ordering forms, copies of translation services guidelines and procedures, stationery supply reports, parking permit applications and correspondence, telephone equipment catalogues and manuals, mail logbooks, mail/courier slips, shipment permits, copies of internal procedures and policies, product information and price lists, and stationery request forms.","Listes téléphoniques, relevés d’utilisation du photocopieur, formulaires de commande de services d’impression, exemplaires de lignes directrices et procédures en matière de traduction, rapports sur les fournitures de bureau, demandes de permis de stationnement, correspondance, catalogues et manuels d’équipement téléphonique, registres de courrier, bordereaux de courrier/messagerie, permis d’expédition, exemplaires de procédures et de politiques internes, information sur les produits, listes de prix et bons de commande de papeterie.",https://www.canada.ca/en/treasury-board-secretariat/services/access-information-privacy/access-information/info-source/standard-classes-records.html#prn901,https://www.canada.ca/fr/secretariat-conseil-tresor/services/acces-information-protection-renseignements-personnels/acces-information/info-source/categories-documents-ordinaires.html#ndp901
940,PRN 940,NDP 940,Awards (Pride and Recognition),Prix (Fierté et reconnaissance),"Includes records related to formal and informal recognition, through an awards program, of persons employed in the institution for outstanding performance of his/her duties, for leadership, for other meritorious contributions in the performance of his/her duties, and for long service. Pride refers to self-respect, to satisfaction derived from achievements, or to qualities or skills that do one credit. Recognition covers a range of formal and informal practices in the workplace that collectively express and reinforce values and the way that people work together. Records may include information related to Awards of Excellence, National Public Service Week, Outstanding Achievement Award, and Head of the Public Service Award, Leadership Network and/or institution-specific awards.","Comprend des dossiers concernant la reconnaissance formelle ou informelle, au moyen d’un programme de prix, d’employés de l’institution pour leur rendement exceptionnel dans l’exercice de leurs fonctions, leur leadership, d’autres contributions dignes de mention ou un long service. La fierté désigne le respect de soi, la satisfaction que donnent les réalisations, les qualités ou aptitudes à son actif. La reconnaissance englobe une gamme de pratiques formelles et informelles dans le milieu de travail, qui collectivement, traduisent et renforcent les valeurs et la façon dont les gens travaillent ensemble. Les dossiers peuvent comprendre des renseignements liés au Prix d’excellence, à la Semaine nationale de la fonction publique, au Prix pour services insignes, au Prix du Chef de la fonction publique, au Réseau du leadership ou aux prix propres à l’institution.","Submissions, selection criteria, approved nominations, ceremony arrangements, Selection Committee records, photographs, sound recordings, call letters, and institution-specific policies, procedures and guidelines.","Présentations, critères de sélection, candidatures approuvées, arrangements relatifs aux cérémonies, dossiers des comités de sélection, photos et enregistrements sonores, lettres d’appel et politiques, procédures et lignes directrices propres à l’institution.",https://www.canada.ca/en/treasury-board-secretariat/services/access-information-privacy/access-information/info-source/standard-classes-records.html#prn940,https://www.canada.ca/fr/secretariat-conseil-tresor/services/acces-information-protection-renseignements-personnels/acces-information/info-source/categories-documents-ordinaires.html#ndp940
938,PRN 938,NDP 938,"Boards, Committees and Councils","Conseils d’administration, comités et conseils","Includes records related to the establishment, organization, functions, activities and management of boards, committees, and councils (including Governor in Council appointments) which are exclusive to a particular institution and which have been established to provide oversight, guidance and recommendations to the institution. Records may include information related to the nomination, appointment, resignation and/or termination of members including criteria for the identification and selection of members, terms and conditions of appointment (e.g. salary, honoraria, per diem rates) roles and responsibilities, and administrative support documentation. Records may also include correspondence among members and with the institution, as well as the relevant Minister’s Office about the selection of individuals and with the Privy Council Office about Governor-in-Council appointees.","Comprend des données se rapportant à l’établissement, à l’organisation, aux fonctions, aux activités et à la gestion de conseils d’administration, comités et conseils (et au sujet des titulaires des postes dotés par décret) qui sont propres à une institution donnée et qui ont été mis sur pied pour assurer la surveillance et l’orientation de l’institution et lui fournir des recommandations. Les données peuvent comprendre de l’information sur la mise en candidature, la nomination, la démission ou la cessation d’emploi des membres, notamment les critères d’identification et de sélection des membres, les modalités de leur nomination (p. ex., le traitement, les honoraires et l’indemnité quotidienne), leurs rôles et responsabilités et la documentation de soutien administratif. Les données peuvent aussi comprendre la correspondance entre les membres et l’institution et avec le cabinet du ministre de tutelle, au sujet de la sélection des membres, ainsi qu’avec le Bureau du Conseil privé au sujet des titulaires des postes dotés par décret.","Terms of reference, agendas, minutes of meetings, notices, proceedings, recommendations documents, briefing and discussion papers, curricula vitae, travel claims, policy documents, photographs, videos, communications materials released in all formats (including institutional web sites), speeches, audit and evaluation documentation, copies of Annual Reports, Orders-in-Council, correspondence, backgrounders, reports, etc.","Mandats, ordres du jour, procès-verbaux de réunions, avis, comptes rendus de réunion, documents sur les recommandations, notes de synthèse et documents de discussion, curriculums vitæ, demandes de remboursement de frais de voyages, documents de politique, photographies, vidéos, matériel de communication diffusés dans tous les formats (y compris par l’entremise des sites Web de l’institution), discours, documentation relative à des vérifications et à des évaluations, rapports annuels, décrets, correspondance, fiches documentaires, rapports et autres.",https://www.canada.ca/en/treasury-board-secretariat/services/access-information-privacy/access-information/info-source/standard-classes-records.html#prn938,https://www.canada.ca/fr/secretariat-conseil-tresor/services/acces-information-protection-renseignements-personnels/acces-information/info-source/categories-documents-ordinaires.html#ndp938
928,PRN 928,NDP 928,Business Continuity Planning,Planification de la continuité des activités,"Includes records related to an institution’s Business Continuity Planning which provides for the continued availability of services and associated assets that are critical to the health, safety, security or economic well-being of Canadians or the effective functioning of government in the event of a disaster or emergency. Business Continuity Planning complements emergency preparedness which is mandated by legislation, government or institutional policy (e.g. fire and building evacuation plans, civil emergency plans) and includes the development and implementation of a Business Continuity Plan. The types of incidences for which the Plan may be initiated may vary from a minor incident, such as a building-specific power outage or an equipment or system failure, to one of provincial or national proportions. The Business Continuity Plan outlines and coordinates the efforts of institutional staff and the implementation of advance arrangements and procedures to ensure that the institution can continue or restart critical business operations within a reasonable timeframe.","Comprend des dossiers sur la planification de la continuité des activités de l’institution, soit les mesures prévoyant la disponibilité continue des services et des biens afférents qui sont essentiels à la santé, la sûreté, la sécurité et le bien-être économique des Canadiens, ainsi qu’à l’efficacité du gouvernement en cas de catastrophe ou d’urgence. La planification de la continuité des activités va de pair avec la protection civile qui est prescrite par la loi ou la politique du gouvernement ou de l’institution (p. ex., les plans d’évacuation des édifices et en cas d’incendie et les plans d’intervention civils) et comprend l’élaboration et la mise en œuvre d’un plan de continuité des activités. Les types d’incidents pouvant déclencher la mise en œuvre du plan peuvent varier. Il peut s’agir d’un incident mineur comme une panne d’électricité dans un édifice donné ou une panne d’équipement ou de systèmes, ou d’un incident ayant des incidences à l’échelle provinciale ou nationale. La planification de la continuité des activités énonce et coordonne les efforts du personnel de l’institution et la mise en œuvre des dispositions et des procédures préétablies pour garantir que l’institution puisse poursuivre ou reprendre ses activités opérationnelles essentielles dans un délai raisonnable.","Disaster/emergency recovery plans, network and/or data backup procedures, emergency and recovery resources, emergency evacuation procedures, service level agreements (including Memoranda of Understanding with other federal institutions), essential records policies, notification procedures for emergency response teams, institutional staff, Senior Executive or Minister’s staff, federal, provincial and municipal bodies, plan activation procedures, documentation pertaining to Command Control and Emergency Centre Operations, copies of Delegation/Designation of Authorities, disaster/emergency contact list, detailed business resumption, recovery and restoration procedures, and media handling procedures.","Plans de reprise des activités en cas d’urgence ou de catastrophe, procédures de sauvegarde du réseau ou des données, ressources d’urgence et de reprise des activités, procédures d’évacuation en cas d’urgence, ententes sur les niveaux de service (y compris les protocoles d’entente conclus avec d’autres institutions fédérales), politiques sur les dossiers essentiels, procédures de notification des équipes d’intervention en cas d’urgence, du personnel de l’institution, de la haute direction ou du ministre, des organismes fédéraux, provinciaux et municipaux, procédures d’activation, documents touchant les opérations du centre de commandement, de contrôle et d’urgence, délégations et désignations des pouvoirs, liste des personnes avec qui communiquer en cas de catastrophe/d’urgence, procédures détaillées relatives à la reprise et au rétablissement des opérations et procédures relatives aux relations avec les médias.",https://www.canada.ca/en/treasury-board-secretariat/services/access-information-privacy/access-information/info-source/standard-classes-records.html#prn928,https://www.canada.ca/fr/secretariat-conseil-tresor/services/acces-information-protection-renseignements-personnels/acces-information/info-source/categories-documents-ordinaires.html#ndp928
919,PRN 919,NDP 919,Classification of Positions,Classification des postes,"Includes records related to the factors, elements, and other criteria used to establish the relative value of work for an occupational group. Classification provides a means of grouping similar types of work together so that it can be ranked by levels of difficulty and differentiated from other, dissimilar work. It also provides a basis for employee compensation in the institution.","Comprend des dossiers concernant les facteurs, les éléments et les autres critères employés pour établir la valeur relative du travail d’un groupe professionnel. La classification procure un moyen de regrouper les types de travail similaires de façon à ce qu’ils puissent être classés par niveaux de difficulté et différenciés d’autres types de travail de nature différente. Elle fournit également une base pour la rémunération des employés de l’institution.","Employee lists and inventories, position classifications and reclassifications, institution-specific classification policies, organization charts, copies of Treasury Board Secretariat and/or internal policies, directives and guidelines, identification of functions or positions, classification standards, classification performance reports, language requirements of positions, competency requirements and/or profiles, classification grievances, statistical data, audit reviews and reports, generic work descriptions and, where applicable, documents related to the mandatory on-line publication of the reclassification of occupied positions.","Listes et répertoires d’employés, classifications et reclassifications de postes, politiques de classification propres à l’institution, organigrammes, exemplaires des politiques, des directives et des lignes directrices du Secrétariat du Conseil du Trésor du Canada ou de l’institution, identification des fonctions ou des postes, normes de classification, rapports sur le rendement en matière de classification, exigences linguistiques des postes, exigences liées aux compétences ou profils de compétences, griefs de classification, données statistiques, examens et rapports de vérification, descriptions de travail génériques et, le cas échéant, documents liés à la publication en ligne obligatoire de la reclassification des postes dotés.",https://www.canada.ca/en/treasury-board-secretariat/services/access-information-privacy/access-information/info-source/standard-classes-records.html#prn919,https://www.canada.ca/fr/secretariat-conseil-tresor/services/acces-information-protection-renseignements-personnels/acces-information/info-source/categories-documents-ordinaires.html#ndp919
939,PRN 939,NDP 939,Communications,Communications,"Includes records related to the management of an institution’s internal and external communications. The Communications function includes, but is not limited to, the following activities: providing communications support and advice to ministers and senior officials on (non-partisan) government matters, including the preparation of speeches, news releases, briefing notes, presentations, memoranda and correspondence; preparing and implementing communications plans and strategies (including analyses of the internal and external environments) in support of institutional policies, programs, services and initiatives; preparing, producing and disseminating information using all forms of media and graphic arts, including electronic publishing; collaborating with other Government of Canada institutions to promote common communication objectives; integrating all communication activities, including Internet applications, marketing, advertising, public opinion research and media relations to promote consistent and well co-ordinated communications with the public; providing, co-ordinating or contracting media monitoring services; communicating with the public, federal institutions, other government institutions (municipal, provincial, international) and private sector organizations and providing information services through the Internet and other electronic media; planning, co-ordinating, implementing and evaluating advertising, publishing and public awareness programs and campaigns; planning, co-ordinating and promoting the institution’s participation in public events, including fairs and exhibitions; cultivating media contacts, coordinating access to the media, authorising and issuing press releases and briefings, and organising media interviews; marketing and supplying publications by the institution in various formats including the production, distribution and evaluation of film, video, audiovisual and multimedia productions via manual or electronic production (e.g. design, layout, typesetting, desktop publishing, printing, binding, etc.); developing and administering guidelines on the consistency in written style, graphic design etc. within the institution’s documents; and designing logos, letterhead, stationery, publications etc. that incorporate the corporate image of the institution. Records may include information related to media relations, media monitoring and analysis, strategic communications advice and planning, public opinion research and analysis, institutional publications, the development, design, management and maintenance of internal and external websites, and the development and maintenance of internal and external mailing and distribution lists.","Comprend des enregistrements se rapportant à la gestion des communications internes et externes d’une institution. La fonction Communications comprend les activités suivantes, mais sans s’y limiter : fournir aux ministres et aux cadres supérieurs du soutien et des conseils en matière de communication sur des questions gouvernementales (non partisanes), y compris pour la rédaction de discours, de communiqués, de notes de synthèse, d’exposés, de notes de service et de correspondance; établir et mettre en œuvre des plans et des stratégies de communication (y compris des analyses des contextes internes et externes) à l’appui des politiques, programmes, services et initiatives de l’institution; préparer, produire et diffuser de l’information au moyen de tous types de supports et d’arts graphiques, y compris la publication électronique; collaborer avec d’autres institutions du gouvernement du Canada pour promouvoir des objectifs communs de communication; intégrer toutes les activités de communication, y compris les applications Internet, le marketing, la publicité, la recherche sur l’opinion publique et les relations avec les médias afin de favoriser des communications constantes et bien coordonnées avec le public; fournir, coordonner ou donner à contrat des services de surveillance des reportages dans les médias; communiquer avec le public, les institutions fédérales, des institutions d’autres gouvernements (municipales, provinciales, internationales) et des organismes du secteur privé et fournir des services d’information au moyen d’Internet et d’autres médias électroniques; planifier, coordonner, mettre en œuvre et évaluer des programmes et des campagnes de publicité, de publication et de sensibilisation publique; planifier, coordonner et promouvoir la participation de l’institution à des événements publics, dont des foires et des expositions; cultiver des contacts avec les médias, coordonner l’accès aux médias, autoriser et diffuser des communiqués et des notes de synthèse et organiser des entrevues dans les médias; commercialiser et distribuer les publications de l’institution en divers formats, et notamment produire, distribuer et évaluer des films, des vidéos et des productions audiovisuelles et multimédias manuellement ou électroniquement (p. ex., conception, mise en page, composition, éditique, reliure, etc.); rédiger et administrer des lignes directrices pour assurer l’uniformité du style, de la conception graphique, etc., des documents de l’institution; et concevoir des logos, des en-têtes, du papier à lettre, du matériel de papeterie, des publications, etc., qui font valoir l’image de marque de l’institution. Les enregistrements peuvent comprendre de l’information concernant les relations avec les médias, le suivi et l’analyse des médias, des conseils et des services de planification en matière de communication, des recherches et des analyses sur l’opinion publique, les publications de l’institution, l’élaboration, la conception, la gestion et la tenue de sites Web internes et externes, ainsi que l’établissement et la tenue de listes d’envoi et de distribution internes et externes.","Media analyses and media lines, communications plans, announcements, communiqués, newsletters and updates to staff, news releases, backgrounders, fact sheets, media advisories, speeches, questions and answers, scenario notes, speaking notes, briefing notes, calendar of planned events, news-clippings, biographies, protocols, PowerPoint presentations, mailing and distribution lists, public opinion research reports, style guides, institutional communications policies, guidelines, standards and procedures, notices, pamphlets, service/customer satisfaction studies, omnibus surveys, literature reviews, crisis and emergency communications plans and policies, documentation pertaining to the Depository Services Program, brochures, print and electronic publishing documentation, website content, and copies of institutional publications in all formats.","Analyses des médias et infocapsules, plans de communication, annonces, avis, bulletins et mises à jour à l’intention du personnel, communiqués, fiches documentaires et feuilles de renseignements, avis aux médias, discours, questions et réponses, notes de scénarios, notes d’allocution, notes de synthèse, calendrier d’événements prévus, coupures de presse, biographies, protocoles, exposés en PowerPoint, listes d’envoi et de distribution, rapports de recherche sur l’opinion publique, guides de rédaction, politiques, lignes directrices, normes et procédures de l’institution en matière de communication, notices, dépliants, études sur les services/la satisfaction des clients, enquêtes omnibus, recensions de la littérature, plans et politiques de communication en cas de crises et d’urgences, documentation relative au Programme des services de dépôt, brochures, documentation relative à la publication d’imprimés et de documents électroniques, contenu de sites web et copies des publications de l’institution dans tous les formats.",https://www.canada.ca/en/treasury-board-secretariat/services/access-information-privacy/access-information/info-source/standard-classes-records.html#prn939,https://www.canada.ca/fr/secretariat-conseil-tresor/services/acces-information-protection-renseignements-personnels/acces-information/info-source/categories-documents-ordinaires.html#ndp939
941,PRN 941,NDP 941,Compensation and Benefits,Rémunération et avantages sociaux,"Includes records related to the programs and activities that establish and administer pay, pension, and other benefit standards and practices to ensure that employees receive fair compensation/remuneration/payment for work performed. May include records related to continuous service, garnishment, maternity and parental benefits, attendance and leave, rates of absenteeism, overtime, bilingualism bonus, pay authorities, performance pay, rates of pay, severance pay, workforce adjustment, part-time, casual and seasonal employees, pay administration, emergency salary advance, life, disability, health and dental insurance plans, Canada Pension Plan, and Public Service Superannuation and/or institution-specific pension plans.","Comprend des dossiers liés aux programmes et aux activités touchant l’établissement et l’administration des normes et des pratiques relatives à la rémunération, à la pension et aux autres avantages et dont le but est de veiller à ce que les employés soient rémunérés équitablement pour le travail qu’ils font. Cette catégorie peut inclure des dossiers concernant le service ininterrompu, les saisies, les prestations de maternité et parentales, les présences et les congés, le taux d’absentéisme, les heures supplémentaires, les primes de bilinguisme, les autorisations concernant la rémunération, la rémunération au rendement, les taux de rémunération, les indemnités de départ, le réaménagement des effectifs, les employés à temps partiel, occasionnels et saisonniers, l’administration de la paye, les avances de salaire en cas d’urgence, les régimes d’assurance-vie, d’assurance-invalidité, de soins de santé et de soins dentaires, le Régime de pensions du Canada et le Régime de pension de retraite de la fonction publique ou les régimes propres à l’institution.","Benefits chart, correspondence, compensation surveys, insurance plan directives and rules, copies of internal audit reports, terms and conditions relating to insurance eligibility, premiums, contributions, and benefits, memoranda of clarification, copies of collective agreements and terms and conditions of employment, part-time work agreements, and copies of relevant legislation, regulations, Treasury Board Secretariat policies and directives (if applicable), and/or institution-specific policies, procedures and guidelines.","Fiche d’avantages sociaux, correspondance, sondages sur la rémunération, directives et règles concernant le régime d’assurance, exemplaires de rapports de vérification interne, conditions relatives à l’admissibilité à l’assurance, aux primes, aux cotisations et aux prestations, mémoires de clarification, exemplaires de conventions collectives et de conditions d’emploi, ententes de travail à temps partiel et exemplaires des lois, des règlements et des politiques et des directives du Secrétariat du Conseil du Trésor du Canada qui s’appliquent (le cas échéant) ou des politiques, des procédures et des lignes directrices propres à l’institution.",https://www.canada.ca/en/treasury-board-secretariat/services/access-information-privacy/access-information/info-source/standard-classes-records.html#prn941,https://www.canada.ca/fr/secretariat-conseil-tresor/services/acces-information-protection-renseignements-personnels/acces-information/info-source/categories-documents-ordinaires.html#ndp941
904,PRN 904,NDP 904,Cooperation and Liaison,Coopération et liaison,"Includes records related to formal and informal cooperation and liaison activities with other federal, provincial/ territorial, municipal, and international governments/agencies, organizations, and academic institutions (where applicable) to ensure the effective management of horizontal initiatives, communicate institutional activities, and promote integrated approaches to developing and delivering institutional programs and services. May also include records related to coordinating programs for international delegations and visits, facilitating information exchanges in areas of common interest, sharing knowledge, expertise, and best practices, developing joint service delivery initiatives in partnership with other provinces and territories, reinforcing strategic partnerships with established partners and creating new networks of influence to expand and intensify ties with other governments and/or organizations, and building more strategic relationships to advance institutional interests and priorities. May also include records related to outreach activities, the development of new strategic networks and partnerships, hosting and sharing information with international delegations, and attending regional, national, and international for a, roundtables, symposia and conferences.","Comprend des dossiers concernant les activités de coopération et de liaison officielles et non officielles avec des gouvernements/organismes fédéraux, provinciaux/territoriaux, municipaux et internationaux, d’autres organismes et des établissements d’enseignement (le cas échéant) dans le but d’assurer la gestion efficace des initiatives horizontales, de faire connaître les activités de l’institution et de favoriser des approches intégrées de l’élaboration et de la mise en œuvre des programmes et services de l’institution. Il peut également s’agir de dossiers liés à la coordination des programmes touchant les délégations et les visiteurs de l’étranger, à la facilitation de l’échange d’information dans des domaines d’intérêt commun, au partage des connaissances, du savoir-faire et des pratiques exemplaires, à l’élaboration d’initiatives conjointes en matière de prestation de services en partenariat avec des provinces et territoires, au renforcement des partenariats stratégiques avec les partenaires existants et à la création de nouveaux réseaux d’influence dans le but d’élargir et de renforcer les liens avec d’autres gouvernements ou organismes, ainsi qu’à l’établissement de relations plus stratégiques afin de promouvoir les intérêts et de faire avancer les priorités de l’institution. Cette catégorie peut aussi comprendre des dossiers concernant des activités de sensibilisation, l’établissement de nouveaux réseaux et de partenariats stratégiques, l’accueil de délégations étrangères et le partage d’information avec ces dernières et la participation à des activités, tables rondes, conférences et symposiums régionaux, nationaux et internationaux.","Minutes, agendas and records of decisions of multilateral and bilateral meetings, proceedings of symposia, roundtables and conferences, copies of bilateral and liaison agreements, drafts and final case studies reports, memoranda of cooperation, records of consultation activities, and international activity reports.","Procès-verbaux, ordres du jour et comptes rendus de réunions multilatérales et bilatérales, travaux de symposiums, de tables rondes et de conférences, exemplaires d’accords bilatéraux et d’accords de liaison, versions provisoires et rapports finaux d’études de cas, mémoires de coopération, dossiers sur les activités de consultation et rapports sur les activités internationales.",https://www.canada.ca/en/treasury-board-secretariat/services/access-information-privacy/access-information/info-source/standard-classes-records.html#prn904,https://www.canada.ca/fr/secretariat-conseil-tresor/services/acces-information-protection-renseignements-personnels/acces-information/info-source/categories-documents-ordinaires.html#ndp904
937,PRN 937,NDP 937,Disclosure to Investigative Bodies,Divulgation aux organismes d’enquête,"Includes records related to requests received by government institutions from investigative bodies listed in Schedule 2 of the Privacy Regulations for personal information, collected for the purpose of authorized programs and activities of the government institutions, to be disclosed pursuant to paragraph 8(2)(e) of the Privacy Act and the responses thereof. Records of requests and responses are kept by the government institution receiving the request pursuant to sections 8(4) Privacy Act and 7 Privacy Regulations.","Comprend des dossiers concernant les demandes qui ont été présentées aux institutions fédérales par les organismes d’enquête (figurant à l’annexe 22 du Règlement sur la protection des renseignements personnels), compilés aux fins des programmes et activités autorisés des institutions gouvernementales, devant être divulgués conformément à l’alinéa 8(2)e) de la Loi sur la protection des renseignements personnels, ainsi que la réponse des institutions. Les dossiers des demandes et des réponses sont conservés par l’institution qui a reçu les demandes en conformité avec le paragraphe 8(4) de la Loi sur la protection des renseignements personnels et de l’article 7 du Règlement sur la protection des renseignements personnels .","Requests for information, responses and related correspondence, reports, policy interpretation, legal opinions, disclosure review and response procedures, copies of internal directives, etc.","Demandes de renseignements, réponses et correspondance connexe, rapports, interprétation de la politique, avis juridiques, procédures d’examen de la divulgation et de réponse, copies de directives internes, etc.",https://www.canada.ca/en/treasury-board-secretariat/services/access-information-privacy/access-information/info-source/standard-classes-records.html#prn937,https://www.canada.ca/fr/secretariat-conseil-tresor/services/acces-information-protection-renseignements-personnels/acces-information/info-source/categories-documents-ordinaires.html#ndp937
942,PRN 942,NDP 942,Employment Equity and Diversity,Équité en matière d’emploi et diversité,"Includes records related to the programs and activities that ensure equitable representation and distribution in the workplace of Aboriginal people, members of visible minority groups, persons with disabilities and women. May include records related to workforce analysis, barriers identification, employment equity initiatives, monitoring activities, duty to accommodate, flexible work arrangements, self-identification, adaptive technologies, advertising campaigns and recruitment programs.","Comprend des dossiers concernant les programmes et les activités qui visent à assurer une représentation et une répartition équitables des Autochtones, des membres des minorités visibles, des personnes handicapées et des femmes dans le milieu de travail. Il peut s’agir de dossiers touchant l’analyse de l’effectif, le recensement des obstacles, les initiatives d’équité en matière d’emploi, les activités de surveillance, l’obligation de prendre des mesures d’adaptation, les modalités de travail flexibles, l’auto-identification, les technologies d’adaptation, les campagnes de publicité et les programmes de recrutement.","Internal employment equity policies, copies of relevant legislation, regulations and policies, review and assessment reports, research studies and reports, repositories and/or inventories, guidelines for contractors, operational plans, statistical reports, surveys, delegation instruments, and Reports to Parliament.","Politiques interne sur l’équité en matière d’emploi, exemplaires des lois, des politiques et des règlements pertinents, rapports d’examens et d’évaluations, études et rapports de recherche, répertoires, lignes directrices à l’intention des entrepreneurs, plans d’activités, rapports statistiques, sondages, instruments de délégation et rapports au Parlement.",https://www.canada.ca/en/treasury-board-secretariat/services/access-information-privacy/access-information/info-source/standard-classes-records.html#prn942,https://www.canada.ca/fr/secretariat-conseil-tresor/services/acces-information-protection-renseignements-personnels/acces-information/info-source/categories-documents-ordinaires.html#ndp942
943,PRN 943,NDP 943,Executive Services,Services à la haute direction,"Includes records related to the provision of various administrative services for the institution’s executive (e.g. minister, deputy minister, assistant deputy minister, president, chair, chief executive officer and equivalent positions). Records may include the control and tracking of correspondence, the selection and/or implementation of technological systems to support the provision of services, management of senior executive committees including secretariat support services, preparation of executive briefing notes, issues management, and the collection of information on current executive issues.","Comprend des dossiers sur la prestation de divers services administratifs aux dirigeants de l’institution (p. ex., ministre, sous-ministre, sous-ministre adjoint, président, président du conseil d’administration, premier dirigeant et autres postes équivalents). Cette catégorie peut comprendre des dossiers sur le contrôle et le suivi de la correspondance, la sélection ou la mise en œuvre de systèmes technologiques pour appuyer la prestation de services, la gestion des comités de la haute direction, dont les services de secrétariat, la préparation des notes d’information, la gestion des grands dossiers et la collecte d’information sur les dossiers courants intéressant la haute direction.","Questions and Answers, Question Period (QP) Notes, correspondence, briefings and briefing notes, speaking engagement invitations, and Senior Executive Committee meeting minutes, agendas and records of decision.","Questions et réponses, notes pour la période de questions, correspondance, documents et notes d’information, invitations à prononcer une allocution et procès-verbaux, ordres du jour et comptes rendus des réunions des comités de la haute direction.",https://www.canada.ca/en/treasury-board-secretariat/services/access-information-privacy/access-information/info-source/standard-classes-records.html#prn943,https://www.canada.ca/fr/secretariat-conseil-tresor/services/acces-information-protection-renseignements-personnels/acces-information/info-source/categories-documents-ordinaires.html#ndp943
914,PRN 914,NDP 914,Financial Management,Gestion financière,"Includes records related to the receipt, control, and expenditure of public funds within the institution including establishing, operating, and maintaining accounting systems, financial oversight, control and planning, budget submissions and budget reporting, obtaining grants, managing funds in the form of allocations from the Consolidated Revenue Fund managing revenue from trading and investments, financial risk (credit, liquidity, market, operational and legal risks) management. May include records relating to accounts payable (expenditures), accounts receivable (revenues), banking, budgeting, cash accounting, cost recoveries, goods and services tax, duties and tariffs, petty cash, grants, contributions and transfer payments, taxes, resource allocations, liability and revenue control, allotments and transfers, allowances, and accounting standards and methods. May also include documentation related to institutional automated financial management systems and, where applicable, liaison with other federal government financial agencies (for distribution of contract payments, for example).","Comprend des dossiers sur la réception, le contrôle et l’utilisation des fonds publics au sein de l’institution, y compris la mise sur pied, l’exploitation et la tenue à jour de systèmes comptables, la surveillance, le contrôle et la planification en matière financière, les propositions et les rapports budgétaires, l’obtention de subventions, la gestion de fonds sous forme d’affectations provenant du Trésor, la gestion des revenus tirés d’opérations de négociation et d’investissements, la gestion des risques financiers (risques de crédit, de liquidité, de marché, opérationnels et juridiques) . Cette catégorie peut comprendre des dossiers sur les comptes créditeurs (dépenses), les comptes débiteurs (revenus), les opérations bancaires, la budgétisation, la comptabilité de caisse, le recouvrement des coûts, la taxe sur les produits et services, les droits et tarifs, la petite caisse, les subventions, les contributions et les paiements de transfert, les taxes, l’affectation des ressources, le contrôle du passif et des revenus, les affectations et les transferts, les provisions et les normes et méthodes de comptabilité. Elle peut aussi englober la documentation relative aux systèmes de gestion financière informatisés de l’institution et, s’il y a lieu, aux liens avec d’autres organismes financiers du gouvernement fédéral (p. ex., pour le versement de paiements en vertu d’un contrat).","Invoices, vouchers, financial statements, summaries, financial management reports and statistics, cheques, accounting codes, cash receipt journals, audit and compliance reviews (internal and/or those undertaken by Agents of Parliament and other central agencies), estimates and working papers, budget forecasts, fiscal year reports, postage accounts, receipts, signing authority documentation (including Financial Delegation Authorities), packing slips, direct deposit applications, statements of account, taxation bulletins, purchase orders, insurance claims, commitment reports, fee information and schedules, encumbrance notices, grant management files, contribution case files, foreign exchange rates, acquisition cards and financial risk management policies, procedures, controls and contingency plans.","Factures, pièces justificatives, états financiers, résumés financiers, rapports et statistiques de gestion financière, chèques, codes de comptes, journaux de caisse-recettes, examens de la vérification et de la conformité (internes ou effectués par des agents du Parlement ou d’autres organismes centraux), budgets des dépenses et documents de travail, prévisions budgétaires, rapports de fin d’exercice, comptes des frais d’affranchissement, reçus, documents sur les pouvoirs de signature (y compris la délégation de pouvoirs financiers), bons d’accompagnement, demandes de dépôt direct, relevés de comptes, bulletins relatifs à l’impôt, bons de commande, déclarations de sinistre, rapports sur les engagements, information et barèmes tarifaires, avis d’engagement de fonds, dossiers de gestion des subventions, dossiers des contributions, taux de change, cartes d’achat et politiques, procédures, contrôles et plans d’urgence touchant la gestion des risques financiers .",https://www.canada.ca/en/treasury-board-secretariat/services/access-information-privacy/access-information/info-source/standard-classes-records.html#prn914,https://www.canada.ca/fr/secretariat-conseil-tresor/services/acces-information-protection-renseignements-personnels/acces-information/info-source/categories-documents-ordinaires.html#ndp914
933,PRN 933,NDP 933,Hospitality,Accueil,"Includes records related to hospitality. Hospitality is the provision of a reception, meal or entertainment to guests of federal institutions, including social events or ceremonies in accordance with established policies and guidelines. Records may include information about the nature, scope, location, costs and type of function, including any event requiring special authority and approval by the appropriate delegated officials. The records may also include information related to the proactive disclosure of relevant hospitality expenses as required by the Treasury Board Secretariat, the Privy Council Office and/or institution-specific policies and procedures.","Comprend des dossiers concernant l’accueil. L’accueil consiste en l’organisation d’une réception, d’un repas ou d’une activité de divertissement pour des invités d’institutions fédérales, notamment l’organisation d’activités sociales ou de cérémonies conformément aux politiques et aux lignes directrices établies. Les dossiers peuvent contenir des renseignements sur la nature, l’ampleur, le lieu, le coût et le type des activités d’accueil, y compris toute activité nécessitant une autorisation spéciale et les approbations par les fonctionnaires s’étant vu déléguer les pouvoirs appropriés. Les dossiers peuvent également renfermer des renseignements sur la divulgation proactive des dépenses d’accueil pertinentes, conformément aux politiques et procédures du Secrétariat du Conseil du Trésor du Canada, du Bureau du Conseil privé ou de l’institution en question.","Lists of attendees, locations, dates, and expenses, event protocols, hospitality policies and guidelines, financial signing authorities, and, where applicable, documents related to the mandatory on-line publication of hospitality expenses.","Listes de participants, lieux, dates et dépenses, protocoles liés aux activités, politiques et lignes directrices en matière d’accueil, pouvoirs de signer des documents financiers et, le cas échéant, des documents relatifs à la publication en ligne obligatoire des dépenses d’accueil.",https://www.canada.ca/en/treasury-board-secretariat/services/access-information-privacy/access-information/info-source/standard-classes-records.html#prn933,https://www.canada.ca/fr/secretariat-conseil-tresor/services/acces-information-protection-renseignements-personnels/acces-information/info-source/categories-documents-ordinaires.html#ndp933
949,PRN 949,NDP 949,Human Resources Planning,Planification des ressources humaines,"Includes records related to the assessment of current human resources, the identification of future human resource requirements, and the development of plans to meet those requirements. Records may include information related to human resource planning and utilization, staff requisitions, pre-retirement, succession planning and knowledge transfer, vacancy and turnover rates, internal staff mobility, priority placements, workforce adjustment, demographic analysis and forecasting, labour market surveying and analysis, environmental scanning, needs analysis, skills and competencies requirements, and planning and performance monitoring activities.","Comprend des dossiers concernant l’évaluation des ressources humaines actuelles, la détermination des besoins futurs en ressources humaines et l’élaboration de plans pour répondre à ces besoins. Ils peuvent renfermer des renseignements sur la planification et l’utilisation des ressources humaines, les demandes de personnel, la préretraite, la planification de la relève et le transfert des connaissances, les taux de vacance et de roulement, la mobilité interne, les placements prioritaires, le réaménagement des effectifs, les analyses et les prévisions démographiques, les études et les analyses du marché du travail, les analyses de l’environnement, les analyses des besoins, les besoins en compétences et les activités de planification et de surveillance du rendement.","Environmental scans and gap analyses, employee surveys, labour market studies and reports, drafts and final versions of institutional multi-year human resource plans, human resources audits, discussion papers, Human Resources Planning Committee records, research studies and reports, special thematic studies, demographic data, statistical reports, and copies of relevant legislation, regulations and policies.","Analyses de l’environnement et des écarts, sondages auprès des employés, études et rapports sur le marché du travail, versions provisoires et finales des plans pluriannuels des ressources humaines de l’institution, vérifications des ressources humaines, documents de travail, dossiers du comité de planification des ressources humaines, études et rapports de recherche, études thématiques spéciales, données démographiques, rapports statistiques et exemplaires des lois, des politiques et des règlements pertinents.",https://www.canada.ca/en/treasury-board-secretariat/services/access-information-privacy/access-information/info-source/standard-classes-records.html#prn949,https://www.canada.ca/fr/secretariat-conseil-tresor/services/acces-information-protection-renseignements-personnels/acces-information/info-source/categories-documents-ordinaires.html#ndp949
944,PRN 944,NDP 944,Information Management,Gestion de l’information,"Includes records related to the cost-effective and efficient management of information under the control of the institution throughout its life-cycle and regardless of format. Also includes the acquisition, control and disposal of library and other information products, items kept for reference purposes, and the provision of information management services to employees. May also include records related to the management, use and maintenance of an automated document, records and information management system. This type of system is used to capture and manage documents, records (including e-mail) and information created, collected or received by the institution in support of its business functions, programs and activities.","Comprend des dossiers sur la gestion efficace et rentable de l’information détenue par l’institution tout au long de son cycle de vie, peu importe le support sur lequel elle est conservée. Cette catégorie englobe également l’acquisition, le contrôle et l’élimination des produits conservés en bibliothèque et d’autres produits d’information, et des articles gardés à des fins de référence, et la prestation de services de gestion de l’information aux employés. Elle peut aussi comprendre les dossiers liés à la gestion, à l’utilisation et à la tenue à jour d’un système automatisé de gestion des documents, des dossiers et de l’information. Ce type de système est employé pour saisir et gérer des documents, des dossiers (y compris les courriels) et de l’information créés, recueillis ou reçus par l’institution à l’appui de ses fonctions, programmes et activités.","Forms, library catalogues and acquisition materials, records and library inventories, retention schedules and disposition authorities, essential records policies, information management systems manuals, functional requirements and automated system specifications, business rules, implementation plans, maintenance procedures, migration strategies, reports on performance, training programs, manuals and curricula, records classification systems, loan and inter-library loan records, subscription renewals, library collection development policies, barcode and location lists, vital records plans, copyright policies, copyright declaration forms, institution-specific policies, guidelines and procedures related to the management of information, copies of relevant legislation and regulations, and documents related to liaison with Library and Archives Canada, the Council of Federal Libraries, and/or other relevant information management organizations.","Formulaires, catalogues de bibliothèque et matériel d’acquisition, dossiers et inventaires de bibliothèque, calendriers de conservation et autorisations d’élimination, politiques sur les documents essentiels, manuels de systèmes de gestion de l’information, exigences fonctionnelles et devis informatiques, règles opérationnelles, plans de mise en œuvre, procédures d’entretien, stratégies de migration, rapports sur le rendement, programmes de formation, manuels et programmes éducatifs, systèmes de classification des dossiers, registres de prêts et de prêts interbibliothèques, renouvellements d’abonnements, politiques sur le développement des ressources documentaires, listes de codes à barre et d’emplacements, plans concernant les documents essentiels, politiques sur les droits d’auteur, formulaires de déclaration sur les droits d’auteur, politiques, lignes directrices et procédures de l’institution liées à la gestion de l’information, exemplaires des lois et des règlements pertinents et documents concernant la liaison avec Bibliothèque et Archives Canada, le Conseil des bibliothèques du gouvernement fédéral ou d’autres organismes de gestion de l’information pertinents.",https://www.canada.ca/en/treasury-board-secretariat/services/access-information-privacy/access-information/info-source/standard-classes-records.html#prn944,https://www.canada.ca/fr/secretariat-conseil-tresor/services/acces-information-protection-renseignements-personnels/acces-information/info-source/categories-documents-ordinaires.html#ndp944
932,PRN 932,NDP 932,Information Technology,Technologie de l’information,"Includes records related to the cost-effective and efficient management of computer equipment and associated software for both institutional computer networks and employees’ workstations, (including peripheral equipment such as printers, Personal Digital Assistants (PDA), Wireless Handholds, etc.), electronic systems development and maintenance, and technical assistance and support for networks, office systems and databases. May also include records related to the institution’s technology architecture, standards and infrastructure, electronic mail systems and platforms, software and hardware acquisition, the annual planning process for the development of computer systems, and the business case process for application development and system acquisitions.","Comprend des dossiers sur la gestion efficace et rentable de l’équipement informatique et des logiciels connexes, tant au niveau des réseaux d’ordinateurs ministériels que des postes de travail des employés (y compris les périphériques comme les imprimantes, les assistants numériques (PDA) et autres dispositifs portables sans fil), l’élaboration et l’entretien des systèmes électroniques, l’aide technique et le soutien au niveau des réseaux, des systèmes de bureau et des bases de données. Cette catégorie peut également comprendre des dossiers sur l’architecture, les normes et l’infrastructure technologiques de l’institution, les systèmes de courrier électronique et les plateformes, l’achat de logiciels et de matériel informatique, le processus de planification annuelle lié à l’élaboration des systèmes informatiques et les analyses de rentabilisation qui sous-tendent l’élaboration d’applications et l’achat de systèmes.","Network systems specifications, information system security policies and procedures, information technology strategic management plans, hardware and/or software research and history files, threat risk assessment reports, application specific data dictionaries, installation, configuration and relocation documentation, feasibility studies, pilot project documentation, system user manuals and/or guides, change management processes, computer activity reports, systems and programming standards, user specifications, IT training courses materials, personal computer or desktop support (Help Centre) procedures and guidelines, computer performance and maintenance reports, system logs, testing strategies, results and reports, database management documentation and institution-specific policies, guidelines and procedures related to the management and use of technology.","Devis de systèmes de réseau, politiques et procédures sur la sécurité des systèmes d’information, plans de gestion stratégique de la technologie de l’information, fichiers de recherche et fichiers historiques sur le matériel/les logiciels, rapports d’évaluations des menaces et des risques, dictionnaires de données propres à une application, documentation sur l’installation, la configuration et le déplacement, études de faisabilité, documentation sur les projets pilotes, manuels ou guides de l’utilisateur des systèmes, processus de gestion du changement, rapports d’activités des systèmes informatiques, normes relatives aux systèmes et à la programmation, spécifications des utilisateurs, matériel de formation en TI, procédures et lignes directrices pour le service de soutien au niveau des ordinateurs personnels et de bureau (dépannage), rapports sur le rendement et l’entretien des ordinateurs, journaux d’exploitation, stratégies de mise à l’essai, résultats et établissement de rapports, documentation sur la gestion des bases de données et politiques, lignes directrices et procédures de l’institution en matière de gestion et d’utilisation de la technologie.",https://www.canada.ca/en/treasury-board-secretariat/services/access-information-privacy/access-information/info-source/standard-classes-records.html#prn932,https://www.canada.ca/fr/secretariat-conseil-tresor/services/acces-information-protection-renseignements-personnels/acces-information/info-source/categories-documents-ordinaires.html#ndp932
916,PRN 916,NDP 916,Internal Audit and Evaluation,Vérification interne et évaluation,"Includes records related to the management of an institution’s internal audit and evaluation responsibilities. Audits review and assess the extent to which the management framework is directed toward ensuring the economy, efficiency and effectiveness of operations; the degree of compliance with statutes and policies; the reliability of information systems for decision-making and accountability purposes; and the level and quality of services provided to clients. Evaluation is an independent assessment of the performance of institutional policies and operations in order to provide credible, timely and relevant information for the purposes of supporting decision-making and accounting for performance. Records may include information related to evaluation requirements, accountability practices, and standards.","Comprend des dossiers sur la gestion des responsabilités de l’institution en matière de vérification interne et d’évaluation. Les vérifications visent à déterminer dans quelle mesure le cadre de gestion permet de veiller à ce que les opérations se déroulent de manière axée sur l’économie, l’efficacité et l’efficience; le degré de conformité aux lois et aux politiques; la fiabilité des systèmes d’information aux fins de la prise de décisions et de la reddition de comptes; le niveau et la qualité des services fournis aux clients. L’évaluation est une démarche indépendante du rendement des politiques et des opérations de l’institution afin de fournir en temps opportun une information fiable et utile pour appuyer la prise de décisions et rendre des comptes sur le rendement. Les dossiers peuvent comprendre des renseignements liés aux exigences en matière d’évaluation, ainsi que des pratiques et des normes sur la reddition de comptes.","Internal audit committee records, internal audit reports, audit and evaluation methodologies and schedules, terms of reference, measurement and analysis tools, compliance reviews and external reports, institution-specific policies, guidelines and manuals, consultation documentation, risk analyses and profiles, maturity models, recommendations, implementation and action plans, impact analyses and special studies, and copies of Auditor General Reports.","Dossiers du comité de vérification interne, rapports de vérification interne, méthodes et calendriers de vérification et d’évaluation, mandats, outils de mesure et d’analyse, examens de conformité et rapports externes, politiques, lignes directrices et manuels de l’institution, documentation sur les consultations, analyses et profils de risques, modèles de maturité, recommandations, plans de mise en œuvre et d’action, analyses de l’incidence, études spéciales et exemplaires des rapports du vérificateur général.",https://www.canada.ca/en/treasury-board-secretariat/services/access-information-privacy/access-information/info-source/standard-classes-records.html#prn916,https://www.canada.ca/fr/secretariat-conseil-tresor/services/acces-information-protection-renseignements-personnels/acces-information/info-source/categories-documents-ordinaires.html#ndp916
926,PRN 926,NDP 926,Labour Relations,Relations de travail,"Includes records related to relations between employer and employee (through the bargaining agents or units on behalf of the employees) within the institution. May include information related to adjudication and unfair labour practices complaints, discipline, demotion and termination, essential services and strike management, exclusions, certifications and union dues, human rights complaints, pay equity, collective agreement administration, the establishment and maintenance of an institutional informal conflict management system including conflict resolution/alternative dispute resolution processes and procedures, two-tier bargaining, certification process, mediation, and workplace assessment.","Comprend des dossiers sur les relations entre l’employeur et l’employé (par l’intermédiaire des agents ou des unités de négociation pour le compte des employés) au sein de l’institution. Cette catégorie peut comprendre de l’information sur l’arbitrage et les plaintes sur les pratiques déloyales de travail, les mesures disciplinaires, la rétrogradation et la cessation d’emploi, les services essentiels et la gestion des grèves, les exclusions, l’accréditation et les cotisations syndicales, les plaintes relatives aux droits de la personne, l’équité salariale, l’administration des conventions collectives, la mise sur pied et le maintien d’un système de gestion informelle des conflits au sein de l’institution, y compris des processus et des procédures de règlement des conflits/mode substitutif de règlement des différends, la négociation à deux niveaux, le processus d’accréditation, la médiation et l’évaluation du milieu de travail.","Essential services agreements, grievance and conflict resolution procedures, copies of relevant acts and regulations, settlement documentation, investigation reports, documentation of adjudication hearings (e.g. legal documents, subpoenas, proceedings, records of decisions, witness statements), institutional codes of conduct and discipline, dispute resolution evaluation reports, workplace assessment reports, mediation agreements, equal wage guidelines, records of institutional Labour-Management Consultation Committees and, where applicable, copies of decisions of the Public Service Labour Relations Board.","Ententes sur les services essentiels, procédures de règlement des conflits et des griefs, exemplaires des lois et des règlements pertinents, documentation sur les ententes, rapports d’enquêtes, documentation sur les audiences d’arbitrage (p. ex., documents juridiques, assignations à témoigner, procédures, rapports de décisions, témoignages), codes de conduite et de discipline de l’institution, rapports d’évaluation du règlement des différends, rapports d’évaluation du milieu de travail, accords de médiation, lignes directrices sur la parité salariale, dossiers des comités de consultation patronaux-syndicaux de l’institution et, le cas échéant, exemplaires des décisions de la Commission des relations de travail dans la fonction publique.",https://www.canada.ca/en/treasury-board-secretariat/services/access-information-privacy/access-information/info-source/standard-classes-records.html#prn926,https://www.canada.ca/fr/secretariat-conseil-tresor/services/acces-information-protection-renseignements-personnels/acces-information/info-source/categories-documents-ordinaires.html#ndp926
902,PRN 902,NDP 902,Legal Services,Services juridiques,"Includes records related to activities undertaken to enable institutions to pursue policy, program and service delivery priorities and objectives within a legally sound framework. Legal Services include the provision of policy and program advice, direction in the development and drafting of the legal content of bills, regulations, and guidelines, assistance in the identification, mitigation and management of legal risks, legal support in ensuring compliance and enforcement of standards, regulations, and guidelines, and representing the institution’s interests in litigation. May include information related to legal advice, preparation of legal documents, litigation services, and legislative drafting.","Comprend des dossiers sur les activités qui permettent aux institutions de réaliser les priorités et d’atteindre les objectifs associés à leurs politiques, programmes et services dans un cadre juridique approprié. Les services juridiques comprennent les éléments suivants : conseils relatifs aux politiques et aux programmes; directives pour la préparation et la rédaction du contenu juridique de projets de loi, de règlements et de lignes directrices; aide en matière de détermination, de réduction et de gestion des risques de nature juridique; soutien juridique concernant le respect des normes, des règlements et des lignes directrices; défense des intérêts de l’institution dans le contexte de litiges. Les dossiers peuvent comprendre de l’information sur les avis juridiques, la préparation de documents juridiques, les services de contentieux et la rédaction législative.","Legal opinions, legislative proposals, draft legislation (Government and private members’ bills), regulations, and orders in council, working papers, Memoranda to Cabinet, correspondence, copies of enacted legislation, legislative drafting instructions and procedures, records documenting consultations with other federal institutions, schedules, parliamentary returns, written questions, petitions, motions, briefing books, copies of House of Commons Debates, House of Commons calendar, and cabinet committee documents.","Avis juridiques, propositions législatives, avant-projets de loi (émanant du gouvernement ou d’un député), règlements et décrets, documents de travail, mémoires au Cabinet, correspondance, exemplaires des lois adoptées, instructions et procédures de rédaction législative, dossiers portant sur les consultations menées avec d’autres institutions fédérales, calendriers, documents parlementaires, questions écrites, pétitions, motions, cahiers d’information, exemplaires des Débats de la Chambre des communes, calendrier de la Chambre des communes et documents liés aux comités du Cabinet.",https://www.canada.ca/en/treasury-board-secretariat/services/access-information-privacy/access-information/info-source/standard-classes-records.html#prn902,https://www.canada.ca/fr/secretariat-conseil-tresor/services/acces-information-protection-renseignements-personnels/acces-information/info-source/categories-documents-ordinaires.html#ndp902
945,PRN 945,NDP 945,Materiel Management,Gestion du matériel,"Includes records related to the sustainable and financially responsible management of an institution’s movable assets (excluding money and records) such as furniture, furnishings, equipment, supplies, vehicles, and other materiel used or acquired by the institution to facilitate the efficient delivery of institutional programs and services. May include information relating to planning, purchasing, maintenance, repair and disposal of materiel, and operating standards.","Comprend des dossiers sur la gestion durable et responsable sur le plan financier des biens meubles de l’institution (à l’exclusion de l’argent et des dossiers), notamment le mobilier, l’équipement, les fournitures, les véhicules et tout autre matériel dont l’institution fait l’acquisition pour permettre une mise en œuvre efficace de ses programmes et services. Ces dossiers peuvent comprendre de l’information sur la planification, l’achat, l’entretien, la réparation et l’aliénation du matériel, de même que les normes de fonctionnement.","Inventories, price lists, disposal and surplus policies and procedures, insurance policies, licences, asset loss investigation reports, inventory control system specifications, asset transfer and disposal reports, user specifications, standing offer agreements, copies of procurement procedures, institution-specific policies and guidelines, and vandalism and theft reports.","Inventaires, listes de prix, politiques et procédures relatives à l’aliénation des biens et aux biens excédentaires, polices d’assurance, licences, rapports d’enquêtes sur les pertes, devis des systèmes de contrôle de l’inventaire, rapports sur les transferts et l’aliénation de biens, spécifications des utilisateurs, conventions d’offre à commandes, exemplaires des procédures de passation des marchés, politiques et lignes directrices propres à l’institution et rapports de vandalisme et de vol.",https://www.canada.ca/en/treasury-board-secretariat/services/access-information-privacy/access-information/info-source/standard-classes-records.html#prn945,https://www.canada.ca/fr/secretariat-conseil-tresor/services/acces-information-protection-renseignements-personnels/acces-information/info-source/categories-documents-ordinaires.html#ndp945
922,PRN 922,NDP 922,Occupational Health and Safety,Santé et sécurité au travail,"Includes records related to the provision of a safe and healthy working environment for all federal employees (including employees of Crown Corporations, Foundations, Commissions, etc.). Records may include information related to occupational health and safety training, health assessments of employees and emergency medical services, environmental health investigations and surveys, first aid training, facilities, services and supplies, the selection and use of personal protective equipment and clothing, the rehabilitation and retraining of employees disabled by work injuries or illnesses, employee assistance services, the development and monitoring of occupational and environmental standards, procedures and other directives for the prevention of occupational illness and injury, the Canada Labour Code, workplace fitness programs, and institutional Occupational Health and Safety Committees.","Comprend des dossiers sur le maintien d’un environnement de travail sain et sûr pour tous les fonctionnaires fédéraux (y compris les employés des sociétés d’État, des fondations, des commissions, etc.). Cette catégorie peut englober des renseignements sur la formation en matière de santé et sécurité au travail, les évaluations de l’état de santé des employés, les services médicaux d’urgence, les enquêtes et études sur la salubrité de l’environnement, la formation sur les premiers soins, les installations, services et fournitures, la sélection et l’utilisation d’équipement et de vêtements de protection individuelle, la réadaptation et le recyclage professionnel des employés ayant une incapacité causée par un accident de travail ou une maladie professionnelle, les services d’aide aux employés, l’élaboration et le contrôle des normes professionnelles et environnementales, les procédures et autres directives sur la prévention des maladies professionnelles et des accidents de travail, le Code canadien du travail, les programmes de conditionnement physique en milieu de travail et les comités de santé et sécurité au travail de l’institution.","Accident/injury reports, safety guides, copies of ergonomic assessments, first aid needs assessments and treatment manuals, first aid reports, advisory notices, exposure to hazardous material case files, safety inspection reports, Occupational Health and Safety Committee records (agendas, minutes of meetings, records of decision, etc.), medical examination reports, occupational injury or illness investigation reports, first aid training programs, central agency and/or institution-specific policies, standards, guidelines and procedures, and copies of relevant legislation and regulations.","Rapports d’accidents/de blessures, guides de sécurité, exemplaires des évaluations ergonomiques, évaluations des besoins en premiers soins et manuels de premiers soins, rapports sur les premiers soins, mises en garde, dossiers sur les cas d’exposition à des matières dangereuses, rapports d’inspections de sécurité, dossiers des comités de santé et sécurité au travail (ordres du jour, procès-verbaux, comptes rendus, etc.), rapports d’examens médicaux, rapports d’enquêtes sur les accidents de travail et les maladies professionnelles, programmes de formation sur les premiers soins, politiques, normes, lignes directrices et procédures des organismes centraux et de l’institution et exemplaires des lois et des règlements pertinents.",https://www.canada.ca/en/treasury-board-secretariat/services/access-information-privacy/access-information/info-source/standard-classes-records.html#prn922,https://www.canada.ca/fr/secretariat-conseil-tresor/services/acces-information-protection-renseignements-personnels/acces-information/info-source/categories-documents-ordinaires.html#ndp922
923,PRN 923,NDP 923,Official Languages,Langues officielles,"Includes records related to the provision of services to the public and to employees in both official languages in accordance with the Official Languages Act and its pursuant regulations. May include information related to language of work, minority official language rights, equitable participation, signage, communications with and services to the public, use of official languages on institutional web sites, and administration of the official languages program.","Comprend des dossiers concernant la prestation de services au public et aux employés dans les deux langues officielles, conformément à la Loi sur les langues officielles et à son règlement d’application. Cette catégorie peut englober de l’information sur la langue de travail, les droits des communautés de langue officielle minoritaire, la participation égale, la signalisation, la communication avec le public et la prestation de services, l’utilisation des langues officielles dans les sites Web de l’institution et l’administration du Programme des langues officielles.","Reports of the Commissioner of Official Languages, copies of central agency and/or institution-specific policies, procedures and guidelines, complaint investigation reports, reports to Senior Management and/or relevant central agencies and copies of relevant legislation and regulations.","Rapports du Commissaire aux langues officielles, exemplaires des politiques, procédures et lignes directrices des organismes centraux et de l’institution, rapports des enquêtes sur les plaintes, rapports à la haute direction ou aux organismes centraux pertinents et exemplaires des lois et des règlements pertinents.",https://www.canada.ca/en/treasury-board-secretariat/services/access-information-privacy/access-information/info-source/standard-classes-records.html#prn923,https://www.canada.ca/fr/secretariat-conseil-tresor/services/acces-information-protection-renseignements-personnels/acces-information/info-source/categories-documents-ordinaires.html#ndp923
946,PRN 946,NDP 946,Performance Management Reviews,Évaluation de la gestion du rendement,"Includes records related to the evaluation of the performance of employees based upon regularly established objectives. May include information related to training requirements, employee/employer objectives and expectations, competencies, employee misconduct, performance compensation, annual increments, probation, and discipline.","Comprend des dossiers sur l’évaluation du rendement des employés d’après des objectifs fixés périodiquement. Cette catégorie peut comprendre de l’information sur les besoins en formation, les objectifs et les attentes de l’employé/employeur, les compétences, la mauvaise conduite des employés, la rémunération au rendement, les augmentations annuelles, les périodes d’essai et les mesures disciplinaires.","Performance assessments, performance agreements, learning and development plan, talent management plan, investigation reports and action plan reports.","Évaluations de rendement, ententes sur le rendement, plan d’apprentissage et de perfectionnement, plan de gestion des talents, rapports d’enquêtes, plans d’action et rapports .",https://www.canada.ca/en/treasury-board-secretariat/services/access-information-privacy/access-information/info-source/standard-classes-records.html#prn946,https://www.canada.ca/fr/secretariat-conseil-tresor/services/acces-information-protection-renseignements-personnels/acces-information/info-source/categories-documents-ordinaires.html#ndp946
947,PRN 947,NDP 947,Planning and Reporting,Planification et établissement de rapports,"Includes records related to the systematic management of planning and reporting activities such as the development and review of business, strategic, and corporate plans and other long-term organizational strategies, monitoring and review of program, service and internal results, institutional performance management and reporting, and risk management. May also include records related to the preparation, organization, coordination and delivery of Annual Reports to Parliament, Program Activity Architecture (PAA) structures, Management, Resources and Results Structure (MRRS), Report on Plans and Priorities (RPP) and the Management Accountability Framework (MAF).","Comprend des dossiers sur la gestion systématique des activités de planification et de présentation de rapports comme l’élaboration et l’examen des plans d’activités et des plans stratégiques et opérationnels, ainsi que des autres stratégies organisationnelles à long terme, la surveillance et l’examen des résultats des programmes et services et des résultats internes, la gestion du rendement organisationnel et la présentation des rapports connexes et la gestion des risques. Cette catégorie peut également comprendre des dossiers sur la préparation, l’organisation, la coordination et la présentation de rapports annuels au Parlement, les structures d’architecture des activités des programmes (AAP), la Structure de gestion, des ressources et des résultats (SGRR), le Rapport sur les plans et les priorités (RPP) et le Cadre de responsabilisation de gestion (CRG).","Performance indicators and metrics, risk profiles and strategies, sustainable development plans, balanced scorecards, environmental scans, contingency plans, trends analysis, and copies of Program Activity Architecture structures and MAF Results.","Indicateurs et mesures du rendement, profils de risque et stratégies connexes, plans de développement durable, tableaux de bord équilibrés, analyses de l’environnement, plans d’urgence, analyses des tendances et exemplaires des structures de l’architecture des activités des programmes et des résultats du Cadre de responsabilisation de gestion.",https://www.canada.ca/en/treasury-board-secretariat/services/access-information-privacy/access-information/info-source/standard-classes-records.html#prn947,https://www.canada.ca/fr/secretariat-conseil-tresor/services/acces-information-protection-renseignements-personnels/acces-information/info-source/categories-documents-ordinaires.html#ndp947
935,PRN 935,NDP 935,Proactive Disclosure,Divulgation proactive,"Includes records related to the mandatory publication on institutional web sites of specifically identified government information to promote transparency, facilitate public access, and provide relevant and timely information so that Canadians are better able to hold their federal and public sector officials accountable.","Comprend des dossiers sur la publication obligatoire dans les sites Web institutionnels de certains renseignements gouvernementaux. La publication de ces renseignements dans Internet vise à favoriser la transparence, à faciliter l’accès au public et à faire en sorte que le gouvernement et les représentants du secteur public rendent des comptes aux Canadiens en leur fournissant des renseignements pertinents en temps opportun.","Copies of policies and guidelines from Treasury Board Secretariat and other central agencies, reporting templates, and reports on travel and hospitality expenses, reclassification of positions, contracts over $10,000 and grants, contributions over $25,000 and relevant ministerial expenses.","Exemplaires de politiques et de lignes directrices du Secrétariat du Conseil du Trésor du Canada et d’autres organismes centraux, modèles de rapports et rapports sur les frais de voyage et d’accueil, les reclassifications de postes, les contrats de plus de 10 000 $, les subventions et contributions supérieures à 25 000 $ ainsi que les dépenses ministérielles pertinentes.",https://www.canada.ca/en/treasury-board-secretariat/services/access-information-privacy/access-information/info-source/standard-classes-records.html#prn935,https://www.canada.ca/fr/secretariat-conseil-tresor/services/acces-information-protection-renseignements-personnels/acces-information/info-source/categories-documents-ordinaires.html#ndp935
912,PRN 912,NDP 912,Procurement and Contracting,Approvisionnement et marchés,"Includes records related to the government procurement and contracting process to obtain goods and services in accordance with an agreement between a contracting authority within the institution and a person or firm. Records may include information about identifying the goods or services to be purchased, selecting the most effective procurement approach, contract development and approval processes and procedures, contract negotiations, debriefing unsuccessful bidders, administering awarded contracts, including amendments if required, and post-contract evaluations. May also include information related to the contractor; e.g. company profiles, résumés, work experience, previous contracts completed, and clients. These records also include information related to the proactive disclosure of relevant contracts for goods and services.","Comprend des dossiers concernant le processus d’approvisionnement et de passation de marchés du gouvernement afin d’obtenir des biens et services conformément à un accord conclu entre une autorité contractante au sein de l’institution et un particulier ou une entreprise. Les dossiers peuvent inclure des renseignements sur la détermination des biens ou des services à acquérir; la sélection de la démarche la plus efficace en matière d’approvisionnement; les processus et procédures d’élaboration et d’approbation des marchés; les négociations contractuelles; l’entretien final avec les soumissionnaires non retenus; l’administration des contrats adjugés, y compris les éventuelles modifications; les évaluations postérieures au marché. Ils peuvent également inclure des renseignements concernant l’entrepreneur tels que les profils d’entreprise, les curriculum vitæ, l’expérience de travail, les marchés antérieurs réalisés et les clients. Ces renseignements incluent aussi les renseignements concernant la divulgation proactive des marchés pertinents de biens et de services.","Contract case files and related correspondence, award criteria, guidelines, regulations, approval requirements, statements of work, Requests for Proposals, contractor eligibility lists, feasibility studies, planning documents, solicitation or tender documents, monitoring reports, invoices, payment requisitions, post-completion evaluation reports, sole source contract justifications, standing offers, supply arrangements, customer and vendor liaison documentation, purchase requisitions, security clearances or checks, etc.","Dossiers des marchés et correspondance connexe, critères d’adjudication, lignes directrices, règlements, exigences d’approbation, énoncés des travaux, demandes de propositions, listes d’admissibilité des entrepreneurs, études de faisabilité, documents de planification, documents d’appel d’offres ou de soumission, rapports de surveillance, factures, demandes de paiement, rapports d’évaluation après achèvement, justifications de marché à fournisseur unique, offres à commande, arrangements en matière d’approvisionnement, documents de liaison avec les clients et les fournisseurs, demandes d’achat, autorisations et vérifications de sécurité, etc.",https://www.canada.ca/en/treasury-board-secretariat/services/access-information-privacy/access-information/info-source/standard-classes-records.html#prn912,https://www.canada.ca/fr/secretariat-conseil-tresor/services/acces-information-protection-renseignements-personnels/acces-information/info-source/categories-documents-ordinaires.html#ndp912
948,PRN 948,NDP 948,Real Property Management,Gestion des biens immobiliers,"Includes records related to the management of federal real property in a sustainable and financially responsible manner throughout its life-cycle. Real property is defined as any right, interest or benefit in land which includes mines, minerals and improvements on, above or below the surface of the land. Records may include information related to leases, licenses, purchases, gifts, loans, exchanges, easements, expropriation, and transfers of administration of real property. May also include information related to Heritage buildings, surplus properties, engineering services, sustainable development, disposition/disposal, communication systems, contaminated sites, hydro-electric structures, space management and planning, sewers and drainage, maintenance, alterations, damage, repairs and demolition, fire prevention and protection, building codes, signage, air conditioning, ventilation and refrigeration systems, flood control, parking, pest control, garbage disposal, lighting, plumbing and heating.","Comprend des dossiers sur la gestion durable et responsable sur le plan financier des biens immobiliers tout au long de leur cycle de vie. Les biens immobiliers sont définis comme tout titre, intérêt ou profit dans des terres, ce qui comprend les mines, les minéraux et les améliorations qui leur sont apportées, sur ou sous terre. Les dossiers peuvent comprendre de l’information sur les baux, les permis, les achats, les cadeaux, les prêts, les échanges, les servitudes, les expropriations et les transferts de gestion portant sur des biens immobiliers. Ils peuvent également englober de l’information sur les édifices patrimoniaux, les biens excédentaires, les services d’ingénierie, le développement durable, l’aliénation, les systèmes de communication, les sites contaminés, les structures hydroélectriques, la gestion et l’aménagement de l’espace, les égouts et le drainage, l’entretien, les modifications, les dommages, les réparations et la démolition, la protection et la prévention des incendies, les codes du bâtiment, la signalisation, les systèmes de climatisation et de réfrigération, la protection contre les inondations, le stationnement, la lutte contre les insectes et les animaux nuisibles, l’élimination des déchets, l’éclairage, la plomberie et le chauffage.","Acquisition case files, operation, maintenance and disposal strategies, appraisal and estimates standards, legal documents, architectural drawings, leases, plans, and specifications, environmental assessments and reports, security requirements and standards, parking studies and surveys, deeds and title documents, title claims, properties and facilities management agreements, repairs project files, expansion/renovation project files, inventories, damage investigation reports, and copies of relevant legislation, regulations, and policies.","Dossiers d’acquisition, stratégies de fonctionnement, d’entretien et d’aliénation, normes d’évaluation et d’estimation, documents juridiques, dessins architecturaux, baux, plans et devis, évaluations environnementales et rapports, exigences et normes en matière de sécurité, études et sondages sur le stationnement, actes notariés et titres de propriété, revendications, ententes de gestion des biens et des installations, dossiers de projets de réparation, dossiers de projets d’agrandissement et de rénovation, inventaires, rapports d’enquêtes sur les dommages et exemplaires des lois, des politiques et des règlements pertinents.",https://www.canada.ca/en/treasury-board-secretariat/services/access-information-privacy/access-information/info-source/standard-classes-records.html#prn948,https://www.canada.ca/fr/secretariat-conseil-tresor/services/acces-information-protection-renseignements-personnels/acces-information/info-source/categories-documents-ordinaires.html#ndp948
920,PRN 920,NDP 920,Recruitment and Staffing,Recrutement et dotation,"Includes records related to the recruitment and staffing of people to fill full-time or part-time positions within the institution. Records may include information related to screening, examining, testing, interviewing, assessing, selecting, hiring, and promoting candidates for employment. May also include information related to terms and conditions of employment (including conflict of interest), deployments, assignments, and secondments, student, professional, and occupational recruitment, post-employment appeals, and area of selection, as well as information received from or shared with central agencies responsible for recruitment and staffing, other employment agencies, or both.","Comprend des dossiers concernant le recrutement et la dotation pour combler des postes à temps plein ou à temps partiel au sein de l’institution. Les dossiers peuvent inclure des renseignements concernant la présélection, l’examen, les tests, les entrevues, l’évaluation, la sélection, l’embauche et la promotion de candidats. Ils peuvent aussi inclure des renseignements sur les conditions d’emploi, les mutations, les affectations et les détachements; le recrutement d’étudiants, de professionnels et de techniciens; les appels d’après-mandat; la zone de sélection, ainsi que les renseignements échangés avec les organismes centraux chargés du recrutement et de la dotation et avec les autres agences de placement.","Unsolicited résumés and curricula vitae, model interview questions and answers, competition posters and announcements, application forms, competition assessment tools and rating guides, reference check procedures, checklists, and letters, inventories of qualified candidates (including pre-qualified pools), candidate inquiries and responses, copies of letters of offer, ratings board assessments, information within automated or Web-based application tools, and second language evaluation results, etc.","Curricula vitæ et résumés non réclamés; questions et réponses d’entrevues simulées; affiches et annonces de concours; formulaires de demande; outils d’évaluation et guides de notation de concours; procédures de vérification, listes de contrôle et lettres de référence; répertoires de candidats qualifiés (y compris les bassins de candidats jugés admissibles); demandes de renseignements des candidats et réponses; copies des lettres d’offres; évaluations des comités de notation; renseignements dans les outils de demande automatisés ou sur le Web; résultats d’évaluation de la langue seconde; etc.",https://www.canada.ca/en/treasury-board-secretariat/services/access-information-privacy/access-information/info-source/standard-classes-records.html#prn920,https://www.canada.ca/fr/secretariat-conseil-tresor/services/acces-information-protection-renseignements-personnels/acces-information/info-source/categories-documents-ordinaires.html#ndp920
936,PRN 936,NDP 936,Relocation,Réinstallation,"Includes records related to the authorized move of an employee from one place of duty to another or the authorized move of an employee from the employee’s place of residence to the employee’s first place of duty upon appointment to a position in the institution. Records may include information related to employee entitlements and obligations, employer obligations, third party service providers, interim accommodation, travel to new destination, spousal relocation, advances, legal fees, and long-term storage.","Comprend des dossiers sur le déménagement autorisé d’un employé d’un lieu de travail à un autre ou d’une personne nommée à un poste au sein de l’institution de son lieu de résidence à son premier lieu de travail. Cette catégorie peut comprendre de l’information portant sur les droits et les obligations de l’employé, les obligations de l’employeur, les tiers fournisseurs, l’hébergement provisoire, le déplacement vers le nouveau lieu de travail, la réinstallation du conjoint, les avances, les frais juridiques et l’entreposage à long terme.","Relocation expense claims, copies of institution-specific policies and procedures, and moving and storage company information.","Demandes de remboursement des dépenses de réinstallation, exemplaires des politiques et des procédures propres à l’institution, renseignements sur les entreprises de déménagement et d’entreposage.",https://www.canada.ca/en/treasury-board-secretariat/services/access-information-privacy/access-information/info-source/standard-classes-records.html#prn936,https://www.canada.ca/fr/secretariat-conseil-tresor/services/acces-information-protection-renseignements-personnels/acces-information/info-source/categories-documents-ordinaires.html#ndp936
931,PRN 931,NDP 931,Security,Sécurité,"Includes records related to the application of safeguards to protect employees, preserve the confidentiality, integrity, availability and value of assets, and assure the continued delivery of services from accidental or intentional damage or from unauthorized access. Records may include information related to facilities’ design, physical safeguards, monitoring devices, access to restricted zones, storage, transportation and transmittal of information and goods, work-related violence, protected and classified information, entry and exit points, emergency services, signage, identification cards and/or access badges, personnel security screening, continuous security risk management, building and fire codes, and destruction of information and goods. May also include records related to liaison with other federal institutions that have security-related responsibilities (for example, the Canadian Security Intelligence Service, Public Safety Canada, Royal Canadian Mounted Police, Communications Security Establishment, etc.)","Comprend des dossiers sur l’utilisation de mesures de protection afin d’éviter les dommages accidentels ou intentionnels, de même que l’accès non autorisé, dans le but de protéger les employés, d’assurer la confidentialité, de préserver l’intégrité, la disponibilité et la valeur des biens, et d’assurer la prestation continue des services. Cette catégorie peut comprendre de l’information sur la conception des installations, les mesures de protection matérielles, les dispositifs de surveillance, l’accès aux zones à accès restreint, l’entreposage, le transport et la transmission d’information et de biens, la violence en milieu de travail, les renseignements protégés et classifiés, les points d’accès et de sortie, les services d’urgence, la signalisation, les cartes d’identité ou laissez-passer, les enquêtes de sécurité portant sur les employés, la gestion continue des risques pour la sécurité, les codes du bâtiment et de prévention des incendies et la destruction de l’information et des biens. Elle peut également englober des dossiers sur la liaison avec d’autres institutions fédérales ayant des responsabilités liées à la sécurité (p. ex., le Service canadien du renseignement de sécurité, Sécurité publique Canada, la Gendarmerie royale du Canada et le Centre de la sécurité des télécommunications).","Security access procedures and tools (access pass/identity cards), security incidents investigation reports, security training, copies of Threat and Risk Assessments (TRA), awareness and briefings documentation, security clearance records, incident response procedures, security program audit reports, baseline security requirements, evacuation plans, operational standards and technical documentation, business impact analyses, and copies of relevant labour, fire, building and electrical regulations and codes.","Procédures et outils d’accès sécuritaire (laissez-passer, cartes d’identité), rapports d’enquêtes sur les incidents liés à la sécurité, formation sur la sécurité, exemplaires des évaluations de la menace et des risques, documents de sensibilisation et d’information, dossiers d’autorisations de sécurité, procédures d’intervention en cas d’incident, rapports de vérification du programme de sécurité, exigences sécuritaires de base, plans d’évacuation, normes opérationnelles et documents techniques, analyses des incidences sur les opérations et exemplaires des règlements et des codes pertinents en matière de travail, d’incendie, de bâtiment et d’électricité.",https://www.canada.ca/en/treasury-board-secretariat/services/access-information-privacy/access-information/info-source/standard-classes-records.html#prn931,https://www.canada.ca/fr/secretariat-conseil-tresor/services/acces-information-protection-renseignements-personnels/acces-information/info-source/categories-documents-ordinaires.html#ndp931
927,PRN 927,NDP 927,Training and Development,Formation et perfectionnement,"Includes records related to formal and informal training received by employees to develop their knowledge, skills and competencies, maximise their potential and increase their productivity. Records may include information related to special development programmes, university fellowships, language training, training requirements, professional development, leadership development programs, learning and training policies, monitoring and reporting requirements, continuous learning and career counselling. May also include records related to liaison with training providers.","Comprend des dossiers concernant la formation officielle et informelle qu’obtiennent les employés pour acquérir de nouvelles connaissances et compétences, exploiter leur potentiel au maximum et accroître leur productivité. Ces dossiers peuvent renfermer de l’information sur les programmes de perfectionnement spéciaux, les bourses de recherche universitaire, la formation linguistique, les besoins en formation, le perfectionnement professionnel, les programmes de développement du leadership, les politiques sur l’apprentissage et la formation, les exigences en matière de surveillance et d’établissement de rapports, l’apprentissage continu et l’orientation professionnelle. Cette catégorie peut également comprendre des dossiers portant sur les relations avec les fournisseurs de services de formation.","Annual training reports, individual learning plans, employee orientation information, educational leave criteria, training and skills needs analysis documents, knowledge assessment criteria and results, performance level descriptions, criteria, assessments and agreements, institutional policies on membership fees, and second language training requirements.","Rapports annuels sur la formation, plans d’apprentissage individuels, matériel d’orientation des employés, critères relatifs aux congés de formation, documents d’analyse des besoins en formation et en compétences, critères et résultats de l’évaluation des connaissances, descriptions, critères, évaluations et ententes de niveaux de rendement, politiques de l’institution sur les droits d’adhésion et besoins de formation en langue seconde.",https://www.canada.ca/en/treasury-board-secretariat/services/access-information-privacy/access-information/info-source/standard-classes-records.html#prn927,https://www.canada.ca/fr/secretariat-conseil-tresor/services/acces-information-protection-renseignements-personnels/acces-information/info-source/categories-documents-ordinaires.html#ndp927
934,PRN 934,NDP 934,Travel,Voyages,"Includes records related to the authorized travel of individuals in support of the institution’s mandate. Records may include information related to employee entitlements and obligations, employer obligations, and travel allowances and/or per diem rates. The records may also include information related to the proactive disclosure of relevant travel expenses as required by the Treasury Board Secretariat and/or institution-specific policies and procedures.","Comprend des dossiers sur les voyages autorisés effectués selon le mandat de l’institution. Cette catégorie peut comprendre des renseignements sur les droits et les obligations de l’employé, les obligations de l’employeur, ainsi que les indemnités de voyage ou les indemnités quotidiennes. Les dossiers peuvent aussi comprendre de l’information sur la divulgation proactive des dépenses de voyage pertinentes, conformément aux exigences du Secrétariat du Conseil du Trésor du Canada et aux politiques et procédures de l’institution.","Travel advance claims, expense claims and receipts, itineraries and correspondence, applications for travel cards, reporting templates, hotel and airline directories and, where applicable, documents related to the mandatory on-line publication of travel expenses.","Demandes d’avance pour frais de voyage, demandes de remboursement de dépenses et reçus, itinéraires et correspondance, demandes de cartes de voyage, modèles de rapport, répertoires d’hôtels et de transporteurs aériens et, le cas échéant, documents liés à la publication en ligne obligatoire des frais de voyage.",https://www.canada.ca/en/treasury-board-secretariat/services/access-information-privacy/access-information/info-source/standard-classes-records.html#prn934,https://www.canada.ca/fr/secretariat-conseil-tresor/services/acces-information-protection-renseignements-personnels/acces-information/info-source/categories-documents-ordinaires.html#ndp934
