record_id,scope,bank_number_key,institution_name_en,title_en,title_fr,reachability,question_codes,candidate_question_codes,source_url_en,source_url_fr
standard:PSU 901,standard,PSU 901,Government of Canada institutions,Access to Information Act and Privacy Act Requests,Demandes en vertu de la Loi sur l’accès à l’information et de la Loi sur la protection des renseignements personnels,direct,q_access_privacy,q_access_privacy|q_civic_contact|q_complaint_appeal|q_justice_safety,https://www.canada.ca/en/treasury-board-secretariat/services/access-information-privacy/access-information/info-source/standard-personal-information-banks.html#psu901,https://www.canada.ca/fr/secretariat-conseil-tresor/services/acces-information-protection-reseignements-personnels/acces-information/info-source/fichiers-renseignements-personnels-ordinaires.html#pou901
standard:PSU 931,standard,PSU 931,Government of Canada institutions,Accounts Payable,Comptes créditeurs,direct,q_government_work|q_money_programs,q_access_privacy|q_business_supplier|q_education_training|q_government_work|q_money_programs|q_tax_customs|q_travel_border,https://www.canada.ca/en/treasury-board-secretariat/services/access-information-privacy/access-information/info-source/standard-personal-information-banks.html#psu931,https://www.canada.ca/fr/secretariat-conseil-tresor/services/acces-information-protection-reseignements-personnels/acces-information/info-source/fichiers-renseignements-personnels-ordinaires.html#pou931
standard:PSU 932,standard,PSU 932,Government of Canada institutions,Accounts Receivable,Comptes débiteurs,direct,q_money_programs,q_access_privacy|q_business_supplier|q_money_programs|q_tax_customs,https://www.canada.ca/en/treasury-board-secretariat/services/access-information-privacy/access-information/info-source/standard-personal-information-banks.html#psu932,https://www.canada.ca/fr/secretariat-conseil-tresor/services/acces-information-protection-reseignements-personnels/acces-information/info-source/fichiers-renseignements-personnels-ordinaires.html#pou932
standard:PSU 940,standard,PSU 940,Government of Canada institutions,Acquisition Cards,Cartes d’achat,direct,q_business_supplier|q_money_programs,q_access_privacy|q_business_supplier|q_justice_safety|q_money_programs|q_travel_border,https://www.canada.ca/en/treasury-board-secretariat/services/access-information-privacy/access-information/info-source/standard-personal-information-banks.html#psu940,https://www.canada.ca/fr/secretariat-conseil-tresor/services/acces-information-protection-reseignements-personnels/acces-information/info-source/fichiers-renseignements-personnels-ordinaires.html#pou940
standard:PSU 911,standard,PSU 911,Government of Canada institutions,Applications for Employment,Demandes d’emploi,direct,,q_civic_contact|q_government_work|q_health_disability|q_immigration,https://www.canada.ca/en/treasury-board-secretariat/services/access-information-privacy/access-information/info-source/standard-personal-information-banks.html#psu911,https://www.canada.ca/fr/secretariat-conseil-tresor/services/acces-information-protection-reseignements-personnels/acces-information/info-source/fichiers-renseignements-personnels-ordinaires.html#pou911
standard:PSE 903,standard,PSE 903,Government of Canada institutions,Attendance and Leave,Présences et congés,direct,q_government_work,q_business_supplier|q_civic_contact|q_government_work,https://www.canada.ca/en/treasury-board-secretariat/services/access-information-privacy/access-information/info-source/standard-personal-information-banks.html#pse903,https://www.canada.ca/fr/secretariat-conseil-tresor/services/acces-information-protection-reseignements-personnels/acces-information/info-source/fichiers-renseignements-personnels-ordinaires.html#poe903
standard:PSU 904,standard,PSU 904,Government of Canada institutions,"Automated Document, Records, and Information Management Systems","Systèmes automatisés de gestion des documents, des dossiers et de l’information",not_discoverable,,,https://www.canada.ca/en/treasury-board-secretariat/services/access-information-privacy/access-information/info-source/standard-personal-information-banks.html#psu904,https://www.canada.ca/fr/secretariat-conseil-tresor/services/acces-information-protection-reseignements-personnels/acces-information/info-source/fichiers-renseignements-personnels-ordinaires.html#pou904
standard:PSU 903,standard,PSU 903,Government of Canada institutions,Business Continuity Planning,Planification de la continuité des activités,direct,q_emergency,q_access_privacy|q_business_supplier|q_emergency|q_government_work|q_health_disability|q_justice_safety,https://www.canada.ca/en/treasury-board-secretariat/services/access-information-privacy/access-information/info-source/standard-personal-information-banks.html#psu903,https://www.canada.ca/fr/secretariat-conseil-tresor/services/acces-information-protection-reseignements-personnels/acces-information/info-source/fichiers-renseignements-personnels-ordinaires.html#pou903
standard:PSU 933,standard,PSU 933,Government of Canada institutions,Canadian Human Rights Act - Complaints,Plaintes déposées en vertu de la Loi canadienne sur les droits de la personne,direct,q_complaint_appeal,q_business_supplier|q_complaint_appeal|q_government_work|q_health_disability|q_justice_safety,https://www.canada.ca/en/treasury-board-secretariat/services/access-information-privacy/access-information/info-source/standard-personal-information-banks.html#psu933,https://www.canada.ca/fr/secretariat-conseil-tresor/services/acces-information-protection-reseignements-personnels/acces-information/info-source/fichiers-renseignements-personnels-ordinaires.html#pou933
standard:PSE 911,standard,PSE 911,Government of Canada institutions,Discipline,Mesures disciplinaires,direct,q_government_work,q_access_privacy|q_business_supplier|q_complaint_appeal|q_government_work|q_health_disability|q_justice_safety,https://www.canada.ca/en/treasury-board-secretariat/services/access-information-privacy/access-information/info-source/standard-personal-information-banks.html#pse911,https://www.canada.ca/fr/secretariat-conseil-tresor/services/acces-information-protection-reseignements-personnels/acces-information/info-source/fichiers-renseignements-personnels-ordinaires.html#poe911
standard:PSU 906,standard,PSU 906,Government of Canada institutions,Disclosure of Wrongdoing in the Workplace,Divulgation d’information sur les actes fautifs commis en milieu de travail,possible_only,,q_government_work|q_justice_safety,https://www.canada.ca/en/treasury-board-secretariat/services/access-information-privacy/access-information/info-source/standard-personal-information-banks.html#psu906,https://www.canada.ca/fr/secretariat-conseil-tresor/services/acces-information-protection-reseignements-personnels/acces-information/info-source/fichiers-renseignements-personnels-ordinaires.html#pou906
standard:PSU 913,standard,PSU 913,Government of Canada institutions,Disclosure to Investigative Bodies,Divulgation aux organismes d’enquête,possible_only,,q_access_privacy|q_justice_safety,https://www.canada.ca/en/treasury-board-secretariat/services/access-information-privacy/access-information/info-source/standard-personal-information-banks.html#psu913,https://www.canada.ca/fr/secretariat-conseil-tresor/services/acces-information-protection-reseignements-personnels/acces-information/info-source/fichiers-renseignements-personnels-ordinaires.html#pou913
standard:PSU 905,standard,PSU 905,Government of Canada institutions,Electronic Network Monitoring Logs,Journaux de contrôle des réseaux électroniques,possible_only,,q_business_supplier|q_education_training|q_government_work|q_justice_safety,https://www.canada.ca/en/treasury-board-secretariat/services/access-information-privacy/access-information/info-source/standard-personal-information-banks.html#psu905,https://www.canada.ca/fr/secretariat-conseil-tresor/services/acces-information-protection-reseignements-personnels/acces-information/info-source/fichiers-renseignements-personnels-ordinaires.html#pou905
standard:PSE 916,standard,PSE 916,Government of Canada institutions,Employee Assistance,Aide aux employés,possible_only,,q_civic_contact|q_government_work|q_health_disability,https://www.canada.ca/en/treasury-board-secretariat/services/access-information-privacy/access-information/info-source/standard-personal-information-banks.html#pse916,https://www.canada.ca/fr/secretariat-conseil-tresor/services/acces-information-protection-reseignements-personnels/acces-information/info-source/fichiers-renseignements-personnels-ordinaires.html#poe916
standard:PSE 912,standard,PSE 912,Government of Canada institutions,Employee Performance Management Program,Programme de gestion du rendement des employés,direct,q_government_work,q_access_privacy|q_complaint_appeal|q_government_work|q_health_disability|q_justice_safety|q_money_programs,https://www.canada.ca/en/treasury-board-secretariat/services/access-information-privacy/access-information/info-source/standard-personal-information-banks.html#pse912,https://www.canada.ca/fr/secretariat-conseil-tresor/services/acces-information-protection-reseignements-personnels/acces-information/info-source/fichiers-renseignements-personnels-ordinaires.html#poe912
standard:PSE 901,standard,PSE 901,Government of Canada institutions,Employee Personnel Record,Dossier personnel d’un employé,direct,q_government_work,q_access_privacy|q_business_supplier|q_complaint_appeal|q_emergency|q_family_vital|q_government_work|q_health_disability|q_immigration|q_justice_safety|q_military_veterans|q_money_programs|q_tax_customs|q_travel_border,https://www.canada.ca/en/treasury-board-secretariat/services/access-information-privacy/access-information/info-source/standard-personal-information-banks.html#pse901,https://www.canada.ca/fr/secretariat-conseil-tresor/services/acces-information-protection-reseignements-personnels/acces-information/info-source/fichiers-renseignements-personnels-ordinaires.html#poe901
standard:PSE 918,standard,PSE 918,Government of Canada institutions,Employment Equity and Diversity,Équité en emploi et diversité,direct,q_government_work,q_complaint_appeal|q_education_training|q_government_work|q_health_disability|q_indigenous_services|q_research_survey,https://www.canada.ca/en/treasury-board-secretariat/services/access-information-privacy/access-information/info-source/standard-personal-information-banks.html#pse918,https://www.canada.ca/fr/secretariat-conseil-tresor/services/acces-information-protection-reseignements-personnels/acces-information/info-source/fichiers-renseignements-personnels-ordinaires.html#poe918
standard:PSU 902,standard,PSU 902,Government of Canada institutions,Executive Correspondence,Correspondance à la direction,direct,q_civic_contact,q_civic_contact,https://www.canada.ca/en/treasury-board-secretariat/services/access-information-privacy/access-information/info-source/standard-personal-information-banks.html#psu902,https://www.canada.ca/fr/secretariat-conseil-tresor/services/acces-information-protection-reseignements-personnels/acces-information/info-source/fichiers-renseignements-personnels-ordinaires.html#pou902
standard:PSU 942,standard,PSU 942,Government of Canada institutions,Evaluation,Évaluation,possible_only,,q_access_privacy|q_business_supplier|q_civic_contact,https://www.canada.ca/en/treasury-board-secretariat/services/access-information-privacy/access-information/info-source/standard-personal-information-banks.html#psu942,https://www.canada.ca/fr/secretariat-conseil-tresor/services/acces-information-protection-reseignements-personnels/acces-information/info-source/fichiers-renseignements-personnels-ordinaires.html#pou942
standard:PSU 934,standard,PSU 934,Government of Canada institutions,EX Talent Management,Gestion des talents des cadres supérieurs,possible_only,,q_access_privacy|q_government_work,https://www.canada.ca/en/treasury-board-secretariat/services/access-information-privacy/access-information/info-source/standard-personal-information-banks.html#psu934,https://www.canada.ca/fr/secretariat-conseil-tresor/services/acces-information-protection-reseignements-personnels/acces-information/info-source/fichiers-renseignements-personnels-ordinaires.html#pou934
standard:PSU 918,standard,PSU 918,Government of Canada institutions,Governor in Council Appointments,Nominations par le Gouverneur en conseil,possible_only,,q_business_supplier|q_family_vital|q_government_work|q_health_disability|q_immigration|q_money_programs|q_tax_customs|q_travel_border,https://www.canada.ca/en/treasury-board-secretariat/services/access-information-privacy/access-information/info-source/standard-personal-information-banks.html#psu918,https://www.canada.ca/fr/secretariat-conseil-tresor/services/acces-information-protection-reseignements-personnels/acces-information/info-source/fichiers-renseignements-personnels-ordinaires.html#pou918
standard:PSE 910,standard,PSE 910,Government of Canada institutions,Grievances,Griefs,direct,q_complaint_appeal,q_access_privacy|q_complaint_appeal|q_government_work|q_health_disability,https://www.canada.ca/en/treasury-board-secretariat/services/access-information-privacy/access-information/info-source/standard-personal-information-banks.html#pse910,https://www.canada.ca/fr/secretariat-conseil-tresor/services/acces-information-protection-reseignements-personnels/acces-information/info-source/fichiers-renseignements-personnels-ordinaires.html#poe910
standard:PSE 919,standard,PSE 919,Government of Canada institutions,Harassment and Violence,Harcèlement et violence,direct,,q_government_work|q_health_disability|q_justice_safety,https://www.canada.ca/en/treasury-board-secretariat/services/access-information-privacy/access-information/info-source/standard-personal-information-banks.html#pse919,https://www.canada.ca/fr/secretariat-conseil-tresor/services/acces-information-protection-reseignements-personnels/acces-information/info-source/fichiers-renseignements-personnels-ordinaires.html#poe919
standard:PSU 908,standard,PSU 908,Government of Canada institutions,Hospitality,Accueil,possible_only,,q_access_privacy|q_family_vital|q_government_work|q_money_programs,https://www.canada.ca/en/treasury-board-secretariat/services/access-information-privacy/access-information/info-source/standard-personal-information-banks.html#psu908,https://www.canada.ca/fr/secretariat-conseil-tresor/services/acces-information-protection-reseignements-personnels/acces-information/info-source/fichiers-renseignements-personnels-ordinaires.html#pou908
standard:PSU 935,standard,PSU 935,Government of Canada institutions,Human Resources Planning,Planification des ressources humaines,direct,q_government_work,q_access_privacy|q_business_supplier|q_complaint_appeal|q_education_training|q_family_vital|q_government_work|q_health_disability,https://www.canada.ca/en/treasury-board-secretariat/services/access-information-privacy/access-information/info-source/standard-personal-information-banks.html#psu935,https://www.canada.ca/fr/secretariat-conseil-tresor/services/acces-information-protection-reseignements-personnels/acces-information/info-source/fichiers-renseignements-personnels-ordinaires.html#pou935
standard:PSU 941,standard,PSU 941,Government of Canada institutions,Internal Audit,Vérification interne,possible_only,,q_business_supplier|q_government_work|q_justice_safety,https://www.canada.ca/en/treasury-board-secretariat/services/access-information-privacy/access-information/info-source/standard-personal-information-banks.html#psu941,https://www.canada.ca/fr/secretariat-conseil-tresor/services/acces-information-protection-reseignements-personnels/acces-information/info-source/fichiers-renseignements-personnels-ordinaires.html#pou941
standard:PSU 915,standard,PSU 915,Government of Canada institutions,Internal Communications,Communications internes,possible_only,,q_access_privacy|q_civic_contact|q_government_work|q_research_survey,https://www.canada.ca/en/treasury-board-secretariat/services/access-information-privacy/access-information/info-source/standard-personal-information-banks.html#psu915,https://www.canada.ca/fr/secretariat-conseil-tresor/services/acces-information-protection-reseignements-personnels/acces-information/info-source/fichiers-renseignements-personnels-ordinaires.html#pou915
standard:PSU 936,standard,PSU 936,Government of Canada institutions,Library Services,Services de bibliothèque,not_discoverable,,,https://www.canada.ca/en/treasury-board-secretariat/services/access-information-privacy/access-information/info-source/standard-personal-information-banks.html#psu936,https://www.canada.ca/fr/secretariat-conseil-tresor/services/acces-information-protection-reseignements-personnels/acces-information/info-source/fichiers-renseignements-personnels-ordinaires.html#pou936
standard:PSU 937,standard,PSU 937,Government of Canada institutions,Lobbying Act Requirements,Exigences de la Loi sur le lobbying,possible_only,,q_civic_contact|q_military_veterans,https://www.canada.ca/en/treasury-board-secretariat/services/access-information-privacy/access-information/info-source/standard-personal-information-banks.html#psu937,https://www.canada.ca/fr/secretariat-conseil-tresor/services/acces-information-protection-reseignements-personnels/acces-information/info-source/fichiers-renseignements-personnels-ordinaires.html#pou937
standard:PSU 919,standard,PSU 919,Government of Canada institutions,"Members of Boards, Committees and Councils","Membres de conseils d’administration, de comités et de conseils",possible_only,,q_access_privacy|q_business_supplier|q_civic_contact|q_culture_volunteer|q_family_vital|q_health_disability|q_immigration|q_money_programs|q_tax_customs|q_travel_border,https://www.canada.ca/en/treasury-board-secretariat/services/access-information-privacy/access-information/info-source/standard-personal-information-banks.html#psu919,https://www.canada.ca/fr/secretariat-conseil-tresor/services/acces-information-protection-reseignements-personnels/acces-information/info-source/fichiers-renseignements-personnels-ordinaires.html#pou919
standard:PSE 907,standard,PSE 907,Government of Canada institutions,Occupational Health and Safety,Santé et sécurité au travail,direct,q_government_work|q_health_disability,q_business_supplier|q_civic_contact|q_complaint_appeal|q_emergency|q_family_vital|q_government_work|q_health_disability|q_justice_safety|q_money_programs,https://www.canada.ca/en/treasury-board-secretariat/services/access-information-privacy/access-information/info-source/standard-personal-information-banks.html#pse907,https://www.canada.ca/fr/secretariat-conseil-tresor/services/acces-information-protection-reseignements-personnels/acces-information/info-source/fichiers-renseignements-personnels-ordinaires.html#poe907
standard:PSE 906,standard,PSE 906,Government of Canada institutions,Official Languages,Langues officielles,direct,q_government_work,q_access_privacy|q_civic_contact|q_government_work,https://www.canada.ca/en/treasury-board-secretariat/services/access-information-privacy/access-information/info-source/standard-personal-information-banks.html#pse906,https://www.canada.ca/fr/secretariat-conseil-tresor/services/acces-information-protection-reseignements-personnels/acces-information/info-source/fichiers-renseignements-personnels-ordinaires.html#poe906
standard:PSU 938,standard,PSU 938,Government of Canada institutions,Outreach Activities,Activités de sensibilisation,possible_only,,q_access_privacy|q_civic_contact|q_family_vital|q_health_disability|q_research_survey,https://www.canada.ca/en/treasury-board-secretariat/services/access-information-privacy/access-information/info-source/standard-personal-information-banks.html#psu938,https://www.canada.ca/fr/secretariat-conseil-tresor/services/acces-information-protection-reseignements-personnels/acces-information/info-source/fichiers-renseignements-personnels-ordinaires.html#pou938
standard:PSE 914,standard,PSE 914,Government of Canada institutions,Parking,Stationnement,direct,q_government_work,q_access_privacy|q_business_supplier|q_government_work|q_health_disability|q_housing_property|q_justice_safety|q_money_programs|q_travel_border,https://www.canada.ca/en/treasury-board-secretariat/services/access-information-privacy/access-information/info-source/standard-personal-information-banks.html#pse914,https://www.canada.ca/fr/secretariat-conseil-tresor/services/acces-information-protection-reseignements-personnels/acces-information/info-source/fichiers-renseignements-personnels-ordinaires.html#poe914
standard:PSE 904,standard,PSE 904,Government of Canada institutions,Pay and Benefits,Rémunération et avantages,direct,,q_access_privacy|q_business_supplier|q_complaint_appeal|q_government_work|q_money_programs|q_tax_customs,https://www.canada.ca/en/treasury-board-secretariat/services/access-information-privacy/access-information/info-source/standard-personal-information-banks.html#pse904,https://www.canada.ca/fr/secretariat-conseil-tresor/services/acces-information-protection-reseignements-personnels/acces-information/info-source/fichiers-renseignements-personnels-ordinaires.html#poe904
standard:PSU 917,standard,PSU 917,Government of Canada institutions,Personnel Security Screening,Filtrage de sécurité du personnel,direct,q_business_supplier|q_government_work|q_justice_safety,q_access_privacy|q_business_supplier|q_complaint_appeal|q_culture_volunteer|q_education_training|q_family_vital|q_government_work|q_immigration|q_justice_safety|q_military_veterans,https://www.canada.ca/en/treasury-board-secretariat/services/access-information-privacy/access-information/info-source/standard-personal-information-banks.html#psu917,https://www.canada.ca/fr/secretariat-conseil-tresor/services/acces-information-protection-reseignements-personnels/acces-information/info-source/fichiers-renseignements-personnels-ordinaires.html#pou917
standard:PSU 907,standard,PSU 907,Government of Canada institutions,Physical Access Controls,Contrôles d’accès physique,possible_only,,q_access_privacy|q_business_supplier|q_emergency|q_government_work|q_justice_safety,https://www.canada.ca/en/treasury-board-secretariat/services/access-information-privacy/access-information/info-source/standard-personal-information-banks.html#psu907,https://www.canada.ca/fr/secretariat-conseil-tresor/services/acces-information-protection-reseignements-personnels/acces-information/info-source/fichiers-renseignements-personnels-ordinaires.html#pou907
standard:PSU 912,standard,PSU 912,Government of Canada institutions,Professional Services Contracts,Marchés de services professionnels,direct,q_business_supplier,q_access_privacy|q_business_supplier|q_government_work|q_money_programs|q_tax_customs,https://www.canada.ca/en/treasury-board-secretariat/services/access-information-privacy/access-information/info-source/standard-personal-information-banks.html#psu912,https://www.canada.ca/fr/secretariat-conseil-tresor/services/acces-information-protection-reseignements-personnels/acces-information/info-source/fichiers-renseignements-personnels-ordinaires.html#pou912
standard:PSU 914,standard,PSU 914,Government of Canada institutions,Public Communications,Communications publiques,possible_only,,q_access_privacy|q_civic_contact|q_complaint_appeal|q_family_vital|q_government_work,https://www.canada.ca/en/treasury-board-secretariat/services/access-information-privacy/access-information/info-source/standard-personal-information-banks.html#psu914,https://www.canada.ca/fr/secretariat-conseil-tresor/services/acces-information-protection-reseignements-personnels/acces-information/info-source/fichiers-renseignements-personnels-ordinaires.html#pou914
standard:PSU 948,standard,PSU 948,Government of Canada institutions,Real Property Management,Gestion des biens immobiliers,possible_only,,q_business_supplier|q_culture_volunteer|q_housing_property|q_money_programs,https://www.canada.ca/en/treasury-board-secretariat/services/access-information-privacy/access-information/info-source/standard-personal-information-banks.html#psu914a,https://www.canada.ca/fr/secretariat-conseil-tresor/services/acces-information-protection-reseignements-personnels/acces-information/info-source/fichiers-renseignements-personnels-ordinaires.html#pou948
standard:PSE 920,standard,PSE 920,Government of Canada institutions,Recognition Program,Programme de reconnaissance,direct,,q_access_privacy|q_government_work|q_money_programs,https://www.canada.ca/en/treasury-board-secretariat/services/access-information-privacy/access-information/info-source/standard-personal-information-banks.html#pse920,https://www.canada.ca/fr/secretariat-conseil-tresor/services/acces-information-protection-reseignements-personnels/acces-information/info-source/fichiers-renseignements-personnels-ordinaires.html#poe920
standard:PSU 910,standard,PSU 910,Government of Canada institutions,Relocation,Réinstallation,possible_only,,q_business_supplier|q_family_vital|q_health_disability|q_housing_property,https://www.canada.ca/en/treasury-board-secretariat/services/access-information-privacy/access-information/info-source/standard-personal-information-banks.html#psu910,https://www.canada.ca/fr/secretariat-conseil-tresor/services/acces-information-protection-reseignements-personnels/acces-information/info-source/fichiers-renseignements-personnels-ordinaires.html#pou910
standard:PSU 939,standard,PSU 939,Government of Canada institutions,Security Incidents and Privacy Breaches,Incidents de sécurité et atteintes à la vie privée,possible_only,,q_access_privacy|q_business_supplier|q_complaint_appeal|q_emergency|q_government_work|q_health_disability|q_justice_safety,https://www.canada.ca/en/treasury-board-secretariat/services/access-information-privacy/access-information/info-source/standard-personal-information-banks.html#psu939,https://www.canada.ca/fr/secretariat-conseil-tresor/services/acces-information-protection-reseignements-personnels/acces-information/info-source/fichiers-renseignements-personnels-ordinaires.html#pou939
standard:PSE 902,standard,PSE 902,Government of Canada institutions,Staffing,Dotation,direct,q_government_work,q_access_privacy|q_business_supplier|q_civic_contact|q_complaint_appeal|q_government_work|q_health_disability|q_immigration|q_justice_safety,https://www.canada.ca/en/treasury-board-secretariat/services/access-information-privacy/access-information/info-source/standard-personal-information-banks.html#pse902,https://www.canada.ca/fr/secretariat-conseil-tresor/services/acces-information-protection-reseignements-personnels/acces-information/info-source/fichiers-renseignements-personnels-ordinaires.html#poe902
standard:PSE 905,standard,PSE 905,Government of Canada institutions,Training and Development,Formation et perfectionnement,possible_only,,q_access_privacy|q_education_training|q_government_work|q_money_programs,https://www.canada.ca/en/treasury-board-secretariat/services/access-information-privacy/access-information/info-source/standard-personal-information-banks.html#pse905,https://www.canada.ca/fr/secretariat-conseil-tresor/services/acces-information-protection-reseignements-personnels/acces-information/info-source/fichiers-renseignements-personnels-ordinaires.html#poe905
standard:PSU 909,standard,PSU 909,Government of Canada institutions,Travel,Voyages,direct,q_travel_border,q_access_privacy|q_business_supplier|q_culture_volunteer|q_education_training|q_family_vital|q_government_work|q_immigration|q_justice_safety|q_money_programs|q_travel_border,https://www.canada.ca/en/treasury-board-secretariat/services/access-information-privacy/access-information/info-source/standard-personal-information-banks.html#psu909,https://www.canada.ca/fr/secretariat-conseil-tresor/services/acces-information-protection-reseignements-personnels/acces-information/info-source/fichiers-renseignements-personnels-ordinaires.html#pou909
standard:PSE 915,standard,PSE 915,Government of Canada institutions,Values and Ethics Codes for the Public Sector and Organizational code(s) of Conduct,Codes de valeurs et d’éthique du secteur public et Code(s) de conduite organisationnel(s),possible_only,,q_access_privacy|q_family_vital|q_government_work|q_justice_safety|q_money_programs,https://www.canada.ca/en/treasury-board-secretariat/services/access-information-privacy/access-information/info-source/standard-personal-information-banks.html#pse915,https://www.canada.ca/fr/secretariat-conseil-tresor/services/acces-information-protection-reseignements-personnels/acces-information/info-source/fichiers-renseignements-personnels-ordinaires.html#poe915
standard:PSE 908,standard,PSE 908,Government of Canada institutions,"Vehicle, Ship, Boat and Aircraft Accidents","Accidents d’automobile, de bateau, d’embarcation et d’avion",direct,q_business_supplier|q_government_work,q_business_supplier|q_civic_contact|q_government_work|q_health_disability,https://www.canada.ca/en/treasury-board-secretariat/services/access-information-privacy/access-information/info-source/standard-personal-information-banks.html#pse908,https://www.canada.ca/fr/secretariat-conseil-tresor/services/acces-information-protection-reseignements-personnels/acces-information/info-source/fichiers-renseignements-personnels-ordinaires.html#poe908
standard:PSE 930,standard,PSE 930,Government of Canada institutions,Workplace Day Care,Garderie en milieu de travail,direct,q_government_work,q_family_vital|q_government_work|q_research_survey,https://www.canada.ca/en/treasury-board-secretariat/services/access-information-privacy/access-information/info-source/standard-personal-information-banks.html#pse930,https://www.canada.ca/fr/secretariat-conseil-tresor/services/acces-information-protection-reseignements-personnels/acces-information/info-source/fichiers-renseignements-personnels-ordinaires.html#poe930
institution:ati-schedule-i-department-of-agriculture-and-agri-food:AAFC PPU 231,institution,AAFC PPU 231,Department of Agriculture and Agri-Food,AgriClient Personal Information Bank,AgriClient (fichier de renseignements personnels),possible_only,,q_business_supplier|q_civic_contact|q_emergency|q_government_work|q_health_disability|q_indigenous_services,https://agriculture.canada.ca/en/department/transparency/info-source-employee-information,https://agriculture.canada.ca/fr/ministere/transparence/info-source-renseignements-pour-fonctionnaires
institution:ati-schedule-i-department-of-agriculture-and-agri-food:AAFC PPU 140,institution,AAFC PPU 140,Department of Agriculture and Agri-Food,Agricultural Marketing Programs Act Advance Payments Program Personal Information Bank,Loi sur les programmes de commercialisation agricole : Programme de paiements anticipés (fichier de renseignements personnels),direct,q_money_programs,q_civic_contact|q_family_vital|q_justice_safety|q_money_programs,https://agriculture.canada.ca/en/department/transparency/info-source-employee-information,https://agriculture.canada.ca/fr/ministere/transparence/info-source-renseignements-pour-fonctionnaires
institution:ati-schedule-i-department-of-agriculture-and-agri-food:AAFC PPU 209,institution,AAFC PPU 209,Department of Agriculture and Agri-Food,Agricultural Marketing Programs Act Price Pooling Program Personal Information Bank,Loi sur les programmes de commercialisation agricole : Programme de mise en commun des prix (fichier de renseignements personnels),possible_only,,q_business_supplier|q_money_programs,https://agriculture.canada.ca/en/department/transparency/info-source-employee-information,https://agriculture.canada.ca/fr/ministere/transparence/info-source-renseignements-pour-fonctionnaires
institution:ati-schedule-i-department-of-agriculture-and-agri-food:AAFC PPU 165,institution,AAFC PPU 165,Department of Agriculture and Agri-Food,Canadian Agricultural Loans Act Personal Information Bank,Loi canadienne sur les prêts agricoles (fichier de renseignements personnels),direct,q_money_programs,q_money_programs,https://agriculture.canada.ca/en/department/transparency/info-source-employee-information,https://agriculture.canada.ca/fr/ministere/transparence/info-source-renseignements-pour-fonctionnaires
institution:ati-schedule-i-department-of-agriculture-and-agri-food:AAFC PPU 632,institution,AAFC PPU 632,Department of Agriculture and Agri-Food,Hog Industry Loan Loss Reserve Program Personal Information Bank,Programme de réserve pour pertes sur prêts dans l'industrie porcine (fichier de renseignements personnels),direct,q_indigenous_services,q_indigenous_services|q_money_programs,https://agriculture.canada.ca/en/department/transparency/info-source-employee-information,https://agriculture.canada.ca/fr/ministere/transparence/info-source-renseignements-pour-fonctionnaires
institution:ati-schedule-i-department-of-agriculture-and-agri-food:AAFC PPU 247,institution,AAFC PPU 247,Department of Agriculture and Agri-Food,Canada Brand Program Personal Information Bank,Programme de la marque Canada (fichier de renseignements personnels),possible_only,,q_government_work|q_money_programs,https://agriculture.canada.ca/en/department/transparency/info-source-employee-information,https://agriculture.canada.ca/fr/ministere/transparence/info-source-renseignements-pour-fonctionnaires
institution:ati-schedule-i-department-of-agriculture-and-agri-food:AAFC PPU 248,institution,AAFC PPU 248,Department of Agriculture and Agri-Food,Canadian Pari-Mutuel Agency Program Personal Information Bank,Agence canadienne du pari mutuel (fichier de renseignements personnels),possible_only,,q_business_supplier|q_complaint_appeal|q_government_work|q_justice_safety,https://agriculture.canada.ca/en/department/transparency/info-source-employee-information,https://agriculture.canada.ca/fr/ministere/transparence/info-source-renseignements-pour-fonctionnaires
institution:ati-schedule-i-department-of-agriculture-and-agri-food:AAFC PPU 221,institution,AAFC PPU 221,Department of Agriculture and Agri-Food,Recruitment and Staffing Personal Information Bank,Recrutement et dotation (fichier de renseignements personnels),possible_only,,q_business_supplier|q_civic_contact|q_complaint_appeal|q_government_work|q_health_disability|q_immigration|q_justice_safety,https://agriculture.canada.ca/en/department/transparency/info-source-employee-information,https://agriculture.canada.ca/fr/ministere/transparence/info-source-renseignements-pour-fonctionnaires
institution:ati-schedule-i-department-of-agriculture-and-agri-food:AAFC PPU 300,institution,AAFC PPU 300,Department of Agriculture and Agri-Food,Youth Employment and Skills Program Personal Information Bank,Programme d'emploi et de compétences des jeunes (fichier de renseignements personnels),possible_only,,q_business_supplier|q_education_training|q_indigenous_services|q_money_programs,https://agriculture.canada.ca/en/department/transparency/info-source-employee-information,https://agriculture.canada.ca/fr/ministere/transparence/info-source-renseignements-pour-fonctionnaires
institution:ati-schedule-i-department-of-agriculture-and-agri-food:AAFC PPU 245,institution,AAFC PPU 245,Department of Agriculture and Agri-Food,AgriInsurance Personal Information Bank,Agri-protection (fichier de renseignements personnels),possible_only,,q_money_programs,https://agriculture.canada.ca/en/department/transparency/info-source-employee-information,https://agriculture.canada.ca/fr/ministere/transparence/info-source-renseignements-pour-fonctionnaires
institution:ati-schedule-i-department-of-agriculture-and-agri-food:AAFC PPU 183,institution,AAFC PPU 183,Department of Agriculture and Agri-Food,AgriStability Net Income Stabilization Account Personal Information Bank,Compte de stabilisation du revenu net d'Agri-investissement (fichier de renseignements personnels),possible_only,,q_business_supplier|q_complaint_appeal|q_health_disability|q_money_programs|q_tax_customs,https://agriculture.canada.ca/en/department/transparency/info-source-employee-information,https://agriculture.canada.ca/fr/ministere/transparence/info-source-renseignements-pour-fonctionnaires
institution:ati-schedule-i-department-of-agriculture-and-agri-food:AAFC PPU 141,institution,AAFC PPU 141,Department of Agriculture and Agri-Food,Farm Level Data Services Personal Information Bank,Services de données de référence sur les fermes (fichier de renseignements personnels),possible_only,,q_business_supplier,https://agriculture.canada.ca/en/department/transparency/info-source-employee-information,https://agriculture.canada.ca/fr/ministere/transparence/info-source-renseignements-pour-fonctionnaires
institution:ati-schedule-i-department-of-agriculture-and-agri-food:AAFC PPU 636,institution,AAFC PPU 636,Department of Agriculture and Agri-Food,Agricultural Disaster Relief Program (AgriRecovery Framework) Personal Information Bank,Programme d'aide aux agriculteurs en cas de catastrophe (cadre Agri-relance) (fichier de renseignements personnels),direct,q_emergency|q_money_programs,q_emergency|q_money_programs|q_research_survey,https://agriculture.canada.ca/en/department/transparency/info-source-employee-information,https://agriculture.canada.ca/fr/ministere/transparence/info-source-renseignements-pour-fonctionnaires
institution:ati-schedule-i-department-of-agriculture-and-agri-food:AAFC PPU 137,institution,AAFC PPU 137,Department of Agriculture and Agri-Food,Visiting Fellowship in Canadian Government Laboratories Personal Information Bank,Programme de bourses de recherche scientifique dans les laboratoires canadien (fichier de renseignements personnels),possible_only,,q_education_training|q_family_vital|q_money_programs|q_tax_customs,https://agriculture.canada.ca/en/department/transparency/info-source-employee-information,https://agriculture.canada.ca/fr/ministere/transparence/info-source-renseignements-pour-fonctionnaires
institution:ati-schedule-i-department-of-agriculture-and-agri-food:AAFC PPU 633,institution,AAFC PPU 633,Department of Agriculture and Agri-Food,Internal and External Credential Management Services Personal Information Bank,Services de gestion d'enregistrement des justificatifs internes et externes (fichier de renseignements personnels),possible_only,,q_access_privacy|q_justice_safety,https://agriculture.canada.ca/en/department/transparency/info-source-employee-information,https://agriculture.canada.ca/fr/ministere/transparence/info-source-renseignements-pour-fonctionnaires
institution:ati-schedule-i-department-of-agriculture-and-agri-food:AAFC PPU 253,institution,AAFC PPU 253,Department of Agriculture and Agri-Food,Evaluations (AAFC),,possible_only,,q_civic_contact,https://agriculture.canada.ca/en/department/transparency/info-source-employee-information,https://agriculture.canada.ca/fr/ministere/transparence/info-source-renseignements-pour-fonctionnaires
institution:ati-schedule-i-department-of-agriculture-and-agri-food:AAFC PPU 227,institution,AAFC PPU 227,Department of Agriculture and Agri-Food,Farm Debt Mediation Service Personal Information Bank,Service de médiation en matière d'endettement agricole (fichier de renseignements personnels),direct,q_money_programs,q_business_supplier|q_money_programs,https://agriculture.canada.ca/en/department/transparency/info-source-employee-information,https://agriculture.canada.ca/fr/ministere/transparence/info-source-renseignements-pour-fonctionnaires
institution:ati-schedule-i-department-of-agriculture-and-agri-food:AAFC PPU 223,institution,AAFC PPU 223,Department of Agriculture and Agri-Food,National Fleet Management Personal Information Bank,Gestion du parc automobile national (fichier de renseignements personnels),direct,q_business_supplier,q_access_privacy|q_business_supplier|q_education_training|q_government_work|q_health_disability|q_justice_safety,https://agriculture.canada.ca/en/department/transparency/info-source-employee-information,https://agriculture.canada.ca/fr/ministere/transparence/info-source-renseignements-pour-fonctionnaires
institution:ati-schedule-i-department-of-agriculture-and-agri-food:AAFC PPU 232,institution,AAFC PPU 232,Department of Agriculture and Agri-Food,Security Incident Management Program Personal Information Bank,Programme de gestion des incidents de sécurité (fichier de renseignements personnels),possible_only,,q_business_supplier|q_civic_contact|q_education_training|q_government_work|q_justice_safety|q_money_programs,https://agriculture.canada.ca/en/department/transparency/info-source-employee-information,https://agriculture.canada.ca/fr/ministere/transparence/info-source-renseignements-pour-fonctionnaires
institution:ati-schedule-i-department-of-agriculture-and-agri-food:AAFC PPU 410,institution,AAFC PPU 410,Department of Agriculture and Agri-Food,Pest Management Centre Personal Information Bank,Centre de la lutte antiparasitaire (fichier de renseignements personnels),direct,q_money_programs,q_civic_contact|q_government_work|q_health_disability|q_money_programs,https://agriculture.canada.ca/en/department/transparency/info-source-employee-information,https://agriculture.canada.ca/fr/ministere/transparence/info-source-renseignements-pour-fonctionnaires
institution:ati-schedule-i-department-of-agriculture-and-agri-food:AAFC PPE 254,institution,AAFC PPE 254,Department of Agriculture and Agri-Food,Prescribed Presence in the Workplace Monitoring Program (Personal Information Bank),Programme de surveillance de la présence prescrite au lieu de travail (fichier de renseignements personnels),possible_only,,q_business_supplier|q_education_training|q_government_work|q_justice_safety,https://agriculture.canada.ca/en/department/transparency/info-source-employee-information,https://agriculture.canada.ca/fr/ministere/transparence/info-source-renseignements-pour-fonctionnaires
institution:ati-schedule-i-department-of-canadian-heritage:PCH PPU 078,institution,PCH PPU 078,Department of Canadian Heritage,Artists and Agents,Artistes et agents artistiques,direct,q_culture_volunteer,q_business_supplier|q_culture_volunteer,https://www.canada.ca/en/canadian-heritage/corporate/publications/general-publications/information-programs-holdings.html,https://www.canada.ca/fr/patrimoine-canadien/organisation/publications/publications-generales/renseignements-programmes-fonds.html
institution:ati-schedule-i-department-of-canadian-heritage:PCH PPU 070,institution,PCH PPU 070,Department of Canadian Heritage,Volunteer Centre,Centre des bénévoles,direct,q_culture_volunteer,q_culture_volunteer|q_health_disability|q_immigration,https://www.canada.ca/en/canadian-heritage/corporate/publications/general-publications/information-programs-holdings.html,https://www.canada.ca/fr/patrimoine-canadien/organisation/publications/publications-generales/renseignements-programmes-fonds.html
institution:ati-schedule-i-department-of-canadian-heritage:PCH PPU 027,institution,PCH PPU 027,Department of Canadian Heritage,Canada Day Challenge,Défi de la fête du Canada,direct,,q_business_supplier|q_culture_volunteer|q_education_training|q_family_vital|q_justice_safety|q_travel_border,https://www.canada.ca/en/canadian-heritage/corporate/publications/general-publications/information-programs-holdings.html,https://www.canada.ca/fr/patrimoine-canadien/organisation/publications/publications-generales/renseignements-programmes-fonds.html
institution:ati-schedule-i-department-of-canadian-heritage:PCH PPU 220,institution,PCH PPU 220,Department of Canadian Heritage,Athlete Assistance Program,Programmes d'aide aux athlètes,direct,q_culture_volunteer|q_money_programs,q_access_privacy|q_civic_contact|q_culture_volunteer|q_education_training|q_emergency|q_family_vital|q_health_disability|q_immigration|q_money_programs,https://www.canada.ca/en/canadian-heritage/corporate/publications/general-publications/information-programs-holdings.html,https://www.canada.ca/fr/patrimoine-canadien/organisation/publications/publications-generales/renseignements-programmes-fonds.html
institution:ati-schedule-i-department-of-canadian-heritage:PCH PPU 232,institution,PCH PPU 232,Department of Canadian Heritage,Status of the High-Performance Athlete in Canada Study,Étude de la situation de l'athlète de haut niveau,direct,q_culture_volunteer,q_culture_volunteer,https://www.canada.ca/en/canadian-heritage/corporate/publications/general-publications/information-programs-holdings.html,https://www.canada.ca/fr/patrimoine-canadien/organisation/publications/publications-generales/renseignements-programmes-fonds.html
institution:ati-schedule-i-department-of-canadian-heritage:PCH PPU 071,institution,PCH PPU 071,Department of Canadian Heritage,Youth Program,Programme jeunesse,possible_only,,q_culture_volunteer|q_education_training,https://www.canada.ca/en/canadian-heritage/corporate/publications/general-publications/information-programs-holdings.html,https://www.canada.ca/fr/patrimoine-canadien/organisation/publications/publications-generales/renseignements-programmes-fonds.html
institution:ati-schedule-i-department-of-canadian-heritage:PCH PPU 233,institution,PCH PPU 233,Department of Canadian Heritage,Young Canada Works,Jeunesse Canada au travail,direct,q_government_work,q_culture_volunteer|q_education_training|q_government_work|q_immigration,https://www.canada.ca/en/canadian-heritage/corporate/publications/general-publications/information-programs-holdings.html,https://www.canada.ca/fr/patrimoine-canadien/organisation/publications/publications-generales/renseignements-programmes-fonds.html
institution:ati-schedule-i-department-of-citizenship-and-immigration:IRCC PPU 007,institution,IRCC PPU 007,Department of Citizenship and Immigration,Immigration Loans Program (PPU 007),Programme de prêts aux immigrants (PPU 007),direct,q_immigration,q_access_privacy|q_complaint_appeal|q_family_vital|q_health_disability|q_immigration|q_money_programs|q_travel_border,https://www.canada.ca/en/immigration-refugees-citizenship/corporate/transparency/access-information-privacy/info-source/personal-information-banks.html,https://www.canada.ca/fr/immigration-refugies-citoyennete/organisation/transparence/acces-information-protection/info-source/fichiers-renseignements-personnels.html
institution:ati-schedule-i-department-of-citizenship-and-immigration:IRCC PPU 008,institution,IRCC PPU 008,Department of Citizenship and Immigration,Refugee and Humanitarian Resettlement (PPU 008),Réinstallation des réfugiés et des personnes protégées à titre humanitaire (PPU 008),direct,q_immigration,q_access_privacy|q_civic_contact|q_complaint_appeal|q_family_vital|q_health_disability|q_immigration|q_justice_safety|q_military_veterans|q_travel_border,https://www.canada.ca/en/immigration-refugees-citizenship/corporate/transparency/access-information-privacy/info-source/personal-information-banks.html,https://www.canada.ca/fr/immigration-refugies-citoyennete/organisation/transparence/acces-information-protection/info-source/fichiers-renseignements-personnels.html
institution:ati-schedule-i-department-of-citizenship-and-immigration:IRCC PPU 009,institution,IRCC PPU 009,Department of Citizenship and Immigration,In-Canada Asylum (PPU 009),Octroi de l’asile au Canada (PPU 009),direct,q_immigration,q_access_privacy|q_business_supplier|q_civic_contact|q_complaint_appeal|q_education_training|q_emergency|q_family_vital|q_health_disability|q_housing_property|q_immigration|q_justice_safety|q_military_veterans|q_money_programs|q_travel_border,https://www.canada.ca/en/immigration-refugees-citizenship/corporate/transparency/access-information-privacy/info-source/personal-information-banks.html,https://www.canada.ca/fr/immigration-refugies-citoyennete/organisation/transparence/acces-information-protection/info-source/fichiers-renseignements-personnels.html
institution:ati-schedule-i-department-of-citizenship-and-immigration:IRCC PPU 010,institution,IRCC PPU 010,Department of Citizenship and Immigration,Federal Immigrant Investors and Entrepreneurs (PPU 010),Immigration des investisseurs et des entrepreneurs (volet fédéral) (PPU 010),direct,q_business_supplier|q_immigration,q_access_privacy|q_business_supplier|q_civic_contact|q_complaint_appeal|q_family_vital|q_immigration|q_justice_safety,https://www.canada.ca/en/immigration-refugees-citizenship/corporate/transparency/access-information-privacy/info-source/personal-information-banks.html,https://www.canada.ca/fr/immigration-refugies-citoyennete/organisation/transparence/acces-information-protection/info-source/fichiers-renseignements-personnels.html
institution:ati-schedule-i-department-of-citizenship-and-immigration:IRCC PPU 013,institution,IRCC PPU 013,Department of Citizenship and Immigration,Sponsors of Foreign Nationals (PPU 013),Répondants de ressortissants étrangers (PPU 013),direct,q_immigration,q_access_privacy|q_complaint_appeal|q_family_vital|q_immigration|q_justice_safety|q_money_programs|q_travel_border,https://www.canada.ca/en/immigration-refugees-citizenship/corporate/transparency/access-information-privacy/info-source/personal-information-banks.html,https://www.canada.ca/fr/immigration-refugies-citoyennete/organisation/transparence/acces-information-protection/info-source/fichiers-renseignements-personnels.html
institution:ati-schedule-i-department-of-citizenship-and-immigration:IRCC PPU 042,institution,IRCC PPU 042,Department of Citizenship and Immigration,Permanent Economic Residents (PPU 042),Résidents permanents profitables à l’économie (PPU 042),direct,q_immigration,q_access_privacy|q_business_supplier|q_civic_contact|q_complaint_appeal|q_education_training|q_family_vital|q_health_disability|q_immigration|q_justice_safety|q_military_veterans|q_research_survey|q_travel_border,https://www.canada.ca/en/immigration-refugees-citizenship/corporate/transparency/access-information-privacy/info-source/personal-information-banks.html,https://www.canada.ca/fr/immigration-refugies-citoyennete/organisation/transparence/acces-information-protection/info-source/fichiers-renseignements-personnels.html
institution:ati-schedule-i-department-of-citizenship-and-immigration:IRCC PPU 050,institution,IRCC PPU 050,Department of Citizenship and Immigration,Application and Assessment for Canadian Citizenship (PPU 050),Citoyenneté canadienne : demandes et évaluation (PPU 050),direct,q_immigration,q_access_privacy|q_business_supplier|q_civic_contact|q_complaint_appeal|q_education_training|q_family_vital|q_immigration|q_justice_safety|q_tax_customs|q_travel_border,https://www.canada.ca/en/immigration-refugees-citizenship/corporate/transparency/access-information-privacy/info-source/personal-information-banks.html,https://www.canada.ca/fr/immigration-refugies-citoyennete/organisation/transparence/acces-information-protection/info-source/fichiers-renseignements-personnels.html
institution:ati-schedule-i-department-of-citizenship-and-immigration:IRCC PPU 051,institution,IRCC PPU 051,Department of Citizenship and Immigration,International Students (PPU 051),Étudiants étrangers (PPU 051),direct,q_education_training|q_immigration,q_access_privacy|q_business_supplier|q_civic_contact|q_complaint_appeal|q_culture_volunteer|q_education_training|q_family_vital|q_health_disability|q_immigration|q_justice_safety|q_military_veterans|q_travel_border,https://www.canada.ca/en/immigration-refugees-citizenship/corporate/transparency/access-information-privacy/info-source/personal-information-banks.html,https://www.canada.ca/fr/immigration-refugies-citoyennete/organisation/transparence/acces-information-protection/info-source/fichiers-renseignements-personnels.html
institution:ati-schedule-i-department-of-citizenship-and-immigration:IRCC PPU 052,institution,IRCC PPU 052,Department of Citizenship and Immigration,Migration Health Services (PPU 052),Services de santé offerts aux migrants (PPU 052),direct,q_health_disability|q_immigration|q_justice_safety|q_money_programs,q_access_privacy|q_business_supplier|q_complaint_appeal|q_health_disability|q_immigration|q_justice_safety|q_money_programs,https://www.canada.ca/en/immigration-refugees-citizenship/corporate/transparency/access-information-privacy/info-source/personal-information-banks.html,https://www.canada.ca/fr/immigration-refugies-citoyennete/organisation/transparence/acces-information-protection/info-source/fichiers-renseignements-personnels.html
institution:ati-schedule-i-department-of-citizenship-and-immigration:IRCC PPU 054,institution,IRCC PPU 054,Department of Citizenship and Immigration,International Mobility (PPU 054),Mobilité internationale (PPU 054),direct,q_immigration,q_access_privacy|q_business_supplier|q_civic_contact|q_complaint_appeal|q_culture_volunteer|q_education_training|q_family_vital|q_health_disability|q_immigration|q_justice_safety|q_military_veterans|q_money_programs|q_travel_border,https://www.canada.ca/en/immigration-refugees-citizenship/corporate/transparency/access-information-privacy/info-source/personal-information-banks.html,https://www.canada.ca/fr/immigration-refugies-citoyennete/organisation/transparence/acces-information-protection/info-source/fichiers-renseignements-personnels.html
institution:ati-schedule-i-department-of-citizenship-and-immigration:IRCC PPU 055,institution,IRCC PPU 055,Department of Citizenship and Immigration,Visitor Case File (PPU 055),Dossiers de visiteurs (PPU 055),direct,,q_business_supplier|q_complaint_appeal|q_family_vital|q_health_disability|q_immigration|q_justice_safety|q_military_veterans,https://www.canada.ca/en/immigration-refugees-citizenship/corporate/transparency/access-information-privacy/info-source/personal-information-banks.html,https://www.canada.ca/fr/immigration-refugies-citoyennete/organisation/transparence/acces-information-protection/info-source/fichiers-renseignements-personnels.html
institution:ati-schedule-i-department-of-citizenship-and-immigration:IRCC PPU 062,institution,IRCC PPU 062,Department of Citizenship and Immigration,Settlement Services (PPU 062),Services d’établissement (PPU 062),direct,q_immigration,q_access_privacy|q_business_supplier|q_complaint_appeal|q_immigration|q_money_programs|q_research_survey,https://www.canada.ca/en/immigration-refugees-citizenship/corporate/transparency/access-information-privacy/info-source/personal-information-banks.html,https://www.canada.ca/fr/immigration-refugies-citoyennete/organisation/transparence/acces-information-protection/info-source/fichiers-renseignements-personnels.html
institution:ati-schedule-i-department-of-citizenship-and-immigration:IRCC PPU 065,institution,IRCC PPU 065,Department of Citizenship and Immigration,Resettlement Assistance (PPU 065),Aide à la réinstallation (PPU 065),direct,q_immigration|q_money_programs|q_travel_border,q_access_privacy|q_business_supplier|q_complaint_appeal|q_emergency|q_immigration|q_justice_safety|q_money_programs|q_research_survey|q_tax_customs|q_travel_border,https://www.canada.ca/en/immigration-refugees-citizenship/corporate/transparency/access-information-privacy/info-source/personal-information-banks.html,https://www.canada.ca/fr/immigration-refugies-citoyennete/organisation/transparence/acces-information-protection/info-source/fichiers-renseignements-personnels.html
institution:ati-schedule-i-department-of-citizenship-and-immigration:IRCC PPU 066,institution,IRCC PPU 066,Department of Citizenship and Immigration,Protected Persons Status Documents (PPU 066),Attestations de statut de personne protégée (PPU 066),possible_only,,q_access_privacy|q_complaint_appeal|q_family_vital|q_health_disability|q_immigration|q_justice_safety|q_travel_border,https://www.canada.ca/en/immigration-refugees-citizenship/corporate/transparency/access-information-privacy/info-source/personal-information-banks.html,https://www.canada.ca/fr/immigration-refugies-citoyennete/organisation/transparence/acces-information-protection/info-source/fichiers-renseignements-personnels.html
institution:ati-schedule-i-department-of-citizenship-and-immigration:IRCC PPU 067,institution,IRCC PPU 067,Department of Citizenship and Immigration,Permanent Resident Card (PPU 067),Carte de résident permanent (PPU 067),direct,q_immigration|q_tax_customs,q_business_supplier|q_education_training|q_immigration|q_justice_safety|q_tax_customs|q_travel_border,https://www.canada.ca/en/immigration-refugees-citizenship/corporate/transparency/access-information-privacy/info-source/personal-information-banks.html,https://www.canada.ca/fr/immigration-refugies-citoyennete/organisation/transparence/acces-information-protection/info-source/fichiers-renseignements-personnels.html
institution:ati-schedule-i-department-of-citizenship-and-immigration:IRCC PPU 068,institution,IRCC PPU 068,Department of Citizenship and Immigration,Migration Control and Security Management (PPU 068),Contrôle des mouvements migratoires et gestion de la sécurité (PPU 068),direct,q_immigration,q_access_privacy|q_business_supplier|q_complaint_appeal|q_education_training|q_emergency|q_family_vital|q_health_disability|q_immigration|q_justice_safety|q_military_veterans|q_research_survey|q_travel_border,https://www.canada.ca/en/immigration-refugees-citizenship/corporate/transparency/access-information-privacy/info-source/personal-information-banks.html,https://www.canada.ca/fr/immigration-refugies-citoyennete/organisation/transparence/acces-information-protection/info-source/fichiers-renseignements-personnels.html
institution:ati-schedule-i-department-of-citizenship-and-immigration:IRCC PPU 072,institution,IRCC PPU 072,Department of Citizenship and Immigration,Panel Member Management (PPU 072),Gestion des professionnels désignés (PPU 072),possible_only,,q_access_privacy|q_complaint_appeal|q_health_disability|q_immigration,https://www.canada.ca/en/immigration-refugees-citizenship/corporate/transparency/access-information-privacy/info-source/personal-information-banks.html,https://www.canada.ca/fr/immigration-refugies-citoyennete/organisation/transparence/acces-information-protection/info-source/fichiers-renseignements-personnels.html
institution:ati-schedule-i-department-of-citizenship-and-immigration:IRCC PPU 080,institution,IRCC PPU 080,Department of Citizenship and Immigration,Certificates of Identity and Refugee Travel Documents (PPU 080),Certificats d’identité et titres de voyage pour réfugiés (PPU 080),direct,q_immigration|q_travel_border,q_business_supplier|q_education_training|q_emergency|q_family_vital|q_health_disability|q_immigration|q_justice_safety|q_travel_border,https://www.canada.ca/en/immigration-refugees-citizenship/corporate/transparency/access-information-privacy/info-source/personal-information-banks.html,https://www.canada.ca/fr/immigration-refugies-citoyennete/organisation/transparence/acces-information-protection/info-source/fichiers-renseignements-personnels.html
institution:ati-schedule-i-department-of-citizenship-and-immigration:IRCC PPU 081,institution,IRCC PPU 081,Department of Citizenship and Immigration,Regular and Official Passports (PPU 081),Passeports réguliers et officiels (PPU 081),direct,,q_business_supplier|q_education_training|q_emergency|q_family_vital|q_health_disability|q_immigration|q_justice_safety|q_money_programs|q_research_survey|q_travel_border,https://www.canada.ca/en/immigration-refugees-citizenship/corporate/transparency/access-information-privacy/info-source/personal-information-banks.html,https://www.canada.ca/fr/immigration-refugies-citoyennete/organisation/transparence/acces-information-protection/info-source/fichiers-renseignements-personnels.html
institution:ati-schedule-i-department-of-citizenship-and-immigration:IRCC PPU 082,institution,IRCC PPU 082,Department of Citizenship and Immigration,Security and Intelligence Case Management (PPU 082),Dossiers de la liste des signalements (PPU 082),direct,q_justice_safety|q_money_programs,q_business_supplier|q_civic_contact|q_family_vital|q_government_work|q_immigration|q_justice_safety|q_money_programs|q_travel_border,https://www.canada.ca/en/immigration-refugees-citizenship/corporate/transparency/access-information-privacy/info-source/personal-information-banks.html,https://www.canada.ca/fr/immigration-refugies-citoyennete/organisation/transparence/acces-information-protection/info-source/fichiers-renseignements-personnels.html
institution:ati-schedule-i-department-of-citizenship-and-immigration:IRCC PPU 083,institution,IRCC PPU 083,Department of Citizenship and Immigration,Council of Newcomers (PPU 083),,direct,q_immigration,q_business_supplier|q_civic_contact|q_health_disability|q_immigration|q_travel_border,https://www.canada.ca/en/immigration-refugees-citizenship/corporate/transparency/access-information-privacy/info-source/personal-information-banks.html,https://www.canada.ca/fr/immigration-refugies-citoyennete/organisation/transparence/acces-information-protection/info-source/fichiers-renseignements-personnels.html
institution:ati-schedule-i-department-of-citizenship-and-immigration:IRCC PPU 084,institution,IRCC PPU 084,Department of Citizenship and Immigration,Prescribed Presence in the Workplace Monitoring Program (PPU 084),,possible_only,,q_business_supplier|q_education_training|q_government_work|q_immigration|q_justice_safety,https://www.canada.ca/en/immigration-refugees-citizenship/corporate/transparency/access-information-privacy/info-source/personal-information-banks.html,https://www.canada.ca/fr/immigration-refugies-citoyennete/organisation/transparence/acces-information-protection/info-source/fichiers-renseignements-personnels.html
institution:ati-schedule-i-department-of-crown-indigenous-relations-and-northern-affairs:CIRNAC PPU 040,institution,CIRNAC PPU 040,Department of Crown-Indigenous Relations and Northern Affairs,Management of Indian Residential Schools Records,Gestion des documents relatifs aux pensionnats indiens,direct,q_education_training,q_complaint_appeal|q_education_training|q_health_disability|q_indigenous_services|q_money_programs,https://www.rcaanc-cirnac.gc.ca/eng/1638307261809/1638307285229,https://www.rcaanc-cirnac.gc.ca/fra/1638307261809/1638307285229
institution:ati-schedule-i-department-of-crown-indigenous-relations-and-northern-affairs:CIRNAC PPU 010,institution,CIRNAC PPU 010,Department of Crown-Indigenous Relations and Northern Affairs,Litigation Committee Records,Documents du Comité des litiges,direct,q_complaint_appeal,q_complaint_appeal|q_education_training|q_indigenous_services,https://www.rcaanc-cirnac.gc.ca/eng/1638307261809/1638307285229,https://www.rcaanc-cirnac.gc.ca/fra/1638307261809/1638307285229
institution:ati-schedule-i-department-of-crown-indigenous-relations-and-northern-affairs:CIRNAC PPU 030,institution,CIRNAC PPU 030,Department of Crown-Indigenous Relations and Northern Affairs,Settlements,Règlements conclus,possible_only,,q_education_training|q_indigenous_services|q_money_programs,https://www.rcaanc-cirnac.gc.ca/eng/1638307261809/1638307285229,https://www.rcaanc-cirnac.gc.ca/fra/1638307261809/1638307285229
institution:ati-schedule-i-department-of-crown-indigenous-relations-and-northern-affairs:CIRNAC PPU 020,institution,CIRNAC PPU 020,Department of Crown-Indigenous Relations and Northern Affairs,Nunavut Training,Formation pour le Nunavut,direct,q_indigenous_services,q_education_training|q_indigenous_services,https://www.rcaanc-cirnac.gc.ca/eng/1638307261809/1638307285229,https://www.rcaanc-cirnac.gc.ca/fra/1638307261809/1638307285229
institution:ati-schedule-i-department-of-crown-indigenous-relations-and-northern-affairs:CIRNAC PPU 050,institution,CIRNAC PPU 050,Department of Crown-Indigenous Relations and Northern Affairs,Research Document Collections,Collections de documents de recherche,possible_only,,q_complaint_appeal|q_education_training|q_indigenous_services|q_money_programs,https://www.rcaanc-cirnac.gc.ca/eng/1638307261809/1638307285229,https://www.rcaanc-cirnac.gc.ca/fra/1638307261809/1638307285229
institution:ati-schedule-i-department-of-crown-indigenous-relations-and-northern-affairs:CIRNAC PPU 170,institution,CIRNAC PPU 170,Department of Crown-Indigenous Relations and Northern Affairs,On-the-Job Training,Formation en cours d'emploi,possible_only,,q_indigenous_services,https://www.rcaanc-cirnac.gc.ca/eng/1638307261809/1638307285229,https://www.rcaanc-cirnac.gc.ca/fra/1638307261809/1638307285229
institution:ati-schedule-i-department-of-crown-indigenous-relations-and-northern-affairs:CIRNAC PPU 136,institution,CIRNAC PPU 136,Department of Crown-Indigenous Relations and Northern Affairs,Inuit Loan Fund,Caisse de prêts aux Inuit,direct,q_indigenous_services,q_business_supplier|q_indigenous_services,https://www.rcaanc-cirnac.gc.ca/eng/1638307261809/1638307285229,https://www.rcaanc-cirnac.gc.ca/fra/1638307261809/1638307285229
institution:ati-schedule-i-department-of-crown-indigenous-relations-and-northern-affairs:CIRNAC PPU 140,institution,CIRNAC PPU 140,Department of Crown-Indigenous Relations and Northern Affairs,Small Business Loan Fund,Caisse de prêts aux petites entreprises,direct,q_money_programs,q_indigenous_services|q_money_programs,https://www.rcaanc-cirnac.gc.ca/eng/1638307261809/1638307285229,https://www.rcaanc-cirnac.gc.ca/fra/1638307261809/1638307285229
institution:ati-schedule-i-department-of-crown-indigenous-relations-and-northern-affairs:CIRNAC PPU 806,institution,CIRNAC PPU 806,Department of Crown-Indigenous Relations and Northern Affairs,Northern Mining Royalty Management,,possible_only,,q_business_supplier|q_family_vital|q_government_work|q_health_disability|q_indigenous_services|q_justice_safety|q_money_programs,https://www.rcaanc-cirnac.gc.ca/eng/1638307261809/1638307285229,https://www.rcaanc-cirnac.gc.ca/fra/1638307261809/1638307285229
institution:ati-schedule-i-department-of-crown-indigenous-relations-and-northern-affairs:CIRNAC PPU 155,institution,CIRNAC PPU 155,Department of Crown-Indigenous Relations and Northern Affairs,Prospectors' Assistance,Aide à la prospection,possible_only,,q_indigenous_services,https://www.rcaanc-cirnac.gc.ca/eng/1638307261809/1638307285229,https://www.rcaanc-cirnac.gc.ca/fra/1638307261809/1638307285229
institution:ati-schedule-i-department-of-crown-indigenous-relations-and-northern-affairs:CIRNAC PPU 300,institution,CIRNAC PPU 300,Department of Crown-Indigenous Relations and Northern Affairs,Transfer Payments,Paiements de transfert,direct,q_money_programs,q_indigenous_services|q_money_programs,https://www.rcaanc-cirnac.gc.ca/eng/1638307261809/1638307285229,https://www.rcaanc-cirnac.gc.ca/fra/1638307261809/1638307285229
institution:ati-schedule-i-department-of-crown-indigenous-relations-and-northern-affairs:CIRNAC PPU 250,institution,CIRNAC PPU 250,Department of Crown-Indigenous Relations and Northern Affairs,Public Enquiries Contact Centre Call-Tracking System,Système de suivi des appels au Centre de renseignements au public,possible_only,,q_indigenous_services|q_justice_safety,https://www.rcaanc-cirnac.gc.ca/eng/1638307261809/1638307285229,https://www.rcaanc-cirnac.gc.ca/fra/1638307261809/1638307285229
institution:ati-schedule-i-department-of-crown-indigenous-relations-and-northern-affairs:CIRNAC PPE 802,institution,CIRNAC PPE 802,Department of Crown-Indigenous Relations and Northern Affairs,"Centre for Integrity, Values and Conflict Resolution Case Files","Centre pour l' intégrité, les valeurs et les dossiers de résolution de conflits",possible_only,,q_complaint_appeal|q_indigenous_services,https://www.rcaanc-cirnac.gc.ca/eng/1638307261809/1638307285229,https://www.rcaanc-cirnac.gc.ca/fra/1638307261809/1638307285229
institution:ati-schedule-i-department-of-crown-indigenous-relations-and-northern-affairs:CIRNAC PSU 941,institution,CIRNAC PSU 941,Department of Crown-Indigenous Relations and Northern Affairs,Internal Audit,,possible_only,,q_access_privacy|q_business_supplier|q_government_work|q_indigenous_services|q_justice_safety,https://www.rcaanc-cirnac.gc.ca/eng/1638307261809/1638307285229,https://www.rcaanc-cirnac.gc.ca/fra/1638307261809/1638307285229
institution:ati-schedule-i-department-of-crown-indigenous-relations-and-northern-affairs:CIRNAC PPU 151,institution,CIRNAC PPU 151,Department of Crown-Indigenous Relations and Northern Affairs,Allegations and Complaints,Allégations et plaintes,direct,q_complaint_appeal,q_business_supplier|q_complaint_appeal|q_health_disability|q_indigenous_services,https://www.rcaanc-cirnac.gc.ca/eng/1638307261809/1638307285229,https://www.rcaanc-cirnac.gc.ca/fra/1638307261809/1638307285229
institution:ati-schedule-i-department-of-crown-indigenous-relations-and-northern-affairs:RCAANC PCU 941,institution,RCAANC PCU 941,Department of Crown-Indigenous Relations and Northern Affairs,,Vérification interne,possible_only,,q_access_privacy|q_business_supplier|q_education_training|q_government_work|q_indigenous_services|q_justice_safety,https://www.rcaanc-cirnac.gc.ca/eng/1638307261809/1638307285229,https://www.rcaanc-cirnac.gc.ca/fra/1638307261809/1638307285229
institution:ati-schedule-i-department-of-employment-and-social-development:ESDC PPU 291,institution,ESDC PPU 291,Department of Employment and Social Development,Canadian Benefit for Parents of Young Victims of Crime (PIB),Allocation canadienne aux parents de jeunes victimes de crimes (FRP),direct,q_money_programs,q_family_vital|q_government_work|q_justice_safety|q_money_programs|q_tax_customs,https://www.canada.ca/en/employment-social-development/corporate/transparency/access-information/reports/infosource-2023-2024/infosource-detailed.html,https://www.canada.ca/fr/emploi-developpement-social/ministere/transparence/aai/rapports/infosource-2023-2024/infosource-detaille.html
institution:ati-schedule-i-department-of-employment-and-social-development:ESDC PPU 650,institution,ESDC PPU 650,Department of Employment and Social Development,Canada's Volunteer Awards (PIB),Prix pour le bénévolat du Canada (FRP),direct,q_culture_volunteer|q_money_programs,q_business_supplier|q_civic_contact|q_culture_volunteer|q_family_vital|q_immigration|q_justice_safety|q_money_programs|q_travel_border,https://www.canada.ca/en/employment-social-development/corporate/transparency/access-information/reports/infosource-2023-2024/infosource-detailed.html,https://www.canada.ca/fr/emploi-developpement-social/ministere/transparence/aai/rapports/infosource-2023-2024/infosource-detaille.html
institution:ati-schedule-i-department-of-employment-and-social-development:ESDC PPU 038,institution,ESDC PPU 038,Department of Employment and Social Development,Canada Disability Savings Program (PIB),Programme canadien pour l'épargne-invalidité (FRP),direct,q_health_disability|q_money_programs,q_business_supplier|q_family_vital|q_health_disability|q_money_programs|q_tax_customs,https://www.canada.ca/en/employment-social-development/corporate/transparency/access-information/reports/infosource-2023-2024/infosource-detailed.html,https://www.canada.ca/fr/emploi-developpement-social/ministere/transparence/aai/rapports/infosource-2023-2024/infosource-detaille.html
institution:ati-schedule-i-department-of-employment-and-social-development:ESDC PPU 146,institution,ESDC PPU 146,Department of Employment and Social Development,Canada Pension Plan Program (PIB),Régime de pensions du Canada (FRP),direct,q_government_work|q_money_programs,q_access_privacy|q_business_supplier|q_complaint_appeal|q_culture_volunteer|q_emergency|q_family_vital|q_government_work|q_health_disability|q_justice_safety|q_military_veterans|q_money_programs|q_tax_customs,https://www.canada.ca/en/employment-social-development/corporate/transparency/access-information/reports/infosource-2023-2024/infosource-detailed.html,https://www.canada.ca/fr/emploi-developpement-social/ministere/transparence/aai/rapports/infosource-2023-2024/infosource-detaille.html
institution:ati-schedule-i-department-of-employment-and-social-development:ESDC PPU 140,institution,ESDC PPU 140,Department of Employment and Social Development,Canada Pension Plan - Record of Earnings (PIB),Régime de pensions du Canada - Registre des gains (FRP),direct,q_government_work|q_money_programs,q_access_privacy|q_business_supplier|q_complaint_appeal|q_government_work|q_health_disability|q_justice_safety|q_military_veterans|q_money_programs|q_tax_customs,https://www.canada.ca/en/employment-social-development/corporate/transparency/access-information/reports/infosource-2023-2024/infosource-detailed.html,https://www.canada.ca/fr/emploi-developpement-social/ministere/transparence/aai/rapports/infosource-2023-2024/infosource-detaille.html
institution:ati-schedule-i-department-of-employment-and-social-development:ESDC PPU 649,institution,ESDC PPU 649,Department of Employment and Social Development,Canada Pension Plan Program Investigations and Reviews (PIB),Enquêtes et examens du Régime de pensions du Canada (FRP),direct,q_government_work|q_justice_safety|q_money_programs,q_business_supplier|q_family_vital|q_government_work|q_health_disability|q_immigration|q_indigenous_services|q_justice_safety|q_money_programs|q_travel_border,https://www.canada.ca/en/employment-social-development/corporate/transparency/access-information/reports/infosource-2023-2024/infosource-detailed.html,https://www.canada.ca/fr/emploi-developpement-social/ministere/transparence/aai/rapports/infosource-2023-2024/infosource-detaille.html
institution:ati-schedule-i-department-of-employment-and-social-development:ESDC PPU 116,institution,ESDC PPU 116,Department of Employment and Social Development,Old Age Security (PIB),Sécurité de la vieillesse (FRP),direct,q_money_programs,q_access_privacy|q_business_supplier|q_complaint_appeal|q_emergency|q_family_vital|q_government_work|q_health_disability|q_immigration|q_justice_safety|q_military_veterans|q_money_programs|q_tax_customs,https://www.canada.ca/en/employment-social-development/corporate/transparency/access-information/reports/infosource-2023-2024/infosource-detailed.html,https://www.canada.ca/fr/emploi-developpement-social/ministere/transparence/aai/rapports/infosource-2023-2024/infosource-detaille.html
institution:ati-schedule-i-department-of-employment-and-social-development:ESDC PPU 336,institution,ESDC PPU 336,Department of Employment and Social Development,Old Age Security Program Investigations and Reviews (PIB),Enquêtes et examens de la Sécurité de la vieillesse (FRP),direct,q_justice_safety|q_money_programs,q_business_supplier|q_family_vital|q_government_work|q_health_disability|q_immigration|q_justice_safety|q_money_programs|q_travel_border,https://www.canada.ca/en/employment-social-development/corporate/transparency/access-information/reports/infosource-2023-2024/infosource-detailed.html,https://www.canada.ca/fr/emploi-developpement-social/ministere/transparence/aai/rapports/infosource-2023-2024/infosource-detaille.html
institution:ati-schedule-i-department-of-employment-and-social-development:ESDC PPU 102,institution,ESDC PPU 102,Department of Employment and Social Development,Universal Child Care Benefit (PIB),Prestation universelle pour la garde d'enfants (FRP),direct,q_money_programs,q_education_training|q_family_vital|q_government_work|q_health_disability|q_money_programs|q_tax_customs,https://www.canada.ca/en/employment-social-development/corporate/transparency/access-information/reports/infosource-2023-2024/infosource-detailed.html,https://www.canada.ca/fr/emploi-developpement-social/ministere/transparence/aai/rapports/infosource-2023-2024/infosource-detaille.html
institution:ati-schedule-i-department-of-employment-and-social-development:ESDC PPU 395,institution,ESDC PPU 395,Department of Employment and Social Development,Government Annuities (PIB),Rentes sur l'État (FRP),possible_only,,q_business_supplier|q_civic_contact|q_family_vital|q_government_work|q_money_programs|q_tax_customs,https://www.canada.ca/en/employment-social-development/corporate/transparency/access-information/reports/infosource-2023-2024/infosource-detailed.html,https://www.canada.ca/fr/emploi-developpement-social/ministere/transparence/aai/rapports/infosource-2023-2024/infosource-detaille.html
institution:ati-schedule-i-department-of-employment-and-social-development:ESDC PPU 171,institution,ESDC PPU 171,Department of Employment and Social Development,Employment Insurance Program Investigation (PIB),Enquêtes du régime d'assurance-emploi (FRP),direct,q_justice_safety|q_money_programs|q_travel_border,q_business_supplier|q_government_work|q_health_disability|q_immigration|q_justice_safety|q_money_programs|q_travel_border,https://www.canada.ca/en/employment-social-development/corporate/transparency/access-information/reports/infosource-2023-2024/infosource-detailed.html,https://www.canada.ca/fr/emploi-developpement-social/ministere/transparence/aai/rapports/infosource-2023-2024/infosource-detaille.html
institution:ati-schedule-i-department-of-employment-and-social-development:ESDC PPU 118,institution,ESDC PPU 118,Department of Employment and Social Development,Social Insurance Number Investigations and Reviews (PIB),Enquêtes et examens sur les numéros d'assurance sociale (FRP),direct,q_justice_safety|q_money_programs|q_travel_border,q_business_supplier|q_family_vital|q_government_work|q_health_disability|q_immigration|q_justice_safety|q_money_programs|q_travel_border,https://www.canada.ca/en/employment-social-development/corporate/transparency/access-information/reports/infosource-2023-2024/infosource-detailed.html,https://www.canada.ca/fr/emploi-developpement-social/ministere/transparence/aai/rapports/infosource-2023-2024/infosource-detaille.html
institution:ati-schedule-i-department-of-employment-and-social-development:ESDC PPU 506,institution,ESDC PPU 506,Department of Employment and Social Development,Canada Education Savings Program (PIB),Programme canadien pour l'épargne-études (FRP),direct,q_education_training,q_access_privacy|q_business_supplier|q_education_training|q_family_vital|q_money_programs|q_tax_customs,https://www.canada.ca/en/employment-social-development/corporate/transparency/access-information/reports/infosource-2023-2024/infosource-detailed.html,https://www.canada.ca/fr/emploi-developpement-social/ministere/transparence/aai/rapports/infosource-2023-2024/infosource-detaille.html
institution:ati-schedule-i-department-of-employment-and-social-development:ESDC PPU 151,institution,ESDC PPU 151,Department of Employment and Social Development,Employment Insurance Claim Files (PIB),Dossiers de demandes d'assurance-emploi (FRP),direct,q_government_work|q_money_programs,q_access_privacy|q_business_supplier|q_complaint_appeal|q_culture_volunteer|q_education_training|q_emergency|q_family_vital|q_government_work|q_health_disability|q_immigration|q_indigenous_services|q_justice_safety|q_money_programs|q_research_survey|q_tax_customs,https://www.canada.ca/en/employment-social-development/corporate/transparency/access-information/reports/infosource-2023-2024/infosource-detailed.html,https://www.canada.ca/fr/emploi-developpement-social/ministere/transparence/aai/rapports/infosource-2023-2024/infosource-detaille.html
institution:ati-schedule-i-department-of-employment-and-social-development:ESDC PPU 030,institution,ESDC PPU 030,Department of Employment and Social Development,Canada Student Financial Assistance Program (PIB),Programme canadien d'aide financière aux étudiants (FRP),direct,q_education_training|q_money_programs,q_business_supplier|q_education_training|q_family_vital|q_government_work|q_health_disability|q_immigration|q_indigenous_services|q_justice_safety|q_military_veterans|q_money_programs,https://www.canada.ca/en/employment-social-development/corporate/transparency/access-information/reports/infosource-2023-2024/infosource-detailed.html,https://www.canada.ca/fr/emploi-developpement-social/ministere/transparence/aai/rapports/infosource-2023-2024/infosource-detaille.html
institution:ati-schedule-i-department-of-employment-and-social-development:ESDC PPU 709,institution,ESDC PPU 709,Department of Employment and Social Development,Canada Apprentice Loans (PIB),Prêt canadien aux apprentis (FRP),direct,q_education_training|q_money_programs,q_business_supplier|q_education_training|q_family_vital|q_health_disability|q_immigration|q_indigenous_services|q_justice_safety|q_military_veterans|q_money_programs,https://www.canada.ca/en/employment-social-development/corporate/transparency/access-information/reports/infosource-2023-2024/infosource-detailed.html,https://www.canada.ca/fr/emploi-developpement-social/ministere/transparence/aai/rapports/infosource-2023-2024/infosource-detaille.html
institution:ati-schedule-i-department-of-employment-and-social-development:ESDC PPU 297,institution,ESDC PPU 297,Department of Employment and Social Development,Apprenticeship Incentive Grant (PIB),Subvention incitative aux apprentis (FRP),direct,q_education_training|q_money_programs,q_education_training|q_immigration|q_money_programs|q_tax_customs,https://www.canada.ca/en/employment-social-development/corporate/transparency/access-information/reports/infosource-2023-2024/infosource-detailed.html,https://www.canada.ca/fr/emploi-developpement-social/ministere/transparence/aai/rapports/infosource-2023-2024/infosource-detaille.html
institution:ati-schedule-i-department-of-employment-and-social-development:ESDC PPU 299,institution,ESDC PPU 299,Department of Employment and Social Development,Apprenticeship Completion Grant (PIB),Subvention à l'achèvement de la formation d'apprenti (FRP),direct,q_education_training|q_money_programs,q_education_training|q_immigration|q_money_programs|q_tax_customs,https://www.canada.ca/en/employment-social-development/corporate/transparency/access-information/reports/infosource-2023-2024/infosource-detailed.html,https://www.canada.ca/fr/emploi-developpement-social/ministere/transparence/aai/rapports/infosource-2023-2024/infosource-detaille.html
institution:ati-schedule-i-department-of-employment-and-social-development:ESDC PPU 390,institution,ESDC PPU 390,Department of Employment and Social Development,Social Insurance Number Register (PIB),Registre de numéros d'assurance sociale (FRP),possible_only,,q_access_privacy|q_business_supplier|q_education_training|q_family_vital|q_government_work|q_health_disability|q_immigration|q_justice_safety|q_military_veterans|q_money_programs|q_tax_customs,https://www.canada.ca/en/employment-social-development/corporate/transparency/access-information/reports/infosource-2023-2024/infosource-detailed.html,https://www.canada.ca/fr/emploi-developpement-social/ministere/transparence/aai/rapports/infosource-2023-2024/infosource-detaille.html
institution:ati-schedule-i-department-of-employment-and-social-development:ESDC PPU 180,institution,ESDC PPU 180,Department of Employment and Social Development,Benefit and Overpayment File (PIB),Fichier des prestations et des trop-payés (FRP),direct,q_government_work|q_money_programs,q_business_supplier|q_culture_volunteer|q_education_training|q_government_work|q_money_programs|q_research_survey|q_tax_customs,https://www.canada.ca/en/employment-social-development/corporate/transparency/access-information/reports/infosource-2023-2024/infosource-detailed.html,https://www.canada.ca/fr/emploi-developpement-social/ministere/transparence/aai/rapports/infosource-2023-2024/infosource-detaille.html
institution:ati-schedule-i-department-of-employment-and-social-development:ESDC PPU 155,institution,ESDC PPU 155,Department of Employment and Social Development,Employment Insurance Bi-Weekly Claimant's Report (PIB),Déclarations aux deux semaines des prestataires d'assurance-emploi (FRP),direct,q_money_programs,q_health_disability|q_justice_safety|q_money_programs,https://www.canada.ca/en/employment-social-development/corporate/transparency/access-information/reports/infosource-2023-2024/infosource-detailed.html,https://www.canada.ca/fr/emploi-developpement-social/ministere/transparence/aai/rapports/infosource-2023-2024/infosource-detaille.html
institution:ati-schedule-i-department-of-employment-and-social-development:ESDC PPU 385,institution,ESDC PPU 385,Department of Employment and Social Development,Record of Employment (PIB),Relevé d'emploi (FRP),direct,q_access_privacy,q_access_privacy|q_money_programs,https://www.canada.ca/en/employment-social-development/corporate/transparency/access-information/reports/infosource-2023-2024/infosource-detailed.html,https://www.canada.ca/fr/emploi-developpement-social/ministere/transparence/aai/rapports/infosource-2023-2024/infosource-detaille.html
institution:ati-schedule-i-department-of-employment-and-social-development:ESDC PPU 501,institution,ESDC PPU 501,Department of Employment and Social Development,Employment Insurance Databank (PIB),Base de données de l'assurance-emploi (FRP),direct,q_government_work|q_money_programs,q_business_supplier|q_government_work|q_justice_safety|q_money_programs,https://www.canada.ca/en/employment-social-development/corporate/transparency/access-information/reports/infosource-2023-2024/infosource-detailed.html,https://www.canada.ca/fr/emploi-developpement-social/ministere/transparence/aai/rapports/infosource-2023-2024/infosource-detaille.html
institution:ati-schedule-i-department-of-employment-and-social-development:ESDC PPU 150,institution,ESDC PPU 150,Department of Employment and Social Development,Insurance Claim File (PIB),Dossier de la demande de prestations (FRP),direct,q_government_work,q_access_privacy|q_complaint_appeal|q_culture_volunteer|q_education_training|q_emergency|q_family_vital|q_government_work|q_health_disability|q_justice_safety|q_money_programs|q_research_survey|q_tax_customs,https://www.canada.ca/en/employment-social-development/corporate/transparency/access-information/reports/infosource-2023-2024/infosource-detailed.html,https://www.canada.ca/fr/emploi-developpement-social/ministere/transparence/aai/rapports/infosource-2023-2024/infosource-detaille.html
institution:ati-schedule-i-department-of-employment-and-social-development:ESDC PPU 170,institution,ESDC PPU 170,Department of Employment and Social Development,Interstate Employment Insurance Claims (PIB),Demandes de prestations inter-États (FRP),direct,q_money_programs,q_business_supplier|q_complaint_appeal|q_education_training|q_emergency|q_family_vital|q_government_work|q_health_disability|q_immigration|q_justice_safety|q_money_programs|q_research_survey|q_tax_customs,https://www.canada.ca/en/employment-social-development/corporate/transparency/access-information/reports/infosource-2023-2024/infosource-detailed.html,https://www.canada.ca/fr/emploi-developpement-social/ministere/transparence/aai/rapports/infosource-2023-2024/infosource-detaille.html
institution:ati-schedule-i-department-of-employment-and-social-development:ESDC PPU 281,institution,ESDC PPU 281,Department of Employment and Social Development,Listing of Employees by Nominal Roll (PIB),Liste nominative des employés (FRP),possible_only,,q_justice_safety|q_money_programs,https://www.canada.ca/en/employment-social-development/corporate/transparency/access-information/reports/infosource-2023-2024/infosource-detailed.html,https://www.canada.ca/fr/emploi-developpement-social/ministere/transparence/aai/rapports/infosource-2023-2024/infosource-detaille.html
institution:ati-schedule-i-department-of-employment-and-social-development:ESDC PPU 323,institution,ESDC PPU 323,Department of Employment and Social Development,Registration for the Employment Insurance Measure for Self-Employed People (PIB),Inscription à la mesure d'assurance-emploi destinée aux travailleurs autonomes (FRP),direct,q_business_supplier|q_money_programs,q_access_privacy|q_business_supplier|q_civic_contact|q_complaint_appeal|q_family_vital|q_justice_safety|q_money_programs,https://www.canada.ca/en/employment-social-development/corporate/transparency/access-information/reports/infosource-2023-2024/infosource-detailed.html,https://www.canada.ca/fr/emploi-developpement-social/ministere/transparence/aai/rapports/infosource-2023-2024/infosource-detaille.html
institution:ati-schedule-i-department-of-employment-and-social-development:ESDC PPU 295,institution,ESDC PPU 295,Department of Employment and Social Development,Additional Labour Market Initiatives (PIB),Autres initiatives relatives au marché du travail (FRP),possible_only,,q_business_supplier|q_government_work|q_money_programs,https://www.canada.ca/en/employment-social-development/corporate/transparency/access-information/reports/infosource-2023-2024/infosource-detailed.html,https://www.canada.ca/fr/emploi-developpement-social/ministere/transparence/aai/rapports/infosource-2023-2024/infosource-detaille.html
institution:ati-schedule-i-department-of-employment-and-social-development:ESDC PPU 302,institution,ESDC PPU 302,Department of Employment and Social Development,Employment Insurance Premium Reduction Program (PIB),Programme de réduction du taux de cotisation d'assurance-emploi (FRP),direct,q_government_work|q_money_programs,q_business_supplier|q_government_work|q_money_programs,https://www.canada.ca/en/employment-social-development/corporate/transparency/access-information/reports/infosource-2023-2024/infosource-detailed.html,https://www.canada.ca/fr/emploi-developpement-social/ministere/transparence/aai/rapports/infosource-2023-2024/infosource-detaille.html
institution:ati-schedule-i-department-of-employment-and-social-development:ESDC PPU 717,institution,ESDC PPU 717,Department of Employment and Social Development,Indigenous Skills and Employment Training Program (PIB),Programme de formation pour les compétences et l'emploi destiné aux Autochtones (FRP),direct,q_education_training|q_indigenous_services,q_education_training|q_family_vital|q_health_disability|q_indigenous_services|q_justice_safety|q_money_programs,https://www.canada.ca/en/employment-social-development/corporate/transparency/access-information/reports/infosource-2023-2024/infosource-detailed.html,https://www.canada.ca/fr/emploi-developpement-social/ministere/transparence/aai/rapports/infosource-2023-2024/infosource-detaille.html
institution:ati-schedule-i-department-of-employment-and-social-development:ESDC PPU 711,institution,ESDC PPU 711,Department of Employment and Social Development,Job Bank (PIB),Guichet-Emplois (FRP),possible_only,,q_government_work|q_health_disability|q_immigration|q_justice_safety|q_money_programs,https://www.canada.ca/en/employment-social-development/corporate/transparency/access-information/reports/infosource-2023-2024/infosource-detailed.html,https://www.canada.ca/fr/emploi-developpement-social/ministere/transparence/aai/rapports/infosource-2023-2024/infosource-detaille.html
institution:ati-schedule-i-department-of-employment-and-social-development:ESDC PPU 293,institution,ESDC PPU 293,Department of Employment and Social Development,"Employment Benefits, Support Measures and Other Programs (PIB)","Prestations d'emploi, mesures de soutien et autres programmes (FRP)",possible_only,,q_education_training|q_immigration|q_indigenous_services|q_money_programs|q_tax_customs,https://www.canada.ca/en/employment-social-development/corporate/transparency/access-information/reports/infosource-2023-2024/infosource-detailed.html,https://www.canada.ca/fr/emploi-developpement-social/ministere/transparence/aai/rapports/infosource-2023-2024/infosource-detaille.html
institution:ati-schedule-i-department-of-employment-and-social-development:ESDC PPU 300,institution,ESDC PPU 300,Department of Employment and Social Development,Opportunities Fund for Persons with Disabilities (PIB),Fonds d'intégration pour les personnes handicapées (FRP),direct,q_health_disability,q_business_supplier|q_education_training|q_health_disability|q_indigenous_services|q_money_programs|q_tax_customs,https://www.canada.ca/en/employment-social-development/corporate/transparency/access-information/reports/infosource-2023-2024/infosource-detailed.html,https://www.canada.ca/fr/emploi-developpement-social/ministere/transparence/aai/rapports/infosource-2023-2024/infosource-detaille.html
institution:ati-schedule-i-department-of-employment-and-social-development:ESDC PPU 703,institution,ESDC PPU 703,Department of Employment and Social Development,Sectoral Workforce Solutions Program (PIB),Programme de solutions pour la main d'œuvre sectorielle (FRP),possible_only,,q_business_supplier|q_civic_contact|q_money_programs,https://www.canada.ca/en/employment-social-development/corporate/transparency/access-information/reports/infosource-2023-2024/infosource-detailed.html,https://www.canada.ca/fr/emploi-developpement-social/ministere/transparence/aai/rapports/infosource-2023-2024/infosource-detaille.html
institution:ati-schedule-i-department-of-employment-and-social-development:ESDC PPU 710,institution,ESDC PPU 710,Department of Employment and Social Development,Skills and Partnership Fund (PIB),Fonds pour les compétences et les partenariats (FRP),direct,q_indigenous_services,q_health_disability|q_indigenous_services|q_justice_safety|q_money_programs,https://www.canada.ca/en/employment-social-development/corporate/transparency/access-information/reports/infosource-2023-2024/infosource-detailed.html,https://www.canada.ca/fr/emploi-developpement-social/ministere/transparence/aai/rapports/infosource-2023-2024/infosource-detaille.html
institution:ati-schedule-i-department-of-employment-and-social-development:ESDC PPU 440,institution,ESDC PPU 440,Department of Employment and Social Development,Temporary Foreign Worker Program (PIB),Programme des travailleurs étrangers temporaires (FRP),direct,q_immigration,q_business_supplier|q_family_vital|q_government_work|q_health_disability|q_housing_property|q_immigration|q_travel_border,https://www.canada.ca/en/employment-social-development/corporate/transparency/access-information/reports/infosource-2023-2024/infosource-detailed.html,https://www.canada.ca/fr/emploi-developpement-social/ministere/transparence/aai/rapports/infosource-2023-2024/infosource-detaille.html
institution:ati-schedule-i-department-of-employment-and-social-development:ESDC PPU 715,institution,ESDC PPU 715,Department of Employment and Social Development,Temporary Foreign Worker Program Employer Compliance Reviews and Inspections (PIB),Examens de la conformité des employeurs au Programme des travailleurs étrangers temporaires (FRP),direct,q_business_supplier|q_immigration,q_business_supplier|q_family_vital|q_government_work|q_health_disability|q_immigration|q_justice_safety|q_travel_border,https://www.canada.ca/en/employment-social-development/corporate/transparency/access-information/reports/infosource-2023-2024/infosource-detailed.html,https://www.canada.ca/fr/emploi-developpement-social/ministere/transparence/aai/rapports/infosource-2023-2024/infosource-detaille.html
institution:ati-schedule-i-department-of-employment-and-social-development:ESDC PPU 303,institution,ESDC PPU 303,Department of Employment and Social Development,Workforce Development Agreements (PIB),Ententes sur le développement de la main-d'œuvre (FRP),possible_only,,q_immigration|q_money_programs,https://www.canada.ca/en/employment-social-development/corporate/transparency/access-information/reports/infosource-2023-2024/infosource-detailed.html,https://www.canada.ca/fr/emploi-developpement-social/ministere/transparence/aai/rapports/infosource-2023-2024/infosource-detaille.html
institution:ati-schedule-i-department-of-employment-and-social-development:ESDC PPU 706,institution,ESDC PPU 706,Department of Employment and Social Development,Youth Employment and Skills Strategy (PIB),Stratégie emploi et compétences jeunesse (FRP),possible_only,,q_business_supplier|q_culture_volunteer|q_education_training|q_government_work|q_health_disability|q_housing_property|q_immigration|q_indigenous_services|q_money_programs,https://www.canada.ca/en/employment-social-development/corporate/transparency/access-information/reports/infosource-2023-2024/infosource-detailed.html,https://www.canada.ca/fr/emploi-developpement-social/ministere/transparence/aai/rapports/infosource-2023-2024/infosource-detaille.html
institution:ati-schedule-i-department-of-employment-and-social-development:ESDC PPU 705,institution,ESDC PPU 705,Department of Employment and Social Development,Targeted Initiative for Older Workers (PIB),Initiative ciblée pour les travailleurs âgés (FRP),possible_only,,q_money_programs|q_research_survey,https://www.canada.ca/en/employment-social-development/corporate/transparency/access-information/reports/infosource-2023-2024/infosource-detailed.html,https://www.canada.ca/fr/emploi-developpement-social/ministere/transparence/aai/rapports/infosource-2023-2024/infosource-detaille.html
institution:ati-schedule-i-department-of-employment-and-social-development:ESDC PPU 730,institution,ESDC PPU 730,Department of Employment and Social Development,International Mobility Programs Inspections (PIB),Inspections du Programme de mobilité internationale (FRP),direct,q_business_supplier|q_immigration,q_access_privacy|q_business_supplier|q_complaint_appeal|q_government_work|q_health_disability|q_immigration|q_justice_safety,https://www.canada.ca/en/employment-social-development/corporate/transparency/access-information/reports/infosource-2023-2024/infosource-detailed.html,https://www.canada.ca/fr/emploi-developpement-social/ministere/transparence/aai/rapports/infosource-2023-2024/infosource-detaille.html
institution:ati-schedule-i-department-of-employment-and-social-development:ESDC PPU 301,institution,ESDC PPU 301,Department of Employment and Social Development,Civil Service Insurance (PIB),Assurance du service civil (FRP),possible_only,,q_family_vital|q_government_work|q_health_disability|q_money_programs|q_tax_customs,https://www.canada.ca/en/employment-social-development/corporate/transparency/access-information/reports/infosource-2023-2024/infosource-detailed.html,https://www.canada.ca/fr/emploi-developpement-social/ministere/transparence/aai/rapports/infosource-2023-2024/infosource-detaille.html
institution:ati-schedule-i-department-of-employment-and-social-development:ESDC PPU 716,institution,ESDC PPU 716,Department of Employment and Social Development,First Nations Job Fund (PIB),Fonds pour l'emploi des Premières Nations (FRP),direct,q_indigenous_services,q_health_disability|q_indigenous_services|q_justice_safety,https://www.canada.ca/en/employment-social-development/corporate/transparency/access-information/reports/infosource-2023-2024/infosource-detailed.html,https://www.canada.ca/fr/emploi-developpement-social/ministere/transparence/aai/rapports/infosource-2023-2024/infosource-detaille.html
institution:ati-schedule-i-department-of-employment-and-social-development:ESDC PPU 032,institution,ESDC PPU 032,Department of Employment and Social Development,Federal Worker's Compensation (PIB),Service fédéral d'indemnisation des accidentés du travail (FRP),direct,q_money_programs,q_business_supplier|q_complaint_appeal|q_family_vital|q_government_work|q_health_disability|q_justice_safety|q_money_programs|q_tax_customs,https://www.canada.ca/en/employment-social-development/corporate/transparency/access-information/reports/infosource-2023-2024/infosource-detailed.html,https://www.canada.ca/fr/emploi-developpement-social/ministere/transparence/aai/rapports/infosource-2023-2024/infosource-detaille.html
institution:ati-schedule-i-department-of-employment-and-social-development:ESDC PPU 037,institution,ESDC PPU 037,Department of Employment and Social Development,Compensation Program for Survivors of Employees Slain on Duty (PIB),Programme d'indemnisation pour les survivants des employés de la fonction publique tués dans l'exercice de leurs fonctions (FRP),direct,q_money_programs,q_family_vital|q_government_work|q_health_disability|q_immigration|q_money_programs|q_tax_customs,https://www.canada.ca/en/employment-social-development/corporate/transparency/access-information/reports/infosource-2023-2024/infosource-detailed.html,https://www.canada.ca/fr/emploi-developpement-social/ministere/transparence/aai/rapports/infosource-2023-2024/infosource-detaille.html
institution:ati-schedule-i-department-of-employment-and-social-development:ESDC PPU 034,institution,ESDC PPU 034,Department of Employment and Social Development,Compensation Program for Inmates of Federal Penitentiaries (PIB),Programme d'indemnisation pour les détenus des pénitenciers fédéraux (FRP),direct,q_justice_safety|q_money_programs,q_family_vital|q_health_disability|q_immigration|q_justice_safety|q_money_programs|q_tax_customs,https://www.canada.ca/en/employment-social-development/corporate/transparency/access-information/reports/infosource-2023-2024/infosource-detailed.html,https://www.canada.ca/fr/emploi-developpement-social/ministere/transparence/aai/rapports/infosource-2023-2024/infosource-detaille.html
institution:ati-schedule-i-department-of-employment-and-social-development:ESDC PPU 033,institution,ESDC PPU 033,Department of Employment and Social Development,Compensation Program for Merchant Seamen (PIB),Programme d'indemnisation des marins marchands (FRP),direct,q_money_programs,q_family_vital|q_government_work|q_health_disability|q_immigration|q_justice_safety|q_money_programs|q_tax_customs,https://www.canada.ca/en/employment-social-development/corporate/transparency/access-information/reports/infosource-2023-2024/infosource-detailed.html,https://www.canada.ca/fr/emploi-developpement-social/ministere/transparence/aai/rapports/infosource-2023-2024/infosource-detaille.html
institution:ati-schedule-i-department-of-employment-and-social-development:ESDC PPU 036,institution,ESDC PPU 036,Department of Employment and Social Development,Conciliation Commissioner and Board Members Files (PIB),Commissaires conciliateurs ou membres d'une commission de conciliation (FRP),not_discoverable,,,https://www.canada.ca/en/employment-social-development/corporate/transparency/access-information/reports/infosource-2023-2024/infosource-detailed.html,https://www.canada.ca/fr/emploi-developpement-social/ministere/transparence/aai/rapports/infosource-2023-2024/infosource-detaille.html
institution:ati-schedule-i-department-of-employment-and-social-development:ESDC PPU 050,institution,ESDC PPU 050,Department of Employment and Social Development,Federal Mediation and Conciliation Service (PIB),Service fédéral de médiation et de conciliation (FRP),possible_only,,q_business_supplier|q_civic_contact|q_complaint_appeal|q_culture_volunteer,https://www.canada.ca/en/employment-social-development/corporate/transparency/access-information/reports/infosource-2023-2024/infosource-detailed.html,https://www.canada.ca/fr/emploi-developpement-social/ministere/transparence/aai/rapports/infosource-2023-2024/infosource-detaille.html
institution:ati-schedule-i-department-of-employment-and-social-development:ESDC PPU 728,institution,ESDC PPU 728,Department of Employment and Social Development,"Workplace Information, Collective Bargaining and Labour Organization Contacts (PIB)","Information sur les milieux de travail, les négociations collectives et les personnes ressources aux organisations syndicales (FRP)",not_discoverable,,,https://www.canada.ca/en/employment-social-development/corporate/transparency/access-information/reports/infosource-2023-2024/infosource-detailed.html,https://www.canada.ca/fr/emploi-developpement-social/ministere/transparence/aai/rapports/infosource-2023-2024/infosource-detaille.html
institution:ati-schedule-i-department-of-employment-and-social-development:ESDC PPU 006,institution,ESDC PPU 006,Department of Employment and Social Development,"Canada Labour Code*, Part III - Labour Standards (PIB)",Partie III du *Code canadien du travail* - Normes du travail (FRP),direct,q_complaint_appeal|q_government_work,q_business_supplier|q_complaint_appeal|q_government_work|q_immigration|q_justice_safety,https://www.canada.ca/en/employment-social-development/corporate/transparency/access-information/reports/infosource-2023-2024/infosource-detailed.html,https://www.canada.ca/fr/emploi-developpement-social/ministere/transparence/aai/rapports/infosource-2023-2024/infosource-detaille.html
institution:ati-schedule-i-department-of-employment-and-social-development:ESDC PPU 041,institution,ESDC PPU 041,Department of Employment and Social Development,"Unjust Dismissal and Genetic Testing Adjudicators, Grievance Arbitrators and Wage Recovery Referees (PIB)","Arbitres pour congédiement injuste et tests génétiques, arbitres de griefs et arbitres pour les appels de recouvrement du salaire (FRP)",direct,q_complaint_appeal,q_complaint_appeal,https://www.canada.ca/en/employment-social-development/corporate/transparency/access-information/reports/infosource-2023-2024/infosource-detailed.html,https://www.canada.ca/fr/emploi-developpement-social/ministere/transparence/aai/rapports/infosource-2023-2024/infosource-detaille.html
institution:ati-schedule-i-department-of-employment-and-social-development:ESDC PPU 024,institution,ESDC PPU 024,Department of Employment and Social Development,Canada Labour Code* Part II - Occupational Health and Safety (PIB),Partie II du *Code canadien du travail* - Santé et sécurité au travail (FRP),direct,q_business_supplier|q_government_work|q_health_disability|q_justice_safety,q_business_supplier|q_complaint_appeal|q_family_vital|q_government_work|q_health_disability|q_immigration|q_justice_safety,https://www.canada.ca/en/employment-social-development/corporate/transparency/access-information/reports/infosource-2023-2024/infosource-detailed.html,https://www.canada.ca/fr/emploi-developpement-social/ministere/transparence/aai/rapports/infosource-2023-2024/infosource-detaille.html
institution:ati-schedule-i-department-of-employment-and-social-development:ESDC PPU 098,institution,ESDC PPU 098,Department of Employment and Social Development,Non-smokers' Health Act* (PIB),Loi sur la santé des non-fumeurs* (FRP),direct,q_health_disability,q_business_supplier|q_health_disability|q_justice_safety,https://www.canada.ca/en/employment-social-development/corporate/transparency/access-information/reports/infosource-2023-2024/infosource-detailed.html,https://www.canada.ca/fr/emploi-developpement-social/ministere/transparence/aai/rapports/infosource-2023-2024/infosource-detaille.html
institution:ati-schedule-i-department-of-employment-and-social-development:ESDC PPU 035,institution,ESDC PPU 035,Department of Employment and Social Development,Wage Earner Protection Program (PIB),Programme de protection des salariés (FRP),possible_only,,q_business_supplier|q_complaint_appeal|q_money_programs|q_tax_customs,https://www.canada.ca/en/employment-social-development/corporate/transparency/access-information/reports/infosource-2023-2024/infosource-detailed.html,https://www.canada.ca/fr/emploi-developpement-social/ministere/transparence/aai/rapports/infosource-2023-2024/infosource-detaille.html
institution:ati-schedule-i-department-of-employment-and-social-development:ESDC PPU 739,institution,ESDC PPU 739,Department of Employment and Social Development,Workplace Equity (PIB),Équité en milieu de travail (FRP),possible_only,,q_business_supplier|q_civic_contact|q_complaint_appeal|q_government_work|q_money_programs,https://www.canada.ca/en/employment-social-development/corporate/transparency/access-information/reports/infosource-2023-2024/infosource-detailed.html,https://www.canada.ca/fr/emploi-developpement-social/ministere/transparence/aai/rapports/infosource-2023-2024/infosource-detaille.html
institution:ati-schedule-i-department-of-employment-and-social-development:ESDC PPU 701,institution,ESDC PPU 701,Department of Employment and Social Development,Veterans Affairs Canada Program Delivery (PIB),Exécution des programmes d'Anciens Combattants Canada (FRP),direct,q_military_veterans,q_family_vital|q_government_work|q_health_disability|q_immigration|q_military_veterans|q_money_programs|q_travel_border,https://www.canada.ca/en/employment-social-development/corporate/transparency/access-information/reports/infosource-2023-2024/infosource-detailed.html,https://www.canada.ca/fr/emploi-developpement-social/ministere/transparence/aai/rapports/infosource-2023-2024/infosource-detaille.html
institution:ati-schedule-i-department-of-employment-and-social-development:ESDC PPU 702,institution,ESDC PPU 702,Department of Employment and Social Development,Processing and Payment Services (PIB),Services de traitement et de paiement (FRP),direct,q_money_programs,q_family_vital|q_money_programs,https://www.canada.ca/en/employment-social-development/corporate/transparency/access-information/reports/infosource-2023-2024/infosource-detailed.html,https://www.canada.ca/fr/emploi-developpement-social/ministere/transparence/aai/rapports/infosource-2023-2024/infosource-detaille.html
institution:ati-schedule-i-department-of-employment-and-social-development:ESDC PPU 680,institution,ESDC PPU 680,Department of Employment and Social Development,My Service Canada Account (PIB),Mon dossier Service Canada (FRP),direct,q_education_training,q_civic_contact|q_education_training|q_family_vital|q_government_work|q_immigration|q_money_programs,https://www.canada.ca/en/employment-social-development/corporate/transparency/access-information/reports/infosource-2023-2024/infosource-detailed.html,https://www.canada.ca/fr/emploi-developpement-social/ministere/transparence/aai/rapports/infosource-2023-2024/infosource-detaille.html
institution:ati-schedule-i-department-of-employment-and-social-development:ESDC PPU 681,institution,ESDC PPU 681,Department of Employment and Social Development,My Service Canada Business Account (PIB),Mon dossier d'entreprise Service Canada (FRP),possible_only,,q_business_supplier|q_money_programs,https://www.canada.ca/en/employment-social-development/corporate/transparency/access-information/reports/infosource-2023-2024/infosource-detailed.html,https://www.canada.ca/fr/emploi-developpement-social/ministere/transparence/aai/rapports/infosource-2023-2024/infosource-detaille.html
institution:ati-schedule-i-department-of-employment-and-social-development:ESDC PPU 729,institution,ESDC PPU 729,Department of Employment and Social Development,Call Centre Operations (PIB),Opérations des centres d'appels (FRP),possible_only,,q_business_supplier,https://www.canada.ca/en/employment-social-development/corporate/transparency/access-information/reports/infosource-2023-2024/infosource-detailed.html,https://www.canada.ca/fr/emploi-developpement-social/ministere/transparence/aai/rapports/infosource-2023-2024/infosource-detaille.html
institution:ati-schedule-i-department-of-employment-and-social-development:ESDC PPU 708,institution,ESDC PPU 708,Department of Employment and Social Development,Passport Program (PIB),Programme de passeport (FRP),direct,q_travel_border,q_emergency|q_family_vital|q_immigration|q_money_programs|q_travel_border,https://www.canada.ca/en/employment-social-development/corporate/transparency/access-information/reports/infosource-2023-2024/infosource-detailed.html,https://www.canada.ca/fr/emploi-developpement-social/ministere/transparence/aai/rapports/infosource-2023-2024/infosource-detaille.html
institution:ati-schedule-i-department-of-employment-and-social-development:ESDC PPU 100,institution,ESDC PPU 100,Department of Employment and Social Development,Common Experience Payment (PIB),Paiement d'expérience commune (FRP),direct,q_money_programs,q_business_supplier|q_education_training|q_family_vital|q_health_disability|q_indigenous_services|q_justice_safety|q_money_programs|q_tax_customs|q_travel_border,https://www.canada.ca/en/employment-social-development/corporate/transparency/access-information/reports/infosource-2023-2024/infosource-detailed.html,https://www.canada.ca/fr/emploi-developpement-social/ministere/transparence/aai/rapports/infosource-2023-2024/infosource-detaille.html
institution:ati-schedule-i-department-of-employment-and-social-development:ESDC PPU 712,institution,ESDC PPU 712,Department of Employment and Social Development,Canadian Dental Care Plan (CoR),Régime canadien de soins dentaires (CDD),direct,q_health_disability,q_access_privacy|q_business_supplier|q_civic_contact|q_family_vital|q_health_disability|q_research_survey,https://www.canada.ca/en/employment-social-development/corporate/transparency/access-information/reports/infosource-2023-2024/infosource-detailed.html,https://www.canada.ca/fr/emploi-developpement-social/ministere/transparence/aai/rapports/infosource-2023-2024/infosource-detaille.html
institution:ati-schedule-i-department-of-employment-and-social-development:ESDC PPU 700,institution,ESDC PPU 700,Department of Employment and Social Development,Saba Learning Platform for Non-ESDC Employees (PIB),Plateforme d'apprentissage Saba pour les employés ne faisant pas partie d'EDSC (FRP),possible_only,,q_business_supplier|q_indigenous_services,https://www.canada.ca/en/employment-social-development/corporate/transparency/access-information/reports/infosource-2023-2024/infosource-detailed.html,https://www.canada.ca/fr/emploi-developpement-social/ministere/transparence/aai/rapports/infosource-2023-2024/infosource-detaille.html
institution:ati-schedule-i-department-of-employment-and-social-development:ESDC PPE 718,institution,ESDC PPE 718,Department of Employment and Social Development,Prescribed Presence in the Workplace - Low Onsite Connectivity (PIB),Présence prescrite au lieu de travail - Faible connectivité sur place (FRP),possible_only,,q_business_supplier|q_education_training|q_government_work|q_justice_safety,https://www.canada.ca/en/employment-social-development/corporate/transparency/access-information/reports/infosource-2023-2024/infosource-detailed.html,https://www.canada.ca/fr/emploi-developpement-social/ministere/transparence/aai/rapports/infosource-2023-2024/infosource-detaille.html
institution:ati-schedule-i-department-of-the-environment:EC PPU 333,institution,EC PPU 333,Department of the Environment,Title:** Science Horizons Youth Internship Program,Titre:** Programme de stage Horizons Sciences pour les jeunes (FRP),possible_only,,q_education_training|q_government_work|q_health_disability|q_immigration|q_money_programs,https://www.canada.ca/en/environment-climate-change/corporate/transparency/access-information-privacy/info-source.html,https://www.canada.ca/fr/environnement-changement-climatique/organisation/transparence/acces-information-protection-renseignements-personnels/info-source.html
institution:ati-schedule-i-department-of-the-environment:EC PPU 332,institution,EC PPU 332,Department of the Environment,Title:** Environmental Damages Fund,Titre:** Fonds pour dommages à l’environnement,possible_only,,q_education_training|q_indigenous_services|q_money_programs,https://www.canada.ca/en/environment-climate-change/corporate/transparency/access-information-privacy/info-source.html,https://www.canada.ca/fr/environnement-changement-climatique/organisation/transparence/acces-information-protection-renseignements-personnels/info-source.html
institution:ati-schedule-i-department-of-the-environment:EC PPU 122,institution,EC PPU 122,Department of the Environment,Title:** Federal identification registry for storage tank systems (FIRSTS),Titre :** Registre fédéral d’identification des systèmes de stockage (RFISS),possible_only,,q_business_supplier,https://www.canada.ca/en/environment-climate-change/corporate/transparency/access-information-privacy/info-source.html,https://www.canada.ca/fr/environnement-changement-climatique/organisation/transparence/acces-information-protection-renseignements-personnels/info-source.html
institution:ati-schedule-i-department-of-the-environment:EC PPU 331,institution,EC PPU 331,Department of the Environment,Title:** Management of toxic substances,Titre :** Gestion des substances toxiques,possible_only,,q_business_supplier|q_civic_contact|q_health_disability,https://www.canada.ca/en/environment-climate-change/corporate/transparency/access-information-privacy/info-source.html,https://www.canada.ca/fr/environnement-changement-climatique/organisation/transparence/acces-information-protection-renseignements-personnels/info-source.html
institution:ati-schedule-i-department-of-the-environment:EC PPU 311,institution,EC PPU 311,Department of the Environment,Title:** Disposal at Sea Program,Titre :** Immersion en mer,direct,q_money_programs,q_business_supplier|q_civic_contact|q_health_disability|q_money_programs,https://www.canada.ca/en/environment-climate-change/corporate/transparency/access-information-privacy/info-source.html,https://www.canada.ca/fr/environnement-changement-climatique/organisation/transparence/acces-information-protection-renseignements-personnels/info-source.html
institution:ati-schedule-i-department-of-the-environment:EC PPU 251,institution,EC PPU 251,Department of the Environment,Title:** Compliance Promotion and Enforcement,Titre :** Promotion de la conformité et application de la loi,direct,q_business_supplier,q_business_supplier|q_complaint_appeal|q_culture_volunteer|q_government_work|q_health_disability|q_indigenous_services|q_justice_safety,https://www.canada.ca/en/environment-climate-change/corporate/transparency/access-information-privacy/info-source.html,https://www.canada.ca/fr/environnement-changement-climatique/organisation/transparence/acces-information-protection-renseignements-personnels/info-source.html
institution:ati-schedule-i-department-of-the-environment:EC PPU 133,institution,EC PPU 133,Department of the Environment,Title:** Tetrachloroethylene (PERC) compliance,Titre :** Conformité du tétrachloroéthène (PERC),direct,q_business_supplier,q_business_supplier,https://www.canada.ca/en/environment-climate-change/corporate/transparency/access-information-privacy/info-source.html,https://www.canada.ca/fr/environnement-changement-climatique/organisation/transparence/acces-information-protection-renseignements-personnels/info-source.html
institution:ati-schedule-i-department-of-the-environment:EC PPU 033,institution,EC PPU 033,Department of the Environment,Title:** Stratospheric ozone - Ozone Protection Program,Titre :** Programme de protection de la couche d’ozone - ozone stratosphérique,possible_only,,q_business_supplier,https://www.canada.ca/en/environment-climate-change/corporate/transparency/access-information-privacy/info-source.html,https://www.canada.ca/fr/environnement-changement-climatique/organisation/transparence/acces-information-protection-renseignements-personnels/info-source.html
institution:ati-schedule-i-department-of-the-environment:EC PPU 005,institution,EC PPU 005,Department of the Environment,Title:** Wildlife permit information,Titre :** Information sur les permis reliés à la faune,direct,q_business_supplier,q_business_supplier|q_culture_volunteer,https://www.canada.ca/en/environment-climate-change/corporate/transparency/access-information-privacy/info-source.html,https://www.canada.ca/fr/environnement-changement-climatique/organisation/transparence/acces-information-protection-renseignements-personnels/info-source.html
institution:ati-schedule-i-department-of-the-environment:EC PPU 006,institution,EC PPU 006,Department of the Environment,Title:** Migratory Birds Permit Information,Titre :** Renseignements sur les permis relatifs aux oiseaux migrateurs,direct,q_business_supplier,q_business_supplier|q_civic_contact|q_culture_volunteer|q_justice_safety,https://www.canada.ca/en/environment-climate-change/corporate/transparency/access-information-privacy/info-source.html,https://www.canada.ca/fr/environnement-changement-climatique/organisation/transparence/acces-information-protection-renseignements-personnels/info-source.html
institution:ati-schedule-i-department-of-the-environment:EC PPU 141,institution,EC PPU 141,Department of the Environment,Title:** Ecological Gifts Program,Titre :** Programme des dons écologiques,possible_only,,q_business_supplier|q_tax_customs,https://www.canada.ca/en/environment-climate-change/corporate/transparency/access-information-privacy/info-source.html,https://www.canada.ca/fr/environnement-changement-climatique/organisation/transparence/acces-information-protection-renseignements-personnels/info-source.html
institution:ati-schedule-i-department-of-the-environment:EC PPU 010,institution,EC PPU 010,Department of the Environment,Title:** Applications for research science grants,Titre :** Demandes de subventions de recherche - subventions pour la recherche scientifique,direct,q_money_programs,q_education_training|q_money_programs,https://www.canada.ca/en/environment-climate-change/corporate/transparency/access-information-privacy/info-source.html,https://www.canada.ca/fr/environnement-changement-climatique/organisation/transparence/acces-information-protection-renseignements-personnels/info-source.html
institution:ati-schedule-i-department-of-the-environment:EC PPU 025,institution,EC PPU 025,Department of the Environment,Title:** Applications for ECCC Atmospheric and Meteorological Undergraduate Supplement,Titre :** Applications pour les suppléments aux bourses de recherche de 1er cycle d’Environnement et Changement climatiques Canada en sciences atmosphériques et météorologiques,possible_only,,q_civic_contact|q_education_training|q_money_programs,https://www.canada.ca/en/environment-climate-change/corporate/transparency/access-information-privacy/info-source.html,https://www.canada.ca/fr/environnement-changement-climatique/organisation/transparence/acces-information-protection-renseignements-personnels/info-source.html
institution:ati-schedule-i-department-of-the-environment:EC PPU 020,institution,EC PPU 020,Department of the Environment,Title:** Applications for ECCC atmospheric and meteorological graduate supplement,Titre :** Applications pour les suppléments aux bourses de recherche d’études supérieures d’Environnement et Changement climatiques Canada en sciences atmosphériques et météorologiques,possible_only,,q_civic_contact|q_education_training|q_money_programs,https://www.canada.ca/en/environment-climate-change/corporate/transparency/access-information-privacy/info-source.html,https://www.canada.ca/fr/environnement-changement-climatique/organisation/transparence/acces-information-protection-renseignements-personnels/info-source.html
institution:ati-schedule-i-department-of-the-environment:EC PPU 015,institution,EC PPU 015,Department of the Environment,Title:** Applications for visiting fellowship awards,Titre :** Bourses accordées aux conférenciers invités,direct,q_money_programs,q_civic_contact|q_money_programs,https://www.canada.ca/en/environment-climate-change/corporate/transparency/access-information-privacy/info-source.html,https://www.canada.ca/fr/environnement-changement-climatique/organisation/transparence/acces-information-protection-renseignements-personnels/info-source.html
institution:ati-schedule-i-department-of-the-environment:EC PPU 341,institution,EC PPU 341,Department of the Environment,Title:** Great Lakes Basin Monitoring and Surveillance program,Titre :** Programme de surveillance et de suivi du bassin des Grands Lacs,not_discoverable,,,https://www.canada.ca/en/environment-climate-change/corporate/transparency/access-information-privacy/info-source.html,https://www.canada.ca/fr/environnement-changement-climatique/organisation/transparence/acces-information-protection-renseignements-personnels/info-source.html
institution:ati-schedule-i-department-of-finance:FIN PPU 100,institution,FIN PPU 100,Department of Finance,Tax Data - Evaluation and Formulation of Fiscal Policy,Données fiscales – Évaluation et formulation des politiques fiscales,possible_only,,q_family_vital|q_immigration|q_tax_customs,https://www.canada.ca/en/department-finance/corporate/transparency/access-information-privacy/info-source.html,https://www.canada.ca/fr/ministere-finances/organisation/transparence/acces-information-protection-renseignements-personnels/info-source.html
institution:ati-schedule-i-department-of-finance:FIN PPU 200,institution,FIN PPU 200,Department of Finance,Operationalization of the *Retail Payment Activities Act,Opérationnalisation par le ministère des Finances Canada (le ministère) de la *Loi sur les activités associées aux paiements de détail,direct,q_money_programs,q_business_supplier|q_immigration|q_money_programs,https://www.canada.ca/en/department-finance/corporate/transparency/access-information-privacy/info-source.html,https://www.canada.ca/fr/ministere-finances/organisation/transparence/acces-information-protection-renseignements-personnels/info-source.html
institution:ati-schedule-i-department-of-finance:FIN PPU 300,institution,FIN PPU 300,Department of Finance,Information Sharing under section 53.32 of the Proceeds of Crime (Money Laundering) and Terrorist Financing Act (PCMLTFA),Communication de renseignements en vertu de l'article 53.32 de la Loi sur le recyclage des produits de la criminalité et le financement des activités terroristes (LRPCFAT),possible_only,,q_business_supplier|q_money_programs,https://www.canada.ca/en/department-finance/corporate/transparency/access-information-privacy/info-source.html,https://www.canada.ca/fr/ministere-finances/organisation/transparence/acces-information-protection-renseignements-personnels/info-source.html
institution:ati-schedule-i-department-of-fisheries-and-oceans:DFO PPU 100,institution,DFO PPU 100,Department of Fisheries and Oceans,"Application and Licencing Process to Fish, Harvest or Relay in a Contaminated Area","Processus de demande de délivrance de permis pour la récolte, la pêche et le reparcage en zone contaminée",direct,q_money_programs,q_access_privacy|q_business_supplier|q_culture_volunteer|q_emergency|q_money_programs,https://www.dfo-mpo.gc.ca/transparency-transparence/atip-aiprp/infosource/index-eng.html,https://www.dfo-mpo.gc.ca/transparency-transparence/atip-aiprp/infosource/index-fra.html
institution:ati-schedule-i-department-of-fisheries-and-oceans:DFO PPU 020,institution,DFO PPU 020,Department of Fisheries and Oceans,Aquaculture Collaborative Research and Development Program (ACRDP),Programme coopératif de recherche et développement en aquaculture (PCRDA),possible_only,,q_civic_contact|q_immigration,https://www.dfo-mpo.gc.ca/transparency-transparence/atip-aiprp/infosource/index-eng.html,https://www.dfo-mpo.gc.ca/transparency-transparence/atip-aiprp/infosource/index-fra.html
institution:ati-schedule-i-department-of-fisheries-and-oceans:DFO PPU 130,institution,DFO PPU 130,Department of Fisheries and Oceans,Aquaculture Licensing,Permis d’aquaculture,possible_only,,q_access_privacy|q_business_supplier|q_government_work|q_immigration|q_indigenous_services,https://www.dfo-mpo.gc.ca/transparency-transparence/atip-aiprp/infosource/index-eng.html,https://www.dfo-mpo.gc.ca/transparency-transparence/atip-aiprp/infosource/index-fra.html
institution:ati-schedule-i-department-of-fisheries-and-oceans:DFO PPU 343,institution,DFO PPU 343,Department of Fisheries and Oceans,Atlantic Salmon Recreation Fishery Licence Stub Return Project,Projet de retour des talons de permis de pêche récréative au saumon de l’Atlantique,direct,q_business_supplier|q_culture_volunteer,q_business_supplier|q_complaint_appeal|q_culture_volunteer|q_research_survey,https://www.dfo-mpo.gc.ca/transparency-transparence/atip-aiprp/infosource/index-eng.html,https://www.dfo-mpo.gc.ca/transparency-transparence/atip-aiprp/infosource/index-fra.html
institution:ati-schedule-i-department-of-fisheries-and-oceans:DFO PPU 080,institution,DFO PPU 080,Department of Fisheries and Oceans,Canada's Catch Certification Program,Programme canadien de certification des captures,possible_only,,q_access_privacy|q_business_supplier|q_culture_volunteer|q_government_work|q_indigenous_services,https://www.dfo-mpo.gc.ca/transparency-transparence/atip-aiprp/infosource/index-eng.html,https://www.dfo-mpo.gc.ca/transparency-transparence/atip-aiprp/infosource/index-fra.html
institution:ati-schedule-i-department-of-fisheries-and-oceans:DFO PPU 331,institution,DFO PPU 331,Department of Fisheries and Oceans,Canadian Hydrographic Services and Products,Produits et services hydrographiques canadiens,possible_only,,q_business_supplier,https://www.dfo-mpo.gc.ca/transparency-transparence/atip-aiprp/infosource/index-eng.html,https://www.dfo-mpo.gc.ca/transparency-transparence/atip-aiprp/infosource/index-fra.html
institution:ati-schedule-i-department-of-fisheries-and-oceans:DFO PPU 410,institution,DFO PPU 410,Department of Fisheries and Oceans,"Commercial Fishing Registration Cards, Certificates, Permits and Licence Information",,direct,q_business_supplier|q_culture_volunteer,q_access_privacy|q_business_supplier|q_culture_volunteer|q_emergency|q_family_vital|q_health_disability|q_immigration|q_justice_safety|q_military_veterans|q_money_programs|q_research_survey,https://www.dfo-mpo.gc.ca/transparency-transparence/atip-aiprp/infosource/index-eng.html,https://www.dfo-mpo.gc.ca/transparency-transparence/atip-aiprp/infosource/index-fra.html
institution:ati-schedule-i-department-of-fisheries-and-oceans:DFO PPU 155,institution,DFO PPU 155,Department of Fisheries and Oceans,Conservation and Protection Ride-Along Program,Programme d’accompagnement de Conservation et Protection,possible_only,,q_access_privacy|q_business_supplier|q_family_vital|q_government_work|q_health_disability|q_justice_safety|q_travel_border,https://www.dfo-mpo.gc.ca/transparency-transparence/atip-aiprp/infosource/index-eng.html,https://www.dfo-mpo.gc.ca/transparency-transparence/atip-aiprp/infosource/index-fra.html
institution:ati-schedule-i-department-of-fisheries-and-oceans:DFO PPU 780,institution,DFO PPU 780,Department of Fisheries and Oceans,Convention on International Trade of Endangered Species (CITES) Permits,Permis de la Convention sur le commerce international des espèces de faune et de flore sauvages menacées d’extinction (CITES),direct,q_business_supplier,q_business_supplier|q_culture_volunteer,https://www.dfo-mpo.gc.ca/transparency-transparence/atip-aiprp/infosource/index-eng.html,https://www.dfo-mpo.gc.ca/transparency-transparence/atip-aiprp/infosource/index-fra.html
institution:ati-schedule-i-department-of-fisheries-and-oceans:DFO PPU 010,institution,DFO PPU 010,Department of Fisheries and Oceans,Designation of At-Sea Observers and At-Sea Observer Companies,Désignation des observateurs en mer et des entreprises de vérification en mer,possible_only,,q_access_privacy|q_business_supplier|q_culture_volunteer|q_government_work|q_immigration|q_justice_safety|q_travel_border,https://www.dfo-mpo.gc.ca/transparency-transparence/atip-aiprp/infosource/index-eng.html,https://www.dfo-mpo.gc.ca/transparency-transparence/atip-aiprp/infosource/index-fra.html
institution:ati-schedule-i-department-of-fisheries-and-oceans:DFO PPU 015,institution,DFO PPU 015,Department of Fisheries and Oceans,Designation of Dockside Observers and Dockside Monitoring Companies,Désignation des observateurs à quai et des entreprises de vérification à quai,possible_only,,q_access_privacy|q_business_supplier|q_government_work|q_immigration|q_justice_safety,https://www.dfo-mpo.gc.ca/transparency-transparence/atip-aiprp/infosource/index-eng.html,https://www.dfo-mpo.gc.ca/transparency-transparence/atip-aiprp/infosource/index-fra.html
institution:ati-schedule-i-department-of-fisheries-and-oceans:DFO PPU 060,institution,DFO PPU 060,Department of Fisheries and Oceans,Dockside Monitoring Program,Programme de vérification à quai,possible_only,,q_access_privacy|q_business_supplier|q_culture_volunteer,https://www.dfo-mpo.gc.ca/transparency-transparence/atip-aiprp/infosource/index-eng.html,https://www.dfo-mpo.gc.ca/transparency-transparence/atip-aiprp/infosource/index-fra.html
institution:ati-schedule-i-department-of-fisheries-and-oceans:DFO PPU 036,institution,DFO PPU 036,Department of Fisheries and Oceans,Financial Relief for Fishers,Aide financière pour les pêcheurs,possible_only,,q_culture_volunteer|q_indigenous_services|q_money_programs|q_tax_customs,https://www.dfo-mpo.gc.ca/transparency-transparence/atip-aiprp/infosource/index-eng.html,https://www.dfo-mpo.gc.ca/transparency-transparence/atip-aiprp/infosource/index-fra.html
institution:ati-schedule-i-department-of-fisheries-and-oceans:DFO PPU 340,institution,DFO PPU 340,Department of Fisheries and Oceans,Fish Health Officials,Inspecteurs sanitaires des poissons,direct,q_health_disability,q_business_supplier|q_culture_volunteer|q_education_training|q_government_work|q_health_disability,https://www.dfo-mpo.gc.ca/transparency-transparence/atip-aiprp/infosource/index-eng.html,https://www.dfo-mpo.gc.ca/transparency-transparence/atip-aiprp/infosource/index-fra.html
institution:ati-schedule-i-department-of-fisheries-and-oceans:DFO PPU 435,institution,DFO PPU 435,Department of Fisheries and Oceans,Fisheries Improvement Loan Program,Programme de prêts aux entreprises de pêche,possible_only,,q_money_programs,https://www.dfo-mpo.gc.ca/transparency-transparence/atip-aiprp/infosource/index-eng.html,https://www.dfo-mpo.gc.ca/transparency-transparence/atip-aiprp/infosource/index-fra.html
institution:ati-schedule-i-department-of-fisheries-and-oceans:DFO PPU 040,institution,DFO PPU 040,Department of Fisheries and Oceans,Fishery Guardian Services,Services de garde-pêche,possible_only,,q_business_supplier|q_civic_contact|q_emergency|q_government_work|q_health_disability|q_immigration|q_indigenous_services|q_justice_safety|q_travel_border,https://www.dfo-mpo.gc.ca/transparency-transparence/atip-aiprp/infosource/index-eng.html,https://www.dfo-mpo.gc.ca/transparency-transparence/atip-aiprp/infosource/index-fra.html
institution:ati-schedule-i-department-of-fisheries-and-oceans:DFO PPU 050,institution,DFO PPU 050,Department of Fisheries and Oceans,Fishery Officer Cadet Records,Dossiers des agents des pêches cadets,direct,q_government_work,q_business_supplier|q_civic_contact|q_education_training|q_emergency|q_family_vital|q_government_work|q_health_disability|q_immigration|q_justice_safety|q_money_programs|q_travel_border,https://www.dfo-mpo.gc.ca/transparency-transparence/atip-aiprp/infosource/index-eng.html,https://www.dfo-mpo.gc.ca/transparency-transparence/atip-aiprp/infosource/index-fra.html
institution:ati-schedule-i-department-of-fisheries-and-oceans:DFO PPU 490,institution,DFO PPU 490,Department of Fisheries and Oceans,Fishing Licence Appeal Boards,Offices des appels relatifs aux permis de pêche,direct,q_business_supplier|q_complaint_appeal|q_culture_volunteer,q_business_supplier|q_complaint_appeal|q_culture_volunteer,https://www.dfo-mpo.gc.ca/transparency-transparence/atip-aiprp/infosource/index-eng.html,https://www.dfo-mpo.gc.ca/transparency-transparence/atip-aiprp/infosource/index-fra.html
institution:ati-schedule-i-department-of-fisheries-and-oceans:DFO PPU 047,institution,DFO PPU 047,Department of Fisheries and Oceans,Grant and Contribution Initiatives,Initiatives de subvention et contribution,direct,q_money_programs,q_access_privacy|q_business_supplier|q_education_training|q_indigenous_services|q_money_programs|q_tax_customs,https://www.dfo-mpo.gc.ca/transparency-transparence/atip-aiprp/infosource/index-eng.html,https://www.dfo-mpo.gc.ca/transparency-transparence/atip-aiprp/infosource/index-fra.html
institution:ati-schedule-i-department-of-fisheries-and-oceans:DFO PPU 680,institution,DFO PPU 680,Department of Fisheries and Oceans,Habitat Management Referrals and Notifications,Soumissions et avis relatifs à la gestion de l’habitat,not_discoverable,,,https://www.dfo-mpo.gc.ca/transparency-transparence/atip-aiprp/infosource/index-eng.html,https://www.dfo-mpo.gc.ca/transparency-transparence/atip-aiprp/infosource/index-fra.html
institution:ati-schedule-i-department-of-fisheries-and-oceans:DFO PPU 070,institution,DFO PPU 070,Department of Fisheries and Oceans,Harbour Authorities,Administrations portuaires,possible_only,,q_access_privacy|q_culture_volunteer,https://www.dfo-mpo.gc.ca/transparency-transparence/atip-aiprp/infosource/index-eng.html,https://www.dfo-mpo.gc.ca/transparency-transparence/atip-aiprp/infosource/index-fra.html
institution:ati-schedule-i-department-of-fisheries-and-oceans:DFO PPU 275,institution,DFO PPU 275,Department of Fisheries and Oceans,Harbour Authority Recognition Program,Programme de reconnaissance des administrations portuaires,possible_only,,q_culture_volunteer|q_money_programs,https://www.dfo-mpo.gc.ca/transparency-transparence/atip-aiprp/infosource/index-eng.html,https://www.dfo-mpo.gc.ca/transparency-transparence/atip-aiprp/infosource/index-fra.html
institution:ati-schedule-i-department-of-fisheries-and-oceans:DFO PPU 270,institution,DFO PPU 270,Department of Fisheries and Oceans,Harbour Managers,Responsables des ports,possible_only,,q_access_privacy|q_culture_volunteer,https://www.dfo-mpo.gc.ca/transparency-transparence/atip-aiprp/infosource/index-eng.html,https://www.dfo-mpo.gc.ca/transparency-transparence/atip-aiprp/infosource/index-fra.html
institution:ati-schedule-i-department-of-fisheries-and-oceans:DFO PPU 045,institution,DFO PPU 045,Department of Fisheries and Oceans,Ice Assistance Emergency Program,Programme d’urgence d’aide liée aux conditions des glaces,direct,q_emergency|q_money_programs,q_access_privacy|q_business_supplier|q_culture_volunteer|q_emergency|q_indigenous_services|q_money_programs|q_tax_customs,https://www.dfo-mpo.gc.ca/transparency-transparence/atip-aiprp/infosource/index-eng.html,https://www.dfo-mpo.gc.ca/transparency-transparence/atip-aiprp/infosource/index-fra.html
institution:ati-schedule-i-department-of-fisheries-and-oceans:DFO PPU 325,institution,DFO PPU 325,Department of Fisheries and Oceans,Integrated Science Advisory System,Système intégré d’avis scientifiques,possible_only,,q_access_privacy,https://www.dfo-mpo.gc.ca/transparency-transparence/atip-aiprp/infosource/index-eng.html,https://www.dfo-mpo.gc.ca/transparency-transparence/atip-aiprp/infosource/index-fra.html
institution:ati-schedule-i-department-of-fisheries-and-oceans:DFO PPU 095,institution,DFO PPU 095,Department of Fisheries and Oceans,Introductions and Transfers of Live Aquatic Organisms,Introductions et transferts d’organismes aquatiques vivants,direct,q_business_supplier,q_access_privacy|q_business_supplier|q_civic_contact|q_culture_volunteer|q_government_work|q_health_disability|q_indigenous_services,https://www.dfo-mpo.gc.ca/transparency-transparence/atip-aiprp/infosource/index-eng.html,https://www.dfo-mpo.gc.ca/transparency-transparence/atip-aiprp/infosource/index-fra.html
institution:ati-schedule-i-department-of-fisheries-and-oceans:DFO PPU 085,institution,DFO PPU 085,Department of Fisheries and Oceans,"Licence to Fish for Experimental, Scientific, Educational, Aquatic Invasive Species Control, or Public Display Purposes","Demande de permis de pêche à des fins scientifiques, expérimentales, éducatives, contrôle des espèces aquatiques envahissantes, ou pour exposition au public",direct,q_business_supplier,q_access_privacy|q_business_supplier|q_culture_volunteer,https://www.dfo-mpo.gc.ca/transparency-transparence/atip-aiprp/infosource/index-eng.html,https://www.dfo-mpo.gc.ca/transparency-transparence/atip-aiprp/infosource/index-fra.html
institution:ati-schedule-i-department-of-fisheries-and-oceans:DFO PPU 320,institution,DFO PPU 320,Department of Fisheries and Oceans,Manuscript Reviews,Examens de manuscrits,not_discoverable,,,https://www.dfo-mpo.gc.ca/transparency-transparence/atip-aiprp/infosource/index-eng.html,https://www.dfo-mpo.gc.ca/transparency-transparence/atip-aiprp/infosource/index-fra.html
institution:ati-schedule-i-department-of-fisheries-and-oceans:DFO PPU 165,institution,DFO PPU 165,Department of Fisheries and Oceans,Marine Mammal Fishing Licences,Permis de pêche aux mammifères marins,direct,q_business_supplier|q_culture_volunteer,q_access_privacy|q_business_supplier|q_culture_volunteer|q_education_training|q_emergency|q_government_work|q_justice_safety|q_military_veterans|q_money_programs|q_research_survey,https://www.dfo-mpo.gc.ca/transparency-transparence/atip-aiprp/infosource/index-eng.html,https://www.dfo-mpo.gc.ca/transparency-transparence/atip-aiprp/infosource/index-fra.html
institution:ati-schedule-i-department-of-fisheries-and-oceans:DFO PPU 145,institution,DFO PPU 145,Department of Fisheries and Oceans,Marine Mammal Transportation Licences (MMTL),Permis de transport de mammifères marins (PTMM),direct,q_business_supplier,q_access_privacy|q_business_supplier|q_culture_volunteer,https://www.dfo-mpo.gc.ca/transparency-transparence/atip-aiprp/infosource/index-eng.html,https://www.dfo-mpo.gc.ca/transparency-transparence/atip-aiprp/infosource/index-fra.html
institution:ati-schedule-i-department-of-fisheries-and-oceans:DFO PPU 500,institution,DFO PPU 500,Department of Fisheries and Oceans,Marine Protected Area Activity Applications,Zones de protection marines - Demandes d’activités,possible_only,,q_civic_contact,https://www.dfo-mpo.gc.ca/transparency-transparence/atip-aiprp/infosource/index-eng.html,https://www.dfo-mpo.gc.ca/transparency-transparence/atip-aiprp/infosource/index-fra.html
institution:ati-schedule-i-department-of-fisheries-and-oceans:DFO PPU 055,institution,DFO PPU 055,Department of Fisheries and Oceans,Monitoring at Sea Using At-Sea Observers or Electronic Monitors (EM),Surveillance en mer par des observateurs ou par surveillance électronique,possible_only,,q_access_privacy|q_business_supplier|q_culture_volunteer|q_government_work|q_justice_safety|q_research_survey,https://www.dfo-mpo.gc.ca/transparency-transparence/atip-aiprp/infosource/index-eng.html,https://www.dfo-mpo.gc.ca/transparency-transparence/atip-aiprp/infosource/index-fra.html
institution:ati-schedule-i-department-of-fisheries-and-oceans:DFO PPU 125,institution,DFO PPU 125,Department of Fisheries and Oceans,National Fisheries Aerial Surveillance Program,Programme national de surveillance aérienne des pêches,possible_only,,q_access_privacy|q_business_supplier|q_culture_volunteer|q_justice_safety|q_military_veterans|q_research_survey|q_travel_border,https://www.dfo-mpo.gc.ca/transparency-transparence/atip-aiprp/infosource/index-eng.html,https://www.dfo-mpo.gc.ca/transparency-transparence/atip-aiprp/infosource/index-fra.html
institution:ati-schedule-i-department-of-fisheries-and-oceans:DFO PPU 140,institution,DFO PPU 140,Department of Fisheries and Oceans,National Fisheries Intelligence Service,Service national de renseignements sur les pêches,direct,q_justice_safety,q_business_supplier|q_complaint_appeal|q_culture_volunteer|q_health_disability|q_immigration|q_justice_safety|q_travel_border,https://www.dfo-mpo.gc.ca/transparency-transparence/atip-aiprp/infosource/index-eng.html,https://www.dfo-mpo.gc.ca/transparency-transparence/atip-aiprp/infosource/index-fra.html
institution:ati-schedule-i-department-of-fisheries-and-oceans:DFO PPU 415,institution,DFO PPU 415,Department of Fisheries and Oceans,"Nationally Regulated Recreational, Domestic, and Sport Fishing","Pêche récréatives, sportives et en eaux canadiennes réglementées à l’échelle nationale",direct,q_business_supplier|q_culture_volunteer,q_access_privacy|q_business_supplier|q_culture_volunteer|q_health_disability|q_justice_safety|q_military_veterans|q_money_programs|q_research_survey,https://www.dfo-mpo.gc.ca/transparency-transparence/atip-aiprp/infosource/index-eng.html,https://www.dfo-mpo.gc.ca/transparency-transparence/atip-aiprp/infosource/index-fra.html
institution:ati-schedule-i-department-of-fisheries-and-oceans:DFO PPU 411,institution,DFO PPU 411,Department of Fisheries and Oceans,Possession and Export of Elver Licences Information,Information sur le permis de possession et d’exportation de civelles,direct,q_business_supplier,q_business_supplier|q_culture_volunteer|q_government_work,https://www.dfo-mpo.gc.ca/transparency-transparence/atip-aiprp/infosource/index-eng.html,https://www.dfo-mpo.gc.ca/transparency-transparence/atip-aiprp/infosource/index-fra.html
institution:ati-schedule-i-department-of-fisheries-and-oceans:DFO PPU 090,institution,DFO PPU 090,Department of Fisheries and Oceans,Prince Edward Island (PEI) Aquaculture Leasing,Île-du-Prince-Édouard : Concessions aquacoles,possible_only,,q_access_privacy|q_business_supplier|q_complaint_appeal|q_culture_volunteer|q_housing_property|q_justice_safety,https://www.dfo-mpo.gc.ca/transparency-transparence/atip-aiprp/infosource/index-eng.html,https://www.dfo-mpo.gc.ca/transparency-transparence/atip-aiprp/infosource/index-fra.html
institution:ati-schedule-i-department-of-fisheries-and-oceans:DFO PPU 110,institution,DFO PPU 110,Department of Fisheries and Oceans,Psychological Assessments of Fishery Officers in Armed Enforcement Positions,Évaluations psychologiques des agents des pêches occupant des postes nécessitant le port d’une arme,possible_only,,q_access_privacy|q_civic_contact|q_complaint_appeal|q_government_work|q_health_disability|q_justice_safety,https://www.dfo-mpo.gc.ca/transparency-transparence/atip-aiprp/infosource/index-eng.html,https://www.dfo-mpo.gc.ca/transparency-transparence/atip-aiprp/infosource/index-fra.html
institution:ati-schedule-i-department-of-fisheries-and-oceans:DFO PPU 075,institution,DFO PPU 075,Department of Fisheries and Oceans,Reporting a Suspected Fishery-related Occurrence by a Member of the Public through DFO's Phone or Online Reporting Mechanisms,Rapport d’un incident présumé lié à la pêche par un membre du public par l’entremise des mécanismes de rapport téléphoniques ou en ligne du MPO,possible_only,,q_access_privacy|q_business_supplier|q_government_work|q_justice_safety,https://www.dfo-mpo.gc.ca/transparency-transparence/atip-aiprp/infosource/index-eng.html,https://www.dfo-mpo.gc.ca/transparency-transparence/atip-aiprp/infosource/index-fra.html
institution:ati-schedule-i-department-of-fisheries-and-oceans:DFO PPU 135,institution,DFO PPU 135,Department of Fisheries and Oceans,Seal Fishery Observation Licence to Observe a Seal Hunt,Permis d’observation pour la pêche du phoque en vue d’assister à une chasse,direct,q_business_supplier,q_access_privacy|q_business_supplier|q_culture_volunteer|q_immigration|q_justice_safety,https://www.dfo-mpo.gc.ca/transparency-transparence/atip-aiprp/infosource/index-eng.html,https://www.dfo-mpo.gc.ca/transparency-transparence/atip-aiprp/infosource/index-fra.html
institution:ati-schedule-i-department-of-fisheries-and-oceans:DFO PPU 770,institution,DFO PPU 770,Department of Fisheries and Oceans,Species at Risk Act (SARA) Permits,Permis délivrés en vertu de la *Loi sur les espèces en péril* (LEP),direct,q_business_supplier,q_business_supplier|q_education_training|q_government_work,https://www.dfo-mpo.gc.ca/transparency-transparence/atip-aiprp/infosource/index-eng.html,https://www.dfo-mpo.gc.ca/transparency-transparence/atip-aiprp/infosource/index-fra.html
institution:ati-schedule-i-department-of-fisheries-and-oceans:DFO PPU 005,institution,DFO PPU 005,Department of Fisheries and Oceans,Timothy R. Parsons Medal,La médaille Timothy R. Parsons,possible_only,,q_government_work|q_immigration|q_money_programs,https://www.dfo-mpo.gc.ca/transparency-transparence/atip-aiprp/infosource/index-eng.html,https://www.dfo-mpo.gc.ca/transparency-transparence/atip-aiprp/infosource/index-fra.html
institution:ati-schedule-i-department-of-fisheries-and-oceans:DFO PPU 790,institution,DFO PPU 790,Department of Fisheries and Oceans,Uniforms,Uniformes,possible_only,,q_business_supplier|q_education_training|q_government_work|q_justice_safety,https://www.dfo-mpo.gc.ca/transparency-transparence/atip-aiprp/infosource/index-eng.html,https://www.dfo-mpo.gc.ca/transparency-transparence/atip-aiprp/infosource/index-fra.html
institution:ati-schedule-i-department-of-fisheries-and-oceans:DFO PPU 065,institution,DFO PPU 065,Department of Fisheries and Oceans,Vessel Monitoring,Surveillance des navires,direct,q_business_supplier,q_access_privacy|q_business_supplier|q_culture_volunteer|q_emergency|q_justice_safety|q_military_veterans,https://www.dfo-mpo.gc.ca/transparency-transparence/atip-aiprp/infosource/index-eng.html,https://www.dfo-mpo.gc.ca/transparency-transparence/atip-aiprp/infosource/index-fra.html
institution:ati-schedule-i-department-of-fisheries-and-oceans:DFO PPU 460,institution,DFO PPU 460,Department of Fisheries and Oceans,Violations under Canadian Fisheries and Fish Habitat Legislation,Infractions aux lois canadiennes sur les pêches et l’habitat du poisson,direct,q_justice_safety,q_access_privacy|q_business_supplier|q_complaint_appeal|q_culture_volunteer|q_health_disability|q_immigration|q_indigenous_services|q_justice_safety,https://www.dfo-mpo.gc.ca/transparency-transparence/atip-aiprp/infosource/index-eng.html,https://www.dfo-mpo.gc.ca/transparency-transparence/atip-aiprp/infosource/index-fra.html
institution:ati-schedule-i-department-of-foreign-affairs-trade-and-development:GAC PPU 010,institution,GAC PPU 010,"Department of Foreign Affairs, Trade and Development",Consular Affairs - Assistance to Canadians,,direct,q_justice_safety,q_civic_contact|q_family_vital|q_immigration|q_justice_safety|q_travel_border,https://international.canada.ca/en/global-affairs/corporate/transparency/info-source,https://international.canada.ca/fr/affaires-mondiales/organisation/transparence/info-source
institution:ati-schedule-i-department-of-foreign-affairs-trade-and-development:GAC PPU 032,institution,GAC PPU 032,"Department of Foreign Affairs, Trade and Development",Financial Assistance for Distressed Canadians,,direct,q_money_programs,q_business_supplier|q_emergency|q_family_vital|q_health_disability|q_immigration|q_money_programs|q_travel_border,https://international.canada.ca/en/global-affairs/corporate/transparency/info-source,https://international.canada.ca/fr/affaires-mondiales/organisation/transparence/info-source
institution:ati-schedule-i-department-of-foreign-affairs-trade-and-development:GAC PPU 005,institution,GAC PPU 005,"Department of Foreign Affairs, Trade and Development",Consular Affairs - Citizenship,,direct,q_immigration,q_civic_contact|q_family_vital|q_immigration,https://international.canada.ca/en/global-affairs/corporate/transparency/info-source,https://international.canada.ca/fr/affaires-mondiales/organisation/transparence/info-source
institution:ati-schedule-i-department-of-foreign-affairs-trade-and-development:GAC PPU 031,institution,GAC PPU 031,"Department of Foreign Affairs, Trade and Development",Daily Travel Updates,,direct,q_travel_border,q_health_disability|q_travel_border,https://international.canada.ca/en/global-affairs/corporate/transparency/info-source,https://international.canada.ca/fr/affaires-mondiales/organisation/transparence/info-source
institution:ati-schedule-i-department-of-foreign-affairs-trade-and-development:GAC PPU 911,institution,GAC PPU 911,"Department of Foreign Affairs, Trade and Development",International Scholarships Program (ISP),,direct,q_education_training|q_money_programs,q_civic_contact|q_culture_volunteer|q_education_training|q_family_vital|q_health_disability|q_immigration|q_money_programs|q_travel_border,https://international.canada.ca/en/global-affairs/corporate/transparency/info-source,https://international.canada.ca/fr/affaires-mondiales/organisation/transparence/info-source
institution:ati-schedule-i-department-of-foreign-affairs-trade-and-development:GAC PPU 907,institution,GAC PPU 907,"Department of Foreign Affairs, Trade and Development",Members of the Diplomatic Corps in Canada,,possible_only,,q_business_supplier|q_education_training|q_emergency|q_family_vital|q_immigration|q_justice_safety|q_travel_border,https://international.canada.ca/en/global-affairs/corporate/transparency/info-source,https://international.canada.ca/fr/affaires-mondiales/organisation/transparence/info-source
institution:ati-schedule-i-department-of-foreign-affairs-trade-and-development:GAC PPU 910,institution,GAC PPU 910,"Department of Foreign Affairs, Trade and Development",Official Events,,possible_only,,q_health_disability|q_justice_safety,https://international.canada.ca/en/global-affairs/corporate/transparency/info-source,https://international.canada.ca/fr/affaires-mondiales/organisation/transparence/info-source
institution:ati-schedule-i-department-of-foreign-affairs-trade-and-development:GAC PPU 904,institution,GAC PPU 904,"Department of Foreign Affairs, Trade and Development",Summits,,possible_only,,q_access_privacy|q_education_training|q_emergency|q_health_disability|q_immigration|q_justice_safety|q_money_programs|q_travel_border,https://international.canada.ca/en/global-affairs/corporate/transparency/info-source,https://international.canada.ca/fr/affaires-mondiales/organisation/transparence/info-source
institution:ati-schedule-i-department-of-foreign-affairs-trade-and-development:GAC PPU 101,institution,GAC PPU 101,"Department of Foreign Affairs, Trade and Development",Investor Information,,not_discoverable,,,https://international.canada.ca/en/global-affairs/corporate/transparency/info-source,https://international.canada.ca/fr/affaires-mondiales/organisation/transparence/info-source
institution:ati-schedule-i-department-of-foreign-affairs-trade-and-development:GAC PPU 906,institution,GAC PPU 906,"Department of Foreign Affairs, Trade and Development",Office of the Extractive Sector Corporate Social Responsibility Counsellor,,possible_only,,q_access_privacy|q_business_supplier|q_civic_contact,https://international.canada.ca/en/global-affairs/corporate/transparency/info-source,https://international.canada.ca/fr/affaires-mondiales/organisation/transparence/info-source
institution:ati-schedule-i-department-of-foreign-affairs-trade-and-development:GAC PPU 015,institution,GAC PPU 015,"Department of Foreign Affairs, Trade and Development",Inventory of Individuals Interested in Contracting with GAC as Cooperants in a Developing Country,,direct,q_business_supplier,q_business_supplier|q_civic_contact,https://international.canada.ca/en/global-affairs/corporate/transparency/info-source,https://international.canada.ca/fr/affaires-mondiales/organisation/transparence/info-source
institution:ati-schedule-i-department-of-foreign-affairs-trade-and-development:GAC PPU 016,institution,GAC PPU 016,"Department of Foreign Affairs, Trade and Development",Files and Records of Foreign Student Scholarship Holders,,direct,q_education_training|q_money_programs,q_business_supplier|q_civic_contact|q_education_training|q_immigration|q_money_programs,https://international.canada.ca/en/global-affairs/corporate/transparency/info-source,https://international.canada.ca/fr/affaires-mondiales/organisation/transparence/info-source
institution:ati-schedule-i-department-of-foreign-affairs-trade-and-development:GAC PPU 908,institution,GAC PPU 908,"Department of Foreign Affairs, Trade and Development",Training for Spouses or Common-Law Partners of Government of Canada Employees,,possible_only,,q_family_vital,https://international.canada.ca/en/global-affairs/corporate/transparency/info-source,https://international.canada.ca/fr/affaires-mondiales/organisation/transparence/info-source
institution:ati-schedule-i-department-of-foreign-affairs-trade-and-development:GAC PPE 701,institution,GAC PPE 701,"Department of Foreign Affairs, Trade and Development",Personnel Administration: Non Foreign Affairs Appointments,,direct,q_government_work,q_government_work,https://international.canada.ca/en/global-affairs/corporate/transparency/info-source,https://international.canada.ca/fr/affaires-mondiales/organisation/transparence/info-source
institution:ati-schedule-i-department-of-foreign-affairs-trade-and-development:GAC PPE 802,institution,GAC PPE 802,"Department of Foreign Affairs, Trade and Development",Security and Personal Safety of Employees,,direct,q_government_work,q_government_work,https://international.canada.ca/en/global-affairs/corporate/transparency/info-source,https://international.canada.ca/fr/affaires-mondiales/organisation/transparence/info-source
institution:ati-schedule-i-department-of-foreign-affairs-trade-and-development:GAC PPU 045,institution,GAC PPU 045,"Department of Foreign Affairs, Trade and Development",Information Related to Employment Support for Spouses or Common-law Partners of Rotational Employees,,possible_only,,q_education_training|q_family_vital|q_government_work|q_health_disability|q_immigration|q_justice_safety,https://international.canada.ca/en/global-affairs/corporate/transparency/info-source,https://international.canada.ca/fr/affaires-mondiales/organisation/transparence/info-source
institution:ati-schedule-i-department-of-foreign-affairs-trade-and-development:AMC PPU 950,institution,AMC PPU 950,"Department of Foreign Affairs, Trade and Development",,"Plaintes, examens et règlement des plaintes concernant la violation des principes directeurs de l’Organisation de coopération et de développement économiques (OCDE)",direct,q_complaint_appeal,q_access_privacy|q_business_supplier|q_complaint_appeal|q_family_vital|q_government_work|q_immigration|q_indigenous_services,https://international.canada.ca/en/global-affairs/corporate/transparency/info-source,https://international.canada.ca/fr/affaires-mondiales/organisation/transparence/info-source
institution:ati-schedule-i-department-of-foreign-affairs-trade-and-development:AMC PPU 953,institution,AMC PPU 953,"Department of Foreign Affairs, Trade and Development",,Programme de bourses d’études en commémoration du vol PS752,direct,q_education_training|q_money_programs,q_business_supplier|q_civic_contact|q_culture_volunteer|q_education_training|q_immigration|q_justice_safety|q_money_programs|q_travel_border,https://international.canada.ca/en/global-affairs/corporate/transparency/info-source,https://international.canada.ca/fr/affaires-mondiales/organisation/transparence/info-source
institution:ati-schedule-i-department-of-foreign-affairs-trade-and-development:AMC PPU 952,institution,AMC PPU 952,"Department of Foreign Affairs, Trade and Development",,Système des contrôles des exportations en direct d’Affaires mondiales Canada,possible_only,,q_business_supplier|q_civic_contact|q_travel_border,https://international.canada.ca/en/global-affairs/corporate/transparency/info-source,https://international.canada.ca/fr/affaires-mondiales/organisation/transparence/info-source
institution:ati-schedule-i-department-of-health:HC PPU 051,institution,HC PPU 051,Department of Health,Consultation on Health Protection Legislation,Consultation au sujet de la législation sur la protection de la santé,direct,q_civic_contact|q_health_disability,q_business_supplier|q_civic_contact|q_health_disability,https://www.canada.ca/en/health-canada/corporate/about-health-canada/activities-responsibilities/access-information-privacy/info-source-federal-government-employee-information.html,https://www.canada.ca/fr/sante-canada/organisation/a-propos-sante-canada/activites-responsabilites/acces-information-protection-renseignements-personnels/info-source-renseignements-gouvernement-federal-fonctionnaires-federaux.html#a21
institution:ati-schedule-i-department-of-health:HC PPU 420,institution,HC PPU 420,Department of Health,Home Care Study,Étude sur les soins à domicile,possible_only,,q_health_disability,https://www.canada.ca/en/health-canada/corporate/about-health-canada/activities-responsibilities/access-information-privacy/info-source-federal-government-employee-information.html,https://www.canada.ca/fr/sante-canada/organisation/a-propos-sante-canada/activites-responsabilites/acces-information-protection-renseignements-personnels/info-source-renseignements-gouvernement-federal-fonctionnaires-federaux.html#a21
institution:ati-schedule-i-department-of-health:HC PPU 421,institution,HC PPU 421,Department of Health,Postgraduate Medical Training in the United States,Formation médicale postdoctorale aux États-Unis,direct,q_health_disability|q_immigration,q_education_training|q_health_disability|q_immigration,https://www.canada.ca/en/health-canada/corporate/about-health-canada/activities-responsibilities/access-information-privacy/info-source-federal-government-employee-information.html,https://www.canada.ca/fr/sante-canada/organisation/a-propos-sante-canada/activites-responsabilites/acces-information-protection-renseignements-personnels/info-source-renseignements-gouvernement-federal-fonctionnaires-federaux.html#a21
institution:ati-schedule-i-department-of-health:HC PPU 422,institution,HC PPU 422,Department of Health,Financial Support Programs for Canadian Thalidomide Survivors,Programmes de soutien financier pour les survivants canadiens de la thalidomide,possible_only,,q_business_supplier|q_family_vital|q_health_disability|q_justice_safety|q_money_programs|q_travel_border,https://www.canada.ca/en/health-canada/corporate/about-health-canada/activities-responsibilities/access-information-privacy/info-source-federal-government-employee-information.html,https://www.canada.ca/fr/sante-canada/organisation/a-propos-sante-canada/activites-responsabilites/acces-information-protection-renseignements-personnels/info-source-renseignements-gouvernement-federal-fonctionnaires-federaux.html#a21
institution:ati-schedule-i-department-of-health:HC PPU 438,institution,HC PPU 438,Department of Health,Investigating Allegations of Breaches of Scientific Integrity,Enquête sur les allégations de violation de l'intégrité scientifique,direct,q_justice_safety,q_business_supplier|q_complaint_appeal|q_education_training|q_health_disability|q_justice_safety,https://www.canada.ca/en/health-canada/corporate/about-health-canada/activities-responsibilities/access-information-privacy/info-source-federal-government-employee-information.html,https://www.canada.ca/fr/sante-canada/organisation/a-propos-sante-canada/activites-responsabilites/acces-information-protection-renseignements-personnels/info-source-renseignements-gouvernement-federal-fonctionnaires-federaux.html#a21
institution:ati-schedule-i-department-of-health:HC PPU 440,institution,HC PPU 440,Department of Health,Canadian Dental Care Plan,Régime canadien de soins dentaires,direct,q_health_disability,q_business_supplier|q_family_vital|q_government_work|q_health_disability|q_immigration|q_indigenous_services|q_justice_safety|q_money_programs|q_tax_customs,https://www.canada.ca/en/health-canada/corporate/about-health-canada/activities-responsibilities/access-information-privacy/info-source-federal-government-employee-information.html,https://www.canada.ca/fr/sante-canada/organisation/a-propos-sante-canada/activites-responsabilites/acces-information-protection-renseignements-personnels/info-source-renseignements-gouvernement-federal-fonctionnaires-federaux.html#a21
institution:ati-schedule-i-department-of-health:HC PPU 435,institution,HC PPU 435,Department of Health,Monitoring of Medical Assistance in Dying,Surveillance de l'aide médicale à mourir,direct,q_health_disability,q_business_supplier|q_health_disability|q_indigenous_services|q_justice_safety,https://www.canada.ca/en/health-canada/corporate/about-health-canada/activities-responsibilities/access-information-privacy/info-source-federal-government-employee-information.html,https://www.canada.ca/fr/sante-canada/organisation/a-propos-sante-canada/activites-responsabilites/acces-information-protection-renseignements-personnels/info-source-renseignements-gouvernement-federal-fonctionnaires-federaux.html#a21
institution:ati-schedule-i-department-of-health:HC PPU 036,institution,HC PPU 036,Department of Health,Child Acute Respiratory Effects Study,Étude des effets respiratoires aigus chez les enfants,possible_only,,q_education_training|q_family_vital|q_health_disability,https://www.canada.ca/en/health-canada/corporate/about-health-canada/activities-responsibilities/access-information-privacy/info-source-federal-government-employee-information.html,https://www.canada.ca/fr/sante-canada/organisation/a-propos-sante-canada/activites-responsabilites/acces-information-protection-renseignements-personnels/info-source-renseignements-gouvernement-federal-fonctionnaires-federaux.html#a21
institution:ati-schedule-i-department-of-health:HC PPU 089,institution,HC PPU 089,Department of Health,Children's Respiratory Health Study,Étude sur la santé respiratoire des enfants,direct,q_health_disability,q_education_training|q_family_vital|q_health_disability|q_research_survey,https://www.canada.ca/en/health-canada/corporate/about-health-canada/activities-responsibilities/access-information-privacy/info-source-federal-government-employee-information.html,https://www.canada.ca/fr/sante-canada/organisation/a-propos-sante-canada/activites-responsabilites/acces-information-protection-renseignements-personnels/info-source-renseignements-gouvernement-federal-fonctionnaires-federaux.html#a21
institution:ati-schedule-i-department-of-health:HC PPU 314,institution,HC PPU 314,Department of Health,Research into the Health Effects of Air Pollution,Étude des effets de la pollution atmosphérique sur la santé,direct,q_health_disability,q_access_privacy|q_business_supplier|q_health_disability,https://www.canada.ca/en/health-canada/corporate/about-health-canada/activities-responsibilities/access-information-privacy/info-source-federal-government-employee-information.html,https://www.canada.ca/fr/sante-canada/organisation/a-propos-sante-canada/activites-responsabilites/acces-information-protection-renseignements-personnels/info-source-renseignements-gouvernement-federal-fonctionnaires-federaux.html#a21
institution:ati-schedule-i-department-of-health:HC PPU 417,institution,HC PPU 417,Department of Health,Canada Vigilance Adverse Reaction Program,Programme des effets indésirables de Canada Vigilance,possible_only,,q_business_supplier|q_health_disability|q_justice_safety,https://www.canada.ca/en/health-canada/corporate/about-health-canada/activities-responsibilities/access-information-privacy/info-source-federal-government-employee-information.html,https://www.canada.ca/fr/sante-canada/organisation/a-propos-sante-canada/activites-responsabilites/acces-information-protection-renseignements-personnels/info-source-renseignements-gouvernement-federal-fonctionnaires-federaux.html#a21
institution:ati-schedule-i-department-of-health:HC PPU 436,institution,HC PPU 436,Department of Health,Border Program,Programme frontalier,possible_only,,q_business_supplier|q_health_disability,https://www.canada.ca/en/health-canada/corporate/about-health-canada/activities-responsibilities/access-information-privacy/info-source-federal-government-employee-information.html,https://www.canada.ca/fr/sante-canada/organisation/a-propos-sante-canada/activites-responsabilites/acces-information-protection-renseignements-personnels/info-source-renseignements-gouvernement-federal-fonctionnaires-federaux.html#a21
institution:ati-schedule-i-department-of-health:HC PPU 408,institution,HC PPU 408,Department of Health,Compliance and Enforcement - Biologics & Radiopharmaceuticals,Conformité et application — Produits biologiques et radiopharmaceutiques,direct,q_business_supplier|q_complaint_appeal,q_business_supplier|q_complaint_appeal|q_health_disability|q_justice_safety|q_money_programs,https://www.canada.ca/en/health-canada/corporate/about-health-canada/activities-responsibilities/access-information-privacy/info-source-federal-government-employee-information.html,https://www.canada.ca/fr/sante-canada/organisation/a-propos-sante-canada/activites-responsabilites/acces-information-protection-renseignements-personnels/info-source-renseignements-gouvernement-federal-fonctionnaires-federaux.html#a21
institution:ati-schedule-i-department-of-health:HC PPU 411,institution,HC PPU 411,Department of Health,Food and Drugs Act Liaison Office,Bureau de liaison pour la Loi sur les aliments et drogues,possible_only,,q_business_supplier|q_civic_contact|q_complaint_appeal|q_government_work|q_health_disability,https://www.canada.ca/en/health-canada/corporate/about-health-canada/activities-responsibilities/access-information-privacy/info-source-federal-government-employee-information.html,https://www.canada.ca/fr/sante-canada/organisation/a-propos-sante-canada/activites-responsabilites/acces-information-protection-renseignements-personnels/info-source-renseignements-gouvernement-federal-fonctionnaires-federaux.html#a21
institution:ati-schedule-i-department-of-health:HC PPU 073,institution,HC PPU 073,Department of Health,Authorizations for marihuana for medical purposes,Autorisations pour l'usage de la marihuana à des fins médicales,direct,q_health_disability,q_business_supplier|q_civic_contact|q_complaint_appeal|q_health_disability|q_housing_property|q_justice_safety|q_money_programs,https://www.canada.ca/en/health-canada/corporate/about-health-canada/activities-responsibilities/access-information-privacy/info-source-federal-government-employee-information.html,https://www.canada.ca/fr/sante-canada/organisation/a-propos-sante-canada/activites-responsabilites/acces-information-protection-renseignements-personnels/info-source-renseignements-gouvernement-federal-fonctionnaires-federaux.html#a21
institution:ati-schedule-i-department-of-health:HC PPU 439,institution,HC PPU 439,Department of Health,"Licences, Permits and Other Authorizations under the *Cannabis Act","Licences, permis et autres autorisations en vertu de la *Loi sur le cannabis",direct,q_business_supplier,q_access_privacy|q_business_supplier|q_education_training|q_family_vital|q_health_disability|q_housing_property|q_indigenous_services|q_justice_safety|q_money_programs|q_tax_customs,https://www.canada.ca/en/health-canada/corporate/about-health-canada/activities-responsibilities/access-information-privacy/info-source-federal-government-employee-information.html,https://www.canada.ca/fr/sante-canada/organisation/a-propos-sante-canada/activites-responsabilites/acces-information-protection-renseignements-personnels/info-source-renseignements-gouvernement-federal-fonctionnaires-federaux.html#a21
institution:ati-schedule-i-department-of-health:HC PPU 442,institution,HC PPU 442,Department of Health,Supervised Consumption Sites,Sites de consommation supervisée,possible_only,,q_access_privacy|q_business_supplier|q_education_training|q_government_work|q_health_disability|q_justice_safety,https://www.canada.ca/en/health-canada/corporate/about-health-canada/activities-responsibilities/access-information-privacy/info-source-federal-government-employee-information.html,https://www.canada.ca/fr/sante-canada/organisation/a-propos-sante-canada/activites-responsabilites/acces-information-protection-renseignements-personnels/info-source-renseignements-gouvernement-federal-fonctionnaires-federaux.html#a21
institution:ati-schedule-i-department-of-health:HC PPU 416,institution,HC PPU 416,Department of Health,Requests for Disclosure of Confidential Business Information,Demandes de divulgation de renseignements commerciaux confidentiels,possible_only,,q_health_disability|q_money_programs,https://www.canada.ca/en/health-canada/corporate/about-health-canada/activities-responsibilities/access-information-privacy/info-source-federal-government-employee-information.html,https://www.canada.ca/fr/sante-canada/organisation/a-propos-sante-canada/activites-responsabilites/acces-information-protection-renseignements-personnels/info-source-renseignements-gouvernement-federal-fonctionnaires-federaux.html#a21
institution:ati-schedule-i-department-of-health:HC PPU 088,institution,HC PPU 088,Department of Health,Branch Incident Reporting,Déclaration des incidents,possible_only,,q_business_supplier|q_complaint_appeal|q_health_disability|q_justice_safety,https://www.canada.ca/en/health-canada/corporate/about-health-canada/activities-responsibilities/access-information-privacy/info-source-federal-government-employee-information.html,https://www.canada.ca/fr/sante-canada/organisation/a-propos-sante-canada/activites-responsabilites/acces-information-protection-renseignements-personnels/info-source-renseignements-gouvernement-federal-fonctionnaires-federaux.html#a21
institution:ati-schedule-i-department-of-health:HC PPU 402,institution,HC PPU 402,Department of Health,Compliance and Enforcement - Pest Control Products,Conformité et application de la loi - Produits antiparasitaires,direct,q_business_supplier,q_business_supplier|q_complaint_appeal|q_health_disability|q_justice_safety,https://www.canada.ca/en/health-canada/corporate/about-health-canada/activities-responsibilities/access-information-privacy/info-source-federal-government-employee-information.html,https://www.canada.ca/fr/sante-canada/organisation/a-propos-sante-canada/activites-responsabilites/acces-information-protection-renseignements-personnels/info-source-renseignements-gouvernement-federal-fonctionnaires-federaux.html#a21
institution:ati-schedule-i-department-of-health:HC PPU 074,institution,HC PPU 074,Department of Health,Production of Cannabis for Own Medical Purposes Registration Program,Programme d'inscription pour la production de cannabis à des fins médicales,direct,q_health_disability,q_business_supplier|q_health_disability|q_justice_safety,https://www.canada.ca/en/health-canada/corporate/about-health-canada/activities-responsibilities/access-information-privacy/info-source-federal-government-employee-information.html,https://www.canada.ca/fr/sante-canada/organisation/a-propos-sante-canada/activites-responsabilites/acces-information-protection-renseignements-personnels/info-source-renseignements-gouvernement-federal-fonctionnaires-federaux.html#a21
institution:ati-schedule-i-department-of-health:HC PPU 060,institution,HC PPU 060,Department of Health,Methadone Program,Programme relatif à la méthadone,possible_only,,q_business_supplier|q_health_disability,https://www.canada.ca/en/health-canada/corporate/about-health-canada/activities-responsibilities/access-information-privacy/info-source-federal-government-employee-information.html,https://www.canada.ca/fr/sante-canada/organisation/a-propos-sante-canada/activites-responsabilites/acces-information-protection-renseignements-personnels/info-source-renseignements-gouvernement-federal-fonctionnaires-federaux.html#a21
institution:ati-schedule-i-department-of-health:HC PPU 045,institution,HC PPU 045,Department of Health,Monthly Activities Reports and Annual Reports of Licensed Dealers,Rapports d'activités mensuels et rapports annuels des distributeurs autorisés,direct,q_business_supplier,q_business_supplier|q_education_training|q_health_disability|q_justice_safety,https://www.canada.ca/en/health-canada/corporate/about-health-canada/activities-responsibilities/access-information-privacy/info-source-federal-government-employee-information.html,https://www.canada.ca/fr/sante-canada/organisation/a-propos-sante-canada/activites-responsabilites/acces-information-protection-renseignements-personnels/info-source-renseignements-gouvernement-federal-fonctionnaires-federaux.html#a21
institution:ati-schedule-i-department-of-health:HC PPU 040,institution,HC PPU 040,Department of Health,Subsection 56(1) Exemptions under the *Controlled Drugs and Substances Act,Paragraphe 56(1) Exemptions prévues par la *Loi réglementant certaines drogues et autres substances,possible_only,,q_business_supplier|q_education_training|q_health_disability|q_justice_safety|q_travel_border,https://www.canada.ca/en/health-canada/corporate/about-health-canada/activities-responsibilities/access-information-privacy/info-source-federal-government-employee-information.html,https://www.canada.ca/fr/sante-canada/organisation/a-propos-sante-canada/activites-responsabilites/acces-information-protection-renseignements-personnels/info-source-renseignements-gouvernement-federal-fonctionnaires-federaux.html#a21
institution:ati-schedule-i-department-of-health:HC PPU 434,institution,HC PPU 434,Department of Health,Loss or Theft of Controlled Substances and Precursors,Perte ou vol de substances et de précurseurs contrôlés,possible_only,,q_business_supplier|q_education_training|q_health_disability|q_justice_safety,https://www.canada.ca/en/health-canada/corporate/about-health-canada/activities-responsibilities/access-information-privacy/info-source-federal-government-employee-information.html,https://www.canada.ca/fr/sante-canada/organisation/a-propos-sante-canada/activites-responsabilites/acces-information-protection-renseignements-personnels/info-source-renseignements-gouvernement-federal-fonctionnaires-federaux.html#a21
institution:ati-schedule-i-department-of-health:HC PPU 448,institution,HC PPU 448,Department of Health,Licenses and Registration of Controlled Substances and Precursor Chemicals under the *Controlled Drugs and Substances Act* (CDSA),Licences et enregistrement des substances contrôlées et des précurseurs chimiques en vertu de la *Loi réglementant certaines drogues et autres substances* (LRCDAS),direct,q_business_supplier,q_business_supplier|q_education_training|q_government_work|q_health_disability|q_justice_safety|q_money_programs,https://www.canada.ca/en/health-canada/corporate/about-health-canada/activities-responsibilities/access-information-privacy/info-source-federal-government-employee-information.html,https://www.canada.ca/fr/sante-canada/organisation/a-propos-sante-canada/activites-responsabilites/acces-information-protection-renseignements-personnels/info-source-renseignements-gouvernement-federal-fonctionnaires-federaux.html#a21
institution:ati-schedule-i-department-of-health:HC PPU 447,institution,HC PPU 447,Department of Health,Reporting of suspicious transactions for controlled substances and precursors chemicals,Déclaration des opérations suspectes concernant les substances contrôlées et les précurseurs chimiques,possible_only,,q_business_supplier|q_health_disability|q_justice_safety,https://www.canada.ca/en/health-canada/corporate/about-health-canada/activities-responsibilities/access-information-privacy/info-source-federal-government-employee-information.html,https://www.canada.ca/fr/sante-canada/organisation/a-propos-sante-canada/activites-responsabilites/acces-information-protection-renseignements-personnels/info-source-renseignements-gouvernement-federal-fonctionnaires-federaux.html#a21
institution:ati-schedule-i-department-of-health:HC PPU 443,institution,HC PPU 443,Department of Health,Status Confirmation Service,Service de confirmation du statut,possible_only,,q_business_supplier|q_civic_contact|q_health_disability|q_justice_safety,https://www.canada.ca/en/health-canada/corporate/about-health-canada/activities-responsibilities/access-information-privacy/info-source-federal-government-employee-information.html,https://www.canada.ca/fr/sante-canada/organisation/a-propos-sante-canada/activites-responsabilites/acces-information-protection-renseignements-personnels/info-source-renseignements-gouvernement-federal-fonctionnaires-federaux.html#a21
institution:ati-schedule-i-department-of-health:HC PPU 449,institution,HC PPU 449,Department of Health,Seizure and Disposition Reporting,Rapports sur les saisies et les dispositions,possible_only,,q_health_disability,https://www.canada.ca/en/health-canada/corporate/about-health-canada/activities-responsibilities/access-information-privacy/info-source-federal-government-employee-information.html,https://www.canada.ca/fr/sante-canada/organisation/a-propos-sante-canada/activites-responsabilites/acces-information-protection-renseignements-personnels/info-source-renseignements-gouvernement-federal-fonctionnaires-federaux.html#a21
institution:ati-schedule-i-department-of-health:HC PPU 444,institution,HC PPU 444,Department of Health,Botulism Reference Service for Canada,Service de référence pour le botulisme au Canada,possible_only,,q_health_disability,https://www.canada.ca/en/health-canada/corporate/about-health-canada/activities-responsibilities/access-information-privacy/info-source-federal-government-employee-information.html,https://www.canada.ca/fr/sante-canada/organisation/a-propos-sante-canada/activites-responsabilites/acces-information-protection-renseignements-personnels/info-source-renseignements-gouvernement-federal-fonctionnaires-federaux.html#a21
institution:ati-schedule-i-department-of-health:HC PPU 076,institution,HC PPU 076,Department of Health,Great Lakes Health Effects Cohort Study,Étude par cohorte sur les effets des Grands Lacs sur la santé,direct,q_health_disability,q_business_supplier|q_culture_volunteer|q_government_work|q_health_disability,https://www.canada.ca/en/health-canada/corporate/about-health-canada/activities-responsibilities/access-information-privacy/info-source-federal-government-employee-information.html,https://www.canada.ca/fr/sante-canada/organisation/a-propos-sante-canada/activites-responsabilites/acces-information-protection-renseignements-personnels/info-source-renseignements-gouvernement-federal-fonctionnaires-federaux.html#a21
institution:ati-schedule-i-department-of-health:HC PPU 079,institution,HC PPU 079,Department of Health,Fish & Wildlife Nutrition Project in Areas of Concern,Étude sur l'alimentation dans les secteurs préoccupants : poissons et faune aquatique,possible_only,,q_business_supplier|q_health_disability|q_research_survey,https://www.canada.ca/en/health-canada/corporate/about-health-canada/activities-responsibilities/access-information-privacy/info-source-federal-government-employee-information.html,https://www.canada.ca/fr/sante-canada/organisation/a-propos-sante-canada/activites-responsabilites/acces-information-protection-renseignements-personnels/info-source-renseignements-gouvernement-federal-fonctionnaires-federaux.html#a21
institution:ati-schedule-i-department-of-health:HC PPU 037,institution,HC PPU 037,Department of Health,Ontario Farm Family Health Study,Enquête sur la santé des familles agricoles de l'Ontario,direct,q_health_disability,q_health_disability,https://www.canada.ca/en/health-canada/corporate/about-health-canada/activities-responsibilities/access-information-privacy/info-source-federal-government-employee-information.html,https://www.canada.ca/fr/sante-canada/organisation/a-propos-sante-canada/activites-responsabilites/acces-information-protection-renseignements-personnels/info-source-renseignements-gouvernement-federal-fonctionnaires-federaux.html#a21
institution:ati-schedule-i-department-of-health:HC PPU 035,institution,HC PPU 035,Department of Health,Pesticide Exposure Assessment Pilot Study,Étude pilote sur l'évaluation de l'exposition aux pesticides,direct,,q_family_vital|q_health_disability,https://www.canada.ca/en/health-canada/corporate/about-health-canada/activities-responsibilities/access-information-privacy/info-source-federal-government-employee-information.html,https://www.canada.ca/fr/sante-canada/organisation/a-propos-sante-canada/activites-responsabilites/acces-information-protection-renseignements-personnels/info-source-renseignements-gouvernement-federal-fonctionnaires-federaux.html#a21
institution:ati-schedule-i-department-of-health:HC PPU 084,institution,HC PPU 084,Department of Health,St. Lawrence Vision 2000 Health Components Project,Projets du volet santé de Saint-Laurent Vision 2000,direct,q_health_disability,q_complaint_appeal|q_culture_volunteer|q_education_training|q_health_disability|q_immigration|q_research_survey,https://www.canada.ca/en/health-canada/corporate/about-health-canada/activities-responsibilities/access-information-privacy/info-source-federal-government-employee-information.html,https://www.canada.ca/fr/sante-canada/organisation/a-propos-sante-canada/activites-responsabilites/acces-information-protection-renseignements-personnels/info-source-renseignements-gouvernement-federal-fonctionnaires-federaux.html#a21
institution:ati-schedule-i-department-of-health:HC PPU 005,institution,HC PPU 005,Department of Health,Technical Support Files,Soutien technique,possible_only,,q_government_work|q_health_disability|q_indigenous_services,https://www.canada.ca/en/health-canada/corporate/about-health-canada/activities-responsibilities/access-information-privacy/info-source-federal-government-employee-information.html,https://www.canada.ca/fr/sante-canada/organisation/a-propos-sante-canada/activites-responsabilites/acces-information-protection-renseignements-personnels/info-source-renseignements-gouvernement-federal-fonctionnaires-federaux.html#a21
institution:ati-schedule-i-department-of-health:HC PPU 200,institution,HC PPU 200,Department of Health,Research into the Effects of Chemicals on Humans,Étude sur les répercussions des produits chimiques sur les humains,direct,q_research_survey,q_access_privacy|q_culture_volunteer|q_health_disability|q_research_survey,https://www.canada.ca/en/health-canada/corporate/about-health-canada/activities-responsibilities/access-information-privacy/info-source-federal-government-employee-information.html,https://www.canada.ca/fr/sante-canada/organisation/a-propos-sante-canada/activites-responsabilites/acces-information-protection-renseignements-personnels/info-source-renseignements-gouvernement-federal-fonctionnaires-federaux.html#a21
institution:ati-schedule-i-department-of-health:HC PPU 409,institution,HC PPU 409,Department of Health,Scientific Review and Evaluation Experts,Experts en matière d'examen scientifique et d'évaluation,possible_only,,q_business_supplier|q_culture_volunteer|q_health_disability,https://www.canada.ca/en/health-canada/corporate/about-health-canada/activities-responsibilities/access-information-privacy/info-source-federal-government-employee-information.html,https://www.canada.ca/fr/sante-canada/organisation/a-propos-sante-canada/activites-responsabilites/acces-information-protection-renseignements-personnels/info-source-renseignements-gouvernement-federal-fonctionnaires-federaux.html#a21
institution:ati-schedule-i-department-of-health:HC PPU 415,institution,HC PPU 415,Department of Health,Medical Devices Problem Reporting Program,Programme de déclaration d'incidents relatifs au matériel médical,direct,q_health_disability,q_access_privacy|q_business_supplier|q_civic_contact|q_complaint_appeal|q_health_disability|q_justice_safety,https://www.canada.ca/en/health-canada/corporate/about-health-canada/activities-responsibilities/access-information-privacy/info-source-federal-government-employee-information.html,https://www.canada.ca/fr/sante-canada/organisation/a-propos-sante-canada/activites-responsabilites/acces-information-protection-renseignements-personnels/info-source-renseignements-gouvernement-federal-fonctionnaires-federaux.html#a21
institution:ati-schedule-i-department-of-health:HC PPU 430,institution,HC PPU 430,Department of Health,Special Access Program - Medical Devices,Programme d'accès spécial - Matériel médical,direct,q_health_disability,q_business_supplier|q_emergency|q_health_disability,https://www.canada.ca/en/health-canada/corporate/about-health-canada/activities-responsibilities/access-information-privacy/info-source-federal-government-employee-information.html,https://www.canada.ca/fr/sante-canada/organisation/a-propos-sante-canada/activites-responsabilites/acces-information-protection-renseignements-personnels/info-source-renseignements-gouvernement-federal-fonctionnaires-federaux.html#a21
institution:ati-schedule-i-department-of-health:HC PPU 405,institution,HC PPU 405,Department of Health,Compliance and Enforcement - Medical Devices,Conformité et application de la loi - Matériel médical,direct,q_business_supplier|q_health_disability,q_access_privacy|q_business_supplier|q_complaint_appeal|q_health_disability|q_justice_safety,https://www.canada.ca/en/health-canada/corporate/about-health-canada/activities-responsibilities/access-information-privacy/info-source-federal-government-employee-information.html,https://www.canada.ca/fr/sante-canada/organisation/a-propos-sante-canada/activites-responsabilites/acces-information-protection-renseignements-personnels/info-source-renseignements-gouvernement-federal-fonctionnaires-federaux.html#a21
institution:ati-schedule-i-department-of-health:HC PPU 406,institution,HC PPU 406,Department of Health,Compliance and Enforcement - Natural Health Products,Conformité et application de la loi - Produits de santé naturels,direct,q_business_supplier|q_complaint_appeal|q_health_disability,q_business_supplier|q_complaint_appeal|q_health_disability|q_justice_safety,https://www.canada.ca/en/health-canada/corporate/about-health-canada/activities-responsibilities/access-information-privacy/info-source-federal-government-employee-information.html,https://www.canada.ca/fr/sante-canada/organisation/a-propos-sante-canada/activites-responsabilites/acces-information-protection-renseignements-personnels/info-source-renseignements-gouvernement-federal-fonctionnaires-federaux.html#a21
institution:ati-schedule-i-department-of-health:HC PPU 315,institution,HC PPU 315,Department of Health,Pesticide Incident Reporting,Rapports d'incidents liés aux pesticides,possible_only,,q_business_supplier|q_civic_contact|q_health_disability,https://www.canada.ca/en/health-canada/corporate/about-health-canada/activities-responsibilities/access-information-privacy/info-source-federal-government-employee-information.html,https://www.canada.ca/fr/sante-canada/organisation/a-propos-sante-canada/activites-responsabilites/acces-information-protection-renseignements-personnels/info-source-renseignements-gouvernement-federal-fonctionnaires-federaux.html#a21
institution:ati-schedule-i-department-of-health:HC PPU 414,institution,HC PPU 414,Department of Health,"Special Access Program - Pharmaceuticals, Biologic and Radio-Pharmaceuticals","Programme d'accès spécial - Produits pharmaceutiques, biologiques et radiopharmaceutiques",direct,q_access_privacy|q_health_disability,q_access_privacy|q_business_supplier|q_emergency|q_health_disability|q_military_veterans,https://www.canada.ca/en/health-canada/corporate/about-health-canada/activities-responsibilities/access-information-privacy/info-source-federal-government-employee-information.html,https://www.canada.ca/fr/sante-canada/organisation/a-propos-sante-canada/activites-responsabilites/acces-information-protection-renseignements-personnels/info-source-renseignements-gouvernement-federal-fonctionnaires-federaux.html#a21
institution:ati-schedule-i-department-of-health:HC PPU 445,institution,HC PPU 445,Department of Health,Veterinary Health Products Notification Program,Produits de santé animale - Programme de notification,direct,q_health_disability,q_civic_contact|q_health_disability,https://www.canada.ca/en/health-canada/corporate/about-health-canada/activities-responsibilities/access-information-privacy/info-source-federal-government-employee-information.html,https://www.canada.ca/fr/sante-canada/organisation/a-propos-sante-canada/activites-responsabilites/acces-information-protection-renseignements-personnels/info-source-renseignements-gouvernement-federal-fonctionnaires-federaux.html#a21
institution:ati-schedule-i-department-of-health:HC PPU 407,institution,HC PPU 407,Department of Health,Compliance and Enforcement - Pharmaceutical Drugs,Conformité et application de la loi - Médicaments pharmaceutiques,direct,q_business_supplier|q_complaint_appeal,q_business_supplier|q_complaint_appeal|q_health_disability|q_justice_safety,https://www.canada.ca/en/health-canada/corporate/about-health-canada/activities-responsibilities/access-information-privacy/info-source-federal-government-employee-information.html,https://www.canada.ca/fr/sante-canada/organisation/a-propos-sante-canada/activites-responsabilites/acces-information-protection-renseignements-personnels/info-source-renseignements-gouvernement-federal-fonctionnaires-federaux.html#a21
institution:ati-schedule-i-department-of-health:HC PPU 450,institution,HC PPU 450,Department of Health,Biocides Compliance and Enforcement,Conformité et application des lois relatives aux biocides,direct,q_business_supplier|q_complaint_appeal,q_business_supplier|q_complaint_appeal|q_education_training|q_health_disability|q_justice_safety,https://www.canada.ca/en/health-canada/corporate/about-health-canada/activities-responsibilities/access-information-privacy/info-source-federal-government-employee-information.html,https://www.canada.ca/fr/sante-canada/organisation/a-propos-sante-canada/activites-responsabilites/acces-information-protection-renseignements-personnels/info-source-renseignements-gouvernement-federal-fonctionnaires-federaux.html#a21
institution:ati-schedule-i-department-of-health:HC PPU 312,institution,HC PPU 312,Department of Health,Biological Dosimetry Service,Service de dosimétrie biologique,possible_only,,q_business_supplier|q_emergency|q_government_work|q_health_disability|q_justice_safety,https://www.canada.ca/en/health-canada/corporate/about-health-canada/activities-responsibilities/access-information-privacy/info-source-federal-government-employee-information.html,https://www.canada.ca/fr/sante-canada/organisation/a-propos-sante-canada/activites-responsabilites/acces-information-protection-renseignements-personnels/info-source-renseignements-gouvernement-federal-fonctionnaires-federaux.html#a21
institution:ati-schedule-i-department-of-health:HC PPU 310,institution,HC PPU 310,Department of Health,Biological and Other Research Related to Radiation,Recherches sur les effets biologiques et autres recherches sur les radiations,possible_only,,q_access_privacy|q_culture_volunteer|q_health_disability,https://www.canada.ca/en/health-canada/corporate/about-health-canada/activities-responsibilities/access-information-privacy/info-source-federal-government-employee-information.html,https://www.canada.ca/fr/sante-canada/organisation/a-propos-sante-canada/activites-responsabilites/acces-information-protection-renseignements-personnels/info-source-renseignements-gouvernement-federal-fonctionnaires-federaux.html#a21
institution:ati-schedule-i-department-of-health:HC PPU 080,institution,HC PPU 080,Department of Health,National Dose Registry (NDR) for Occupational Exposures,Fichier dosimétrique national (FDN) des expositions professionnelles,possible_only,,q_business_supplier|q_government_work|q_health_disability|q_justice_safety|q_money_programs,https://www.canada.ca/en/health-canada/corporate/about-health-canada/activities-responsibilities/access-information-privacy/info-source-federal-government-employee-information.html,https://www.canada.ca/fr/sante-canada/organisation/a-propos-sante-canada/activites-responsabilites/acces-information-protection-renseignements-personnels/info-source-renseignements-gouvernement-federal-fonctionnaires-federaux.html#a21
institution:ati-schedule-i-department-of-health:HC PPU 431,institution,HC PPU 431,Department of Health,National Dosimetry Services (NDS) Division,Division des Services nationaux de dosimétrie (SND),possible_only,,q_business_supplier|q_emergency|q_government_work|q_health_disability,https://www.canada.ca/en/health-canada/corporate/about-health-canada/activities-responsibilities/access-information-privacy/info-source-federal-government-employee-information.html,https://www.canada.ca/fr/sante-canada/organisation/a-propos-sante-canada/activites-responsabilites/acces-information-protection-renseignements-personnels/info-source-renseignements-gouvernement-federal-fonctionnaires-federaux.html#a21
institution:ati-schedule-i-department-of-health:HC PCE 701,institution,HC PCE 701,Department of Health,Public Service Occupational Health Program,Programme de santé au travail des fonctionnaires fédéraux,direct,q_government_work|q_health_disability,q_business_supplier|q_civic_contact|q_complaint_appeal|q_family_vital|q_government_work|q_health_disability,https://www.canada.ca/en/health-canada/corporate/about-health-canada/activities-responsibilities/access-information-privacy/info-source-federal-government-employee-information.html,https://www.canada.ca/fr/sante-canada/organisation/a-propos-sante-canada/activites-responsabilites/acces-information-protection-renseignements-personnels/info-source-renseignements-gouvernement-federal-fonctionnaires-federaux.html#a21
institution:ati-schedule-i-department-of-health:HC PCU 705,institution,HC PCU 705,Department of Health,Employee Assistance Services,Services d'aide aux employés,possible_only,,q_access_privacy|q_business_supplier|q_civic_contact|q_complaint_appeal|q_government_work|q_health_disability|q_justice_safety,https://www.canada.ca/en/health-canada/corporate/about-health-canada/activities-responsibilities/access-information-privacy/info-source-federal-government-employee-information.html,https://www.canada.ca/fr/sante-canada/organisation/a-propos-sante-canada/activites-responsabilites/acces-information-protection-renseignements-personnels/info-source-renseignements-gouvernement-federal-fonctionnaires-federaux.html#a21
institution:ati-schedule-i-department-of-health:HC PPU 921,institution,HC PPU 921,Department of Health,Peer Support Program,Programme de soutien par les pairs,possible_only,,q_business_supplier|q_culture_volunteer|q_emergency|q_government_work|q_health_disability,https://www.canada.ca/en/health-canada/corporate/about-health-canada/activities-responsibilities/access-information-privacy/info-source-federal-government-employee-information.html,https://www.canada.ca/fr/sante-canada/organisation/a-propos-sante-canada/activites-responsabilites/acces-information-protection-renseignements-personnels/info-source-renseignements-gouvernement-federal-fonctionnaires-federaux.html#a21
institution:ati-schedule-i-department-of-health:HC PPU 446,institution,HC PPU 446,Department of Health,Internationally Protected Persons Program,Programme des personnes protégées au niveau international,possible_only,,q_emergency|q_family_vital|q_government_work|q_health_disability,https://www.canada.ca/en/health-canada/corporate/about-health-canada/activities-responsibilities/access-information-privacy/info-source-federal-government-employee-information.html,https://www.canada.ca/fr/sante-canada/organisation/a-propos-sante-canada/activites-responsabilites/acces-information-protection-renseignements-personnels/info-source-renseignements-gouvernement-federal-fonctionnaires-federaux.html#a21
institution:ati-schedule-i-department-of-health:HC PPU 022,institution,HC PPU 022,Department of Health,Nurse and Healthcare Practitioner Practice and Standards Reviews,Examens des pratiques et normes des infirmières et des professionnels de la santé,possible_only,,q_business_supplier|q_complaint_appeal|q_government_work|q_health_disability|q_justice_safety,https://www.canada.ca/en/health-canada/corporate/about-health-canada/activities-responsibilities/access-information-privacy/info-source-federal-government-employee-information.html,https://www.canada.ca/fr/sante-canada/organisation/a-propos-sante-canada/activites-responsabilites/acces-information-protection-renseignements-personnels/info-source-renseignements-gouvernement-federal-fonctionnaires-federaux.html#a21
institution:ati-schedule-i-department-of-health:HC PPU 038,institution,HC PPU 038,Department of Health,Case-Control Study on Passive Smoking and Lung Cancer,Étude de cas témoins sur l'inhalation passive de fumée du tabac et le cancer du poumon,possible_only,,q_health_disability,https://www.canada.ca/en/health-canada/corporate/about-health-canada/activities-responsibilities/access-information-privacy/info-source-federal-government-employee-information.html,https://www.canada.ca/fr/sante-canada/organisation/a-propos-sante-canada/activites-responsabilites/acces-information-protection-renseignements-personnels/info-source-renseignements-gouvernement-federal-fonctionnaires-federaux.html#a21
institution:ati-schedule-i-department-of-health:HC PPU 410,institution,HC PPU 410,Department of Health,Outreach Activities Related to Tobacco and Vaping Products,Activités de sensibilisation liées au tabac et les produits de vapotage,possible_only,,q_access_privacy|q_business_supplier|q_civic_contact|q_health_disability|q_indigenous_services,https://www.canada.ca/en/health-canada/corporate/about-health-canada/activities-responsibilities/access-information-privacy/info-source-federal-government-employee-information.html,https://www.canada.ca/fr/sante-canada/organisation/a-propos-sante-canada/activites-responsabilites/acces-information-protection-renseignements-personnels/info-source-renseignements-gouvernement-federal-fonctionnaires-federaux.html#a21
institution:ati-schedule-i-department-of-health:HC PPU 305,institution,HC PPU 305,Department of Health,"Tobacco Labelling Licenses Agreements, Authorization and Consent Forms","Contrats de licence sur l'étiquetage des produits du tabac, autorisations et formulaires de consentement",direct,q_business_supplier,q_business_supplier|q_health_disability,https://www.canada.ca/en/health-canada/corporate/about-health-canada/activities-responsibilities/access-information-privacy/info-source-federal-government-employee-information.html,https://www.canada.ca/fr/sante-canada/organisation/a-propos-sante-canada/activites-responsabilites/acces-information-protection-renseignements-personnels/info-source-renseignements-gouvernement-federal-fonctionnaires-federaux.html#a21
institution:ati-schedule-i-department-of-health:HC PPU 432,institution,HC PPU 432,Department of Health,Tobacco and Vaping Product Research,Recherche sur le tabac et les produits de vapotage,direct,q_research_survey,q_access_privacy|q_business_supplier|q_culture_volunteer|q_health_disability|q_research_survey,https://www.canada.ca/en/health-canada/corporate/about-health-canada/activities-responsibilities/access-information-privacy/info-source-federal-government-employee-information.html,https://www.canada.ca/fr/sante-canada/organisation/a-propos-sante-canada/activites-responsabilites/acces-information-protection-renseignements-personnels/info-source-renseignements-gouvernement-federal-fonctionnaires-federaux.html#a21
institution:ati-schedule-i-department-of-health:HC PPU 433,institution,HC PPU 433,Department of Health,"Tobacco and Vaping Products Compliance, Monitoring and Enforcement","Conformité, surveillance et application de la loi relativement au tabac et aux produits de vapotage",direct,q_business_supplier,q_access_privacy|q_business_supplier|q_complaint_appeal|q_health_disability|q_justice_safety,https://www.canada.ca/en/health-canada/corporate/about-health-canada/activities-responsibilities/access-information-privacy/info-source-federal-government-employee-information.html,https://www.canada.ca/fr/sante-canada/organisation/a-propos-sante-canada/activites-responsabilites/acces-information-protection-renseignements-personnels/info-source-renseignements-gouvernement-federal-fonctionnaires-federaux.html#a21
institution:ati-schedule-i-department-of-housing-infrastructure-and-communities:HICC PPU 005,institution,HICC PPU 005,"Department of Housing, Infrastructure and Communities","Housing, Infrastructure and Communities Canada Grants and Contributions",,direct,q_housing_property|q_money_programs,q_access_privacy|q_business_supplier|q_emergency|q_housing_property|q_indigenous_services|q_justice_safety|q_money_programs|q_research_survey,https://housing-infrastructure.canada.ca/infosource/infosource-eng.html,https://housing-infrastructure.canada.ca/infosource/infosource-fra.html
institution:ati-schedule-i-department-of-housing-infrastructure-and-communities:HICC PPE 005,institution,HICC PPE 005,"Department of Housing, Infrastructure and Communities","Housing, Infrastructure and Communities Canada Hybrid Monitoring and Reporting","Logement, Infrastructures et Collectivités Canada – surveillance et rapports hybrides",direct,q_government_work|q_housing_property,q_business_supplier|q_government_work|q_health_disability|q_housing_property,https://housing-infrastructure.canada.ca/infosource/infosource-eng.html,https://housing-infrastructure.canada.ca/infosource/infosource-fra.html
institution:ati-schedule-i-department-of-housing-infrastructure-and-communities:HICC PPU 010,institution,HICC PPU 010,"Department of Housing, Infrastructure and Communities",Research and Knowledge Initiative,Initiative de recherche et de connaissances,possible_only,,q_access_privacy|q_housing_property|q_indigenous_services|q_money_programs,https://housing-infrastructure.canada.ca/infosource/infosource-eng.html,https://housing-infrastructure.canada.ca/infosource/infosource-fra.html
institution:ati-schedule-i-department-of-housing-infrastructure-and-communities:HICC PPU 015,institution,HICC PPU 015,"Department of Housing, Infrastructure and Communities","Housing, Infrastructure and Communities Canada Staffing","Dotation de Logement, Infrastructures et Collectivités Canada",direct,q_government_work|q_housing_property,q_business_supplier|q_civic_contact|q_complaint_appeal|q_government_work|q_health_disability|q_housing_property|q_immigration|q_justice_safety,https://housing-infrastructure.canada.ca/infosource/infosource-eng.html,https://housing-infrastructure.canada.ca/infosource/infosource-fra.html
institution:ati-schedule-i-department-of-indigenous-services:ISC PPU 016,institution,ISC PPU 016,Department of Indigenous Services,Health Information and Claims Processing,Traitement des renseignements et des demandes de paiement pour services de santé,direct,q_health_disability|q_indigenous_services|q_money_programs,q_access_privacy|q_business_supplier|q_complaint_appeal|q_health_disability|q_indigenous_services|q_money_programs,https://www.sac-isc.gc.ca/eng/1639748667069/1639748703555,https://www.sac-isc.gc.ca/fra/1639748667069/1639748703555
institution:ati-schedule-i-department-of-indigenous-services:ISC PPU 017,institution,ISC PPU 017,Department of Indigenous Services,Status verification,Vérification du statut,direct,q_indigenous_services,q_access_privacy|q_health_disability|q_indigenous_services|q_money_programs,https://www.sac-isc.gc.ca/eng/1639748667069/1639748703555,https://www.sac-isc.gc.ca/fra/1639748667069/1639748703555
institution:ati-schedule-i-department-of-indigenous-services:ISC PPU 401,institution,ISC PPU 401,Department of Indigenous Services,Medical Transportation Benefits,Prestations relatives au transport pour raison médicale,direct,q_health_disability|q_indigenous_services,q_business_supplier|q_complaint_appeal|q_health_disability|q_indigenous_services|q_money_programs|q_travel_border,https://www.sac-isc.gc.ca/eng/1639748667069/1639748703555,https://www.sac-isc.gc.ca/fra/1639748667069/1639748703555
institution:ati-schedule-i-department-of-indigenous-services:ISC PPU 014,institution,ISC PPU 014,Department of Indigenous Services,Clinical and client care,Programme de soins cliniques et aux clients,direct,q_indigenous_services,q_business_supplier|q_civic_contact|q_health_disability|q_indigenous_services|q_justice_safety|q_money_programs,https://www.sac-isc.gc.ca/eng/1639748667069/1639748703555,https://www.sac-isc.gc.ca/fra/1639748667069/1639748703555
institution:ati-schedule-i-department-of-indigenous-services:ISC PPU 008,institution,ISC PPU 008,Department of Indigenous Services,Community Oral Health services,Services communautaires de santé bucco-dentaire,direct,q_health_disability|q_indigenous_services,q_family_vital|q_health_disability|q_indigenous_services,https://www.sac-isc.gc.ca/eng/1639748667069/1639748703555,https://www.sac-isc.gc.ca/fra/1639748667069/1639748703555
institution:ati-schedule-i-department-of-indigenous-services:ISC PPU 009,institution,ISC PPU 009,Department of Indigenous Services,Treaty Annuities,Annuités découlant des traités,possible_only,,q_family_vital|q_indigenous_services|q_money_programs,https://www.sac-isc.gc.ca/eng/1639748667069/1639748703555,https://www.sac-isc.gc.ca/fra/1639748667069/1639748703555
institution:ati-schedule-i-department-of-indigenous-services:ISC PPU 220,institution,ISC PPU 220,Department of Indigenous Services,Indian Genealogy,Généalogie des Indiens,possible_only,,q_business_supplier|q_complaint_appeal|q_family_vital|q_indigenous_services|q_money_programs,https://www.sac-isc.gc.ca/eng/1639748667069/1639748703555,https://www.sac-isc.gc.ca/fra/1639748667069/1639748703555
institution:ati-schedule-i-department-of-indigenous-services:ISC PPU 110,institution,ISC PPU 110,Department of Indigenous Services,Indian Register and Departmentally Administered Band Lists,Registre des Indiens et listes de bandes tenues au ministère,direct,,q_culture_volunteer|q_education_training|q_family_vital|q_health_disability|q_indigenous_services,https://www.sac-isc.gc.ca/eng/1639748667069/1639748703555,https://www.sac-isc.gc.ca/fra/1639748667069/1639748703555
institution:ati-schedule-i-department-of-indigenous-services:ISC PPU 121,institution,ISC PPU 121,Department of Indigenous Services,Band Fund Accounts,Comptes de fonds des bandes,possible_only,,q_access_privacy|q_family_vital|q_indigenous_services,https://www.sac-isc.gc.ca/eng/1639748667069/1639748703555,https://www.sac-isc.gc.ca/fra/1639748667069/1639748703555
institution:ati-schedule-i-department-of-indigenous-services:ISC PPU 122,institution,ISC PPU 122,Department of Indigenous Services,Trust Fund Suspense Accounts,Comptes d'attente pour les fonds en fiducie,direct,q_indigenous_services,q_access_privacy|q_family_vital|q_indigenous_services,https://www.sac-isc.gc.ca/eng/1639748667069/1639748703555,https://www.sac-isc.gc.ca/fra/1639748667069/1639748703555
institution:ati-schedule-i-department-of-indigenous-services:ISC PPU 125,institution,ISC PPU 125,Department of Indigenous Services,Individual Trust Fund Accounts,Comptes individuels des fonds en fiducie,possible_only,,q_family_vital|q_indigenous_services,https://www.sac-isc.gc.ca/eng/1639748667069/1639748703555,https://www.sac-isc.gc.ca/fra/1639748667069/1639748703555
institution:ati-schedule-i-department-of-indigenous-services:ISC PPU 105,institution,ISC PPU 105,Department of Indigenous Services,First Nations Estates,Successions des Premières Nations,direct,q_indigenous_services,q_family_vital|q_indigenous_services|q_tax_customs,https://www.sac-isc.gc.ca/eng/1639748667069/1639748703555,https://www.sac-isc.gc.ca/fra/1639748667069/1639748703555
institution:ati-schedule-i-department-of-indigenous-services:ISC PPU 230,institution,ISC PPU 230,Department of Indigenous Services,Per Capita Distributions,Distribution par personne,possible_only,,q_indigenous_services|q_money_programs,https://www.sac-isc.gc.ca/eng/1639748667069/1639748703555,https://www.sac-isc.gc.ca/fra/1639748667069/1639748703555
institution:ati-schedule-i-department-of-indigenous-services:ISC PPU 019,institution,ISC PPU 019,Department of Indigenous Services,Home and Community Care,Soins à domicile et en milieu communautaire,direct,q_indigenous_services,q_access_privacy|q_business_supplier|q_education_training|q_health_disability|q_indigenous_services|q_money_programs,https://www.sac-isc.gc.ca/eng/1639748667069/1639748703555,https://www.sac-isc.gc.ca/fra/1639748667069/1639748703555
institution:ati-schedule-i-department-of-indigenous-services:ISC PPU 021,institution,ISC PPU 021,Department of Indigenous Services,Methylmercury levels in First Nations and Inuit peoples in Canada,Niveaux de méthylmercure dans les collectivités des Premières Nations et inuites du Canada,direct,q_indigenous_services,q_culture_volunteer|q_education_training|q_family_vital|q_health_disability|q_indigenous_services,https://www.sac-isc.gc.ca/eng/1639748667069/1639748703555,https://www.sac-isc.gc.ca/fra/1639748667069/1639748703555
institution:ati-schedule-i-department-of-indigenous-services:ISC PPU 400,institution,ISC PPU 400,Department of Indigenous Services,Environmental public health,Sante publique environnementale,direct,q_health_disability|q_indigenous_services,q_business_supplier|q_complaint_appeal|q_education_training|q_health_disability|q_indigenous_services|q_justice_safety,https://www.sac-isc.gc.ca/eng/1639748667069/1639748703555,https://www.sac-isc.gc.ca/fra/1639748667069/1639748703555
institution:ati-schedule-i-department-of-indigenous-services:ISC PPU 023,institution,ISC PPU 023,Department of Indigenous Services,Communicable disease control and management,Contrôle et gestion des maladies transmissibles,direct,q_indigenous_services,q_business_supplier|q_health_disability|q_indigenous_services|q_money_programs,https://www.sac-isc.gc.ca/eng/1639748667069/1639748703555,https://www.sac-isc.gc.ca/fra/1639748667069/1639748703555
institution:ati-schedule-i-department-of-indigenous-services:ISC PPU 604,institution,ISC PPU 604,Department of Indigenous Services,First Nations and Inuit Youth Employment Strategy,Stratégie d'emploi pour les jeunes Inuits et de Premières Nations,direct,q_indigenous_services,q_education_training|q_health_disability|q_indigenous_services,https://www.sac-isc.gc.ca/eng/1639748667069/1639748703555,https://www.sac-isc.gc.ca/fra/1639748667069/1639748703555
institution:ati-schedule-i-department-of-indigenous-services:ISC PPU 145,institution,ISC PPU 145,Department of Indigenous Services,Inuit Cultural Education Centre Grants,Programme de subvention des centres éducatifs et culturels des Inuits,direct,q_culture_volunteer|q_education_training|q_indigenous_services|q_money_programs,q_culture_volunteer|q_education_training|q_indigenous_services|q_money_programs,https://www.sac-isc.gc.ca/eng/1639748667069/1639748703555,https://www.sac-isc.gc.ca/fra/1639748667069/1639748703555
institution:ati-schedule-i-department-of-indigenous-services:ISC PPU 240,institution,ISC PPU 240,Department of Indigenous Services,Income assistance,Aide au revenu,possible_only,,q_family_vital|q_indigenous_services,https://www.sac-isc.gc.ca/eng/1639748667069/1639748703555,https://www.sac-isc.gc.ca/fra/1639748667069/1639748703555
institution:ati-schedule-i-department-of-indigenous-services:ISC PPU 215,institution,ISC PPU 215,Department of Indigenous Services,"The Assisted Living program is a component of Canada's social safety net meant to align with similar provincial and territorial programs. The objective of the Assisted Living program is that in-home, group-home and institutional care supports are accessible to eligible low-income individuals to help maintain their independence for as long as possible. This residency-based program provides funding to First Nations, provinces and Yukon Territory on an annual basis through negotiated funding agreements for non-medical social supports, as well as training and support for service delivery so that seniors and persons with disabilities can maintain functional independence within their home communities. There are 3 major components to the program: in-home care, adult foster care and institutional care. The Assisted Living program is available to all individuals ordinarily resident on reserve, who have been formally assessed by a health care professional, in a manner aligned with the relevant provincial or territorial legislation and standards as requiring services, and who do not have the financial means to obtain such services themselves.","Le programme d'aide à la vie autonome est une composante du filet de sécurité sociale canadien dont l'objectif consiste à s'harmoniser avec les programmes provinciaux et territoriaux semblables. L'objectif du Programme d'aide à la vie autonome est de faire en sorte que les personnes à faible revenu admissibles maintiennent leur autonomie aussi longtemps que possible en ayant accès aux soins à domicile, à l'hébergement en milieu familial et aux soins en établissement. Ce programme fondé sur le lieu de résidence fournit un financement annuel aux Premières Nations, aux provinces et au territoire du Yukon dans le cadre d'ententes de financement négociées pour les soutiens sociaux non médicaux, ainsi que pour la formation et l'appui à la prestation des services, afin que les aînés et les personnes handicapées puissent garder une autonomie fonctionnelle dans leur collectivité. Le programme comprend trois volets : les soins à domicile, l'hébergement pour les adultes et les soins en établissement. Le Programme d'aide à la vie autonome est offert à toutes les personnes qui résident ordinairement dans une réserve et qui ont été évaluées de façon officielle par un professionnel de la santé (conformément aux méthodes utilisées dans la province ou le territoire de résidence) et qui nécessitent ces services, mais n'ont pas les moyens de se les procurer par elles-mêmes.",direct,q_health_disability|q_indigenous_services,q_civic_contact|q_health_disability|q_indigenous_services,https://www.sac-isc.gc.ca/eng/1639748667069/1639748703555,https://www.sac-isc.gc.ca/fra/1639748667069/1639748703555
institution:ati-schedule-i-department-of-indigenous-services:ISC PPU 210,institution,ISC PPU 210,Department of Indigenous Services,First Nations Child and Family Services,Services d'aide à l'enfance et à la famille des Premières Nations,direct,q_indigenous_services,q_civic_contact|q_family_vital|q_indigenous_services|q_money_programs,https://www.sac-isc.gc.ca/eng/1639748667069/1639748703555,https://www.sac-isc.gc.ca/fra/1639748667069/1639748703555
institution:ati-schedule-i-department-of-indigenous-services:ISC PPU 265,institution,ISC PPU 265,Department of Indigenous Services,Conference and forum nominees,Nominations de candidats pour les conférences et forums,possible_only,,q_indigenous_services|q_travel_border,https://www.sac-isc.gc.ca/eng/1639748667069/1639748703555,https://www.sac-isc.gc.ca/fra/1639748667069/1639748703555
institution:ati-schedule-i-department-of-indigenous-services:ISC PPU 500,institution,ISC PPU 500,Department of Indigenous Services,Band Governance Management,Administration des bandes,possible_only,,q_civic_contact|q_government_work|q_indigenous_services,https://www.sac-isc.gc.ca/eng/1639748667069/1639748703555,https://www.sac-isc.gc.ca/fra/1639748667069/1639748703555
institution:ati-schedule-i-department-of-indigenous-services:ISC PPU 602,institution,ISC PPU 602,Department of Indigenous Services,Water and Wastewater Operators,Opérateurs d'installations d'approvisionnement en eau potable et de traitement des eaux usées,possible_only,,q_business_supplier|q_indigenous_services,https://www.sac-isc.gc.ca/eng/1639748667069/1639748703555,https://www.sac-isc.gc.ca/fra/1639748667069/1639748703555
institution:ati-schedule-i-department-of-indigenous-services:ISC PPU 005,institution,ISC PPU 005,Department of Indigenous Services,Indian and Inuit Off Reserve Housing Assistance Program,Programme d'aide au logement pour les Indiens et les Inuits hors réserve,direct,q_housing_property|q_indigenous_services,q_housing_property|q_indigenous_services,https://www.sac-isc.gc.ca/eng/1639748667069/1639748703555,https://www.sac-isc.gc.ca/fra/1639748667069/1639748703555
institution:ati-schedule-i-department-of-indigenous-services:ISC PPU 011,institution,ISC PPU 011,Department of Indigenous Services,On-Reserve Housing Program – Ministerial Loan Guarantee,Garanties d'emprunt ministérielles pour le Programme de logement dans les réserves,direct,q_housing_property|q_indigenous_services,q_business_supplier|q_housing_property|q_indigenous_services|q_money_programs,https://www.sac-isc.gc.ca/eng/1639748667069/1639748703555,https://www.sac-isc.gc.ca/fra/1639748667069/1639748703555
institution:ati-schedule-i-department-of-indigenous-services:ISC PPU 901,institution,ISC PPU 901,Department of Indigenous Services,Aboriginal Business Development,Développement des entreprises autochtones,direct,q_indigenous_services|q_money_programs,q_business_supplier|q_indigenous_services|q_money_programs|q_research_survey,https://www.sac-isc.gc.ca/eng/1639748667069/1639748703555,https://www.sac-isc.gc.ca/fra/1639748667069/1639748703555
institution:ati-schedule-i-department-of-indigenous-services:ISC PPU 300,institution,ISC PPU 300,Department of Indigenous Services,Transfer Payments,Paiements de transfert,direct,q_money_programs,q_indigenous_services|q_money_programs,https://www.sac-isc.gc.ca/eng/1639748667069/1639748703555,https://www.sac-isc.gc.ca/fra/1639748667069/1639748703555
institution:ati-schedule-i-department-of-indigenous-services:ISC PPU 250,institution,ISC PPU 250,Department of Indigenous Services,Public Enquiries Contact Centre Call-Tracking System,Système de suivi des appels au Centre de renseignements au public,possible_only,,q_indigenous_services|q_justice_safety,https://www.sac-isc.gc.ca/eng/1639748667069/1639748703555,https://www.sac-isc.gc.ca/fra/1639748667069/1639748703555
institution:ati-schedule-i-department-of-indigenous-services:ISC PPE 802,institution,ISC PPE 802,Department of Indigenous Services,"Centre for Integrity, Values and Conflict Resolution case files","Centre de l'intégrité, Valeurs et dossiers de résolution de conflits",possible_only,,q_complaint_appeal|q_indigenous_services,https://www.sac-isc.gc.ca/eng/1639748667069/1639748703555,https://www.sac-isc.gc.ca/fra/1639748667069/1639748703555
institution:ati-schedule-i-department-of-indigenous-services:ISC PPU 135,institution,ISC PPU 135,Department of Indigenous Services,Legal Assistance Related to Indian Residential Schools and Day Schools Litigation,Aide juridique pour les litiges concernant les externats et les pensionnats indiens,direct,q_complaint_appeal|q_education_training,q_complaint_appeal|q_education_training|q_indigenous_services,https://www.sac-isc.gc.ca/eng/1639748667069/1639748703555,https://www.sac-isc.gc.ca/fra/1639748667069/1639748703555
institution:ati-schedule-i-department-of-indigenous-services:ISC PPU 151,institution,ISC PPU 151,Department of Indigenous Services,Allegations and complaints,Plaintes et allégations,direct,q_complaint_appeal,q_business_supplier|q_complaint_appeal|q_health_disability|q_indigenous_services,https://www.sac-isc.gc.ca/eng/1639748667069/1639748703555,https://www.sac-isc.gc.ca/fra/1639748667069/1639748703555
institution:ati-schedule-i-department-of-industry:ISED PPU 083,institution,ISED PPU 083,Department of Industry,Spectrum/Telecommunications Workflow and Documentation Management Personal Information Bank,,possible_only,,q_business_supplier,https://ised-isde.canada.ca/site/ised/en/atip-services/info-source-2026-update,https://ised-isde.canada.ca/site/isde/fr/services-laiprp/mise-jour-dinfo-source-2026
institution:ati-schedule-i-department-of-industry:ISED PPU 019,institution,ISED PPU 019,Department of Industry,Spectrum/Telecommunications Client Operation File (Radio Operator Certification Personal Information Bank,,possible_only,,q_business_supplier,https://ised-isde.canada.ca/site/ised/en/atip-services/info-source-2026-update,https://ised-isde.canada.ca/site/isde/fr/services-laiprp/mise-jour-dinfo-source-2026
institution:ati-schedule-i-department-of-industry:ISED PPU 023,institution,ISED PPU 023,Department of Industry,Telecommunications Engineering and Certification Personal Information Bank,,not_discoverable,,,https://ised-isde.canada.ca/site/ised/en/atip-services/info-source-2026-update,https://ised-isde.canada.ca/site/isde/fr/services-laiprp/mise-jour-dinfo-source-2026
institution:ati-schedule-i-department-of-industry:ISED PPU 021,institution,ISED PPU 021,Department of Industry,Spectrum/Telecommunications Client Operation File (Radio Station/Spectrum Licensing) Personal Information Bank,,possible_only,,q_business_supplier|q_justice_safety|q_military_veterans,https://ised-isde.canada.ca/site/ised/en/atip-services/info-source-2026-update,https://ised-isde.canada.ca/site/isde/fr/services-laiprp/mise-jour-dinfo-source-2026
institution:ati-schedule-i-department-of-industry:ISED PPU 067,institution,ISED PPU 067,Department of Industry,"CanCode, Digital Skills for Youth (DS4Y), Prime Minister's Awards (PMA), and Computers for Schools Intern (CFSI) Program",,direct,q_education_training|q_money_programs,q_business_supplier|q_education_training|q_money_programs|q_research_survey,https://ised-isde.canada.ca/site/ised/en/atip-services/info-source-2026-update,https://ised-isde.canada.ca/site/isde/fr/services-laiprp/mise-jour-dinfo-source-2026
institution:ati-schedule-i-department-of-industry:ESDC PPU 706,institution,ESDC PPU 706,Department of Industry,Bank number**: ESDC PPU 706,,not_discoverable,,,https://ised-isde.canada.ca/site/ised/en/atip-services/info-source-2026-update,https://ised-isde.canada.ca/site/isde/fr/services-laiprp/mise-jour-dinfo-source-2026
institution:ati-schedule-i-department-of-industry:ISED PPU 001,institution,ISED PPU 001,Department of Industry,Prime Minister's Awards for Teaching Excellence and Prime Minister's Awards for Excellence in Early Childhood Education (ECE) Personal Information Bank,,direct,q_education_training|q_money_programs,q_business_supplier|q_education_training|q_money_programs,https://ised-isde.canada.ca/site/ised/en/atip-services/info-source-2026-update,https://ised-isde.canada.ca/site/isde/fr/services-laiprp/mise-jour-dinfo-source-2026
institution:ati-schedule-i-department-of-industry:ISED PPU 041,institution,ISED PPU 041,Department of Industry,Canadian Intellectual Property Office (CIPO) Personal Information Bank,,possible_only,,q_business_supplier|q_family_vital|q_money_programs,https://ised-isde.canada.ca/site/ised/en/atip-services/info-source-2026-update,https://ised-isde.canada.ca/site/isde/fr/services-laiprp/mise-jour-dinfo-source-2026
institution:ati-schedule-i-department-of-industry:ISED PPU 034,institution,ISED PPU 034,Department of Industry,Competition Bureau Enquiries and Complaints Personal Information Bank,,direct,q_complaint_appeal,q_business_supplier|q_complaint_appeal|q_culture_volunteer|q_justice_safety,https://ised-isde.canada.ca/site/ised/en/atip-services/info-source-2026-update,https://ised-isde.canada.ca/site/isde/fr/services-laiprp/mise-jour-dinfo-source-2026
institution:ati-schedule-i-department-of-industry:ISED PPU 033,institution,ISED PPU 033,Department of Industry,Competition Bureau Digital Forensic Activity (Electronic Evidence Unit) Personal Information Bank,,possible_only,,q_justice_safety,https://ised-isde.canada.ca/site/ised/en/atip-services/info-source-2026-update,https://ised-isde.canada.ca/site/isde/fr/services-laiprp/mise-jour-dinfo-source-2026
institution:ati-schedule-i-department-of-industry:ISED PPU 050,institution,ISED PPU 050,Department of Industry,Inquiries and Compliance Activities Personal Information Bank,,direct,q_business_supplier|q_complaint_appeal,q_business_supplier|q_complaint_appeal|q_justice_safety,https://ised-isde.canada.ca/site/ised/en/atip-services/info-source-2026-update,https://ised-isde.canada.ca/site/isde/fr/services-laiprp/mise-jour-dinfo-source-2026
institution:ati-schedule-i-department-of-industry:ISED PPU 049,institution,ISED PPU 049,Department of Industry,Notices of Directors of Corporations Personal Information Bank,,direct,q_business_supplier,q_business_supplier,https://ised-isde.canada.ca/site/ised/en/atip-services/info-source-2026-update,https://ised-isde.canada.ca/site/isde/fr/services-laiprp/mise-jour-dinfo-source-2026
institution:ati-schedule-i-department-of-industry:ISED PPU 051,institution,ISED PPU 051,Department of Industry,Beneficial Ownership Transparency Personal Information Bank,,possible_only,,q_business_supplier|q_immigration|q_justice_safety|q_tax_customs,https://ised-isde.canada.ca/site/ised/en/atip-services/info-source-2026-update,https://ised-isde.canada.ca/site/isde/fr/services-laiprp/mise-jour-dinfo-source-2026
institution:ati-schedule-i-department-of-industry:ISED PPU 035,institution,ISED PPU 035,Department of Industry,Bankruptcy Detection/Investigation Files Personal Information Bank,,direct,q_justice_safety,q_complaint_appeal|q_justice_safety,https://ised-isde.canada.ca/site/ised/en/atip-services/info-source-2026-update,https://ised-isde.canada.ca/site/isde/fr/services-laiprp/mise-jour-dinfo-source-2026
institution:ati-schedule-i-department-of-industry:ISED PPU 061,institution,ISED PPU 061,Department of Industry,Fees and Levies Under the Bankruptcy and Insolvency Act Personal Information Bank,,possible_only,,q_business_supplier|q_money_programs,https://ised-isde.canada.ca/site/ised/en/atip-services/info-source-2026-update,https://ised-isde.canada.ca/site/isde/fr/services-laiprp/mise-jour-dinfo-source-2026
institution:ati-schedule-i-department-of-industry:ISED PPU 058,institution,ISED PPU 058,Department of Industry,Estate Files Under the Bankruptcy and Insolvency Act Personal Information Bank,,possible_only,,q_business_supplier|q_civic_contact|q_complaint_appeal|q_tax_customs,https://ised-isde.canada.ca/site/ised/en/atip-services/info-source-2026-update,https://ised-isde.canada.ca/site/isde/fr/services-laiprp/mise-jour-dinfo-source-2026
institution:ati-schedule-i-department-of-industry:ISED PPU 059,institution,ISED PPU 059,Department of Industry,Trustee System Personal Information Bank,,possible_only,,q_business_supplier,https://ised-isde.canada.ca/site/ised/en/atip-services/info-source-2026-update,https://ised-isde.canada.ca/site/isde/fr/services-laiprp/mise-jour-dinfo-source-2026
institution:ati-schedule-i-department-of-industry:IC PPU 036,institution,IC PPU 036,Department of Industry,Trustee Files Personal Information Bank,,possible_only,,q_business_supplier|q_complaint_appeal|q_education_training|q_justice_safety,https://ised-isde.canada.ca/site/ised/en/atip-services/info-source-2026-update,https://ised-isde.canada.ca/site/isde/fr/services-laiprp/mise-jour-dinfo-source-2026
institution:ati-schedule-i-department-of-industry:IC PPU 401,institution,IC PPU 401,Department of Industry,Measurement Canada Complaints and Disputes Process Personal Information Bank,,direct,q_business_supplier|q_complaint_appeal,q_business_supplier|q_complaint_appeal,https://ised-isde.canada.ca/site/ised/en/atip-services/info-source-2026-update,https://ised-isde.canada.ca/site/isde/fr/services-laiprp/mise-jour-dinfo-source-2026
institution:ati-schedule-i-department-of-industry:ISED PPU 301,institution,ISED PPU 301,Department of Industry,Investment Canada Act* Reviews Personal Information Bank,,possible_only,,q_money_programs,https://ised-isde.canada.ca/site/ised/en/atip-services/info-source-2026-update,https://ised-isde.canada.ca/site/isde/fr/services-laiprp/mise-jour-dinfo-source-2026
institution:ati-schedule-i-department-of-industry:ISED PPU 201,institution,ISED PPU 201,Department of Industry,CDAP Clients and Digital Advisors Personal Information Bank,,possible_only,,q_business_supplier|q_civic_contact|q_education_training|q_family_vital|q_justice_safety|q_money_programs|q_research_survey,https://ised-isde.canada.ca/site/ised/en/atip-services/info-source-2026-update,https://ised-isde.canada.ca/site/isde/fr/services-laiprp/mise-jour-dinfo-source-2026
institution:ati-schedule-i-department-of-industry:ISED PPU 501,institution,ISED PPU 501,Department of Industry,Identity and Credential Management Personal Information Bank,,possible_only,,q_business_supplier|q_family_vital,https://ised-isde.canada.ca/site/ised/en/atip-services/info-source-2026-update,https://ised-isde.canada.ca/site/isde/fr/services-laiprp/mise-jour-dinfo-source-2026
institution:ati-schedule-i-department-of-justice:JUS PPU 135,institution,JUS PPU 135,Department of Justice,Allan Memorial Institute Depatterned Persons Assistance Plan,Régime d'aide aux personnes déstructurées à l'Institut Allan Memorial,direct,q_money_programs,q_health_disability|q_money_programs,https://www.justice.gc.ca/eng/trans/atip-aiprp/infosource/p5.html#1,https://www.justice.gc.ca/fra/trans/aiprp-atip/infosource/tdm-toc.html
institution:ati-schedule-i-department-of-justice:JUS PPU 005,institution,JUS PPU 005,Department of Justice,Central Registry of Divorce Proceedings,Bureau d'enregistrement des actions en divorce,direct,q_family_vital,q_family_vital,https://www.justice.gc.ca/eng/trans/atip-aiprp/infosource/p5.html#1,https://www.justice.gc.ca/fra/trans/aiprp-atip/infosource/tdm-toc.html
institution:ati-schedule-i-department-of-justice:JUS PPU 010,institution,JUS PPU 010,Department of Justice,Legal Proceedings and Services,Procédures civiles et services juridiques,direct,q_complaint_appeal,q_access_privacy|q_business_supplier|q_complaint_appeal|q_housing_property|q_immigration|q_indigenous_services|q_money_programs,https://www.justice.gc.ca/eng/trans/atip-aiprp/infosource/p5.html#1,https://www.justice.gc.ca/fra/trans/aiprp-atip/infosource/tdm-toc.html
institution:ati-schedule-i-department-of-justice:JUS PPU 030,institution,JUS PPU 030,Department of Justice,Indigenous Justice Program,Programme de justice autochtone,direct,q_indigenous_services,q_access_privacy|q_complaint_appeal|q_indigenous_services,https://www.justice.gc.ca/eng/trans/atip-aiprp/infosource/p5.html#1,https://www.justice.gc.ca/fra/trans/aiprp-atip/infosource/tdm-toc.html
institution:ati-schedule-i-department-of-justice:JUS PPU 125,institution,JUS PPU 125,Department of Justice,Family Orders and Agreements Enforcement Assistance,Aide à l'exécution des ordonnances et des ententes familiales,possible_only,,q_access_privacy|q_business_supplier|q_family_vital|q_immigration|q_money_programs,https://www.justice.gc.ca/eng/trans/atip-aiprp/infosource/p5.html#1,https://www.justice.gc.ca/fra/trans/aiprp-atip/infosource/tdm-toc.html
institution:ati-schedule-i-department-of-justice:JUS PPU 160,institution,JUS PPU 160,Department of Justice,Federally Appointed Judges,Les juges nommés par le gouvernement fédéral,possible_only,,q_civic_contact,https://www.justice.gc.ca/eng/trans/atip-aiprp/infosource/p5.html#1,https://www.justice.gc.ca/fra/trans/aiprp-atip/infosource/tdm-toc.html
institution:ati-schedule-i-department-of-justice:JUS PPU 150,institution,JUS PPU 150,Department of Justice,Garnishment Registry,Greffe de la saisie-arrêt,possible_only,,q_business_supplier|q_government_work|q_money_programs,https://www.justice.gc.ca/eng/trans/atip-aiprp/infosource/p5.html#1,https://www.justice.gc.ca/fra/trans/aiprp-atip/infosource/tdm-toc.html
institution:ati-schedule-i-department-of-justice:JUS PPU 165,institution,JUS PPU 165,Department of Justice,Grants and Contributions,Les subventions et les contributions,direct,q_money_programs,q_education_training|q_money_programs,https://www.justice.gc.ca/eng/trans/atip-aiprp/infosource/p5.html#1,https://www.justice.gc.ca/fra/trans/aiprp-atip/infosource/tdm-toc.html
institution:ati-schedule-i-department-of-justice:JUS PPU 035,institution,JUS PPU 035,Department of Justice,Financial Assistance for Individual Victims Under the Victims Fund,Aide financière aux victimes individuelles dans le cadre du Fonds d’aide aux victimes,direct,q_money_programs,q_access_privacy|q_business_supplier|q_family_vital|q_health_disability|q_justice_safety|q_money_programs|q_research_survey|q_travel_border,https://www.justice.gc.ca/eng/trans/atip-aiprp/infosource/p5.html#1,https://www.justice.gc.ca/fra/trans/aiprp-atip/infosource/tdm-toc.html
institution:ati-schedule-i-department-of-justice:JUS PPU 025,institution,JUS PPU 025,Department of Justice,Legal Agents,Mandataires,possible_only,,q_business_supplier|q_complaint_appeal|q_education_training,https://www.justice.gc.ca/eng/trans/atip-aiprp/infosource/p5.html#1,https://www.justice.gc.ca/fra/trans/aiprp-atip/infosource/tdm-toc.html
institution:ati-schedule-i-department-of-justice:JUS PPU 015,institution,JUS PPU 015,Department of Justice,Prosecution and Related Criminal Matters,Poursuites et sujets connexes,direct,q_justice_safety,q_access_privacy|q_justice_safety|q_tax_customs,https://www.justice.gc.ca/eng/trans/atip-aiprp/infosource/p5.html#1,https://www.justice.gc.ca/fra/trans/aiprp-atip/infosource/tdm-toc.html
institution:ati-schedule-i-department-of-justice:JUS PPU 020,institution,JUS PPU 020,Department of Justice,Recruitment and Staffing Activities Using Virtual Staffing Tools,Activités de recrutement et de dotation à l’aide d’outils de dotation virtuels,possible_only,,q_business_supplier|q_civic_contact|q_complaint_appeal|q_government_work|q_justice_safety,https://www.justice.gc.ca/eng/trans/atip-aiprp/infosource/p5.html#1,https://www.justice.gc.ca/fra/trans/aiprp-atip/infosource/tdm-toc.html
institution:ati-schedule-i-department-of-justice:JUS PPE 005,institution,JUS PPE 005,Department of Justice,Employee Self-Identification and Self-Declaration,Auto-identification et auto-déclaration des membres du personnel,possible_only,,q_complaint_appeal|q_government_work|q_health_disability|q_indigenous_services|q_research_survey,https://www.justice.gc.ca/eng/trans/atip-aiprp/infosource/p5.html#1,https://www.justice.gc.ca/fra/trans/aiprp-atip/infosource/tdm-toc.html
institution:ati-schedule-i-department-of-national-defence:DND PPU 050,institution,DND PPU 050,Department of National Defence,Search and Rescue,Recherche et sauvetage,direct,,q_business_supplier|q_culture_volunteer|q_emergency|q_government_work|q_health_disability|q_justice_safety|q_military_veterans,https://www.canada.ca/en/department-national-defence/corporate/transparency/access-information-privacy/info-source-sources-of-federal-government-and-employee-information.html,https://www.canada.ca/fr/ministere-defense-nationale/organisation/transparence/acces-information-protection-renseignements-personnels/info-source-sources-de-renseignements-du-gouvernement-federal-et-sur-les-fonctionnaires-federaux.html
institution:ati-schedule-i-department-of-national-defence:DND PPE 823,institution,DND PPE 823,Department of National Defence,Military Honours and Recognition,Distinctions honorifiques et reconnaissance militaires,direct,q_military_veterans,q_access_privacy|q_civic_contact|q_complaint_appeal|q_culture_volunteer|q_government_work|q_justice_safety|q_military_veterans|q_money_programs,https://www.canada.ca/en/department-national-defence/corporate/transparency/access-information-privacy/info-source-sources-of-federal-government-and-employee-information.html,https://www.canada.ca/fr/ministere-defense-nationale/organisation/transparence/acces-information-protection-renseignements-personnels/info-source-sources-de-renseignements-du-gouvernement-federal-et-sur-les-fonctionnaires-federaux.html
institution:ati-schedule-i-department-of-national-defence:DND PPU 839,institution,DND PPU 839,Department of National Defence,"Information on Cadets (Air, Army, Sea) and Junior Canadian Rangers",Renseignements sur les cadets (de l'Air/de l'Armée/de la Marine) et les Rangers juniors canadiens,possible_only,,q_family_vital|q_health_disability|q_military_veterans|q_tax_customs,https://www.canada.ca/en/department-national-defence/corporate/transparency/access-information-privacy/info-source-sources-of-federal-government-and-employee-information.html,https://www.canada.ca/fr/ministere-defense-nationale/organisation/transparence/acces-information-protection-renseignements-personnels/info-source-sources-de-renseignements-du-gouvernement-federal-et-sur-les-fonctionnaires-federaux.html
institution:ati-schedule-i-department-of-national-defence:DND PPE 862,institution,DND PPE 862,Department of National Defence,Canadian Defence Attaché Program,Programme des attachés de défense du Canada,possible_only,,q_civic_contact|q_family_vital|q_government_work|q_indigenous_services|q_military_veterans,https://www.canada.ca/en/department-national-defence/corporate/transparency/access-information-privacy/info-source-sources-of-federal-government-and-employee-information.html,https://www.canada.ca/fr/ministere-defense-nationale/organisation/transparence/acces-information-protection-renseignements-personnels/info-source-sources-de-renseignements-du-gouvernement-federal-et-sur-les-fonctionnaires-federaux.html
institution:ati-schedule-i-department-of-national-defence:DND PPE 822,institution,DND PPE 822,Department of National Defence,Cadet Instructors Cadre Personal Information Bank,Fichier de renseignements personnels pour les officiers du Cadre des instructeurs de cadets,possible_only,,q_family_vital|q_government_work|q_health_disability|q_military_veterans|q_money_programs,https://www.canada.ca/en/department-national-defence/corporate/transparency/access-information-privacy/info-source-sources-of-federal-government-and-employee-information.html,https://www.canada.ca/fr/ministere-defense-nationale/organisation/transparence/acces-information-protection-renseignements-personnels/info-source-sources-de-renseignements-du-gouvernement-federal-et-sur-les-fonctionnaires-federaux.html
institution:ati-schedule-i-department-of-national-defence:DND PPE 816,institution,DND PPE 816,Department of National Defence,Canadian Forces Employment Equity Program,Programme d'équité en matière d'emploi pour les Forces canadiennes,direct,q_military_veterans,q_complaint_appeal|q_government_work|q_health_disability|q_indigenous_services|q_military_veterans|q_research_survey,https://www.canada.ca/en/department-national-defence/corporate/transparency/access-information-privacy/info-source-sources-of-federal-government-and-employee-information.html,https://www.canada.ca/fr/ministere-defense-nationale/organisation/transparence/acces-information-protection-renseignements-personnels/info-source-sources-de-renseignements-du-gouvernement-federal-et-sur-les-fonctionnaires-federaux.html
institution:ati-schedule-i-department-of-national-defence:DND PPU 025,institution,DND PPU 025,Department of National Defence,Enrolment,,direct,,q_access_privacy|q_civic_contact|q_culture_volunteer|q_health_disability|q_immigration|q_justice_safety|q_military_veterans,https://www.canada.ca/en/department-national-defence/corporate/transparency/access-information-privacy/info-source-sources-of-federal-government-and-employee-information.html,https://www.canada.ca/fr/ministere-defense-nationale/organisation/transparence/acces-information-protection-renseignements-personnels/info-source-sources-de-renseignements-du-gouvernement-federal-et-sur-les-fonctionnaires-federaux.html
institution:ati-schedule-i-department-of-national-defence:DND PPU 880,institution,DND PPU 880,Department of National Defence,Sexual Misconduct,,direct,q_military_veterans,q_business_supplier|q_complaint_appeal|q_education_training|q_health_disability|q_military_veterans,https://www.canada.ca/en/department-national-defence/corporate/transparency/access-information-privacy/info-source-sources-of-federal-government-and-employee-information.html,https://www.canada.ca/fr/ministere-defense-nationale/organisation/transparence/acces-information-protection-renseignements-personnels/info-source-sources-de-renseignements-du-gouvernement-federal-et-sur-les-fonctionnaires-federaux.html
institution:ati-schedule-i-department-of-national-defence:DND PPU 882,institution,DND PPU 882,Department of National Defence,Restorative Services Program,Programme de services de démarches réparatrices,possible_only,,q_culture_volunteer|q_education_training|q_family_vital|q_government_work|q_health_disability|q_indigenous_services|q_justice_safety|q_military_veterans,https://www.canada.ca/en/department-national-defence/corporate/transparency/access-information-privacy/info-source-sources-of-federal-government-and-employee-information.html,https://www.canada.ca/fr/ministere-defense-nationale/organisation/transparence/acces-information-protection-renseignements-personnels/info-source-sources-de-renseignements-du-gouvernement-federal-et-sur-les-fonctionnaires-federaux.html
institution:ati-schedule-i-department-of-national-defence:DND PPU 883,institution,DND PPU 883,Department of National Defence,Independent Legal Assistance Program,Programme d'assistance juridique indépendante,direct,q_money_programs,q_access_privacy|q_business_supplier|q_government_work|q_military_veterans|q_money_programs,https://www.canada.ca/en/department-national-defence/corporate/transparency/access-information-privacy/info-source-sources-of-federal-government-and-employee-information.html,https://www.canada.ca/fr/ministere-defense-nationale/organisation/transparence/acces-information-protection-renseignements-personnels/info-source-sources-de-renseignements-du-gouvernement-federal-et-sur-les-fonctionnaires-federaux.html
institution:ati-schedule-i-department-of-national-defence:DND PPU 884,institution,DND PPU 884,Department of National Defence,Peer Support Program,Programme de soutien par les pairs,direct,q_military_veterans,q_education_training|q_emergency|q_government_work|q_health_disability|q_justice_safety|q_military_veterans|q_research_survey,https://www.canada.ca/en/department-national-defence/corporate/transparency/access-information-privacy/info-source-sources-of-federal-government-and-employee-information.html,https://www.canada.ca/fr/ministere-defense-nationale/organisation/transparence/acces-information-protection-renseignements-personnels/info-source-sources-de-renseignements-du-gouvernement-federal-et-sur-les-fonctionnaires-federaux.html
institution:ati-schedule-i-department-of-national-defence:DND PPU 898,institution,DND PPU 898,Department of National Defence,"Health Services Professional Standards, Credentialing and Conduct","Normes, délivrance de titres et certificats et conduite des professionnels des Services de santé",direct,q_health_disability,q_access_privacy|q_business_supplier|q_civic_contact|q_complaint_appeal|q_education_training|q_government_work|q_health_disability|q_justice_safety|q_military_veterans,https://www.canada.ca/en/department-national-defence/corporate/transparency/access-information-privacy/info-source-sources-of-federal-government-and-employee-information.html,https://www.canada.ca/fr/ministere-defense-nationale/organisation/transparence/acces-information-protection-renseignements-personnels/info-source-sources-de-renseignements-du-gouvernement-federal-et-sur-les-fonctionnaires-federaux.html
institution:ati-schedule-i-department-of-national-defence:DND PPE 811,institution,DND PPE 811,Department of National Defence,Dental Records,,direct,q_health_disability,q_access_privacy|q_complaint_appeal|q_family_vital|q_government_work|q_health_disability|q_justice_safety|q_military_veterans|q_money_programs,https://www.canada.ca/en/department-national-defence/corporate/transparency/access-information-privacy/info-source-sources-of-federal-government-and-employee-information.html,https://www.canada.ca/fr/ministere-defense-nationale/organisation/transparence/acces-information-protection-renseignements-personnels/info-source-sources-de-renseignements-du-gouvernement-federal-et-sur-les-fonctionnaires-federaux.html
institution:ati-schedule-i-department-of-national-defence:DND PPE 810,institution,DND PPE 810,Department of National Defence,Medical Records,,direct,q_health_disability,q_access_privacy|q_complaint_appeal|q_family_vital|q_government_work|q_health_disability|q_justice_safety|q_military_veterans|q_money_programs,https://www.canada.ca/en/department-national-defence/corporate/transparency/access-information-privacy/info-source-sources-of-federal-government-and-employee-information.html,https://www.canada.ca/fr/ministere-defense-nationale/organisation/transparence/acces-information-protection-renseignements-personnels/info-source-sources-de-renseignements-du-gouvernement-federal-et-sur-les-fonctionnaires-federaux.html
institution:ati-schedule-i-department-of-national-defence:DND PPE 812,institution,DND PPE 812,Department of National Defence,Psychosocial Services,,possible_only,,q_access_privacy|q_complaint_appeal|q_family_vital|q_government_work|q_health_disability|q_justice_safety|q_military_veterans|q_money_programs,https://www.canada.ca/en/department-national-defence/corporate/transparency/access-information-privacy/info-source-sources-of-federal-government-and-employee-information.html,https://www.canada.ca/fr/ministere-defense-nationale/organisation/transparence/acces-information-protection-renseignements-personnels/info-source-sources-de-renseignements-du-gouvernement-federal-et-sur-les-fonctionnaires-federaux.html
institution:ati-schedule-i-department-of-national-defence:DND PPU 819,institution,DND PPU 819,Department of National Defence,Federal Health Claims Processing Service,Système fédéral de traitement des demandes de soins de santé,direct,q_health_disability,q_business_supplier|q_emergency|q_family_vital|q_government_work|q_health_disability|q_military_veterans|q_money_programs|q_travel_border,https://www.canada.ca/en/department-national-defence/corporate/transparency/access-information-privacy/info-source-sources-of-federal-government-and-employee-information.html,https://www.canada.ca/fr/ministere-defense-nationale/organisation/transparence/acces-information-protection-renseignements-personnels/info-source-sources-de-renseignements-du-gouvernement-federal-et-sur-les-fonctionnaires-federaux.html
institution:ati-schedule-i-department-of-national-defence:DND PPE 806,institution,DND PPE 806,Department of National Defence,Optimizing Performance Force and Family (OPF2) Program,Programme Optimisation du rendement – Force et famille (ORF2),direct,q_research_survey,q_government_work|q_health_disability|q_military_veterans|q_research_survey,https://www.canada.ca/en/department-national-defence/corporate/transparency/access-information-privacy/info-source-sources-of-federal-government-and-employee-information.html,https://www.canada.ca/fr/ministere-defense-nationale/organisation/transparence/acces-information-protection-renseignements-personnels/info-source-sources-de-renseignements-du-gouvernement-federal-et-sur-les-fonctionnaires-federaux.html
institution:ati-schedule-i-department-of-national-defence:DND PPU 881,institution,DND PPU 881,Department of National Defence,1974 Valcartier Grenade Incident Program (VGIP),,possible_only,,q_access_privacy|q_business_supplier|q_family_vital|q_health_disability|q_justice_safety|q_military_veterans|q_money_programs,https://www.canada.ca/en/department-national-defence/corporate/transparency/access-information-privacy/info-source-sources-of-federal-government-and-employee-information.html,https://www.canada.ca/fr/ministere-defense-nationale/organisation/transparence/acces-information-protection-renseignements-personnels/info-source-sources-de-renseignements-du-gouvernement-federal-et-sur-les-fonctionnaires-federaux.html
institution:ati-schedule-i-department-of-national-defence:DND PPU 870,institution,DND PPU 870,Department of National Defence,Transition Services,Services de transition,direct,q_military_veterans,q_access_privacy|q_business_supplier|q_education_training|q_family_vital|q_government_work|q_health_disability|q_indigenous_services|q_military_veterans,https://www.canada.ca/en/department-national-defence/corporate/transparency/access-information-privacy/info-source-sources-of-federal-government-and-employee-information.html,https://www.canada.ca/fr/ministere-defense-nationale/organisation/transparence/acces-information-protection-renseignements-personnels/info-source-sources-de-renseignements-du-gouvernement-federal-et-sur-les-fonctionnaires-federaux.html
institution:ati-schedule-i-department-of-national-defence:DND PPE 872,institution,DND PPE 872,Department of National Defence,Casualty Identification Program (CasID),Programme d'identification des pertes militaires (CasID),possible_only,,q_access_privacy|q_business_supplier|q_culture_volunteer|q_family_vital|q_health_disability|q_military_veterans,https://www.canada.ca/en/department-national-defence/corporate/transparency/access-information-privacy/info-source-sources-of-federal-government-and-employee-information.html,https://www.canada.ca/fr/ministere-defense-nationale/organisation/transparence/acces-information-protection-renseignements-personnels/info-source-sources-de-renseignements-du-gouvernement-federal-et-sur-les-fonctionnaires-federaux.html
institution:ati-schedule-i-department-of-national-defence:DND PPU 873,institution,DND PPU 873,Department of National Defence,Litigation Claims Processing Program,Programme de traitement des réclamations liées à des litiges,direct,q_complaint_appeal,q_access_privacy|q_complaint_appeal|q_government_work|q_health_disability|q_justice_safety|q_military_veterans,https://www.canada.ca/en/department-national-defence/corporate/transparency/access-information-privacy/info-source-sources-of-federal-government-and-employee-information.html,https://www.canada.ca/fr/ministere-defense-nationale/organisation/transparence/acces-information-protection-renseignements-personnels/info-source-sources-de-renseignements-du-gouvernement-federal-et-sur-les-fonctionnaires-federaux.html
institution:ati-schedule-i-department-of-national-defence:DND PPE 817,institution,DND PPE 817,Department of National Defence,Casualty Support Services,Services de soutien aux blessés,direct,q_military_veterans,q_access_privacy|q_business_supplier|q_culture_volunteer|q_family_vital|q_government_work|q_health_disability|q_indigenous_services|q_military_veterans,https://www.canada.ca/en/department-national-defence/corporate/transparency/access-information-privacy/info-source-sources-of-federal-government-and-employee-information.html,https://www.canada.ca/fr/ministere-defense-nationale/organisation/transparence/acces-information-protection-renseignements-personnels/info-source-sources-de-renseignements-du-gouvernement-federal-et-sur-les-fonctionnaires-federaux.html
institution:ati-schedule-i-department-of-national-defence:DND PPU 809,institution,DND PPU 809,Department of National Defence,Designation of Additional Dependants Remuneration Supplement Claims and Hospital/Medical Claims Outside of Canada,"Désignation des personnes à charge supplémentaires, demandes d'un complément de rémunération et demandes de remboursement de frais médicaux/d'hospitalisation à l'extérieur du Canada",direct,q_health_disability,q_family_vital|q_health_disability|q_military_veterans,https://www.canada.ca/en/department-national-defence/corporate/transparency/access-information-privacy/info-source-sources-of-federal-government-and-employee-information.html,https://www.canada.ca/fr/ministere-defense-nationale/organisation/transparence/acces-information-protection-renseignements-personnels/info-source-sources-de-renseignements-du-gouvernement-federal-et-sur-les-fonctionnaires-federaux.html
institution:ati-schedule-i-department-of-national-defence:DND PPU 876,institution,DND PPU 876,Department of National Defence,Dependant Education Allowances,Allocations pour les études des personnes à charge,direct,q_education_training|q_military_veterans,q_business_supplier|q_education_training|q_family_vital|q_government_work|q_military_veterans|q_money_programs,https://www.canada.ca/en/department-national-defence/corporate/transparency/access-information-privacy/info-source-sources-of-federal-government-and-employee-information.html,https://www.canada.ca/fr/ministere-defense-nationale/organisation/transparence/acces-information-protection-renseignements-personnels/info-source-sources-de-renseignements-du-gouvernement-federal-et-sur-les-fonctionnaires-federaux.html
institution:ati-schedule-i-department-of-national-defence:DND PPE 814,institution,DND PPE 814,Department of National Defence,Administrative Review Case Files,Dossiers sur les examens administratifs de cas,possible_only,,q_complaint_appeal|q_government_work|q_health_disability|q_justice_safety|q_military_veterans|q_money_programs,https://www.canada.ca/en/department-national-defence/corporate/transparency/access-information-privacy/info-source-sources-of-federal-government-and-employee-information.html,https://www.canada.ca/fr/ministere-defense-nationale/organisation/transparence/acces-information-protection-renseignements-personnels/info-source-sources-de-renseignements-du-gouvernement-federal-et-sur-les-fonctionnaires-federaux.html
institution:ati-schedule-i-department-of-national-defence:DND PPE 852,institution,DND PPE 852,Department of National Defence,Fraud Prevention and Risk Management,Prévention de la fraude et gestion des risques,direct,q_military_veterans,q_business_supplier|q_government_work|q_indigenous_services|q_justice_safety|q_military_veterans|q_money_programs,https://www.canada.ca/en/department-national-defence/corporate/transparency/access-information-privacy/info-source-sources-of-federal-government-and-employee-information.html,https://www.canada.ca/fr/ministere-defense-nationale/organisation/transparence/acces-information-protection-renseignements-personnels/info-source-sources-de-renseignements-du-gouvernement-federal-et-sur-les-fonctionnaires-federaux.html
institution:ati-schedule-i-department-of-national-defence:DND PPE 853,institution,DND PPE 853,Department of National Defence,Special Examinations and Internal Investigations,Enquêtes spéciales et examens internes,direct,q_complaint_appeal|q_justice_safety,q_business_supplier|q_complaint_appeal|q_culture_volunteer|q_government_work|q_justice_safety|q_military_veterans,https://www.canada.ca/en/department-national-defence/corporate/transparency/access-information-privacy/info-source-sources-of-federal-government-and-employee-information.html,https://www.canada.ca/fr/ministere-defense-nationale/organisation/transparence/acces-information-protection-renseignements-personnels/info-source-sources-de-renseignements-du-gouvernement-federal-et-sur-les-fonctionnaires-federaux.html
institution:ati-schedule-i-department-of-national-defence:DND PPU 874,institution,DND PPU 874,Department of National Defence,Declaration of Victims Rights (DVR) Complaint Review Mechanism,Mécanisme d’examen des plaintes déposées en vertu de la Déclaration des droits des victimes (DDV),direct,q_complaint_appeal|q_justice_safety,q_complaint_appeal|q_justice_safety|q_military_veterans,https://www.canada.ca/en/department-national-defence/corporate/transparency/access-information-privacy/info-source-sources-of-federal-government-and-employee-information.html,https://www.canada.ca/fr/ministere-defense-nationale/organisation/transparence/acces-information-protection-renseignements-personnels/info-source-sources-de-renseignements-du-gouvernement-federal-et-sur-les-fonctionnaires-federaux.html
institution:ati-schedule-i-department-of-national-defence:DND PPE 821,institution,DND PPE 821,Department of National Defence,Canadian Forces Command and Staff College - Boards/Selection Processes,Comités de révision/processus de sélection pour la nomination des officiers supérieurs à un Collège de commandement et d'état-major,direct,q_education_training|q_military_veterans,q_education_training|q_military_veterans,https://www.canada.ca/en/department-national-defence/corporate/transparency/access-information-privacy/info-source-sources-of-federal-government-and-employee-information.html,https://www.canada.ca/fr/ministere-defense-nationale/organisation/transparence/acces-information-protection-renseignements-personnels/info-source-sources-de-renseignements-du-gouvernement-federal-et-sur-les-fonctionnaires-federaux.html
institution:ati-schedule-i-department-of-national-defence:DND PPE 825,institution,DND PPE 825,Department of National Defence,Talent and Leadership Management,Gestion des talents et du leadership,possible_only,,q_civic_contact|q_education_training|q_government_work|q_justice_safety|q_military_veterans,https://www.canada.ca/en/department-national-defence/corporate/transparency/access-information-privacy/info-source-sources-of-federal-government-and-employee-information.html,https://www.canada.ca/fr/ministere-defense-nationale/organisation/transparence/acces-information-protection-renseignements-personnels/info-source-sources-de-renseignements-du-gouvernement-federal-et-sur-les-fonctionnaires-federaux.html
institution:ati-schedule-i-department-of-national-defence:DND PPE 818,institution,DND PPE 818,Department of National Defence,Canadian Forces Member Personal Information File,Fichier des renseignements personnels des membres des Forces canadiennes,direct,q_military_veterans,q_civic_contact|q_family_vital|q_government_work|q_health_disability|q_immigration|q_indigenous_services|q_justice_safety|q_military_veterans|q_money_programs,https://www.canada.ca/en/department-national-defence/corporate/transparency/access-information-privacy/info-source-sources-of-federal-government-and-employee-information.html,https://www.canada.ca/fr/ministere-defense-nationale/organisation/transparence/acces-information-protection-renseignements-personnels/info-source-sources-de-renseignements-du-gouvernement-federal-et-sur-les-fonctionnaires-federaux.html
institution:ati-schedule-i-department-of-national-defence:DND PPE 864,institution,DND PPE 864,Department of National Defence,Conflict of Interest and Post-Employment Code - Military,Code régissant les conflits d'intérêts et l'après-mandat - Militaire,direct,q_military_veterans,q_business_supplier|q_civic_contact|q_indigenous_services|q_military_veterans,https://www.canada.ca/en/department-national-defence/corporate/transparency/access-information-privacy/info-source-sources-of-federal-government-and-employee-information.html,https://www.canada.ca/fr/ministere-defense-nationale/organisation/transparence/acces-information-protection-renseignements-personnels/info-source-sources-de-renseignements-du-gouvernement-federal-et-sur-les-fonctionnaires-federaux.html
institution:ati-schedule-i-department-of-national-defence:DND PPE 831,institution,DND PPE 831,Department of National Defence,Military Personnel - Grievance File,Personnel militaire – Dossier de grief,direct,q_complaint_appeal|q_government_work|q_military_veterans,q_complaint_appeal|q_government_work|q_health_disability|q_indigenous_services|q_justice_safety|q_military_veterans,https://www.canada.ca/en/department-national-defence/corporate/transparency/access-information-privacy/info-source-sources-of-federal-government-and-employee-information.html,https://www.canada.ca/fr/ministere-defense-nationale/organisation/transparence/acces-information-protection-renseignements-personnels/info-source-sources-de-renseignements-du-gouvernement-federal-et-sur-les-fonctionnaires-federaux.html
institution:ati-schedule-i-department-of-national-defence:DND PPE 848,institution,DND PPE 848,Department of National Defence,Officer Boards for Academic Enhancement and Specialist Training Plans,Comité de sélection des officiers - Programmes de perfectionnement universitaire et de formation de spécialistes,possible_only,,q_education_training|q_health_disability|q_military_veterans,https://www.canada.ca/en/department-national-defence/corporate/transparency/access-information-privacy/info-source-sources-of-federal-government-and-employee-information.html,https://www.canada.ca/fr/ministere-defense-nationale/organisation/transparence/acces-information-protection-renseignements-personnels/info-source-sources-de-renseignements-du-gouvernement-federal-et-sur-les-fonctionnaires-federaux.html
institution:ati-schedule-i-department-of-national-defence:DND PPU 834,institution,DND PPU 834,Department of National Defence,Personnel Security Screening Program,,direct,q_government_work|q_justice_safety,q_access_privacy|q_business_supplier|q_complaint_appeal|q_culture_volunteer|q_education_training|q_family_vital|q_government_work|q_health_disability|q_immigration|q_justice_safety|q_military_veterans|q_money_programs|q_travel_border,https://www.canada.ca/en/department-national-defence/corporate/transparency/access-information-privacy/info-source-sources-of-federal-government-and-employee-information.html,https://www.canada.ca/fr/ministere-defense-nationale/organisation/transparence/acces-information-protection-renseignements-personnels/info-source-sources-de-renseignements-du-gouvernement-federal-et-sur-les-fonctionnaires-federaux.html
institution:ati-schedule-i-department-of-national-defence:DND PPE 877,institution,DND PPE 877,Department of National Defence,Personnel Selection Officer (PSO) Training Files,Dossiers de formation des officiers de sélection du personnel (O Sel P),direct,q_government_work,q_government_work|q_indigenous_services|q_military_veterans,https://www.canada.ca/en/department-national-defence/corporate/transparency/access-information-privacy/info-source-sources-of-federal-government-and-employee-information.html,https://www.canada.ca/fr/ministere-defense-nationale/organisation/transparence/acces-information-protection-renseignements-personnels/info-source-sources-de-renseignements-du-gouvernement-federal-et-sur-les-fonctionnaires-federaux.html
institution:ati-schedule-i-department-of-national-defence:DND PPE 847,institution,DND PPE 847,Department of National Defence,Selection Boards for the In-Service Commissioning Plans,Fichier des comités de sélection des programmes militaires de promotion au rang d'officier,possible_only,,q_civic_contact|q_education_training|q_military_veterans,https://www.canada.ca/en/department-national-defence/corporate/transparency/access-information-privacy/info-source-sources-of-federal-government-and-employee-information.html,https://www.canada.ca/fr/ministere-defense-nationale/organisation/transparence/acces-information-protection-renseignements-personnels/info-source-sources-de-renseignements-du-gouvernement-federal-et-sur-les-fonctionnaires-federaux.html
institution:ati-schedule-i-department-of-national-defence:DND PPE 836,institution,DND PPE 836,Department of National Defence,Unit Military Personnel Bank,Fichier des dossiers du personnel militaire des unités,direct,q_government_work|q_military_veterans,q_civic_contact|q_family_vital|q_government_work|q_health_disability|q_immigration|q_indigenous_services|q_justice_safety|q_military_veterans|q_money_programs|q_travel_border,https://www.canada.ca/en/department-national-defence/corporate/transparency/access-information-privacy/info-source-sources-of-federal-government-and-employee-information.html,https://www.canada.ca/fr/ministere-defense-nationale/organisation/transparence/acces-information-protection-renseignements-personnels/info-source-sources-de-renseignements-du-gouvernement-federal-et-sur-les-fonctionnaires-federaux.html
institution:ati-schedule-i-department-of-national-defence:DND PPE 899,institution,DND PPE 899,Department of National Defence,Selection Board and Supplementary Selection Board Results,Comité de sélection et résultats du comité de sélection supplémentaire,possible_only,,q_government_work|q_military_veterans,https://www.canada.ca/en/department-national-defence/corporate/transparency/access-information-privacy/info-source-sources-of-federal-government-and-employee-information.html,https://www.canada.ca/fr/ministere-defense-nationale/organisation/transparence/acces-information-protection-renseignements-personnels/info-source-sources-de-renseignements-du-gouvernement-federal-et-sur-les-fonctionnaires-federaux.html
institution:ati-schedule-i-department-of-national-defence:DND PPU 875,institution,DND PPU 875,Department of National Defence,CAF Harassment,Harcèlement dans les FAC,direct,q_government_work,q_complaint_appeal|q_government_work|q_indigenous_services|q_justice_safety|q_military_veterans,https://www.canada.ca/en/department-national-defence/corporate/transparency/access-information-privacy/info-source-sources-of-federal-government-and-employee-information.html,https://www.canada.ca/fr/ministere-defense-nationale/organisation/transparence/acces-information-protection-renseignements-personnels/info-source-sources-de-renseignements-du-gouvernement-federal-et-sur-les-fonctionnaires-federaux.html
institution:ati-schedule-i-department-of-national-defence:DND PPE 871,institution,DND PPE 871,Department of National Defence,Alert Manning Personnel System (AMPS),Système de garnison du personnel à Alert,direct,q_government_work,q_government_work|q_military_veterans,https://www.canada.ca/en/department-national-defence/corporate/transparency/access-information-privacy/info-source-sources-of-federal-government-and-employee-information.html,https://www.canada.ca/fr/ministere-defense-nationale/organisation/transparence/acces-information-protection-renseignements-personnels/info-source-sources-de-renseignements-du-gouvernement-federal-et-sur-les-fonctionnaires-federaux.html
institution:ati-schedule-i-department-of-national-defence:DND PPE 832,institution,DND PPE 832,Department of National Defence,Boards of Inquiry/Summary Investigations,,direct,q_justice_safety,q_education_training|q_family_vital|q_government_work|q_health_disability|q_justice_safety|q_military_veterans,https://www.canada.ca/en/department-national-defence/corporate/transparency/access-information-privacy/info-source-sources-of-federal-government-and-employee-information.html,https://www.canada.ca/fr/ministere-defense-nationale/organisation/transparence/acces-information-protection-renseignements-personnels/info-source-sources-de-renseignements-du-gouvernement-federal-et-sur-les-fonctionnaires-federaux.html
institution:ati-schedule-i-department-of-national-defence:DND PPE 890,institution,DND PPE 890,Department of National Defence,Canadian Forces Drug Testing Program,Programme de tests obligatoires de dépistage de drogues des Forces canadiennes,direct,q_military_veterans,q_education_training|q_health_disability|q_indigenous_services|q_justice_safety|q_military_veterans,https://www.canada.ca/en/department-national-defence/corporate/transparency/access-information-privacy/info-source-sources-of-federal-government-and-employee-information.html,https://www.canada.ca/fr/ministere-defense-nationale/organisation/transparence/acces-information-protection-renseignements-personnels/info-source-sources-de-renseignements-du-gouvernement-federal-et-sur-les-fonctionnaires-federaux.html
institution:ati-schedule-i-department-of-national-defence:DND PPU 826,institution,DND PPU 826,Department of National Defence,Honorary Appointments,Nominations honorifiques,possible_only,,q_access_privacy|q_culture_volunteer|q_government_work|q_military_veterans,https://www.canada.ca/en/department-national-defence/corporate/transparency/access-information-privacy/info-source-sources-of-federal-government-and-employee-information.html,https://www.canada.ca/fr/ministere-defense-nationale/organisation/transparence/acces-information-protection-renseignements-personnels/info-source-sources-de-renseignements-du-gouvernement-federal-et-sur-les-fonctionnaires-federaux.html
institution:ati-schedule-i-department-of-national-defence:DND PPE 860,institution,DND PPE 860,Department of National Defence,CAF Relocation,Fichier de renseignements personnels du Programme de réinstallation des FAC,possible_only,,q_business_supplier|q_family_vital|q_government_work|q_health_disability|q_military_veterans|q_money_programs|q_travel_border,https://www.canada.ca/en/department-national-defence/corporate/transparency/access-information-privacy/info-source-sources-of-federal-government-and-employee-information.html,https://www.canada.ca/fr/ministere-defense-nationale/organisation/transparence/acces-information-protection-renseignements-personnels/info-source-sources-de-renseignements-du-gouvernement-federal-et-sur-les-fonctionnaires-federaux.html
institution:ati-schedule-i-department-of-national-defence:DND PPE 807,institution,DND PPE 807,Department of National Defence,Chaplain Service,Services d'aumônerie,possible_only,,q_civic_contact|q_military_veterans,https://www.canada.ca/en/department-national-defence/corporate/transparency/access-information-privacy/info-source-sources-of-federal-government-and-employee-information.html,https://www.canada.ca/fr/ministere-defense-nationale/organisation/transparence/acces-information-protection-renseignements-personnels/info-source-sources-de-renseignements-du-gouvernement-federal-et-sur-les-fonctionnaires-federaux.html
institution:ati-schedule-i-department-of-national-defence:DND PPE 830,institution,DND PPE 830,Department of National Defence,Minutes of Proceedings of Courts Martial,Procès-verbaux des cours martiales,possible_only,,q_complaint_appeal|q_military_veterans,https://www.canada.ca/en/department-national-defence/corporate/transparency/access-information-privacy/info-source-sources-of-federal-government-and-employee-information.html,https://www.canada.ca/fr/ministere-defense-nationale/organisation/transparence/acces-information-protection-renseignements-personnels/info-source-sources-de-renseignements-du-gouvernement-federal-et-sur-les-fonctionnaires-federaux.html
institution:ati-schedule-i-department-of-national-defence:DND PPE 855,institution,DND PPE 855,Department of National Defence,Summary Hearings,Audiences sommaires,possible_only,,q_complaint_appeal|q_health_disability|q_justice_safety|q_military_veterans,https://www.canada.ca/en/department-national-defence/corporate/transparency/access-information-privacy/info-source-sources-of-federal-government-and-employee-information.html,https://www.canada.ca/fr/ministere-defense-nationale/organisation/transparence/acces-information-protection-renseignements-personnels/info-source-sources-de-renseignements-du-gouvernement-federal-et-sur-les-fonctionnaires-federaux.html
institution:ati-schedule-i-department-of-national-defence:DND PPE 856,institution,DND PPE 856,Department of National Defence,Administration of Service Estates and Personal Belongings,Gestion des successions militaires et des effets personnels,direct,q_military_veterans,q_access_privacy|q_civic_contact|q_family_vital|q_government_work|q_military_veterans,https://www.canada.ca/en/department-national-defence/corporate/transparency/access-information-privacy/info-source-sources-of-federal-government-and-employee-information.html,https://www.canada.ca/fr/ministere-defense-nationale/organisation/transparence/acces-information-protection-renseignements-personnels/info-source-sources-de-renseignements-du-gouvernement-federal-et-sur-les-fonctionnaires-federaux.html
institution:ati-schedule-i-department-of-national-defence:DND PPE 857,institution,DND PPE 857,Department of National Defence,Provision of Legal Aid to Members of the Canadian Forces,Assistance judiciaire des membres des FC des membres des Forces canadiennes,direct,q_military_veterans,q_family_vital|q_military_veterans,https://www.canada.ca/en/department-national-defence/corporate/transparency/access-information-privacy/info-source-sources-of-federal-government-and-employee-information.html,https://www.canada.ca/fr/ministere-defense-nationale/organisation/transparence/acces-information-protection-renseignements-personnels/info-source-sources-de-renseignements-du-gouvernement-federal-et-sur-les-fonctionnaires-federaux.html
institution:ati-schedule-i-department-of-national-defence:DND PPE 897,institution,DND PPE 897,Department of National Defence,Provision of Legal Counsel at Public Expense,Financement de conseil juridique par les fonds publics,possible_only,,q_government_work|q_military_veterans,https://www.canada.ca/en/department-national-defence/corporate/transparency/access-information-privacy/info-source-sources-of-federal-government-and-employee-information.html,https://www.canada.ca/fr/ministere-defense-nationale/organisation/transparence/acces-information-protection-renseignements-personnels/info-source-sources-de-renseignements-du-gouvernement-federal-et-sur-les-fonctionnaires-federaux.html
institution:ati-schedule-i-department-of-national-defence:DND PPU 070,institution,DND PPU 070,Department of National Defence,Complaints/Investigations against or by Military Police or its Members,Fichier des plaintes à l'encontre de la police militaire et des enquêtes menées par elle,direct,q_complaint_appeal|q_justice_safety|q_military_veterans,q_complaint_appeal|q_government_work|q_justice_safety|q_military_veterans,https://www.canada.ca/en/department-national-defence/corporate/transparency/access-information-privacy/info-source-sources-of-federal-government-and-employee-information.html,https://www.canada.ca/fr/ministere-defense-nationale/organisation/transparence/acces-information-protection-renseignements-personnels/info-source-sources-de-renseignements-du-gouvernement-federal-et-sur-les-fonctionnaires-federaux.html
institution:ati-schedule-i-department-of-national-defence:DND PPU 896,institution,DND PPU 896,Department of National Defence,Identification and Access Control Cards,Fichier des cartes d'identité et de contrôle d'accès,possible_only,,q_business_supplier|q_civic_contact|q_family_vital|q_government_work|q_military_veterans,https://www.canada.ca/en/department-national-defence/corporate/transparency/access-information-privacy/info-source-sources-of-federal-government-and-employee-information.html,https://www.canada.ca/fr/ministere-defense-nationale/organisation/transparence/acces-information-protection-renseignements-personnels/info-source-sources-de-renseignements-du-gouvernement-federal-et-sur-les-fonctionnaires-federaux.html
institution:ati-schedule-i-department-of-national-defence:DND PPU 837,institution,DND PPU 837,Department of National Defence,Special Access Program,Programme d’accès spécial,direct,q_business_supplier|q_government_work,q_business_supplier|q_government_work|q_immigration|q_justice_safety|q_military_veterans|q_money_programs,https://www.canada.ca/en/department-national-defence/corporate/transparency/access-information-privacy/info-source-sources-of-federal-government-and-employee-information.html,https://www.canada.ca/fr/ministere-defense-nationale/organisation/transparence/acces-information-protection-renseignements-personnels/info-source-sources-de-renseignements-du-gouvernement-federal-et-sur-les-fonctionnaires-federaux.html
institution:ati-schedule-i-department-of-national-defence:DND PPU 071,institution,DND PPU 071,Department of National Defence,Military Police Audit Reports Data Bank,Rapports de vérification de la police militaire,direct,q_justice_safety|q_military_veterans,q_business_supplier|q_justice_safety|q_military_veterans,https://www.canada.ca/en/department-national-defence/corporate/transparency/access-information-privacy/info-source-sources-of-federal-government-and-employee-information.html,https://www.canada.ca/fr/ministere-defense-nationale/organisation/transparence/acces-information-protection-renseignements-personnels/info-source-sources-de-renseignements-du-gouvernement-federal-et-sur-les-fonctionnaires-federaux.html
institution:ati-schedule-i-department-of-national-defence:DND PPU 833,institution,DND PPU 833,Department of National Defence,Military Police Credential Review Board Data Bank,Banque de données du Conseil de révision des attestations de police militaire,direct,q_justice_safety|q_military_veterans,q_complaint_appeal|q_government_work|q_justice_safety|q_military_veterans,https://www.canada.ca/en/department-national-defence/corporate/transparency/access-information-privacy/info-source-sources-of-federal-government-and-employee-information.html,https://www.canada.ca/fr/ministere-defense-nationale/organisation/transparence/acces-information-protection-renseignements-personnels/info-source-sources-de-renseignements-du-gouvernement-federal-et-sur-les-fonctionnaires-federaux.html
institution:ati-schedule-i-department-of-national-defence:DND PPE 835,institution,DND PPE 835,Department of National Defence,Military Police Investigation Case Files,Dossiers d'enquête de la police militaire,direct,q_justice_safety|q_military_veterans,q_complaint_appeal|q_government_work|q_health_disability|q_immigration|q_justice_safety|q_military_veterans|q_money_programs,https://www.canada.ca/en/department-national-defence/corporate/transparency/access-information-privacy/info-source-sources-of-federal-government-and-employee-information.html,https://www.canada.ca/fr/ministere-defense-nationale/organisation/transparence/acces-information-protection-renseignements-personnels/info-source-sources-de-renseignements-du-gouvernement-federal-et-sur-les-fonctionnaires-federaux.html
institution:ati-schedule-i-department-of-national-defence:DND PPU 801,institution,DND PPU 801,Department of National Defence,National Defence Fingerprint File,Dossier des empreintes digitales à la Défense nationale,direct,q_military_veterans,q_government_work|q_health_disability|q_justice_safety|q_military_veterans,https://www.canada.ca/en/department-national-defence/corporate/transparency/access-information-privacy/info-source-sources-of-federal-government-and-employee-information.html,https://www.canada.ca/fr/ministere-defense-nationale/organisation/transparence/acces-information-protection-renseignements-personnels/info-source-sources-de-renseignements-du-gouvernement-federal-et-sur-les-fonctionnaires-federaux.html
institution:ati-schedule-i-department-of-national-defence:DND PPU 851,institution,DND PPU 851,Department of National Defence,Travel and Contact Security Program,Programme de la sécurité relative aux voyages et aux contacts,direct,q_government_work|q_travel_border,q_business_supplier|q_government_work|q_justice_safety|q_military_veterans|q_travel_border,https://www.canada.ca/en/department-national-defence/corporate/transparency/access-information-privacy/info-source-sources-of-federal-government-and-employee-information.html,https://www.canada.ca/fr/ministere-defense-nationale/organisation/transparence/acces-information-protection-renseignements-personnels/info-source-sources-de-renseignements-du-gouvernement-federal-et-sur-les-fonctionnaires-federaux.html
institution:ati-schedule-i-department-of-national-defence:DND PPU 061,institution,DND PPU 061,Department of National Defence,Defence Intelligence Records,Dossiers du renseignement de défense,direct,q_military_veterans,q_business_supplier|q_civic_contact|q_government_work|q_health_disability|q_immigration|q_justice_safety|q_military_veterans,https://www.canada.ca/en/department-national-defence/corporate/transparency/access-information-privacy/info-source-sources-of-federal-government-and-employee-information.html,https://www.canada.ca/fr/ministere-defense-nationale/organisation/transparence/acces-information-protection-renseignements-personnels/info-source-sources-de-renseignements-du-gouvernement-federal-et-sur-les-fonctionnaires-federaux.html
institution:ati-schedule-i-department-of-national-defence:DND PPU 060,institution,DND PPU 060,Department of National Defence,Counter-Intelligence,Contre-ingérence,possible_only,,q_government_work|q_health_disability|q_immigration|q_justice_safety|q_military_veterans,https://www.canada.ca/en/department-national-defence/corporate/transparency/access-information-privacy/info-source-sources-of-federal-government-and-employee-information.html,https://www.canada.ca/fr/ministere-defense-nationale/organisation/transparence/acces-information-protection-renseignements-personnels/info-source-sources-de-renseignements-du-gouvernement-federal-et-sur-les-fonctionnaires-federaux.html
institution:ati-schedule-i-department-of-national-defence:DND PPU 840,institution,DND PPU 840,Department of National Defence,Military Police Criminal Intelligence Program,Programme de renseignement criminel de la police militaire,direct,q_business_supplier|q_justice_safety|q_military_veterans,q_access_privacy|q_business_supplier|q_civic_contact|q_government_work|q_immigration|q_justice_safety|q_military_veterans,https://www.canada.ca/en/department-national-defence/corporate/transparency/access-information-privacy/info-source-sources-of-federal-government-and-employee-information.html,https://www.canada.ca/fr/ministere-defense-nationale/organisation/transparence/acces-information-protection-renseignements-personnels/info-source-sources-de-renseignements-du-gouvernement-federal-et-sur-les-fonctionnaires-federaux.html
institution:ati-schedule-i-department-of-national-defence:DND PPE 863,institution,DND PPE 863,Department of National Defence,Service Prison and Detention Barrack Records,Désignation des prisons militaires et des casernes de détention,direct,q_justice_safety|q_military_veterans,q_family_vital|q_government_work|q_health_disability|q_justice_safety|q_military_veterans,https://www.canada.ca/en/department-national-defence/corporate/transparency/access-information-privacy/info-source-sources-of-federal-government-and-employee-information.html,https://www.canada.ca/fr/ministere-defense-nationale/organisation/transparence/acces-information-protection-renseignements-personnels/info-source-sources-de-renseignements-du-gouvernement-federal-et-sur-les-fonctionnaires-federaux.html
institution:ati-schedule-i-department-of-national-defence:DND PPE 841,institution,DND PPE 841,Department of National Defence,Training and Development,Formation et perfectionnement,direct,q_military_veterans,q_education_training|q_indigenous_services|q_military_veterans|q_money_programs,https://www.canada.ca/en/department-national-defence/corporate/transparency/access-information-privacy/info-source-sources-of-federal-government-and-employee-information.html,https://www.canada.ca/fr/ministere-defense-nationale/organisation/transparence/acces-information-protection-renseignements-personnels/info-source-sources-de-renseignements-du-gouvernement-federal-et-sur-les-fonctionnaires-federaux.html
institution:ati-schedule-i-department-of-national-defence:DND PPE 844,institution,DND PPE 844,Department of National Defence,Academic Records - Students of the Royal Military College,Relevés de notes - Étudiants du Collège militaire royal,direct,q_education_training|q_military_veterans,q_education_training|q_military_veterans,https://www.canada.ca/en/department-national-defence/corporate/transparency/access-information-privacy/info-source-sources-of-federal-government-and-employee-information.html,https://www.canada.ca/fr/ministere-defense-nationale/organisation/transparence/acces-information-protection-renseignements-personnels/info-source-sources-de-renseignements-du-gouvernement-federal-et-sur-les-fonctionnaires-federaux.html
institution:ati-schedule-i-department-of-national-defence:DND PPE 843,institution,DND PPE 843,Department of National Defence,Command and Staff Course Student Files,Cours de commandement et d'état-major - Dossiers des élèves-officiers,direct,q_education_training,q_education_training|q_military_veterans,https://www.canada.ca/en/department-national-defence/corporate/transparency/access-information-privacy/info-source-sources-of-federal-government-and-employee-information.html,https://www.canada.ca/fr/ministere-defense-nationale/organisation/transparence/acces-information-protection-renseignements-personnels/info-source-sources-de-renseignements-du-gouvernement-federal-et-sur-les-fonctionnaires-federaux.html
institution:ati-schedule-i-department-of-national-defence:DND PPU 878,institution,DND PPU 878,Department of National Defence,Military Postgraduate Student Records,Dossiers sur les participants militaires aux études de troisième cycle,direct,q_education_training|q_military_veterans,q_education_training|q_government_work|q_military_veterans,https://www.canada.ca/en/department-national-defence/corporate/transparency/access-information-privacy/info-source-sources-of-federal-government-and-employee-information.html,https://www.canada.ca/fr/ministere-defense-nationale/organisation/transparence/acces-information-protection-renseignements-personnels/info-source-sources-de-renseignements-du-gouvernement-federal-et-sur-les-fonctionnaires-federaux.html
institution:ati-schedule-i-department-of-national-defence:DND PPE 842,institution,DND PPE 842,Department of National Defence,Personnel Files - Training,Dossiers sur le personnel - Instruction,direct,q_government_work,q_civic_contact|q_education_training|q_government_work|q_military_veterans|q_money_programs,https://www.canada.ca/en/department-national-defence/corporate/transparency/access-information-privacy/info-source-sources-of-federal-government-and-employee-information.html,https://www.canada.ca/fr/ministere-defense-nationale/organisation/transparence/acces-information-protection-renseignements-personnels/info-source-sources-de-renseignements-du-gouvernement-federal-et-sur-les-fonctionnaires-federaux.html
institution:ati-schedule-i-department-of-national-defence:DND PPE 845,institution,DND PPE 845,Department of National Defence,Squadron Personnel File - Officer Cadets,Dossier personnel de l'escadron – Aspirants-officiers,direct,q_government_work,q_education_training|q_government_work|q_military_veterans|q_money_programs,https://www.canada.ca/en/department-national-defence/corporate/transparency/access-information-privacy/info-source-sources-of-federal-government-and-employee-information.html,https://www.canada.ca/fr/ministere-defense-nationale/organisation/transparence/acces-information-protection-renseignements-personnels/info-source-sources-de-renseignements-du-gouvernement-federal-et-sur-les-fonctionnaires-federaux.html
institution:ati-schedule-i-department-of-national-defence:DND PPE 886,institution,DND PPE 886,Department of National Defence,RMC Saint-Jean Sexual Misconduct Reporting and Support Services,CMR Saint-Jean – Signalement des inconduites sexuelles et services de soutien,possible_only,,q_business_supplier|q_education_training|q_government_work|q_health_disability|q_justice_safety|q_military_veterans,https://www.canada.ca/en/department-national-defence/corporate/transparency/access-information-privacy/info-source-sources-of-federal-government-and-employee-information.html,https://www.canada.ca/fr/ministere-defense-nationale/organisation/transparence/acces-information-protection-renseignements-personnels/info-source-sources-de-renseignements-du-gouvernement-federal-et-sur-les-fonctionnaires-federaux.html
institution:ati-schedule-i-department-of-national-defence:DND PPE 805,institution,DND PPE 805,Department of National Defence,Human Resources Management Information System (HRMS),Système de gestion des ressources humaines (SGRH),possible_only,,q_civic_contact|q_education_training|q_family_vital|q_government_work|q_health_disability|q_indigenous_services|q_justice_safety|q_military_veterans|q_money_programs|q_tax_customs,https://www.canada.ca/en/department-national-defence/corporate/transparency/access-information-privacy/info-source-sources-of-federal-government-and-employee-information.html,https://www.canada.ca/fr/ministere-defense-nationale/organisation/transparence/acces-information-protection-renseignements-personnels/info-source-sources-de-renseignements-du-gouvernement-federal-et-sur-les-fonctionnaires-federaux.html
institution:ati-schedule-i-department-of-national-defence:DND PPE 820,institution,DND PPE 820,Department of National Defence,Evidence-Based Assessments of Character for Leadership Selections and Promotions,Évaluations de la personnalité fondées sur des données probantes pour la sélection et la promotion des dirigeants,possible_only,,q_civic_contact|q_culture_volunteer|q_government_work|q_military_veterans,https://www.canada.ca/en/department-national-defence/corporate/transparency/access-information-privacy/info-source-sources-of-federal-government-and-employee-information.html,https://www.canada.ca/fr/ministere-defense-nationale/organisation/transparence/acces-information-protection-renseignements-personnels/info-source-sources-de-renseignements-du-gouvernement-federal-et-sur-les-fonctionnaires-federaux.html
institution:ati-schedule-i-department-of-national-defence:DND PPU 850,institution,DND PPU 850,Department of National Defence,Learning Disability Accommodations,Mesures d’adaptation pour trouble d’apprentissage,direct,q_health_disability,q_access_privacy|q_business_supplier|q_complaint_appeal|q_education_training|q_government_work|q_health_disability|q_military_veterans,https://www.canada.ca/en/department-national-defence/corporate/transparency/access-information-privacy/info-source-sources-of-federal-government-and-employee-information.html,https://www.canada.ca/fr/ministere-defense-nationale/organisation/transparence/acces-information-protection-renseignements-personnels/info-source-sources-de-renseignements-du-gouvernement-federal-et-sur-les-fonctionnaires-federaux.html
institution:ati-schedule-i-department-of-national-defence:DND PPE 838,institution,DND PPE 838,Department of National Defence,Performance Evaluation Report File,Dossier d'évaluation du rendement,possible_only,,q_indigenous_services|q_military_veterans,https://www.canada.ca/en/department-national-defence/corporate/transparency/access-information-privacy/info-source-sources-of-federal-government-and-employee-information.html,https://www.canada.ca/fr/ministere-defense-nationale/organisation/transparence/acces-information-protection-renseignements-personnels/info-source-sources-de-renseignements-du-gouvernement-federal-et-sur-les-fonctionnaires-federaux.html
institution:ati-schedule-i-department-of-national-defence:DND PPE 829,institution,DND PPE 829,Department of National Defence,Operational and Non-Operational Clothing and Footwear Program,Programme de vêtements et de chaussures opérationnels et non opérationnels,possible_only,,q_access_privacy|q_business_supplier|q_indigenous_services|q_military_veterans|q_money_programs,https://www.canada.ca/en/department-national-defence/corporate/transparency/access-information-privacy/info-source-sources-of-federal-government-and-employee-information.html,https://www.canada.ca/fr/ministere-defense-nationale/organisation/transparence/acces-information-protection-renseignements-personnels/info-source-sources-de-renseignements-du-gouvernement-federal-et-sur-les-fonctionnaires-federaux.html
institution:ati-schedule-i-department-of-national-defence:DND PPU 885,institution,DND PPU 885,Department of National Defence,Housing and Accommodations,Logement et lieux d'hébergement,direct,q_business_supplier|q_housing_property,q_business_supplier|q_family_vital|q_housing_property|q_military_veterans|q_money_programs|q_tax_customs,https://www.canada.ca/en/department-national-defence/corporate/transparency/access-information-privacy/info-source-sources-of-federal-government-and-employee-information.html,https://www.canada.ca/fr/ministere-defense-nationale/organisation/transparence/acces-information-protection-renseignements-personnels/info-source-sources-de-renseignements-du-gouvernement-federal-et-sur-les-fonctionnaires-federaux.html
institution:ati-schedule-i-department-of-national-defence:DND PPU 894,institution,DND PPU 894,Department of National Defence,Intellectual Property and Agreements,Propriété intellectuelle et ententes,possible_only,,q_business_supplier|q_education_training|q_military_veterans|q_research_survey,https://www.canada.ca/en/department-national-defence/corporate/transparency/access-information-privacy/info-source-sources-of-federal-government-and-employee-information.html,https://www.canada.ca/fr/ministere-defense-nationale/organisation/transparence/acces-information-protection-renseignements-personnels/info-source-sources-de-renseignements-du-gouvernement-federal-et-sur-les-fonctionnaires-federaux.html
institution:ati-schedule-i-department-of-national-defence:DND PPU 815,institution,DND PPU 815,Department of National Defence,Human Resource Research and Evaluation Information Data Bank,Banque de données sur l'information concernant la recherche et l'évaluation sur les Ressources humaines,possible_only,,q_education_training|q_government_work|q_military_veterans|q_research_survey,https://www.canada.ca/en/department-national-defence/corporate/transparency/access-information-privacy/info-source-sources-of-federal-government-and-employee-information.html,https://www.canada.ca/fr/ministere-defense-nationale/organisation/transparence/acces-information-protection-renseignements-personnels/info-source-sources-de-renseignements-du-gouvernement-federal-et-sur-les-fonctionnaires-federaux.html
institution:ati-schedule-i-department-of-national-defence:DND PPU 879,institution,DND PPU 879,Department of National Defence,North Atlantic Treaty Organization (NATO) Defense College Fellowship,Bourse de recherche du Collège de défense de l’Organisation du Traité de l’Atlantique Nord (OTAN),direct,q_education_training,q_civic_contact|q_education_training|q_immigration|q_military_veterans|q_money_programs|q_travel_border,https://www.canada.ca/en/department-national-defence/corporate/transparency/access-information-privacy/info-source-sources-of-federal-government-and-employee-information.html,https://www.canada.ca/fr/ministere-defense-nationale/organisation/transparence/acces-information-protection-renseignements-personnels/info-source-sources-de-renseignements-du-gouvernement-federal-et-sur-les-fonctionnaires-federaux.html
institution:ati-schedule-i-department-of-national-defence:DND PPU 795,institution,DND PPU 795,Department of National Defence,Marine Service Fees,Droits de services maritimes,possible_only,,q_access_privacy|q_business_supplier|q_military_veterans,https://www.canada.ca/en/department-national-defence/corporate/transparency/access-information-privacy/info-source-sources-of-federal-government-and-employee-information.html,https://www.canada.ca/fr/ministere-defense-nationale/organisation/transparence/acces-information-protection-renseignements-personnels/info-source-sources-de-renseignements-du-gouvernement-federal-et-sur-les-fonctionnaires-federaux.html
institution:ati-schedule-i-department-of-national-defence:DND PPU 794,institution,DND PPU 794,Department of National Defence,Marine Communications and Traffic Services (MCTS),Services de communication et de trafic maritimes,direct,q_travel_border,q_access_privacy|q_business_supplier|q_emergency|q_government_work|q_health_disability|q_immigration|q_justice_safety|q_military_veterans|q_travel_border,https://www.canada.ca/en/department-national-defence/corporate/transparency/access-information-privacy/info-source-sources-of-federal-government-and-employee-information.html,https://www.canada.ca/fr/ministere-defense-nationale/organisation/transparence/acces-information-protection-renseignements-personnels/info-source-sources-de-renseignements-du-gouvernement-federal-et-sur-les-fonctionnaires-federaux.html
institution:ati-schedule-i-department-of-national-defence:DND PPU 793,institution,DND PPU 793,Department of National Defence,Communications – Search and Rescue / Environmental Response,Communications - Recherche et sauvetage / Intervention environnementale,possible_only,,q_emergency|q_health_disability|q_justice_safety|q_military_veterans,https://www.canada.ca/en/department-national-defence/corporate/transparency/access-information-privacy/info-source-sources-of-federal-government-and-employee-information.html,https://www.canada.ca/fr/ministere-defense-nationale/organisation/transparence/acces-information-protection-renseignements-personnels/info-source-sources-de-renseignements-du-gouvernement-federal-et-sur-les-fonctionnaires-federaux.html
institution:ati-schedule-i-department-of-national-defence:DND PPU 797,institution,DND PPU 797,Department of National Defence,National Response Team Members,Membres de l’équipe nationale d’intervention environnementale,possible_only,,q_emergency|q_family_vital|q_government_work|q_health_disability|q_military_veterans,https://www.canada.ca/en/department-national-defence/corporate/transparency/access-information-privacy/info-source-sources-of-federal-government-and-employee-information.html,https://www.canada.ca/fr/ministere-defense-nationale/organisation/transparence/acces-information-protection-renseignements-personnels/info-source-sources-de-renseignements-du-gouvernement-federal-et-sur-les-fonctionnaires-federaux.html
institution:ati-schedule-i-department-of-national-defence:DND PPU 792,institution,DND PPU 792,Department of National Defence,Canadian Coast Guard Competency Certificate,Certificat de compétences de la Garde côtière canadienne,possible_only,,q_government_work|q_military_veterans,https://www.canada.ca/en/department-national-defence/corporate/transparency/access-information-privacy/info-source-sources-of-federal-government-and-employee-information.html,https://www.canada.ca/fr/ministere-defense-nationale/organisation/transparence/acces-information-protection-renseignements-personnels/info-source-sources-de-renseignements-du-gouvernement-federal-et-sur-les-fonctionnaires-federaux.html
institution:ati-schedule-i-department-of-national-defence:DND PPU 796,institution,DND PPU 796,Department of National Defence,Maritime Fleet Management – Seagoing Personnel File Information,Gestion de la flotte maritime renseignements sur les dossiers du personnel navigant,direct,q_government_work,q_business_supplier|q_emergency|q_family_vital|q_government_work|q_health_disability|q_immigration|q_military_veterans|q_travel_border,https://www.canada.ca/en/department-national-defence/corporate/transparency/access-information-privacy/info-source-sources-of-federal-government-and-employee-information.html,https://www.canada.ca/fr/ministere-defense-nationale/organisation/transparence/acces-information-protection-renseignements-personnels/info-source-sources-de-renseignements-du-gouvernement-federal-et-sur-les-fonctionnaires-federaux.html
institution:ati-schedule-i-department-of-national-defence:DND PPU 798,institution,DND PPU 798,Department of National Defence,Recruitment and Staffing – Fleet,Recrutement et dotation - Flotte,direct,q_government_work,q_civic_contact|q_complaint_appeal|q_education_training|q_government_work|q_health_disability|q_immigration|q_justice_safety|q_military_veterans,https://www.canada.ca/en/department-national-defence/corporate/transparency/access-information-privacy/info-source-sources-of-federal-government-and-employee-information.html,https://www.canada.ca/fr/ministere-defense-nationale/organisation/transparence/acces-information-protection-renseignements-personnels/info-source-sources-de-renseignements-du-gouvernement-federal-et-sur-les-fonctionnaires-federaux.html
institution:ati-schedule-i-department-of-national-defence:DND PPU 791,institution,DND PPU 791,Department of National Defence,Canadian Coast Guard College Officer Trainee Information,Renseignements sur les stagiaires-officiers du Collège de la Garde côtière canadienne,direct,q_education_training,q_education_training|q_government_work|q_military_veterans,https://www.canada.ca/en/department-national-defence/corporate/transparency/access-information-privacy/info-source-sources-of-federal-government-and-employee-information.html,https://www.canada.ca/fr/ministere-defense-nationale/organisation/transparence/acces-information-protection-renseignements-personnels/info-source-sources-de-renseignements-du-gouvernement-federal-et-sur-les-fonctionnaires-federaux.html
institution:ati-schedule-i-department-of-national-defence:DND PPU 790,institution,DND PPU 790,Department of National Defence,Canadian Coast Guard College Campus Facilities,Installations du campus du collège de la Garde côtière canadienne,direct,q_education_training,q_education_training|q_military_veterans,https://www.canada.ca/en/department-national-defence/corporate/transparency/access-information-privacy/info-source-sources-of-federal-government-and-employee-information.html,https://www.canada.ca/fr/ministere-defense-nationale/organisation/transparence/acces-information-protection-renseignements-personnels/info-source-sources-de-renseignements-du-gouvernement-federal-et-sur-les-fonctionnaires-federaux.html
institution:ati-schedule-i-department-of-national-defence:DND PPU 799,institution,DND PPU 799,Department of National Defence,Canadian Coast Guard Monitoring and Compliance Program,Programme de surveillance et de conformité de la Garde côtière canadienne,direct,q_business_supplier,q_business_supplier|q_complaint_appeal|q_government_work|q_justice_safety|q_military_veterans|q_money_programs,https://www.canada.ca/en/department-national-defence/corporate/transparency/access-information-privacy/info-source-sources-of-federal-government-and-employee-information.html,https://www.canada.ca/fr/ministere-defense-nationale/organisation/transparence/acces-information-protection-renseignements-personnels/info-source-sources-de-renseignements-du-gouvernement-federal-et-sur-les-fonctionnaires-federaux.html
institution:ati-schedule-i-department-of-national-defence:DND PPE 858,institution,DND PPE 858,Department of National Defence,Pay Records File,Fichier des dossiers de paye,direct,q_money_programs,q_business_supplier|q_civic_contact|q_culture_volunteer|q_government_work|q_indigenous_services|q_military_veterans|q_money_programs|q_tax_customs,https://www.canada.ca/en/department-national-defence/corporate/transparency/access-information-privacy/info-source-sources-of-federal-government-and-employee-information.html,https://www.canada.ca/fr/ministere-defense-nationale/organisation/transparence/acces-information-protection-renseignements-personnels/info-source-sources-de-renseignements-du-gouvernement-federal-et-sur-les-fonctionnaires-federaux.html
institution:ati-schedule-i-department-of-national-defence:DND PPE 859,institution,DND PPE 859,Department of National Defence,Pension File,Dossier de pension,direct,q_government_work,q_civic_contact|q_family_vital|q_government_work|q_military_veterans|q_money_programs|q_tax_customs,https://www.canada.ca/en/department-national-defence/corporate/transparency/access-information-privacy/info-source-sources-of-federal-government-and-employee-information.html,https://www.canada.ca/fr/ministere-defense-nationale/organisation/transparence/acces-information-protection-renseignements-personnels/info-source-sources-de-renseignements-du-gouvernement-federal-et-sur-les-fonctionnaires-federaux.html
institution:ati-schedule-i-department-of-national-defence:DND PPU 065,institution,DND PPU 065,Department of National Defence,Staffing Program,Programme de dotation,direct,q_government_work,q_civic_contact|q_government_work|q_military_veterans,https://www.canada.ca/en/department-national-defence/corporate/transparency/access-information-privacy/info-source-sources-of-federal-government-and-employee-information.html,https://www.canada.ca/fr/ministere-defense-nationale/organisation/transparence/acces-information-protection-renseignements-personnels/info-source-sources-de-renseignements-du-gouvernement-federal-et-sur-les-fonctionnaires-federaux.html
institution:ati-schedule-i-department-of-national-defence:DND PPU 813,institution,DND PPU 813,Department of National Defence,Public Key Infrastructure (PKI) Service Request Forms,Formulaires de demande de service pour l'infrastructure à clés publiques (ICP),possible_only,,q_business_supplier|q_family_vital|q_health_disability|q_immigration|q_military_veterans|q_travel_border,https://www.canada.ca/en/department-national-defence/corporate/transparency/access-information-privacy/info-source-sources-of-federal-government-and-employee-information.html,https://www.canada.ca/fr/ministere-defense-nationale/organisation/transparence/acces-information-protection-renseignements-personnels/info-source-sources-de-renseignements-du-gouvernement-federal-et-sur-les-fonctionnaires-federaux.html
institution:ati-schedule-i-department-of-national-defence:MDN PPE 881,institution,MDN PPE 881,Department of National Defence,,Programme relatif à l'explosion d'une grenade à Valcartier en 1974,possible_only,,q_access_privacy|q_business_supplier|q_family_vital|q_health_disability|q_justice_safety|q_military_veterans|q_money_programs,https://www.canada.ca/en/department-national-defence/corporate/transparency/access-information-privacy/info-source-sources-of-federal-government-and-employee-information.html,https://www.canada.ca/fr/ministere-defense-nationale/organisation/transparence/acces-information-protection-renseignements-personnels/info-source-sources-de-renseignements-du-gouvernement-federal-et-sur-les-fonctionnaires-federaux.html
institution:ati-schedule-i-department-of-public-safety-and-emergency-preparedness:PS PPU 026,institution,PS PPU 026,Department of Public Safety and Emergency Preparedness,National Security Records,Dossiers sur la sécurité nationale,possible_only,,q_emergency|q_government_work|q_health_disability|q_immigration|q_justice_safety,https://www.publicsafety.gc.ca/cnt/trnsprnc/nfsrc-en.aspx,https://www.securitepublique.gc.ca/cnt/trnsprnc/nfsrc-fr.aspx
institution:ati-schedule-i-department-of-public-safety-and-emergency-preparedness:PS PPU 040,institution,PS PPU 040,Department of Public Safety and Emergency Preparedness,Security Clearance Records,Dossiers des autorisations sécuritaires,possible_only,,q_business_supplier|q_civic_contact|q_complaint_appeal|q_emergency|q_justice_safety,https://www.publicsafety.gc.ca/cnt/trnsprnc/nfsrc-en.aspx,https://www.securitepublique.gc.ca/cnt/trnsprnc/nfsrc-fr.aspx
institution:ati-schedule-i-department-of-public-safety-and-emergency-preparedness:PS PPU 020,institution,PS PPU 020,Department of Public Safety and Emergency Preparedness,National Crime Prevention Strategy,Stratégie nationale pour la prévention du crime,possible_only,,q_civic_contact|q_emergency|q_indigenous_services,https://www.publicsafety.gc.ca/cnt/trnsprnc/nfsrc-en.aspx,https://www.securitepublique.gc.ca/cnt/trnsprnc/nfsrc-fr.aspx
institution:ati-schedule-i-department-of-public-safety-and-emergency-preparedness:PS PPU 039,institution,PS PPU 039,Department of Public Safety and Emergency Preparedness,Criminal Code Designations,Désignations du Code criminel,direct,q_justice_safety,q_emergency|q_justice_safety,https://www.publicsafety.gc.ca/cnt/trnsprnc/nfsrc-en.aspx,https://www.securitepublique.gc.ca/cnt/trnsprnc/nfsrc-fr.aspx
institution:ati-schedule-i-department-of-public-safety-and-emergency-preparedness:PS PPU 045,institution,PS PPU 045,Department of Public Safety and Emergency Preparedness,Policing and Law Enforcement -RCMP Personnel and Administrative Records,Police et application de la loi - dossiers de la GRC concernant le personnel et l'administration,direct,q_government_work|q_justice_safety,q_civic_contact|q_complaint_appeal|q_emergency|q_government_work|q_justice_safety,https://www.publicsafety.gc.ca/cnt/trnsprnc/nfsrc-en.aspx,https://www.securitepublique.gc.ca/cnt/trnsprnc/nfsrc-fr.aspx
institution:ati-schedule-i-department-of-public-safety-and-emergency-preparedness:PS PPU 015,institution,PS PPU 015,Department of Public Safety and Emergency Preparedness,Disclosure of Record Suspension,Divulgation de la suspension du casier,direct,q_government_work,q_business_supplier|q_emergency|q_family_vital|q_government_work|q_justice_safety,https://www.publicsafety.gc.ca/cnt/trnsprnc/nfsrc-en.aspx,https://www.securitepublique.gc.ca/cnt/trnsprnc/nfsrc-fr.aspx
institution:ati-schedule-i-department-of-public-safety-and-emergency-preparedness:PS PPU 047,institution,PS PPU 047,Department of Public Safety and Emergency Preparedness,Canadian Emergency Management College,Collège canadien de gestion des urgences,direct,q_education_training|q_emergency,q_education_training|q_emergency|q_government_work|q_health_disability,https://www.publicsafety.gc.ca/cnt/trnsprnc/nfsrc-en.aspx,https://www.securitepublique.gc.ca/cnt/trnsprnc/nfsrc-fr.aspx
institution:ati-schedule-i-department-of-public-safety-and-emergency-preparedness:PS PPU 051,institution,PS PPU 051,Department of Public Safety and Emergency Preparedness,Assault-Style Firearms Compensation Program,Programme d'indemnisation pour les armes à feu de style arme d'assaut,direct,q_money_programs,q_access_privacy|q_business_supplier|q_emergency|q_justice_safety|q_money_programs,https://www.publicsafety.gc.ca/cnt/trnsprnc/nfsrc-en.aspx,https://www.securitepublique.gc.ca/cnt/trnsprnc/nfsrc-fr.aspx
institution:ati-schedule-i-department-of-public-safety-and-emergency-preparedness:PS PPU 050,institution,PS PPU 050,Department of Public Safety and Emergency Preparedness,,Paiements à titre gracieux du vol 182 d'Air India,direct,q_money_programs,q_business_supplier|q_emergency|q_family_vital|q_justice_safety|q_money_programs|q_travel_border,https://www.publicsafety.gc.ca/cnt/trnsprnc/nfsrc-en.aspx,https://www.securitepublique.gc.ca/cnt/trnsprnc/nfsrc-fr.aspx
institution:ati-schedule-i-department-of-public-safety-and-emergency-preparedness:PS PPU 010,institution,PS PPU 010,Department of Public Safety and Emergency Preparedness,,Loi sur le transfèrement international des délinquants (LTID),direct,q_justice_safety,q_emergency|q_family_vital|q_health_disability|q_immigration|q_justice_safety,https://www.publicsafety.gc.ca/cnt/trnsprnc/nfsrc-en.aspx,https://www.securitepublique.gc.ca/cnt/trnsprnc/nfsrc-fr.aspx
institution:ati-schedule-i-department-of-public-works-and-government-services:PWGSC PPU 071,institution,PWGSC PPU 071,Department of Public Works and Government Services,Procurement services—Personal information bank,Fichier de renseignements personnels sur les services d'approvisionnement,direct,q_business_supplier,q_access_privacy|q_business_supplier|q_civic_contact|q_education_training|q_health_disability|q_indigenous_services|q_justice_safety|q_money_programs,https://www.canada.ca/en/public-services-procurement/corporate/transparency/access-information-privacy/understanding-your-right-obtain-information/info-source-federal-government-employee-information/institutional-program-activities.html,https://www.canada.ca/fr/services-publics-approvisionnement/organisation/transparence/acces-information-protection-renseignements-personnels/comprendre-votre-droit-obtenir-renseignements/info-source-renseignements-gouvernement-federal-fonctionnaires-federaux/programmes-activites-institutionnels.html
institution:ati-schedule-i-department-of-public-works-and-government-services:PWGSC PCU 703,institution,PWGSC PCU 703,Department of Public Works and Government Services,": In addition to the requirements specified on the Personal Information Request Form, individuals requesting information described by this bank must provide personal record identifier (PRI) and pension number. PIB updated in 2010 and formerly entitled Insurance Application Cards. Effective May 3, 2010, all personal information relating to the Public Service Health Plan Form, Disability and Long term Disability claims forms for current employees will be under the custody and control of the host department.",": Outre les exigences précisées sur le formulaire de demande d'accès aux renseignements personnels, les particuliers qui demandent des renseignements figurant dans ce fichier doivent fournir leur code d'identification de dossier personnel (CIDP) et le numéro de pension. Le fichier de renseignements personnels a été mis à jour en 2010; il s'appelait auparavant « carte de demande d'assurance ». À compter du 3 mai 2010, tous les renseignements personnels concernant le formulaire du Régime des soins de santé de la fonction publique et les demandes de règlements des régimes d'assurance-invalidité et d'assurance-invalidité de longue durée pour les employés actuels seront sous la garde et le contrôle du ministère d'accueil.",direct,q_access_privacy|q_government_work|q_health_disability,q_access_privacy|q_family_vital|q_government_work|q_health_disability|q_justice_safety|q_military_veterans|q_money_programs,https://www.canada.ca/en/public-services-procurement/corporate/transparency/access-information-privacy/understanding-your-right-obtain-information/info-source-federal-government-employee-information/institutional-program-activities.html,https://www.canada.ca/fr/services-publics-approvisionnement/organisation/transparence/acces-information-protection-renseignements-personnels/comprendre-votre-droit-obtenir-renseignements/info-source-renseignements-gouvernement-federal-fonctionnaires-federaux/programmes-activites-institutionnels.html
institution:ati-schedule-i-department-of-public-works-and-government-services:PSPC PCU 715,institution,PSPC PCU 715,Department of Public Works and Government Services,"Federal Government employees, pensioners and survivors: Insurance information—Personal information bank","Fichier de renseignements personnels sur les fonctionnaires, pensionnés et survivants – Renseignements sur les assurances",direct,q_government_work,q_business_supplier|q_government_work|q_money_programs|q_tax_customs,https://www.canada.ca/en/public-services-procurement/corporate/transparency/access-information-privacy/understanding-your-right-obtain-information/info-source-federal-government-employee-information/institutional-program-activities.html,https://www.canada.ca/fr/services-publics-approvisionnement/organisation/transparence/acces-information-protection-renseignements-personnels/comprendre-votre-droit-obtenir-renseignements/info-source-renseignements-gouvernement-federal-fonctionnaires-federaux/programmes-activites-institutionnels.html
institution:ati-schedule-i-department-of-public-works-and-government-services:PWGSC PCE 705,institution,PWGSC PCE 705,Department of Public Works and Government Services,Central index—Personal information bank,Fichier de renseignements personnels sur le fichier central,direct,q_government_work,q_access_privacy|q_business_supplier|q_complaint_appeal|q_education_training|q_government_work|q_health_disability|q_money_programs|q_tax_customs|q_travel_border,https://www.canada.ca/en/public-services-procurement/corporate/transparency/access-information-privacy/understanding-your-right-obtain-information/info-source-federal-government-employee-information/institutional-program-activities.html,https://www.canada.ca/fr/services-publics-approvisionnement/organisation/transparence/acces-information-protection-renseignements-personnels/comprendre-votre-droit-obtenir-renseignements/info-source-renseignements-gouvernement-federal-fonctionnaires-federaux/programmes-activites-institutionnels.html
institution:ati-schedule-i-department-of-public-works-and-government-services:PSPC PPE 010,institution,PSPC PPE 010,Department of Public Works and Government Services,Human resources and pay transformation—Personal information bank,Fichier de renseignements personnels sur la Transformation des ressources humaines et de la paye,direct,q_government_work,q_business_supplier|q_civic_contact|q_education_training|q_government_work,https://www.canada.ca/en/public-services-procurement/corporate/transparency/access-information-privacy/understanding-your-right-obtain-information/info-source-federal-government-employee-information/institutional-program-activities.html,https://www.canada.ca/fr/services-publics-approvisionnement/organisation/transparence/acces-information-protection-renseignements-personnels/comprendre-votre-droit-obtenir-renseignements/info-source-renseignements-gouvernement-federal-fonctionnaires-federaux/programmes-activites-institutionnels.html
institution:ati-schedule-i-department-of-public-works-and-government-services:PWGSC PCU 702,institution,PWGSC PCU 702,Department of Public Works and Government Services,": In addition to the requirements specified on the Personal Information Request Form, individuals requesting information described in this bank must provide either a PRI or a pension number. PIB updated in 2011 and previously entitled Public Service Pension Data Bank PWGSC- PCE-702.",Fichier de renseignements personnels sur la Transformation des ressources humaines et de la paye,direct,q_access_privacy|q_government_work|q_money_programs,q_access_privacy|q_business_supplier|q_complaint_appeal|q_family_vital|q_government_work|q_health_disability|q_justice_safety|q_military_veterans|q_money_programs|q_research_survey|q_tax_customs,https://www.canada.ca/en/public-services-procurement/corporate/transparency/access-information-privacy/understanding-your-right-obtain-information/info-source-federal-government-employee-information/institutional-program-activities.html,https://www.canada.ca/fr/services-publics-approvisionnement/organisation/transparence/acces-information-protection-renseignements-personnels/comprendre-votre-droit-obtenir-renseignements/info-source-renseignements-gouvernement-federal-fonctionnaires-federaux/programmes-activites-institutionnels.html
institution:ati-schedule-i-department-of-public-works-and-government-services:PWGSC PCU 717,institution,PWGSC PCU 717,Department of Public Works and Government Services,PPU 100. Requests about specific deposits should be directed to the department that accepted the payment(s).,Fichier de renseignements personnels sur l'administration des pensions fédérales,direct,q_money_programs,q_business_supplier|q_money_programs|q_tax_customs,https://www.canada.ca/en/public-services-procurement/corporate/transparency/access-information-privacy/understanding-your-right-obtain-information/info-source-federal-government-employee-information/institutional-program-activities.html,https://www.canada.ca/fr/services-publics-approvisionnement/organisation/transparence/acces-information-protection-renseignements-personnels/comprendre-votre-droit-obtenir-renseignements/info-source-renseignements-gouvernement-federal-fonctionnaires-federaux/programmes-activites-institutionnels.html
institution:ati-schedule-i-department-of-public-works-and-government-services:PWGSC PCU 712,institution,PWGSC PCU 712,Department of Public Works and Government Services,Receiver General deposits—Personal information bank,Fichier de renseignements personnels sur dépôts du receveur général,direct,q_business_supplier|q_government_work|q_money_programs,q_business_supplier|q_education_training|q_government_work|q_health_disability|q_military_veterans|q_money_programs|q_tax_customs|q_travel_border,https://www.canada.ca/en/public-services-procurement/corporate/transparency/access-information-privacy/understanding-your-right-obtain-information/info-source-federal-government-employee-information/institutional-program-activities.html,https://www.canada.ca/fr/services-publics-approvisionnement/organisation/transparence/acces-information-protection-renseignements-personnels/comprendre-votre-droit-obtenir-renseignements/info-source-renseignements-gouvernement-federal-fonctionnaires-federaux/programmes-activites-institutionnels.html
institution:ati-schedule-i-department-of-public-works-and-government-services:PWGSC PPU 070,institution,PWGSC PPU 070,Department of Public Works and Government Services,Register of land surveyors—Personal information bank,Fichier de renseignements personnels sur le registre des arpenteurs-géomètres,direct,q_research_survey,q_research_survey,https://www.canada.ca/en/public-services-procurement/corporate/transparency/access-information-privacy/understanding-your-right-obtain-information/info-source-federal-government-employee-information/institutional-program-activities.html,https://www.canada.ca/fr/services-publics-approvisionnement/organisation/transparence/acces-information-protection-renseignements-personnels/comprendre-votre-droit-obtenir-renseignements/info-source-renseignements-gouvernement-federal-fonctionnaires-federaux/programmes-activites-institutionnels.html
institution:ati-schedule-i-department-of-public-works-and-government-services:PWGSC PPU 030,institution,PWGSC PPU 030,Department of Public Works and Government Services,Register of real property appraisers—Personal information bank,Fichier de renseignements personnels sur le registre des évaluateurs immobiliers,not_discoverable,,,https://www.canada.ca/en/public-services-procurement/corporate/transparency/access-information-privacy/understanding-your-right-obtain-information/info-source-federal-government-employee-information/institutional-program-activities.html,https://www.canada.ca/fr/services-publics-approvisionnement/organisation/transparence/acces-information-protection-renseignements-personnels/comprendre-votre-droit-obtenir-renseignements/info-source-renseignements-gouvernement-federal-fonctionnaires-federaux/programmes-activites-institutionnels.html
institution:ati-schedule-i-department-of-public-works-and-government-services:PWGSC PPU 006,institution,PWGSC PPU 006,Department of Public Works and Government Services,: Personal information bank updated in 2010 and formerly entitled List of Landlords.,": Ce fichier de renseignements personnels, qui a été mis à jour en 2010, s'intitulait auparavant Liste des propriétaires.",direct,q_housing_property,q_business_supplier|q_housing_property,https://www.canada.ca/en/public-services-procurement/corporate/transparency/access-information-privacy/understanding-your-right-obtain-information/info-source-federal-government-employee-information/institutional-program-activities.html,https://www.canada.ca/fr/services-publics-approvisionnement/organisation/transparence/acces-information-protection-renseignements-personnels/comprendre-votre-droit-obtenir-renseignements/info-source-renseignements-gouvernement-federal-fonctionnaires-federaux/programmes-activites-institutionnels.html
institution:ati-schedule-i-department-of-public-works-and-government-services:PWGSC PCE 701,institution,PWGSC PCE 701,Department of Public Works and Government Services,: Personal information bank updated in 2010 and formerly entitled Crown Housing Records.,": Ce fichier de renseignements personnels, qui a été mis à jour en 2010, s'intitulait auparavant Registre des logements de la Couronne.",direct,q_housing_property,q_business_supplier|q_government_work|q_health_disability|q_housing_property,https://www.canada.ca/en/public-services-procurement/corporate/transparency/access-information-privacy/understanding-your-right-obtain-information/info-source-federal-government-employee-information/institutional-program-activities.html,https://www.canada.ca/fr/services-publics-approvisionnement/organisation/transparence/acces-information-protection-renseignements-personnels/comprendre-votre-droit-obtenir-renseignements/info-source-renseignements-gouvernement-federal-fonctionnaires-federaux/programmes-activites-institutionnels.html
institution:ati-schedule-i-department-of-public-works-and-government-services:PWGSC PPU 026,institution,PWGSC PPU 026,Department of Public Works and Government Services,GCSurplus—Personal information bank,Fichier de renseignements personnels de GCSurplus,direct,q_business_supplier,q_business_supplier|q_government_work|q_justice_safety|q_military_veterans|q_tax_customs,https://www.canada.ca/en/public-services-procurement/corporate/transparency/access-information-privacy/understanding-your-right-obtain-information/info-source-federal-government-employee-information/institutional-program-activities.html,https://www.canada.ca/fr/services-publics-approvisionnement/organisation/transparence/acces-information-protection-renseignements-personnels/comprendre-votre-droit-obtenir-renseignements/info-source-renseignements-gouvernement-federal-fonctionnaires-federaux/programmes-activites-institutionnels.html
institution:ati-schedule-i-department-of-public-works-and-government-services:PWGSC PPU 125,institution,PWGSC PPU 125,Department of Public Works and Government Services,Seized property management information system—Personal information bank,Fichier de renseignements personnels du Système d'information sur la gestion des biens saisis,possible_only,,q_business_supplier|q_complaint_appeal|q_justice_safety,https://www.canada.ca/en/public-services-procurement/corporate/transparency/access-information-privacy/understanding-your-right-obtain-information/info-source-federal-government-employee-information/institutional-program-activities.html,https://www.canada.ca/fr/services-publics-approvisionnement/organisation/transparence/acces-information-protection-renseignements-personnels/comprendre-votre-droit-obtenir-renseignements/info-source-renseignements-gouvernement-federal-fonctionnaires-federaux/programmes-activites-institutionnels.html
institution:ati-schedule-i-department-of-public-works-and-government-services:PWGSC PCU 195,institution,PWGSC PCU 195,Department of Public Works and Government Services,Certification Program for the Federal Government procurement and material management—Personal information bank,Fichier de renseignements personnels sur le Programme de certification de la collectivité des acquisitions et de la gestion du matériel du gouvernement fédéral,direct,q_business_supplier,q_business_supplier|q_civic_contact|q_health_disability|q_money_programs,https://www.canada.ca/en/public-services-procurement/corporate/transparency/access-information-privacy/understanding-your-right-obtain-information/info-source-federal-government-employee-information/institutional-program-activities.html,https://www.canada.ca/fr/services-publics-approvisionnement/organisation/transparence/acces-information-protection-renseignements-personnels/comprendre-votre-droit-obtenir-renseignements/info-source-renseignements-gouvernement-federal-fonctionnaires-federaux/programmes-activites-institutionnels.html
institution:ati-schedule-i-department-of-public-works-and-government-services:PWGSC PCU 709,institution,PWGSC PCU 709,Department of Public Works and Government Services,: Individuals are required to provide query-specific data elements/details in order for their information to be retrievable. In some cases this may include the SIN while other instances would require claim details.,": Les personnes doivent fournir des éléments de données ou des détails propres à leur requête pour que les renseignements puissent être récupérés. Dans certains cas, il peut s'agir du numéro d'assurance sociale (NAS), tandis que dans d'autres cas, il faut donner des précisions sur la demande.",possible_only,,q_business_supplier|q_government_work|q_immigration|q_money_programs,https://www.canada.ca/en/public-services-procurement/corporate/transparency/access-information-privacy/understanding-your-right-obtain-information/info-source-federal-government-employee-information/institutional-program-activities.html,https://www.canada.ca/fr/services-publics-approvisionnement/organisation/transparence/acces-information-protection-renseignements-personnels/comprendre-votre-droit-obtenir-renseignements/info-source-renseignements-gouvernement-federal-fonctionnaires-federaux/programmes-activites-institutionnels.html
institution:ati-schedule-i-department-of-public-works-and-government-services:PWGSC PCE 706,institution,PWGSC PCE 706,Department of Public Works and Government Services,Document imaging solutions—Personal information bank,Fichier de renseignements personnels sur les solutions d'imagerie documentaire,possible_only,,q_business_supplier|q_emergency|q_government_work|q_immigration|q_travel_border,https://www.canada.ca/en/public-services-procurement/corporate/transparency/access-information-privacy/understanding-your-right-obtain-information/info-source-federal-government-employee-information/institutional-program-activities.html,https://www.canada.ca/fr/services-publics-approvisionnement/organisation/transparence/acces-information-protection-renseignements-personnels/comprendre-votre-droit-obtenir-renseignements/info-source-renseignements-gouvernement-federal-fonctionnaires-federaux/programmes-activites-institutionnels.html
institution:ati-schedule-i-department-of-public-works-and-government-services:PWGSC PPU 182,institution,PWGSC PPU 182,Department of Public Works and Government Services,: Formerly named conflict management contracts,: Précédemment nommé Gestion des conflits – Marchés,direct,q_business_supplier,q_business_supplier|q_complaint_appeal,https://www.canada.ca/en/public-services-procurement/corporate/transparency/access-information-privacy/understanding-your-right-obtain-information/info-source-federal-government-employee-information/institutional-program-activities.html,https://www.canada.ca/fr/services-publics-approvisionnement/organisation/transparence/acces-information-protection-renseignements-personnels/comprendre-votre-droit-obtenir-renseignements/info-source-renseignements-gouvernement-federal-fonctionnaires-federaux/programmes-activites-institutionnels.html
institution:ati-schedule-i-department-of-public-works-and-government-services:PWGSC PPU 045,institution,PWGSC PPU 045,Department of Public Works and Government Services,Controlled Goods Program—Personal information bank,Fichier de renseignements personnels sur le Programme des marchandises contrôlées,possible_only,,q_business_supplier|q_education_training|q_immigration|q_justice_safety|q_military_veterans|q_travel_border,https://www.canada.ca/en/public-services-procurement/corporate/transparency/access-information-privacy/understanding-your-right-obtain-information/info-source-federal-government-employee-information/institutional-program-activities.html,https://www.canada.ca/fr/services-publics-approvisionnement/organisation/transparence/acces-information-protection-renseignements-personnels/comprendre-votre-droit-obtenir-renseignements/info-source-renseignements-gouvernement-federal-fonctionnaires-federaux/programmes-activites-institutionnels.html
institution:ati-schedule-i-department-of-public-works-and-government-services:PWGSC PPU 183,institution,PWGSC PPU 183,Department of Public Works and Government Services,Fairness monitoring—Personal information bank,Fichier de renseignements personnels sur la surveillance de l'équité,direct,q_business_supplier,q_business_supplier,https://www.canada.ca/en/public-services-procurement/corporate/transparency/access-information-privacy/understanding-your-right-obtain-information/info-source-federal-government-employee-information/institutional-program-activities.html,https://www.canada.ca/fr/services-publics-approvisionnement/organisation/transparence/acces-information-protection-renseignements-personnels/comprendre-votre-droit-obtenir-renseignements/info-source-renseignements-gouvernement-federal-fonctionnaires-federaux/programmes-activites-institutionnels.html
institution:ati-schedule-i-department-of-public-works-and-government-services:PWGSC PPU 210,institution,PWGSC PPU 210,Department of Public Works and Government Services,": In addition to the requirements specified on the Treasury Board of Canada Secretariat personal information request form, individuals requesting information described by this bank must provide the incident and location and legal authority for those acting on behalf of an account holder or estate. Personal information is collected and maintained by clients and partners. Access to the personal information is provided to PWGSC employees so that they do their work.",": En plus des exigences énoncées dans le formulaire de demande d'accès à des renseignements personnels du Secrétariat du Conseil du Trésor, les personnes qui demandent à accéder aux renseignements figurant dans ce fichier doivent préciser l'incident ainsi que le lieu et l'autorisation légale des personnes agissant au nom d'un titulaire de compte ou d'une succession. Les renseignements personnels sont recueillis et conservés par les clients et les partenaires. L'accès aux renseignements personnels est fourni aux employés de TPSGC pour qu'ils puissent faire leur travail.",direct,q_access_privacy|q_justice_safety,q_access_privacy|q_government_work|q_immigration|q_indigenous_services|q_justice_safety,https://www.canada.ca/en/public-services-procurement/corporate/transparency/access-information-privacy/understanding-your-right-obtain-information/info-source-federal-government-employee-information/institutional-program-activities.html,https://www.canada.ca/fr/services-publics-approvisionnement/organisation/transparence/acces-information-protection-renseignements-personnels/comprendre-votre-droit-obtenir-renseignements/info-source-renseignements-gouvernement-federal-fonctionnaires-federaux/programmes-activites-institutionnels.html
institution:ati-schedule-i-department-of-public-works-and-government-services:PWGSC PPU 015,institution,PWGSC PPU 015,Department of Public Works and Government Services,": The collection of information on security screening forms may be conducted through a source other than PWGSC. This includes other government departments and private sector individuals designated as company security officers and key senior officials , authorized security officials in the Contract Security Program. The collection of personal information by authorized security officials in the government and private industry is only done with the consent of the individual.",": La collecte de renseignements sur les formulaires d'autorisations de sécurité peut être effectuée par une source autre que TPSGC. Il peut notamment s'agir d'autres ministères ainsi que de personnes du secteur privé désignées comme responsables de la sécurité de l'entreprise et les hauts fonctionnaires clés, de même que les responsables de la sécurité autorisés dans le cadre du Programme de sécurité du contrat. La collecte de renseignements personnels par un responsable de la sécurité autorisé au gouvernement et dans le secteur privé est effectuée moyennant le consentement de la personne concernée.",direct,q_business_supplier|q_justice_safety,q_access_privacy|q_business_supplier|q_culture_volunteer|q_education_training|q_family_vital|q_government_work|q_immigration|q_justice_safety|q_military_veterans|q_travel_border,https://www.canada.ca/en/public-services-procurement/corporate/transparency/access-information-privacy/understanding-your-right-obtain-information/info-source-federal-government-employee-information/institutional-program-activities.html,https://www.canada.ca/fr/services-publics-approvisionnement/organisation/transparence/acces-information-protection-renseignements-personnels/comprendre-votre-droit-obtenir-renseignements/info-source-renseignements-gouvernement-federal-fonctionnaires-federaux/programmes-activites-institutionnels.html
institution:ati-schedule-i-department-of-public-works-and-government-services:PWGSC PPU 184,institution,PWGSC PPU 184,Department of Public Works and Government Services,Integrity Assessment Program—Personal information bank,Fichier de renseignements personnels sur le Programme d'évaluation de l'intégrité,direct,q_justice_safety,q_business_supplier|q_government_work|q_housing_property|q_justice_safety,https://www.canada.ca/en/public-services-procurement/corporate/transparency/access-information-privacy/understanding-your-right-obtain-information/info-source-federal-government-employee-information/institutional-program-activities.html,https://www.canada.ca/fr/services-publics-approvisionnement/organisation/transparence/acces-information-protection-renseignements-personnels/comprendre-votre-droit-obtenir-renseignements/info-source-renseignements-gouvernement-federal-fonctionnaires-federaux/programmes-activites-institutionnels.html
institution:ati-schedule-i-department-of-public-works-and-government-services:PWGSC PPU 001,institution,PWGSC PPU 001,Department of Public Works and Government Services,": In addition to the requirements specified on the Personal Information Request Form, individuals requesting information described by this bank must provide the subject and date of correspondence and Solicitation or Contract Number.",": Outre les renseignements indiqués sur le formulaire de demande d'accès à des renseignements personnels, les personnes demandant des renseignements contenus dans ce fichier doivent fournir l'objet et la date de la pièce de correspondance et le numéro du contrat ou de la demande de soumissions.",direct,q_access_privacy|q_business_supplier|q_civic_contact,q_access_privacy|q_business_supplier|q_civic_contact|q_complaint_appeal|q_money_programs,https://www.canada.ca/en/public-services-procurement/corporate/transparency/access-information-privacy/understanding-your-right-obtain-information/info-source-federal-government-employee-information/institutional-program-activities.html,https://www.canada.ca/fr/services-publics-approvisionnement/organisation/transparence/acces-information-protection-renseignements-personnels/comprendre-votre-droit-obtenir-renseignements/info-source-renseignements-gouvernement-federal-fonctionnaires-federaux/programmes-activites-institutionnels.html
institution:ati-schedule-i-department-of-transport:TC PPU 020,institution,TC PPU 020,Department of Transport,Medical Assessments,Examens médicaux,direct,q_health_disability,q_business_supplier|q_complaint_appeal|q_education_training|q_government_work|q_health_disability|q_immigration,https://tc.canada.ca/en/corporate-services/transparency/info-source,https://tc.canada.ca/fr/services-generaux/transparence/info-source
institution:ati-schedule-i-department-of-transport:TC PPU 031,institution,TC PPU 031,Department of Transport,Civil Aviation Medical Examiners (CAME),Médecins examinateurs de l’Aviation civile (MEAC),direct,q_business_supplier|q_health_disability,q_business_supplier|q_civic_contact|q_health_disability|q_military_veterans,https://tc.canada.ca/en/corporate-services/transparency/info-source,https://tc.canada.ca/fr/services-generaux/transparence/info-source
institution:ati-schedule-i-department-of-transport:TC PPU 011,institution,TC PPU 011,Department of Transport,Aircraft Maintenance Engineer Licensing,Délivrance des licences de techniciens d’entretien d’aéronefs,direct,q_business_supplier,q_business_supplier|q_education_training|q_government_work|q_immigration|q_military_veterans,https://tc.canada.ca/en/corporate-services/transparency/info-source,https://tc.canada.ca/fr/services-generaux/transparence/info-source
institution:ati-schedule-i-department-of-transport:TC PPU 010,institution,TC PPU 010,Department of Transport,Aircraft Registration and Leasing,Immatriculation et location des aéronefs,direct,q_business_supplier,q_business_supplier|q_civic_contact|q_immigration|q_justice_safety,https://tc.canada.ca/en/corporate-services/transparency/info-source,https://tc.canada.ca/fr/services-generaux/transparence/info-source
institution:ati-schedule-i-department-of-transport:TC PPU 015,institution,TC PPU 015,Department of Transport,Aviation Enforcement,Application de la loi en aviation,direct,q_business_supplier,q_business_supplier|q_justice_safety,https://tc.canada.ca/en/corporate-services/transparency/info-source,https://tc.canada.ca/fr/services-generaux/transparence/info-source
institution:ati-schedule-i-department-of-transport:TC PPU 014,institution,TC PPU 014,Department of Transport,Aviation Occurrence Information Sources,Sources d’information sur les événements aéronautiques,direct,q_business_supplier,q_business_supplier|q_justice_safety|q_military_veterans,https://tc.canada.ca/en/corporate-services/transparency/info-source,https://tc.canada.ca/fr/services-generaux/transparence/info-source
institution:ati-schedule-i-department-of-transport:TC PPU 005,institution,TC PPU 005,Department of Transport,Civil Aviation Personnel Licensing,Délivrance des licences du personnel de l’aviation civile,direct,q_business_supplier|q_government_work,q_business_supplier|q_civic_contact|q_government_work|q_health_disability|q_immigration|q_justice_safety|q_money_programs,https://tc.canada.ca/en/corporate-services/transparency/info-source,https://tc.canada.ca/fr/services-generaux/transparence/info-source
institution:ati-schedule-i-department-of-transport:TC PPU 001,institution,TC PPU 001,Department of Transport,Passenger Protect Program (PPP) – Specified Persons List,Programme de protection des passagers (PPP) – Liste des personnes précisées,possible_only,,q_business_supplier|q_civic_contact|q_emergency|q_immigration|q_justice_safety|q_travel_border,https://tc.canada.ca/en/corporate-services/transparency/info-source,https://tc.canada.ca/fr/services-generaux/transparence/info-source
institution:ati-schedule-i-department-of-transport:TC PPU 064,institution,TC PPU 064,Department of Transport,The Pre-load Air Cargo Targeting (PACT) Program,Programme de Ciblage du fret aérien préalable au chargement (CFAPC),possible_only,,q_business_supplier|q_travel_border,https://tc.canada.ca/en/corporate-services/transparency/info-source,https://tc.canada.ca/fr/services-generaux/transparence/info-source
institution:ati-schedule-i-department-of-transport:TC PPU 093,institution,TC PPU 093,Department of Transport,Transportation Security Clearance Program,Programme d’habilitation de sécurité en matière de transport,direct,q_travel_border,q_business_supplier|q_civic_contact|q_education_training|q_family_vital|q_housing_property|q_immigration|q_justice_safety|q_money_programs|q_travel_border,https://tc.canada.ca/en/corporate-services/transparency/info-source,https://tc.canada.ca/fr/services-generaux/transparence/info-source
institution:ati-schedule-i-department-of-transport:TC PPU 056,institution,TC PPU 056,Department of Transport,National Interest Exemption Program,Programme d’exemption au titre de l’intérêt national (PEIN),possible_only,,q_business_supplier|q_civic_contact|q_culture_volunteer|q_government_work|q_health_disability|q_immigration|q_indigenous_services|q_justice_safety|q_military_veterans|q_travel_border,https://tc.canada.ca/en/corporate-services/transparency/info-source,https://tc.canada.ca/fr/services-generaux/transparence/info-source
institution:ati-schedule-i-department-of-transport:TC PPU 052,institution,TC PPU 052,Department of Transport,Incentives for Zero-Emission Vehicles Program,Programme d’incitatifs pour les véhicules à zéro émission.,direct,q_business_supplier,q_business_supplier|q_money_programs,https://tc.canada.ca/en/corporate-services/transparency/info-source,https://tc.canada.ca/fr/services-generaux/transparence/info-source
institution:ati-schedule-i-department-of-transport:TC PPU 040,institution,TC PPU 040,Department of Transport,"Canadian Seafarers’ Identity Documents, Discharge Books and Records of Sea Service",,direct,q_immigration|q_travel_border,q_business_supplier|q_emergency|q_government_work|q_immigration|q_justice_safety|q_travel_border,https://tc.canada.ca/en/corporate-services/transparency/info-source,https://tc.canada.ca/fr/services-generaux/transparence/info-source
institution:ati-schedule-i-department-of-transport:TC PPU 023,institution,TC PPU 023,Department of Transport,National Pleasure Craft Operator Competency Program,Programme national de compétence des conducteurs d’embarcations de plaisance,direct,,q_business_supplier|q_justice_safety,https://tc.canada.ca/en/corporate-services/transparency/info-source,https://tc.canada.ca/fr/services-generaux/transparence/info-source
institution:ati-schedule-i-department-of-transport:TC PPU 030,institution,TC PPU 030,Department of Transport,Seafarers’ Certificates and Documents,Certificats de compétence et documents des gens de mer,direct,,q_business_supplier|q_civic_contact|q_government_work|q_health_disability|q_immigration|q_justice_safety,https://tc.canada.ca/en/corporate-services/transparency/info-source,https://tc.canada.ca/fr/services-generaux/transparence/info-source
institution:ati-schedule-i-department-of-transport:TC PPU 054,institution,TC PPU 054,Department of Transport,Marine Medical Examiners,Médecins examinateurs de la marine,direct,q_health_disability,q_business_supplier|q_education_training|q_government_work|q_health_disability,https://tc.canada.ca/en/corporate-services/transparency/info-source,https://tc.canada.ca/fr/services-generaux/transparence/info-source
institution:ati-schedule-i-department-of-transport:TC PPU 041,institution,TC PPU 041,Department of Transport,Vessel Registration Query System,Système de recherche d'informations sur l'immatriculation des bâtiments,direct,q_business_supplier,q_access_privacy|q_business_supplier|q_housing_property|q_immigration|q_justice_safety|q_research_survey,https://tc.canada.ca/en/corporate-services/transparency/info-source,https://tc.canada.ca/fr/services-generaux/transparence/info-source
institution:ati-schedule-i-department-of-transport:TC PPU 021,institution,TC PPU 021,Department of Transport,Marine Safety Enforcement Program,Programme d’application de la loi de la Sécurité maritime,direct,,q_business_supplier|q_justice_safety,https://tc.canada.ca/en/corporate-services/transparency/info-source,https://tc.canada.ca/fr/services-generaux/transparence/info-source
institution:ati-schedule-i-department-of-transport:TC PPU 048,institution,TC PPU 048,Department of Transport,Marine Occurrences and Hazardous Occurrences,Incidents maritimes et événements dangereux,direct,,q_business_supplier|q_culture_volunteer|q_health_disability,https://tc.canada.ca/en/corporate-services/transparency/info-source,https://tc.canada.ca/fr/services-generaux/transparence/info-source
institution:ati-schedule-i-department-of-transport:TC PPU 044,institution,TC PPU 044,Department of Transport,Pleasure Craft Licenses,Permis d’embarcation de plaisance,direct,q_business_supplier,q_access_privacy|q_business_supplier|q_justice_safety,https://tc.canada.ca/en/corporate-services/transparency/info-source,https://tc.canada.ca/fr/services-generaux/transparence/info-source
institution:ati-schedule-i-department-of-transport:TC PPU 086,institution,TC PPU 086,Department of Transport,Navigable Waters Protection Program,Programme de protection des eaux navigables,possible_only,,q_business_supplier|q_civic_contact|q_justice_safety,https://tc.canada.ca/en/corporate-services/transparency/info-source,https://tc.canada.ca/fr/services-generaux/transparence/info-source
institution:ati-schedule-i-department-of-transport:TC PPU 700,institution,TC PPU 700,Department of Transport,Vessel Advance Notification Information under the Coasting Trade Act (the Act),,direct,q_business_supplier,q_business_supplier|q_complaint_appeal,https://tc.canada.ca/en/corporate-services/transparency/info-source,https://tc.canada.ca/fr/services-generaux/transparence/info-source
institution:ati-schedule-i-department-of-transport:TC PPU 028,institution,TC PPU 028,Department of Transport,Office of Reconsideration (OoR) – Marine Transportation Security Clearance Program (MTSCP),Bureau de réexamen – Programme d’habilitation de sécurité en matière de transport maritime (PHSTM),direct,q_business_supplier,q_business_supplier|q_civic_contact|q_immigration|q_justice_safety,https://tc.canada.ca/en/corporate-services/transparency/info-source,https://tc.canada.ca/fr/services-generaux/transparence/info-source
institution:ati-schedule-i-department-of-transport:TC PPU 006,institution,TC PPU 006,Department of Transport,Importation of Vehicles,Importation de véhicules,direct,q_business_supplier,q_business_supplier,https://tc.canada.ca/en/corporate-services/transparency/info-source,https://tc.canada.ca/fr/services-generaux/transparence/info-source
institution:ati-schedule-i-department-of-transport:TC PPU 003,institution,TC PPU 003,Department of Transport,Motor Vehicle and Motor Vehicle Equipment Safety - Related Defect Complaints,Plaintes sur des défauts des véhicules automobiles et d’équipements automobiles,direct,q_business_supplier|q_complaint_appeal,q_business_supplier|q_complaint_appeal|q_family_vital|q_health_disability|q_justice_safety,https://tc.canada.ca/en/corporate-services/transparency/info-source,https://tc.canada.ca/fr/services-generaux/transparence/info-source
institution:ati-schedule-i-department-of-transport:TC PPU 085,institution,TC PPU 085,Department of Transport,Airside Vehicle Operators’ Permits (AVOPs),Permis d’exploitation de véhicules côté piste,direct,q_business_supplier,q_business_supplier,https://tc.canada.ca/en/corporate-services/transparency/info-source,https://tc.canada.ca/fr/services-generaux/transparence/info-source
institution:ati-schedule-i-department-of-transport:TC PPU 007,institution,TC PPU 007,Department of Transport,Drone Management Portal,Portail de gestion des drones,possible_only,,q_business_supplier|q_immigration|q_justice_safety,https://tc.canada.ca/en/corporate-services/transparency/info-source,https://tc.canada.ca/fr/services-generaux/transparence/info-source
institution:ati-schedule-i-department-of-veterans-affairs:VAC PPU 710,institution,VAC PPU 710,Department of Veterans Affairs,You are here,,direct,q_military_veterans|q_money_programs,q_business_supplier|q_culture_volunteer|q_education_training|q_government_work|q_health_disability|q_indigenous_services|q_military_veterans|q_money_programs,https://www.veterans.gc.ca/en/info-source,https://www.veterans.gc.ca/fr/info-source
institution:ati-schedule-i-department-of-veterans-affairs:VAC PPU 715,institution,VAC PPU 715,Department of Veterans Affairs,You are here,,direct,q_military_veterans,q_business_supplier|q_culture_volunteer|q_education_training|q_family_vital|q_government_work|q_health_disability|q_military_veterans|q_money_programs|q_tax_customs,https://www.veterans.gc.ca/en/info-source,https://www.veterans.gc.ca/fr/info-source
institution:ati-schedule-i-department-of-veterans-affairs:VAC PPU 040,institution,VAC PPU 040,Department of Veterans Affairs,You are here,,direct,q_military_veterans,q_business_supplier|q_complaint_appeal|q_culture_volunteer|q_family_vital|q_government_work|q_health_disability|q_immigration|q_indigenous_services|q_military_veterans|q_money_programs,https://www.veterans.gc.ca/en/info-source,https://www.veterans.gc.ca/fr/info-source
institution:ati-schedule-i-department-of-veterans-affairs:VAC PPU 200,institution,VAC PPU 200,Department of Veterans Affairs,You are here,,direct,,q_business_supplier|q_civic_contact|q_family_vital|q_government_work|q_health_disability|q_housing_property|q_military_veterans|q_money_programs|q_tax_customs,https://www.veterans.gc.ca/en/info-source,https://www.veterans.gc.ca/fr/info-source
institution:ati-schedule-i-department-of-veterans-affairs:ACC PPU 350,institution,ACC PPU 350,Department of Veterans Affairs,,Vous êtes ici,direct,,q_business_supplier|q_culture_volunteer|q_family_vital|q_government_work|q_housing_property|q_military_veterans|q_money_programs|q_tax_customs,https://www.veterans.gc.ca/en/info-source,https://www.veterans.gc.ca/fr/info-source
institution:ati-schedule-i-department-of-western-economic-diversification:PRAIRIESCAN PPU 055,institution,PRAIRIESCAN PPU 055,Department of Western Economic Diversification,Grants and contributions (Gs&Cs) programs,,direct,q_money_programs,q_money_programs,https://www.canada.ca/en/prairies-economic-development/corporate/transparency/information-holdings.html,https://www.canada.ca/fr/developpement-economique-prairies/organisation/transparence/fonds-renseignements.html
institution:ati-schedule-i-atlantic-canada-opportunities-agency:ECBC PPU 005,institution,ECBC PPU 005,Atlantic Canada Opportunities Agency,Personal Information Bank for Community Centre Initiative,,possible_only,,q_business_supplier|q_civic_contact|q_government_work|q_immigration|q_indigenous_services|q_money_programs,https://www.canada.ca/en/atlantic-canada-opportunities/corporate/transparency/info-source-introduction1.html,https://www.canada.ca/fr/promotion-economique-canada-atlantique/organisation/transparence/introduction-a-infosource1.html
institution:ati-schedule-i-atlantic-canada-opportunities-agency:ACOA PPU 111,institution,ACOA PPU 111,Atlantic Canada Opportunities Agency,Personal Information Bank for Peer Reviewers,,possible_only,,q_business_supplier|q_education_training|q_tax_customs,https://www.canada.ca/en/atlantic-canada-opportunities/corporate/transparency/info-source-introduction1.html,https://www.canada.ca/fr/promotion-economique-canada-atlantique/organisation/transparence/introduction-a-infosource1.html
institution:ati-schedule-i-atlantic-canada-opportunities-agency:ECBC PPU 001,institution,ECBC PPU 001,Atlantic Canada Opportunities Agency,Personal Information Bank for Regional Service Delivery Grants and Contributions,,direct,q_business_supplier|q_money_programs,q_business_supplier|q_civic_contact|q_government_work|q_immigration|q_money_programs|q_tax_customs,https://www.canada.ca/en/atlantic-canada-opportunities/corporate/transparency/info-source-introduction1.html,https://www.canada.ca/fr/promotion-economique-canada-atlantique/organisation/transparence/introduction-a-infosource1.html
institution:ati-schedule-i-atlantic-canada-opportunities-agency:ECBC PPU 002,institution,ECBC PPU 002,Atlantic Canada Opportunities Agency,Personal Information Bank for Support to Business,,possible_only,,q_business_supplier|q_civic_contact|q_government_work|q_housing_property|q_immigration|q_money_programs,https://www.canada.ca/en/atlantic-canada-opportunities/corporate/transparency/info-source-introduction1.html,https://www.canada.ca/fr/promotion-economique-canada-atlantique/organisation/transparence/introduction-a-infosource1.html
institution:ati-schedule-i-atlantic-canada-opportunities-agency:ECBC PPU 003,institution,ECBC PPU 003,Atlantic Canada Opportunities Agency,Personal Information Bank for Support to Festivals and Events,,possible_only,,q_business_supplier|q_civic_contact|q_government_work|q_money_programs,https://www.canada.ca/en/atlantic-canada-opportunities/corporate/transparency/info-source-introduction1.html,https://www.canada.ca/fr/promotion-economique-canada-atlantique/organisation/transparence/introduction-a-infosource1.html
institution:ati-schedule-i-atlantic-canada-opportunities-agency:ECBC PPU 004,institution,ECBC PPU 004,Atlantic Canada Opportunities Agency,Personal Information Bank for Support to Communities,,possible_only,,q_business_supplier|q_civic_contact|q_government_work|q_housing_property|q_immigration|q_indigenous_services|q_money_programs,https://www.canada.ca/en/atlantic-canada-opportunities/corporate/transparency/info-source-introduction1.html,https://www.canada.ca/fr/promotion-economique-canada-atlantique/organisation/transparence/introduction-a-infosource1.html
institution:ati-schedule-i-canada-border-services-agency:CBSA PPU 016,institution,CBSA PPU 016,Canada Border Services Agency,Biometrics Program – Personal Information Bank,Programme des enquêtes en matière d'immigration – Fichier de renseignements personnels,direct,q_travel_border,q_business_supplier|q_immigration|q_travel_border,https://www.cbsa-asfc.gc.ca/agency-agence/reports-rapports/pia-efvp/atip-aiprp/infosource-eng.html,https://www.cbsa-asfc.gc.ca/agency-agence/reports-rapports/pia-efvp/atip-aiprp/infosource-fra.html
institution:ati-schedule-i-canada-border-services-agency:CBSA PPU 035,institution,CBSA PPU 035,Canada Border Services Agency,Intelligence Program – Personal Information Bank,Programme du renseignement – Fichier de renseignements personnels,possible_only,,q_access_privacy|q_business_supplier|q_complaint_appeal|q_health_disability|q_immigration|q_justice_safety|q_tax_customs|q_travel_border,https://www.cbsa-asfc.gc.ca/agency-agence/reports-rapports/pia-efvp/atip-aiprp/infosource-eng.html,https://www.cbsa-asfc.gc.ca/agency-agence/reports-rapports/pia-efvp/atip-aiprp/infosource-fra.html
institution:ati-schedule-i-canada-border-services-agency:CBSA PPU 200,institution,CBSA PPU 200,Canada Border Services Agency,Partners in Protection Program (PIP) – Personal Information Bank,Programme de Partenaires en protection (PEP) – Fichier de renseignements personnels,possible_only,,q_business_supplier|q_civic_contact|q_justice_safety|q_money_programs,https://www.cbsa-asfc.gc.ca/agency-agence/reports-rapports/pia-efvp/atip-aiprp/infosource-eng.html,https://www.cbsa-asfc.gc.ca/agency-agence/reports-rapports/pia-efvp/atip-aiprp/infosource-fra.html
institution:ati-schedule-i-canada-border-services-agency:CBSA PPU 062,institution,CBSA PPU 062,Canada Border Services Agency,"Food, Plant and Animal (FPA) Program – Personal Information Bank","Programme des aliments, des végétaux et des animaux (AVA) - Fichier de renseignements personnels",possible_only,,q_access_privacy|q_business_supplier|q_justice_safety,https://www.cbsa-asfc.gc.ca/agency-agence/reports-rapports/pia-efvp/atip-aiprp/infosource-eng.html,https://www.cbsa-asfc.gc.ca/agency-agence/reports-rapports/pia-efvp/atip-aiprp/infosource-fra.html
institution:ati-schedule-i-canada-border-services-agency:CBSA PPU 015,institution,CBSA PPU 015,Canada Border Services Agency,Casual Refund Program**– Personal Information Bank,Programme de remboursement pour les importations occasionnelles – Fichier de renseignements personnels,possible_only,,q_access_privacy|q_immigration|q_justice_safety|q_money_programs,https://www.cbsa-asfc.gc.ca/agency-agence/reports-rapports/pia-efvp/atip-aiprp/infosource-eng.html,https://www.cbsa-asfc.gc.ca/agency-agence/reports-rapports/pia-efvp/atip-aiprp/infosource-fra.html
institution:ati-schedule-i-canada-border-services-agency:CBSA PPU 117,institution,CBSA PPU 117,Canada Border Services Agency,Primary Automated Lookout System - Airport – Personal Information Bank,Système automatisé de surveillance à la ligne d'inspection primaire – Aéroport – Fichier de renseignements personnels,possible_only,,q_business_supplier|q_immigration|q_justice_safety|q_tax_customs|q_travel_border,https://www.cbsa-asfc.gc.ca/agency-agence/reports-rapports/pia-efvp/atip-aiprp/infosource-eng.html,https://www.cbsa-asfc.gc.ca/agency-agence/reports-rapports/pia-efvp/atip-aiprp/infosource-fra.html
institution:ati-schedule-i-canada-border-services-agency:CBSA PPU 018,institution,CBSA PPU 018,Canada Border Services Agency,Traveller Declaration Cards – Personal Information Bank,Carte de déclaration du voyageur – Fichier de renseignements personnels,direct,q_immigration|q_travel_border,q_business_supplier|q_government_work|q_health_disability|q_immigration|q_justice_safety|q_military_veterans|q_tax_customs|q_travel_border,https://www.cbsa-asfc.gc.ca/agency-agence/reports-rapports/pia-efvp/atip-aiprp/infosource-eng.html,https://www.cbsa-asfc.gc.ca/agency-agence/reports-rapports/pia-efvp/atip-aiprp/infosource-fra.html
institution:ati-schedule-i-canada-border-services-agency:CBSA PPU 033,institution,CBSA PPU 033,Canada Border Services Agency,Secure Tracking System – Personal Information Bank,Système de suivi sécuritaire – Fichier de renseignements personnels,direct,q_immigration,q_business_supplier|q_complaint_appeal|q_health_disability|q_immigration|q_justice_safety,https://www.cbsa-asfc.gc.ca/agency-agence/reports-rapports/pia-efvp/atip-aiprp/infosource-eng.html,https://www.cbsa-asfc.gc.ca/agency-agence/reports-rapports/pia-efvp/atip-aiprp/infosource-fra.html
institution:ati-schedule-i-canada-border-services-agency:CBSA PPU 030,institution,CBSA PPU 030,Canada Border Services Agency,Organized Crime Data Bank (OCSS) – Personal Information Bank,Banque de données sur le crime organisé (BDCO) – Fichier de renseignements personnels,possible_only,,q_complaint_appeal|q_health_disability|q_immigration|q_justice_safety,https://www.cbsa-asfc.gc.ca/agency-agence/reports-rapports/pia-efvp/atip-aiprp/infosource-eng.html,https://www.cbsa-asfc.gc.ca/agency-agence/reports-rapports/pia-efvp/atip-aiprp/infosource-fra.html
institution:ati-schedule-i-canada-border-services-agency:CBSA PPU 020,institution,CBSA PPU 020,Canada Border Services Agency,Fugitive Information Bank – Personal Information Bank,Dossiers de fugitifs – Fichier de renseignements personnels,possible_only,,q_immigration|q_justice_safety,https://www.cbsa-asfc.gc.ca/agency-agence/reports-rapports/pia-efvp/atip-aiprp/infosource-eng.html,https://www.cbsa-asfc.gc.ca/agency-agence/reports-rapports/pia-efvp/atip-aiprp/infosource-fra.html
institution:ati-schedule-i-canada-border-services-agency:CBSA PPU 040,institution,CBSA PPU 040,Canada Border Services Agency,International Events – Personal Information Bank,Événements internationaux – Fichier de renseignements personnels,possible_only,,q_access_privacy|q_business_supplier|q_culture_volunteer|q_government_work|q_health_disability|q_immigration|q_justice_safety|q_military_veterans|q_travel_border,https://www.cbsa-asfc.gc.ca/agency-agence/reports-rapports/pia-efvp/atip-aiprp/infosource-eng.html,https://www.cbsa-asfc.gc.ca/agency-agence/reports-rapports/pia-efvp/atip-aiprp/infosource-fra.html
institution:ati-schedule-i-canada-border-services-agency:CBSA PPU 034,institution,CBSA PPU 034,Canada Border Services Agency,Seized Documents (Web Passport) – Personal Information Bank,Documents saisis (Web Passeport) – Fichier de renseignements personnels,direct,q_travel_border,q_immigration|q_travel_border,https://www.cbsa-asfc.gc.ca/agency-agence/reports-rapports/pia-efvp/atip-aiprp/infosource-eng.html,https://www.cbsa-asfc.gc.ca/agency-agence/reports-rapports/pia-efvp/atip-aiprp/infosource-fra.html
institution:ati-schedule-i-canada-border-services-agency:CBSA PPU 036,institution,CBSA PPU 036,Canada Border Services Agency,Travel and Identity Document System (TIDS) – Personal Information Bank,Système des documents de voyage et d'identité (SDVI) – Fichier de renseignements personnels,direct,q_travel_border,q_immigration|q_justice_safety|q_travel_border,https://www.cbsa-asfc.gc.ca/agency-agence/reports-rapports/pia-efvp/atip-aiprp/infosource-eng.html,https://www.cbsa-asfc.gc.ca/agency-agence/reports-rapports/pia-efvp/atip-aiprp/infosource-fra.html
institution:ati-schedule-i-canada-border-services-agency:CBSA PPU 002,institution,CBSA PPU 002,Canada Border Services Agency,CANPASS – Personal Information Bank,CANPASS – Fichier de renseignements personnels,possible_only,,q_civic_contact|q_immigration,https://www.cbsa-asfc.gc.ca/agency-agence/reports-rapports/pia-efvp/atip-aiprp/infosource-eng.html,https://www.cbsa-asfc.gc.ca/agency-agence/reports-rapports/pia-efvp/atip-aiprp/infosource-fra.html
institution:ati-schedule-i-canada-border-services-agency:CBSA PPU 013,institution,CBSA PPU 013,Canada Border Services Agency,Remote Area Border Crossing (RABC) Permit Program – Personal Information Bank,Programme de Permis de passage de la frontière en région éloignée – Fichier de renseignements personnels,direct,q_business_supplier|q_travel_border,q_business_supplier|q_immigration|q_justice_safety|q_travel_border,https://www.cbsa-asfc.gc.ca/agency-agence/reports-rapports/pia-efvp/atip-aiprp/infosource-eng.html,https://www.cbsa-asfc.gc.ca/agency-agence/reports-rapports/pia-efvp/atip-aiprp/infosource-fra.html
institution:ati-schedule-i-canada-border-services-agency:CBSA PPU 031,institution,CBSA PPU 031,Canada Border Services Agency,NEXUS – Personal Information Bank,NEXUS – Fichier de renseignements personnels,direct,q_travel_border,q_business_supplier|q_complaint_appeal|q_immigration|q_justice_safety|q_money_programs|q_travel_border,https://www.cbsa-asfc.gc.ca/agency-agence/reports-rapports/pia-efvp/atip-aiprp/infosource-eng.html,https://www.cbsa-asfc.gc.ca/agency-agence/reports-rapports/pia-efvp/atip-aiprp/infosource-fra.html
institution:ati-schedule-i-canada-border-services-agency:CBSA PPU 061,institution,CBSA PPU 061,Canada Border Services Agency,Enhanced Driver's Licence (EDL) / Enhanced Identification Card (EIC) Program – Personal Information Bank,Programme de permis de conduire Plus (PC Plus) et de carte d'identité Plus (CI Plus) – Fichier de renseignements personnels,direct,q_business_supplier,q_business_supplier|q_immigration|q_travel_border,https://www.cbsa-asfc.gc.ca/agency-agence/reports-rapports/pia-efvp/atip-aiprp/infosource-eng.html,https://www.cbsa-asfc.gc.ca/agency-agence/reports-rapports/pia-efvp/atip-aiprp/infosource-fra.html
institution:ati-schedule-i-canada-border-services-agency:CBSA PPU 011,institution,CBSA PPU 011,Canada Border Services Agency,Transit without Visa (TWOV) and China Transit (CT) Programs – Personal Information Bank,Programmes de transit sans visa (TSV) et sur le transit des Chinois – Fichier de renseignements personnels,direct,q_immigration|q_travel_border,q_access_privacy|q_business_supplier|q_immigration|q_travel_border,https://www.cbsa-asfc.gc.ca/agency-agence/reports-rapports/pia-efvp/atip-aiprp/infosource-eng.html,https://www.cbsa-asfc.gc.ca/agency-agence/reports-rapports/pia-efvp/atip-aiprp/infosource-fra.html
institution:ati-schedule-i-canada-border-services-agency:CBSA PPU 045,institution,CBSA PPU 045,Canada Border Services Agency,Carrier and Cargo Program – Personal Information Bank,Programme sur les transporteurs et le fret – Fichier de renseignements personnels,possible_only,,q_access_privacy|q_business_supplier|q_civic_contact|q_family_vital|q_money_programs|q_travel_border,https://www.cbsa-asfc.gc.ca/agency-agence/reports-rapports/pia-efvp/atip-aiprp/infosource-eng.html,https://www.cbsa-asfc.gc.ca/agency-agence/reports-rapports/pia-efvp/atip-aiprp/infosource-fra.html
institution:ati-schedule-i-canada-border-services-agency:CBSA PPU 006,institution,CBSA PPU 006,Canada Border Services Agency,Customs Brokers - Professional and Qualified Status – Personal Information Bank,Courtiers en douane - Statut professionnel et autorisé – Fichier de renseignements personnels,possible_only,,q_business_supplier|q_civic_contact,https://www.cbsa-asfc.gc.ca/agency-agence/reports-rapports/pia-efvp/atip-aiprp/infosource-eng.html,https://www.cbsa-asfc.gc.ca/agency-agence/reports-rapports/pia-efvp/atip-aiprp/infosource-fra.html
institution:ati-schedule-i-canada-border-services-agency:CBSA PPU 032,institution,CBSA PPU 032,Canada Border Services Agency,Enforcement Data System – Personal Information Bank,Système de données sur l'exécution de la loi – Fichier de renseignements personnels,direct,q_immigration|q_travel_border,q_access_privacy|q_complaint_appeal|q_immigration|q_justice_safety|q_travel_border,https://www.cbsa-asfc.gc.ca/agency-agence/reports-rapports/pia-efvp/atip-aiprp/infosource-eng.html,https://www.cbsa-asfc.gc.ca/agency-agence/reports-rapports/pia-efvp/atip-aiprp/infosource-fra.html
institution:ati-schedule-i-canada-border-services-agency:CBSA PPU 025,institution,CBSA PPU 025,Canada Border Services Agency,Enforcement Information Index System (EIIS) – Personal Information Bank,Index des renseignements relatifs à l'exécution de la loi (IREL) – Fichier de renseignements personnels,direct,q_immigration,q_business_supplier|q_immigration|q_justice_safety,https://www.cbsa-asfc.gc.ca/agency-agence/reports-rapports/pia-efvp/atip-aiprp/infosource-eng.html,https://www.cbsa-asfc.gc.ca/agency-agence/reports-rapports/pia-efvp/atip-aiprp/infosource-fra.html
institution:ati-schedule-i-canada-border-services-agency:CBSA PPU 008,institution,CBSA PPU 008,Canada Border Services Agency,Advance Passenger Information and Passenger Name Record Programs (API/PNR) – Personal Information Bank,Le programme Information préalable sur les voyageurs et du dossier passager (IPV et DP) – Fichier de renseignements personnels,direct,,q_immigration|q_justice_safety|q_travel_border,https://www.cbsa-asfc.gc.ca/agency-agence/reports-rapports/pia-efvp/atip-aiprp/infosource-eng.html,https://www.cbsa-asfc.gc.ca/agency-agence/reports-rapports/pia-efvp/atip-aiprp/infosource-fra.html
institution:ati-schedule-i-canada-border-services-agency:CBSA PPU 023,institution,CBSA PPU 023,Canada Border Services Agency,Mail Seizure Database – Personal Information Bank,Base de données sur les saisies de courrier – Fichier de renseignements personnels,direct,q_justice_safety,q_government_work|q_immigration|q_justice_safety,https://www.cbsa-asfc.gc.ca/agency-agence/reports-rapports/pia-efvp/atip-aiprp/infosource-eng.html,https://www.cbsa-asfc.gc.ca/agency-agence/reports-rapports/pia-efvp/atip-aiprp/infosource-fra.html
institution:ati-schedule-i-canada-border-services-agency:CBSA PPU 014,institution,CBSA PPU 014,Canada Border Services Agency,Clients Interviewed by an Officer (DOW) – Personal Information Bank,Clients rencontrés par un agent (DOW) – Fichier de renseignements personnels,direct,q_travel_border,q_immigration|q_travel_border,https://www.cbsa-asfc.gc.ca/agency-agence/reports-rapports/pia-efvp/atip-aiprp/infosource-eng.html,https://www.cbsa-asfc.gc.ca/agency-agence/reports-rapports/pia-efvp/atip-aiprp/infosource-fra.html
institution:ati-schedule-i-canada-border-services-agency:CBSA PPU 022,institution,CBSA PPU 022,Canada Border Services Agency,Immigration Mail and Courier Tracking System (IMPACT) – Personal Information Bank,Système de suivi du courrier et des colis par messagerie de l'immigration (SSCCMI) – Fichier de renseignements personnels,direct,q_immigration|q_justice_safety,q_immigration|q_justice_safety,https://www.cbsa-asfc.gc.ca/agency-agence/reports-rapports/pia-efvp/atip-aiprp/infosource-eng.html,https://www.cbsa-asfc.gc.ca/agency-agence/reports-rapports/pia-efvp/atip-aiprp/infosource-fra.html
institution:ati-schedule-i-canada-border-services-agency:CBSA PPU 050,institution,CBSA PPU 050,Canada Border Services Agency,Temporary Foreign Worker Program – Personal Information Bank,Programme des travailleurs étrangers temporaires – Fichier de renseignements personnels,possible_only,,q_access_privacy|q_business_supplier|q_family_vital|q_health_disability|q_immigration|q_justice_safety|q_travel_border,https://www.cbsa-asfc.gc.ca/agency-agence/reports-rapports/pia-efvp/atip-aiprp/infosource-eng.html,https://www.cbsa-asfc.gc.ca/agency-agence/reports-rapports/pia-efvp/atip-aiprp/infosource-fra.html
institution:ati-schedule-i-canada-border-services-agency:CBSA PPU 021,institution,CBSA PPU 021,Canada Border Services Agency,Immigration Detainees Management System (IDMS) – Personal Information Bank,Système de gestion des détenus de l'immigration (SGDI) – Fichier de renseignements personnels,direct,q_complaint_appeal|q_immigration|q_justice_safety,q_complaint_appeal|q_family_vital|q_immigration|q_justice_safety,https://www.cbsa-asfc.gc.ca/agency-agence/reports-rapports/pia-efvp/atip-aiprp/infosource-eng.html,https://www.cbsa-asfc.gc.ca/agency-agence/reports-rapports/pia-efvp/atip-aiprp/infosource-fra.html
institution:ati-schedule-i-canada-border-services-agency:CBSA PPU 060,institution,CBSA PPU 060,Canada Border Services Agency,Security Certificate Program – Personal Information Bank,Programme des certificats de sécurité – Fichier de renseignements personnels,direct,q_immigration,q_business_supplier|q_civic_contact|q_complaint_appeal|q_health_disability|q_immigration|q_justice_safety,https://www.cbsa-asfc.gc.ca/agency-agence/reports-rapports/pia-efvp/atip-aiprp/infosource-eng.html,https://www.cbsa-asfc.gc.ca/agency-agence/reports-rapports/pia-efvp/atip-aiprp/infosource-fra.html
institution:ati-schedule-i-canada-border-services-agency:CBSA PPU 005,institution,CBSA PPU 005,Canada Border Services Agency,Recourse Directorate Records – Personal Information Bank,Documents de la Direction des recours – Fichier de renseignements personnels,direct,,q_business_supplier|q_complaint_appeal|q_travel_border,https://www.cbsa-asfc.gc.ca/agency-agence/reports-rapports/pia-efvp/atip-aiprp/infosource-eng.html,https://www.cbsa-asfc.gc.ca/agency-agence/reports-rapports/pia-efvp/atip-aiprp/infosource-fra.html
institution:ati-schedule-i-canada-border-services-agency:CBSA PPU 003,institution,CBSA PPU 003,Canada Border Services Agency,Complaints – Personal Information Bank,Plaintes – Fichier de renseignements personnels,direct,q_complaint_appeal,q_complaint_appeal|q_government_work|q_justice_safety,https://www.cbsa-asfc.gc.ca/agency-agence/reports-rapports/pia-efvp/atip-aiprp/infosource-eng.html,https://www.cbsa-asfc.gc.ca/agency-agence/reports-rapports/pia-efvp/atip-aiprp/infosource-fra.html
institution:ati-schedule-i-canada-border-services-agency:CBSA PPU 007,institution,CBSA PPU 007,Canada Border Services Agency,Duty Free Shop Applicants (Land Border) – Personal Information Bank,Demandeurs de permis d'exploitation de boutique hors taxes (frontière terrestre) – Fichier de renseignements personnels,possible_only,,q_immigration,https://www.cbsa-asfc.gc.ca/agency-agence/reports-rapports/pia-efvp/atip-aiprp/infosource-eng.html,https://www.cbsa-asfc.gc.ca/agency-agence/reports-rapports/pia-efvp/atip-aiprp/infosource-fra.html
institution:ati-schedule-i-canada-border-services-agency:CBSA PPU 010,institution,CBSA PPU 010,Canada Border Services Agency,Travellers Entry Processing System (TEPS) / Travellers National Database System (TRANDS) – Personal Information Bank,Système de traitement des déclarations des voyageurs (STDV)/Système de base de données nationale sur les voyageurs (SBDNV) – Fichier de renseignements personnels,direct,,q_travel_border,https://www.cbsa-asfc.gc.ca/agency-agence/reports-rapports/pia-efvp/atip-aiprp/infosource-eng.html,https://www.cbsa-asfc.gc.ca/agency-agence/reports-rapports/pia-efvp/atip-aiprp/infosource-fra.html
institution:ati-schedule-i-canada-border-services-agency:CBSA PPU 037,institution,CBSA PPU 037,Canada Border Services Agency,Unpaid Accounts – Personal Information Bank,Comptes non réglés – Fichier de renseignements personnels,possible_only,,q_tax_customs,https://www.cbsa-asfc.gc.ca/agency-agence/reports-rapports/pia-efvp/atip-aiprp/infosource-eng.html,https://www.cbsa-asfc.gc.ca/agency-agence/reports-rapports/pia-efvp/atip-aiprp/infosource-fra.html
institution:ati-schedule-i-canada-border-services-agency:CBSA PPU 001,institution,CBSA PPU 001,Canada Border Services Agency,Administrative Monetary Penalty System Program – Personal Information Bank,Programme du régime de sanctions administratives pécuniaires – Fichier de renseignements personnels,possible_only,,q_business_supplier|q_justice_safety,https://www.cbsa-asfc.gc.ca/agency-agence/reports-rapports/pia-efvp/atip-aiprp/infosource-eng.html,https://www.cbsa-asfc.gc.ca/agency-agence/reports-rapports/pia-efvp/atip-aiprp/infosource-fra.html
institution:ati-schedule-i-canada-border-services-agency:CBSA PPU 818,institution,CBSA PPU 818,Canada Border Services Agency,Public Key Infrastructure (PKI) Internal Identification – Personal Information Bank,Identification interne de l'Infrastructure à clé publique (ICP) – Fichier de renseignements personnels,possible_only,,q_business_supplier,https://www.cbsa-asfc.gc.ca/agency-agence/reports-rapports/pia-efvp/atip-aiprp/infosource-eng.html,https://www.cbsa-asfc.gc.ca/agency-agence/reports-rapports/pia-efvp/atip-aiprp/infosource-fra.html
institution:ati-schedule-i-canada-border-services-agency:CBSA PPU 012,institution,CBSA PPU 012,Canada Border Services Agency,Use of Force and Incident Reporting – Personal Information Bank,Rédaction de rapports d'incidents et de recours à la force – Fichier de renseignements personnels,possible_only,,q_access_privacy|q_business_supplier|q_civic_contact|q_family_vital|q_immigration|q_justice_safety|q_travel_border,https://www.cbsa-asfc.gc.ca/agency-agence/reports-rapports/pia-efvp/atip-aiprp/infosource-eng.html,https://www.cbsa-asfc.gc.ca/agency-agence/reports-rapports/pia-efvp/atip-aiprp/infosource-fra.html
institution:ati-schedule-i-canada-employment-insurance-commission:ESDC PPU 291,institution,ESDC PPU 291,Canada Employment Insurance Commission,Canadian Benefit for Parents of Young Victims of Crime (PIB),Allocation canadienne aux parents de jeunes victimes de crimes (FRP),direct,q_money_programs,q_family_vital|q_government_work|q_justice_safety|q_money_programs|q_tax_customs,https://www.canada.ca/en/employment-social-development/corporate/transparency/access-information/reports/infosource-2023-2024/infosource-detailed.html,https://www.canada.ca/fr/emploi-developpement-social/ministere/transparence/aai/rapports/infosource-2023-2024/infosource-detaille.html
institution:ati-schedule-i-canada-employment-insurance-commission:ESDC PPU 650,institution,ESDC PPU 650,Canada Employment Insurance Commission,Canada's Volunteer Awards (PIB),Prix pour le bénévolat du Canada (FRP),direct,q_culture_volunteer|q_money_programs,q_business_supplier|q_civic_contact|q_culture_volunteer|q_family_vital|q_immigration|q_justice_safety|q_money_programs|q_travel_border,https://www.canada.ca/en/employment-social-development/corporate/transparency/access-information/reports/infosource-2023-2024/infosource-detailed.html,https://www.canada.ca/fr/emploi-developpement-social/ministere/transparence/aai/rapports/infosource-2023-2024/infosource-detaille.html
institution:ati-schedule-i-canada-employment-insurance-commission:ESDC PPU 038,institution,ESDC PPU 038,Canada Employment Insurance Commission,Canada Disability Savings Program (PIB),Programme canadien pour l'épargne-invalidité (FRP),direct,q_health_disability|q_money_programs,q_business_supplier|q_family_vital|q_health_disability|q_money_programs|q_tax_customs,https://www.canada.ca/en/employment-social-development/corporate/transparency/access-information/reports/infosource-2023-2024/infosource-detailed.html,https://www.canada.ca/fr/emploi-developpement-social/ministere/transparence/aai/rapports/infosource-2023-2024/infosource-detaille.html
institution:ati-schedule-i-canada-employment-insurance-commission:ESDC PPU 146,institution,ESDC PPU 146,Canada Employment Insurance Commission,Canada Pension Plan Program (PIB),Régime de pensions du Canada (FRP),direct,q_government_work|q_money_programs,q_access_privacy|q_business_supplier|q_complaint_appeal|q_culture_volunteer|q_emergency|q_family_vital|q_government_work|q_health_disability|q_justice_safety|q_military_veterans|q_money_programs|q_tax_customs,https://www.canada.ca/en/employment-social-development/corporate/transparency/access-information/reports/infosource-2023-2024/infosource-detailed.html,https://www.canada.ca/fr/emploi-developpement-social/ministere/transparence/aai/rapports/infosource-2023-2024/infosource-detaille.html
institution:ati-schedule-i-canada-employment-insurance-commission:ESDC PPU 140,institution,ESDC PPU 140,Canada Employment Insurance Commission,Canada Pension Plan - Record of Earnings (PIB),Régime de pensions du Canada - Registre des gains (FRP),direct,q_government_work|q_money_programs,q_access_privacy|q_business_supplier|q_complaint_appeal|q_government_work|q_health_disability|q_justice_safety|q_military_veterans|q_money_programs|q_tax_customs,https://www.canada.ca/en/employment-social-development/corporate/transparency/access-information/reports/infosource-2023-2024/infosource-detailed.html,https://www.canada.ca/fr/emploi-developpement-social/ministere/transparence/aai/rapports/infosource-2023-2024/infosource-detaille.html
institution:ati-schedule-i-canada-employment-insurance-commission:ESDC PPU 649,institution,ESDC PPU 649,Canada Employment Insurance Commission,Canada Pension Plan Program Investigations and Reviews (PIB),Enquêtes et examens du Régime de pensions du Canada (FRP),direct,q_government_work|q_justice_safety|q_money_programs,q_business_supplier|q_family_vital|q_government_work|q_health_disability|q_immigration|q_indigenous_services|q_justice_safety|q_money_programs|q_travel_border,https://www.canada.ca/en/employment-social-development/corporate/transparency/access-information/reports/infosource-2023-2024/infosource-detailed.html,https://www.canada.ca/fr/emploi-developpement-social/ministere/transparence/aai/rapports/infosource-2023-2024/infosource-detaille.html
institution:ati-schedule-i-canada-employment-insurance-commission:ESDC PPU 116,institution,ESDC PPU 116,Canada Employment Insurance Commission,Old Age Security (PIB),Sécurité de la vieillesse (FRP),direct,q_money_programs,q_access_privacy|q_business_supplier|q_complaint_appeal|q_emergency|q_family_vital|q_government_work|q_health_disability|q_immigration|q_justice_safety|q_military_veterans|q_money_programs|q_tax_customs,https://www.canada.ca/en/employment-social-development/corporate/transparency/access-information/reports/infosource-2023-2024/infosource-detailed.html,https://www.canada.ca/fr/emploi-developpement-social/ministere/transparence/aai/rapports/infosource-2023-2024/infosource-detaille.html
institution:ati-schedule-i-canada-employment-insurance-commission:ESDC PPU 336,institution,ESDC PPU 336,Canada Employment Insurance Commission,Old Age Security Program Investigations and Reviews (PIB),Enquêtes et examens de la Sécurité de la vieillesse (FRP),direct,q_justice_safety|q_money_programs,q_business_supplier|q_family_vital|q_government_work|q_health_disability|q_immigration|q_justice_safety|q_money_programs|q_travel_border,https://www.canada.ca/en/employment-social-development/corporate/transparency/access-information/reports/infosource-2023-2024/infosource-detailed.html,https://www.canada.ca/fr/emploi-developpement-social/ministere/transparence/aai/rapports/infosource-2023-2024/infosource-detaille.html
institution:ati-schedule-i-canada-employment-insurance-commission:ESDC PPU 102,institution,ESDC PPU 102,Canada Employment Insurance Commission,Universal Child Care Benefit (PIB),Prestation universelle pour la garde d'enfants (FRP),direct,q_money_programs,q_education_training|q_family_vital|q_government_work|q_health_disability|q_money_programs|q_tax_customs,https://www.canada.ca/en/employment-social-development/corporate/transparency/access-information/reports/infosource-2023-2024/infosource-detailed.html,https://www.canada.ca/fr/emploi-developpement-social/ministere/transparence/aai/rapports/infosource-2023-2024/infosource-detaille.html
institution:ati-schedule-i-canada-employment-insurance-commission:ESDC PPU 395,institution,ESDC PPU 395,Canada Employment Insurance Commission,Government Annuities (PIB),Rentes sur l'État (FRP),possible_only,,q_business_supplier|q_civic_contact|q_family_vital|q_government_work|q_money_programs|q_tax_customs,https://www.canada.ca/en/employment-social-development/corporate/transparency/access-information/reports/infosource-2023-2024/infosource-detailed.html,https://www.canada.ca/fr/emploi-developpement-social/ministere/transparence/aai/rapports/infosource-2023-2024/infosource-detaille.html
institution:ati-schedule-i-canada-employment-insurance-commission:ESDC PPU 171,institution,ESDC PPU 171,Canada Employment Insurance Commission,Employment Insurance Program Investigation (PIB),Enquêtes du régime d'assurance-emploi (FRP),direct,q_justice_safety|q_money_programs|q_travel_border,q_business_supplier|q_government_work|q_health_disability|q_immigration|q_justice_safety|q_money_programs|q_travel_border,https://www.canada.ca/en/employment-social-development/corporate/transparency/access-information/reports/infosource-2023-2024/infosource-detailed.html,https://www.canada.ca/fr/emploi-developpement-social/ministere/transparence/aai/rapports/infosource-2023-2024/infosource-detaille.html
institution:ati-schedule-i-canada-employment-insurance-commission:ESDC PPU 118,institution,ESDC PPU 118,Canada Employment Insurance Commission,Social Insurance Number Investigations and Reviews (PIB),Enquêtes et examens sur les numéros d'assurance sociale (FRP),direct,q_justice_safety|q_money_programs|q_travel_border,q_business_supplier|q_family_vital|q_government_work|q_health_disability|q_immigration|q_justice_safety|q_money_programs|q_travel_border,https://www.canada.ca/en/employment-social-development/corporate/transparency/access-information/reports/infosource-2023-2024/infosource-detailed.html,https://www.canada.ca/fr/emploi-developpement-social/ministere/transparence/aai/rapports/infosource-2023-2024/infosource-detaille.html
institution:ati-schedule-i-canada-employment-insurance-commission:ESDC PPU 506,institution,ESDC PPU 506,Canada Employment Insurance Commission,Canada Education Savings Program (PIB),Programme canadien pour l'épargne-études (FRP),direct,q_education_training,q_access_privacy|q_business_supplier|q_education_training|q_family_vital|q_money_programs|q_tax_customs,https://www.canada.ca/en/employment-social-development/corporate/transparency/access-information/reports/infosource-2023-2024/infosource-detailed.html,https://www.canada.ca/fr/emploi-developpement-social/ministere/transparence/aai/rapports/infosource-2023-2024/infosource-detaille.html
institution:ati-schedule-i-canada-employment-insurance-commission:ESDC PPU 151,institution,ESDC PPU 151,Canada Employment Insurance Commission,Employment Insurance Claim Files (PIB),Dossiers de demandes d'assurance-emploi (FRP),direct,q_government_work|q_money_programs,q_access_privacy|q_business_supplier|q_complaint_appeal|q_culture_volunteer|q_education_training|q_emergency|q_family_vital|q_government_work|q_health_disability|q_immigration|q_indigenous_services|q_justice_safety|q_money_programs|q_research_survey|q_tax_customs,https://www.canada.ca/en/employment-social-development/corporate/transparency/access-information/reports/infosource-2023-2024/infosource-detailed.html,https://www.canada.ca/fr/emploi-developpement-social/ministere/transparence/aai/rapports/infosource-2023-2024/infosource-detaille.html
institution:ati-schedule-i-canada-employment-insurance-commission:ESDC PPU 030,institution,ESDC PPU 030,Canada Employment Insurance Commission,Canada Student Financial Assistance Program (PIB),Programme canadien d'aide financière aux étudiants (FRP),direct,q_education_training|q_money_programs,q_business_supplier|q_education_training|q_family_vital|q_government_work|q_health_disability|q_immigration|q_indigenous_services|q_justice_safety|q_military_veterans|q_money_programs,https://www.canada.ca/en/employment-social-development/corporate/transparency/access-information/reports/infosource-2023-2024/infosource-detailed.html,https://www.canada.ca/fr/emploi-developpement-social/ministere/transparence/aai/rapports/infosource-2023-2024/infosource-detaille.html
institution:ati-schedule-i-canada-employment-insurance-commission:ESDC PPU 709,institution,ESDC PPU 709,Canada Employment Insurance Commission,Canada Apprentice Loans (PIB),Prêt canadien aux apprentis (FRP),direct,q_education_training|q_money_programs,q_business_supplier|q_education_training|q_family_vital|q_health_disability|q_immigration|q_indigenous_services|q_justice_safety|q_military_veterans|q_money_programs,https://www.canada.ca/en/employment-social-development/corporate/transparency/access-information/reports/infosource-2023-2024/infosource-detailed.html,https://www.canada.ca/fr/emploi-developpement-social/ministere/transparence/aai/rapports/infosource-2023-2024/infosource-detaille.html
institution:ati-schedule-i-canada-employment-insurance-commission:ESDC PPU 297,institution,ESDC PPU 297,Canada Employment Insurance Commission,Apprenticeship Incentive Grant (PIB),Subvention incitative aux apprentis (FRP),direct,q_education_training|q_money_programs,q_education_training|q_immigration|q_money_programs|q_tax_customs,https://www.canada.ca/en/employment-social-development/corporate/transparency/access-information/reports/infosource-2023-2024/infosource-detailed.html,https://www.canada.ca/fr/emploi-developpement-social/ministere/transparence/aai/rapports/infosource-2023-2024/infosource-detaille.html
institution:ati-schedule-i-canada-employment-insurance-commission:ESDC PPU 299,institution,ESDC PPU 299,Canada Employment Insurance Commission,Apprenticeship Completion Grant (PIB),Subvention à l'achèvement de la formation d'apprenti (FRP),direct,q_education_training|q_money_programs,q_education_training|q_immigration|q_money_programs|q_tax_customs,https://www.canada.ca/en/employment-social-development/corporate/transparency/access-information/reports/infosource-2023-2024/infosource-detailed.html,https://www.canada.ca/fr/emploi-developpement-social/ministere/transparence/aai/rapports/infosource-2023-2024/infosource-detaille.html
institution:ati-schedule-i-canada-employment-insurance-commission:ESDC PPU 390,institution,ESDC PPU 390,Canada Employment Insurance Commission,Social Insurance Number Register (PIB),Registre de numéros d'assurance sociale (FRP),possible_only,,q_access_privacy|q_business_supplier|q_education_training|q_family_vital|q_government_work|q_health_disability|q_immigration|q_justice_safety|q_military_veterans|q_money_programs|q_tax_customs,https://www.canada.ca/en/employment-social-development/corporate/transparency/access-information/reports/infosource-2023-2024/infosource-detailed.html,https://www.canada.ca/fr/emploi-developpement-social/ministere/transparence/aai/rapports/infosource-2023-2024/infosource-detaille.html
institution:ati-schedule-i-canada-employment-insurance-commission:ESDC PPU 180,institution,ESDC PPU 180,Canada Employment Insurance Commission,Benefit and Overpayment File (PIB),Fichier des prestations et des trop-payés (FRP),direct,q_government_work|q_money_programs,q_business_supplier|q_culture_volunteer|q_education_training|q_government_work|q_money_programs|q_research_survey|q_tax_customs,https://www.canada.ca/en/employment-social-development/corporate/transparency/access-information/reports/infosource-2023-2024/infosource-detailed.html,https://www.canada.ca/fr/emploi-developpement-social/ministere/transparence/aai/rapports/infosource-2023-2024/infosource-detaille.html
institution:ati-schedule-i-canada-employment-insurance-commission:ESDC PPU 155,institution,ESDC PPU 155,Canada Employment Insurance Commission,Employment Insurance Bi-Weekly Claimant's Report (PIB),Déclarations aux deux semaines des prestataires d'assurance-emploi (FRP),direct,q_money_programs,q_health_disability|q_justice_safety|q_money_programs,https://www.canada.ca/en/employment-social-development/corporate/transparency/access-information/reports/infosource-2023-2024/infosource-detailed.html,https://www.canada.ca/fr/emploi-developpement-social/ministere/transparence/aai/rapports/infosource-2023-2024/infosource-detaille.html
institution:ati-schedule-i-canada-employment-insurance-commission:ESDC PPU 385,institution,ESDC PPU 385,Canada Employment Insurance Commission,Record of Employment (PIB),Relevé d'emploi (FRP),direct,q_access_privacy,q_access_privacy|q_money_programs,https://www.canada.ca/en/employment-social-development/corporate/transparency/access-information/reports/infosource-2023-2024/infosource-detailed.html,https://www.canada.ca/fr/emploi-developpement-social/ministere/transparence/aai/rapports/infosource-2023-2024/infosource-detaille.html
institution:ati-schedule-i-canada-employment-insurance-commission:ESDC PPU 501,institution,ESDC PPU 501,Canada Employment Insurance Commission,Employment Insurance Databank (PIB),Base de données de l'assurance-emploi (FRP),direct,q_government_work|q_money_programs,q_business_supplier|q_government_work|q_justice_safety|q_money_programs,https://www.canada.ca/en/employment-social-development/corporate/transparency/access-information/reports/infosource-2023-2024/infosource-detailed.html,https://www.canada.ca/fr/emploi-developpement-social/ministere/transparence/aai/rapports/infosource-2023-2024/infosource-detaille.html
institution:ati-schedule-i-canada-employment-insurance-commission:ESDC PPU 150,institution,ESDC PPU 150,Canada Employment Insurance Commission,Insurance Claim File (PIB),Dossier de la demande de prestations (FRP),direct,q_government_work,q_access_privacy|q_complaint_appeal|q_culture_volunteer|q_education_training|q_emergency|q_family_vital|q_government_work|q_health_disability|q_justice_safety|q_money_programs|q_research_survey|q_tax_customs,https://www.canada.ca/en/employment-social-development/corporate/transparency/access-information/reports/infosource-2023-2024/infosource-detailed.html,https://www.canada.ca/fr/emploi-developpement-social/ministere/transparence/aai/rapports/infosource-2023-2024/infosource-detaille.html
institution:ati-schedule-i-canada-employment-insurance-commission:ESDC PPU 170,institution,ESDC PPU 170,Canada Employment Insurance Commission,Interstate Employment Insurance Claims (PIB),Demandes de prestations inter-États (FRP),direct,q_money_programs,q_business_supplier|q_complaint_appeal|q_education_training|q_emergency|q_family_vital|q_government_work|q_health_disability|q_immigration|q_justice_safety|q_money_programs|q_research_survey|q_tax_customs,https://www.canada.ca/en/employment-social-development/corporate/transparency/access-information/reports/infosource-2023-2024/infosource-detailed.html,https://www.canada.ca/fr/emploi-developpement-social/ministere/transparence/aai/rapports/infosource-2023-2024/infosource-detaille.html
institution:ati-schedule-i-canada-employment-insurance-commission:ESDC PPU 281,institution,ESDC PPU 281,Canada Employment Insurance Commission,Listing of Employees by Nominal Roll (PIB),Liste nominative des employés (FRP),possible_only,,q_justice_safety|q_money_programs,https://www.canada.ca/en/employment-social-development/corporate/transparency/access-information/reports/infosource-2023-2024/infosource-detailed.html,https://www.canada.ca/fr/emploi-developpement-social/ministere/transparence/aai/rapports/infosource-2023-2024/infosource-detaille.html
institution:ati-schedule-i-canada-employment-insurance-commission:ESDC PPU 323,institution,ESDC PPU 323,Canada Employment Insurance Commission,Registration for the Employment Insurance Measure for Self-Employed People (PIB),Inscription à la mesure d'assurance-emploi destinée aux travailleurs autonomes (FRP),direct,q_business_supplier|q_money_programs,q_access_privacy|q_business_supplier|q_civic_contact|q_complaint_appeal|q_family_vital|q_justice_safety|q_money_programs,https://www.canada.ca/en/employment-social-development/corporate/transparency/access-information/reports/infosource-2023-2024/infosource-detailed.html,https://www.canada.ca/fr/emploi-developpement-social/ministere/transparence/aai/rapports/infosource-2023-2024/infosource-detaille.html
institution:ati-schedule-i-canada-employment-insurance-commission:ESDC PPU 295,institution,ESDC PPU 295,Canada Employment Insurance Commission,Additional Labour Market Initiatives (PIB),Autres initiatives relatives au marché du travail (FRP),possible_only,,q_business_supplier|q_government_work|q_money_programs,https://www.canada.ca/en/employment-social-development/corporate/transparency/access-information/reports/infosource-2023-2024/infosource-detailed.html,https://www.canada.ca/fr/emploi-developpement-social/ministere/transparence/aai/rapports/infosource-2023-2024/infosource-detaille.html
institution:ati-schedule-i-canada-employment-insurance-commission:ESDC PPU 302,institution,ESDC PPU 302,Canada Employment Insurance Commission,Employment Insurance Premium Reduction Program (PIB),Programme de réduction du taux de cotisation d'assurance-emploi (FRP),direct,q_government_work|q_money_programs,q_business_supplier|q_government_work|q_money_programs,https://www.canada.ca/en/employment-social-development/corporate/transparency/access-information/reports/infosource-2023-2024/infosource-detailed.html,https://www.canada.ca/fr/emploi-developpement-social/ministere/transparence/aai/rapports/infosource-2023-2024/infosource-detaille.html
institution:ati-schedule-i-canada-employment-insurance-commission:ESDC PPU 717,institution,ESDC PPU 717,Canada Employment Insurance Commission,Indigenous Skills and Employment Training Program (PIB),Programme de formation pour les compétences et l'emploi destiné aux Autochtones (FRP),direct,q_education_training|q_indigenous_services,q_education_training|q_family_vital|q_health_disability|q_indigenous_services|q_justice_safety|q_money_programs,https://www.canada.ca/en/employment-social-development/corporate/transparency/access-information/reports/infosource-2023-2024/infosource-detailed.html,https://www.canada.ca/fr/emploi-developpement-social/ministere/transparence/aai/rapports/infosource-2023-2024/infosource-detaille.html
institution:ati-schedule-i-canada-employment-insurance-commission:ESDC PPU 711,institution,ESDC PPU 711,Canada Employment Insurance Commission,Job Bank (PIB),Guichet-Emplois (FRP),possible_only,,q_government_work|q_health_disability|q_immigration|q_justice_safety|q_money_programs,https://www.canada.ca/en/employment-social-development/corporate/transparency/access-information/reports/infosource-2023-2024/infosource-detailed.html,https://www.canada.ca/fr/emploi-developpement-social/ministere/transparence/aai/rapports/infosource-2023-2024/infosource-detaille.html
institution:ati-schedule-i-canada-employment-insurance-commission:ESDC PPU 293,institution,ESDC PPU 293,Canada Employment Insurance Commission,"Employment Benefits, Support Measures and Other Programs (PIB)","Prestations d'emploi, mesures de soutien et autres programmes (FRP)",possible_only,,q_education_training|q_immigration|q_indigenous_services|q_money_programs|q_tax_customs,https://www.canada.ca/en/employment-social-development/corporate/transparency/access-information/reports/infosource-2023-2024/infosource-detailed.html,https://www.canada.ca/fr/emploi-developpement-social/ministere/transparence/aai/rapports/infosource-2023-2024/infosource-detaille.html
institution:ati-schedule-i-canada-employment-insurance-commission:ESDC PPU 300,institution,ESDC PPU 300,Canada Employment Insurance Commission,Opportunities Fund for Persons with Disabilities (PIB),Fonds d'intégration pour les personnes handicapées (FRP),direct,q_health_disability,q_business_supplier|q_education_training|q_health_disability|q_indigenous_services|q_money_programs|q_tax_customs,https://www.canada.ca/en/employment-social-development/corporate/transparency/access-information/reports/infosource-2023-2024/infosource-detailed.html,https://www.canada.ca/fr/emploi-developpement-social/ministere/transparence/aai/rapports/infosource-2023-2024/infosource-detaille.html
institution:ati-schedule-i-canada-employment-insurance-commission:ESDC PPU 703,institution,ESDC PPU 703,Canada Employment Insurance Commission,Sectoral Workforce Solutions Program (PIB),Programme de solutions pour la main d'œuvre sectorielle (FRP),possible_only,,q_business_supplier|q_civic_contact|q_money_programs,https://www.canada.ca/en/employment-social-development/corporate/transparency/access-information/reports/infosource-2023-2024/infosource-detailed.html,https://www.canada.ca/fr/emploi-developpement-social/ministere/transparence/aai/rapports/infosource-2023-2024/infosource-detaille.html
institution:ati-schedule-i-canada-employment-insurance-commission:ESDC PPU 710,institution,ESDC PPU 710,Canada Employment Insurance Commission,Skills and Partnership Fund (PIB),Fonds pour les compétences et les partenariats (FRP),direct,q_indigenous_services,q_health_disability|q_indigenous_services|q_justice_safety|q_money_programs,https://www.canada.ca/en/employment-social-development/corporate/transparency/access-information/reports/infosource-2023-2024/infosource-detailed.html,https://www.canada.ca/fr/emploi-developpement-social/ministere/transparence/aai/rapports/infosource-2023-2024/infosource-detaille.html
institution:ati-schedule-i-canada-employment-insurance-commission:ESDC PPU 440,institution,ESDC PPU 440,Canada Employment Insurance Commission,Temporary Foreign Worker Program (PIB),Programme des travailleurs étrangers temporaires (FRP),direct,q_immigration,q_business_supplier|q_family_vital|q_government_work|q_health_disability|q_housing_property|q_immigration|q_money_programs|q_travel_border,https://www.canada.ca/en/employment-social-development/corporate/transparency/access-information/reports/infosource-2023-2024/infosource-detailed.html,https://www.canada.ca/fr/emploi-developpement-social/ministere/transparence/aai/rapports/infosource-2023-2024/infosource-detaille.html
institution:ati-schedule-i-canada-employment-insurance-commission:ESDC PPU 715,institution,ESDC PPU 715,Canada Employment Insurance Commission,Temporary Foreign Worker Program Employer Compliance Reviews and Inspections (PIB),Examens de la conformité des employeurs au Programme des travailleurs étrangers temporaires (FRP),direct,q_business_supplier|q_immigration,q_business_supplier|q_family_vital|q_government_work|q_health_disability|q_immigration|q_justice_safety|q_money_programs|q_travel_border,https://www.canada.ca/en/employment-social-development/corporate/transparency/access-information/reports/infosource-2023-2024/infosource-detailed.html,https://www.canada.ca/fr/emploi-developpement-social/ministere/transparence/aai/rapports/infosource-2023-2024/infosource-detaille.html
institution:ati-schedule-i-canada-employment-insurance-commission:ESDC PPU 303,institution,ESDC PPU 303,Canada Employment Insurance Commission,Workforce Development Agreements (PIB),Ententes sur le développement de la main-d'œuvre (FRP),possible_only,,q_immigration|q_money_programs,https://www.canada.ca/en/employment-social-development/corporate/transparency/access-information/reports/infosource-2023-2024/infosource-detailed.html,https://www.canada.ca/fr/emploi-developpement-social/ministere/transparence/aai/rapports/infosource-2023-2024/infosource-detaille.html
institution:ati-schedule-i-canada-employment-insurance-commission:ESDC PPU 706,institution,ESDC PPU 706,Canada Employment Insurance Commission,Youth Employment and Skills Strategy (PIB),Stratégie emploi et compétences jeunesse (FRP),possible_only,,q_business_supplier|q_culture_volunteer|q_education_training|q_government_work|q_health_disability|q_housing_property|q_immigration|q_indigenous_services|q_money_programs,https://www.canada.ca/en/employment-social-development/corporate/transparency/access-information/reports/infosource-2023-2024/infosource-detailed.html,https://www.canada.ca/fr/emploi-developpement-social/ministere/transparence/aai/rapports/infosource-2023-2024/infosource-detaille.html
institution:ati-schedule-i-canada-employment-insurance-commission:ESDC PPU 705,institution,ESDC PPU 705,Canada Employment Insurance Commission,Targeted Initiative for Older Workers (PIB),Initiative ciblée pour les travailleurs âgés (FRP),possible_only,,q_money_programs|q_research_survey,https://www.canada.ca/en/employment-social-development/corporate/transparency/access-information/reports/infosource-2023-2024/infosource-detailed.html,https://www.canada.ca/fr/emploi-developpement-social/ministere/transparence/aai/rapports/infosource-2023-2024/infosource-detaille.html
institution:ati-schedule-i-canada-employment-insurance-commission:ESDC PPU 730,institution,ESDC PPU 730,Canada Employment Insurance Commission,International Mobility Programs Inspections (PIB),Inspections du Programme de mobilité internationale (FRP),direct,q_business_supplier|q_immigration,q_access_privacy|q_business_supplier|q_complaint_appeal|q_government_work|q_health_disability|q_immigration|q_justice_safety|q_money_programs,https://www.canada.ca/en/employment-social-development/corporate/transparency/access-information/reports/infosource-2023-2024/infosource-detailed.html,https://www.canada.ca/fr/emploi-developpement-social/ministere/transparence/aai/rapports/infosource-2023-2024/infosource-detaille.html
institution:ati-schedule-i-canada-employment-insurance-commission:ESDC PPU 301,institution,ESDC PPU 301,Canada Employment Insurance Commission,Civil Service Insurance (PIB),Assurance du service civil (FRP),possible_only,,q_family_vital|q_government_work|q_health_disability|q_money_programs|q_tax_customs,https://www.canada.ca/en/employment-social-development/corporate/transparency/access-information/reports/infosource-2023-2024/infosource-detailed.html,https://www.canada.ca/fr/emploi-developpement-social/ministere/transparence/aai/rapports/infosource-2023-2024/infosource-detaille.html
institution:ati-schedule-i-canada-employment-insurance-commission:ESDC PPU 716,institution,ESDC PPU 716,Canada Employment Insurance Commission,First Nations Job Fund (PIB),Fonds pour l'emploi des Premières Nations (FRP),direct,q_indigenous_services,q_health_disability|q_indigenous_services|q_justice_safety|q_money_programs,https://www.canada.ca/en/employment-social-development/corporate/transparency/access-information/reports/infosource-2023-2024/infosource-detailed.html,https://www.canada.ca/fr/emploi-developpement-social/ministere/transparence/aai/rapports/infosource-2023-2024/infosource-detaille.html
institution:ati-schedule-i-canada-employment-insurance-commission:ESDC PPU 032,institution,ESDC PPU 032,Canada Employment Insurance Commission,Federal Worker's Compensation (PIB),Service fédéral d'indemnisation des accidentés du travail (FRP),direct,q_money_programs,q_business_supplier|q_complaint_appeal|q_family_vital|q_government_work|q_health_disability|q_justice_safety|q_money_programs|q_tax_customs,https://www.canada.ca/en/employment-social-development/corporate/transparency/access-information/reports/infosource-2023-2024/infosource-detailed.html,https://www.canada.ca/fr/emploi-developpement-social/ministere/transparence/aai/rapports/infosource-2023-2024/infosource-detaille.html
institution:ati-schedule-i-canada-employment-insurance-commission:ESDC PPU 037,institution,ESDC PPU 037,Canada Employment Insurance Commission,Compensation Program for Survivors of Employees Slain on Duty (PIB),Programme d'indemnisation pour les survivants des employés de la fonction publique tués dans l'exercice de leurs fonctions (FRP),direct,q_money_programs,q_family_vital|q_government_work|q_health_disability|q_immigration|q_money_programs|q_tax_customs,https://www.canada.ca/en/employment-social-development/corporate/transparency/access-information/reports/infosource-2023-2024/infosource-detailed.html,https://www.canada.ca/fr/emploi-developpement-social/ministere/transparence/aai/rapports/infosource-2023-2024/infosource-detaille.html
institution:ati-schedule-i-canada-employment-insurance-commission:ESDC PPU 034,institution,ESDC PPU 034,Canada Employment Insurance Commission,Compensation Program for Inmates of Federal Penitentiaries (PIB),Programme d'indemnisation pour les détenus des pénitenciers fédéraux (FRP),direct,q_justice_safety|q_money_programs,q_family_vital|q_health_disability|q_immigration|q_justice_safety|q_money_programs|q_tax_customs,https://www.canada.ca/en/employment-social-development/corporate/transparency/access-information/reports/infosource-2023-2024/infosource-detailed.html,https://www.canada.ca/fr/emploi-developpement-social/ministere/transparence/aai/rapports/infosource-2023-2024/infosource-detaille.html
institution:ati-schedule-i-canada-employment-insurance-commission:ESDC PPU 033,institution,ESDC PPU 033,Canada Employment Insurance Commission,Compensation Program for Merchant Seamen (PIB),Programme d'indemnisation des marins marchands (FRP),direct,q_money_programs,q_family_vital|q_government_work|q_health_disability|q_immigration|q_justice_safety|q_money_programs|q_tax_customs,https://www.canada.ca/en/employment-social-development/corporate/transparency/access-information/reports/infosource-2023-2024/infosource-detailed.html,https://www.canada.ca/fr/emploi-developpement-social/ministere/transparence/aai/rapports/infosource-2023-2024/infosource-detaille.html
institution:ati-schedule-i-canada-employment-insurance-commission:ESDC PPU 036,institution,ESDC PPU 036,Canada Employment Insurance Commission,Conciliation Commissioner and Board Members Files (PIB),Commissaires conciliateurs ou membres d'une commission de conciliation (FRP),possible_only,,q_money_programs,https://www.canada.ca/en/employment-social-development/corporate/transparency/access-information/reports/infosource-2023-2024/infosource-detailed.html,https://www.canada.ca/fr/emploi-developpement-social/ministere/transparence/aai/rapports/infosource-2023-2024/infosource-detaille.html
institution:ati-schedule-i-canada-employment-insurance-commission:ESDC PPU 050,institution,ESDC PPU 050,Canada Employment Insurance Commission,Federal Mediation and Conciliation Service (PIB),Service fédéral de médiation et de conciliation (FRP),possible_only,,q_business_supplier|q_civic_contact|q_complaint_appeal|q_culture_volunteer|q_money_programs,https://www.canada.ca/en/employment-social-development/corporate/transparency/access-information/reports/infosource-2023-2024/infosource-detailed.html,https://www.canada.ca/fr/emploi-developpement-social/ministere/transparence/aai/rapports/infosource-2023-2024/infosource-detaille.html
institution:ati-schedule-i-canada-employment-insurance-commission:ESDC PPU 728,institution,ESDC PPU 728,Canada Employment Insurance Commission,"Workplace Information, Collective Bargaining and Labour Organization Contacts (PIB)","Information sur les milieux de travail, les négociations collectives et les personnes ressources aux organisations syndicales (FRP)",possible_only,,q_money_programs,https://www.canada.ca/en/employment-social-development/corporate/transparency/access-information/reports/infosource-2023-2024/infosource-detailed.html,https://www.canada.ca/fr/emploi-developpement-social/ministere/transparence/aai/rapports/infosource-2023-2024/infosource-detaille.html
institution:ati-schedule-i-canada-employment-insurance-commission:ESDC PPU 006,institution,ESDC PPU 006,Canada Employment Insurance Commission,"Canada Labour Code*, Part III - Labour Standards (PIB)",Partie III du *Code canadien du travail* - Normes du travail (FRP),direct,q_complaint_appeal|q_government_work,q_business_supplier|q_complaint_appeal|q_government_work|q_immigration|q_justice_safety|q_money_programs,https://www.canada.ca/en/employment-social-development/corporate/transparency/access-information/reports/infosource-2023-2024/infosource-detailed.html,https://www.canada.ca/fr/emploi-developpement-social/ministere/transparence/aai/rapports/infosource-2023-2024/infosource-detaille.html
institution:ati-schedule-i-canada-employment-insurance-commission:ESDC PPU 041,institution,ESDC PPU 041,Canada Employment Insurance Commission,"Unjust Dismissal and Genetic Testing Adjudicators, Grievance Arbitrators and Wage Recovery Referees (PIB)","Arbitres pour congédiement injuste et tests génétiques, arbitres de griefs et arbitres pour les appels de recouvrement du salaire (FRP)",direct,q_complaint_appeal,q_complaint_appeal|q_money_programs,https://www.canada.ca/en/employment-social-development/corporate/transparency/access-information/reports/infosource-2023-2024/infosource-detailed.html,https://www.canada.ca/fr/emploi-developpement-social/ministere/transparence/aai/rapports/infosource-2023-2024/infosource-detaille.html
institution:ati-schedule-i-canada-employment-insurance-commission:ESDC PPU 024,institution,ESDC PPU 024,Canada Employment Insurance Commission,Canada Labour Code* Part II - Occupational Health and Safety (PIB),Partie II du *Code canadien du travail* - Santé et sécurité au travail (FRP),direct,q_business_supplier|q_government_work|q_health_disability|q_justice_safety,q_business_supplier|q_complaint_appeal|q_family_vital|q_government_work|q_health_disability|q_immigration|q_justice_safety|q_money_programs,https://www.canada.ca/en/employment-social-development/corporate/transparency/access-information/reports/infosource-2023-2024/infosource-detailed.html,https://www.canada.ca/fr/emploi-developpement-social/ministere/transparence/aai/rapports/infosource-2023-2024/infosource-detaille.html
institution:ati-schedule-i-canada-employment-insurance-commission:ESDC PPU 098,institution,ESDC PPU 098,Canada Employment Insurance Commission,Non-smokers' Health Act* (PIB),Loi sur la santé des non-fumeurs* (FRP),direct,q_health_disability,q_business_supplier|q_health_disability|q_justice_safety|q_money_programs,https://www.canada.ca/en/employment-social-development/corporate/transparency/access-information/reports/infosource-2023-2024/infosource-detailed.html,https://www.canada.ca/fr/emploi-developpement-social/ministere/transparence/aai/rapports/infosource-2023-2024/infosource-detaille.html
institution:ati-schedule-i-canada-employment-insurance-commission:ESDC PPU 035,institution,ESDC PPU 035,Canada Employment Insurance Commission,Wage Earner Protection Program (PIB),Programme de protection des salariés (FRP),possible_only,,q_business_supplier|q_complaint_appeal|q_money_programs|q_tax_customs,https://www.canada.ca/en/employment-social-development/corporate/transparency/access-information/reports/infosource-2023-2024/infosource-detailed.html,https://www.canada.ca/fr/emploi-developpement-social/ministere/transparence/aai/rapports/infosource-2023-2024/infosource-detaille.html
institution:ati-schedule-i-canada-employment-insurance-commission:ESDC PPU 739,institution,ESDC PPU 739,Canada Employment Insurance Commission,Workplace Equity (PIB),Équité en milieu de travail (FRP),possible_only,,q_business_supplier|q_civic_contact|q_complaint_appeal|q_government_work|q_money_programs,https://www.canada.ca/en/employment-social-development/corporate/transparency/access-information/reports/infosource-2023-2024/infosource-detailed.html,https://www.canada.ca/fr/emploi-developpement-social/ministere/transparence/aai/rapports/infosource-2023-2024/infosource-detaille.html
institution:ati-schedule-i-canada-employment-insurance-commission:ESDC PPU 701,institution,ESDC PPU 701,Canada Employment Insurance Commission,Veterans Affairs Canada Program Delivery (PIB),Exécution des programmes d'Anciens Combattants Canada (FRP),direct,q_military_veterans,q_family_vital|q_government_work|q_health_disability|q_immigration|q_military_veterans|q_money_programs|q_travel_border,https://www.canada.ca/en/employment-social-development/corporate/transparency/access-information/reports/infosource-2023-2024/infosource-detailed.html,https://www.canada.ca/fr/emploi-developpement-social/ministere/transparence/aai/rapports/infosource-2023-2024/infosource-detaille.html
institution:ati-schedule-i-canada-employment-insurance-commission:ESDC PPU 702,institution,ESDC PPU 702,Canada Employment Insurance Commission,Processing and Payment Services (PIB),Services de traitement et de paiement (FRP),direct,q_money_programs,q_family_vital|q_money_programs,https://www.canada.ca/en/employment-social-development/corporate/transparency/access-information/reports/infosource-2023-2024/infosource-detailed.html,https://www.canada.ca/fr/emploi-developpement-social/ministere/transparence/aai/rapports/infosource-2023-2024/infosource-detaille.html
institution:ati-schedule-i-canada-employment-insurance-commission:ESDC PPU 680,institution,ESDC PPU 680,Canada Employment Insurance Commission,My Service Canada Account (PIB),Mon dossier Service Canada (FRP),direct,q_education_training,q_civic_contact|q_education_training|q_family_vital|q_government_work|q_immigration|q_money_programs,https://www.canada.ca/en/employment-social-development/corporate/transparency/access-information/reports/infosource-2023-2024/infosource-detailed.html,https://www.canada.ca/fr/emploi-developpement-social/ministere/transparence/aai/rapports/infosource-2023-2024/infosource-detaille.html
institution:ati-schedule-i-canada-employment-insurance-commission:ESDC PPU 681,institution,ESDC PPU 681,Canada Employment Insurance Commission,My Service Canada Business Account (PIB),Mon dossier d'entreprise Service Canada (FRP),possible_only,,q_business_supplier|q_money_programs,https://www.canada.ca/en/employment-social-development/corporate/transparency/access-information/reports/infosource-2023-2024/infosource-detailed.html,https://www.canada.ca/fr/emploi-developpement-social/ministere/transparence/aai/rapports/infosource-2023-2024/infosource-detaille.html
institution:ati-schedule-i-canada-employment-insurance-commission:ESDC PPU 729,institution,ESDC PPU 729,Canada Employment Insurance Commission,Call Centre Operations (PIB),Opérations des centres d'appels (FRP),possible_only,,q_business_supplier|q_money_programs,https://www.canada.ca/en/employment-social-development/corporate/transparency/access-information/reports/infosource-2023-2024/infosource-detailed.html,https://www.canada.ca/fr/emploi-developpement-social/ministere/transparence/aai/rapports/infosource-2023-2024/infosource-detaille.html
institution:ati-schedule-i-canada-employment-insurance-commission:ESDC PPU 708,institution,ESDC PPU 708,Canada Employment Insurance Commission,Passport Program (PIB),Programme de passeport (FRP),direct,q_travel_border,q_emergency|q_family_vital|q_immigration|q_money_programs|q_travel_border,https://www.canada.ca/en/employment-social-development/corporate/transparency/access-information/reports/infosource-2023-2024/infosource-detailed.html,https://www.canada.ca/fr/emploi-developpement-social/ministere/transparence/aai/rapports/infosource-2023-2024/infosource-detaille.html
institution:ati-schedule-i-canada-employment-insurance-commission:ESDC PPU 100,institution,ESDC PPU 100,Canada Employment Insurance Commission,Common Experience Payment (PIB),Paiement d'expérience commune (FRP),direct,q_money_programs,q_business_supplier|q_education_training|q_family_vital|q_health_disability|q_indigenous_services|q_justice_safety|q_money_programs|q_tax_customs|q_travel_border,https://www.canada.ca/en/employment-social-development/corporate/transparency/access-information/reports/infosource-2023-2024/infosource-detailed.html,https://www.canada.ca/fr/emploi-developpement-social/ministere/transparence/aai/rapports/infosource-2023-2024/infosource-detaille.html
institution:ati-schedule-i-canada-employment-insurance-commission:ESDC PPU 712,institution,ESDC PPU 712,Canada Employment Insurance Commission,Canadian Dental Care Plan (CoR),Régime canadien de soins dentaires (CDD),direct,q_health_disability,q_access_privacy|q_business_supplier|q_civic_contact|q_family_vital|q_health_disability|q_money_programs|q_research_survey,https://www.canada.ca/en/employment-social-development/corporate/transparency/access-information/reports/infosource-2023-2024/infosource-detailed.html,https://www.canada.ca/fr/emploi-developpement-social/ministere/transparence/aai/rapports/infosource-2023-2024/infosource-detaille.html
institution:ati-schedule-i-canada-employment-insurance-commission:ESDC PPU 700,institution,ESDC PPU 700,Canada Employment Insurance Commission,Saba Learning Platform for Non-ESDC Employees (PIB),Plateforme d'apprentissage Saba pour les employés ne faisant pas partie d'EDSC (FRP),possible_only,,q_business_supplier|q_indigenous_services|q_money_programs,https://www.canada.ca/en/employment-social-development/corporate/transparency/access-information/reports/infosource-2023-2024/infosource-detailed.html,https://www.canada.ca/fr/emploi-developpement-social/ministere/transparence/aai/rapports/infosource-2023-2024/infosource-detaille.html
institution:ati-schedule-i-canada-employment-insurance-commission:ESDC PPE 718,institution,ESDC PPE 718,Canada Employment Insurance Commission,Prescribed Presence in the Workplace - Low Onsite Connectivity (PIB),Présence prescrite au lieu de travail - Faible connectivité sur place (FRP),possible_only,,q_business_supplier|q_education_training|q_government_work|q_justice_safety|q_money_programs,https://www.canada.ca/en/employment-social-development/corporate/transparency/access-information/reports/infosource-2023-2024/infosource-detailed.html,https://www.canada.ca/fr/emploi-developpement-social/ministere/transparence/aai/rapports/infosource-2023-2024/infosource-detaille.html
institution:ati-schedule-i-canada-revenue-agency:ARC PPU 641,institution,ARC PPU 641,Canada Revenue Agency,,Prestation canadienne d’urgence pour les étudiants,direct,q_education_training|q_emergency|q_money_programs,q_access_privacy|q_business_supplier|q_complaint_appeal|q_education_training|q_emergency|q_government_work|q_justice_safety|q_money_programs|q_tax_customs,https://www.canada.ca/en/revenue-agency/corporate/about-canada-revenue-agency-cra/access-information-privacy-canada-revenue-agency/info-source-appendix.html,https://www.canada.ca/fr/agence-revenu/organisation/a-propos-agence-revenu-canada-arc/acces-a-information-protection-renseignements-personnels-a-agence-revenu-canada/fonds-renseignements-agence-revenu-canada-info-source.html
institution:ati-schedule-i-canada-revenue-agency:ARC PPU 411,institution,ARC PPU 411,Canada Revenue Agency,,Programme de dénonciateurs de l’inobservation fiscale à l’étranger,possible_only,,q_access_privacy|q_business_supplier|q_civic_contact|q_family_vital|q_justice_safety|q_tax_customs|q_travel_border,https://www.canada.ca/en/revenue-agency/corporate/about-canada-revenue-agency-cra/access-information-privacy-canada-revenue-agency/info-source-appendix.html,https://www.canada.ca/fr/agence-revenu/organisation/a-propos-agence-revenu-canada-arc/acces-a-information-protection-renseignements-personnels-a-agence-revenu-canada/fonds-renseignements-agence-revenu-canada-info-source.html
institution:ati-schedule-i-canada-revenue-agency:ARC PPU 050,institution,ARC PPU 050,Canada Revenue Agency,,Recouvrements,direct,q_education_training,q_access_privacy|q_business_supplier|q_education_training|q_family_vital|q_government_work|q_health_disability|q_housing_property|q_immigration|q_justice_safety|q_money_programs|q_tax_customs|q_travel_border,https://www.canada.ca/en/revenue-agency/corporate/about-canada-revenue-agency-cra/access-information-privacy-canada-revenue-agency/info-source-appendix.html,https://www.canada.ca/fr/agence-revenu/organisation/a-propos-agence-revenu-canada-arc/acces-a-information-protection-renseignements-personnels-a-agence-revenu-canada/fonds-renseignements-agence-revenu-canada-info-source.html
institution:ati-schedule-i-canada-school-of-public-service:CSPS PPU 015,institution,CSPS PPU 015,Canada School of Public Service,"Public Service Learning, Training and Development - CSPS PPU 015","Apprentissage, formation et perfectionnement dans la fonction publique - EFPC PPU 015",possible_only,,q_business_supplier|q_education_training|q_government_work,https://www.csps-efpc.gc.ca/about_us/currentreport/infosource-eng.aspx,https://www.csps-efpc.gc.ca/about_us/currentreport/infosource-fra.aspx
institution:ati-schedule-i-canadian-centre-for-occupational-health-and-safety:CCOHS PPU 041,institution,CCOHS PPU 041,Canadian Centre for Occupational Health and Safety,Inquiries,Demandes de renseignements,direct,q_government_work,q_business_supplier|q_government_work|q_health_disability|q_research_survey,https://www.ccohs.ca:443/ccohs/reports/transparency.html,https://www.cchst.ca:443/ccohs/reports/transparency.html
institution:ati-schedule-i-canadian-energy-regulator:CER PPU 110,institution,CER PPU 110,Canadian Energy Regulator,"Infrastructure, Tolls and Export Applications",,possible_only,,q_business_supplier|q_indigenous_services,https://www.cer-rec.gc.ca/en/about/open-government/transparency/completed-access-information-requests/info-source.html,https://www.cer-rec.gc.ca/fr/regie/gouvernement-ouvert/transparence/demandes-acces-information-completees/info-source.html
institution:ati-schedule-i-canadian-energy-regulator:CER PPU 100,institution,CER PPU 100,Canadian Energy Regulator,"Construction, Operation and Abandonment of Pipelines Class of Record","Demandes relatives aux infrastructures, aux droits et aux exportations",possible_only,,q_business_supplier|q_civic_contact|q_complaint_appeal|q_emergency|q_health_disability|q_indigenous_services,https://www.cer-rec.gc.ca/en/about/open-government/transparency/completed-access-information-requests/info-source.html,https://www.cer-rec.gc.ca/fr/regie/gouvernement-ouvert/transparence/demandes-acces-information-completees/info-source.html
institution:ati-schedule-i-canadian-energy-regulator:CER PPU 120,institution,CER PPU 120,Canadian Energy Regulator,Participant Funding,,possible_only,,q_money_programs,https://www.cer-rec.gc.ca/en/about/open-government/transparency/completed-access-information-requests/info-source.html,https://www.cer-rec.gc.ca/fr/regie/gouvernement-ouvert/transparence/demandes-acces-information-completees/info-source.html
institution:ati-schedule-i-canadian-food-inspection-agency:CFIA PPU 100,institution,CFIA PPU 100,Canadian Food Inspection Agency,Setting rules – Personal information bank,Établissement de règles fichier de renseignements personnels,possible_only,,q_access_privacy|q_business_supplier|q_civic_contact|q_complaint_appeal|q_health_disability|q_money_programs,https://inspection.canada.ca/en/about-cfia/transparency/access-information-and-privacy/info-source,https://inspection.canada.ca/fr/propos-lacia/transparence/acces-linformation-protection-renseignements-personnels/info-source
institution:ati-schedule-i-canadian-food-inspection-agency:CFIA PPU 101,institution,CFIA PPU 101,Canadian Food Inspection Agency,Compliance promotion – Personal information bank,Promotion de la conformité fichier de renseignements personnels,direct,q_business_supplier,q_access_privacy|q_business_supplier|q_civic_contact|q_complaint_appeal|q_culture_volunteer|q_education_training|q_health_disability|q_money_programs,https://inspection.canada.ca/en/about-cfia/transparency/access-information-and-privacy/info-source,https://inspection.canada.ca/fr/propos-lacia/transparence/acces-linformation-protection-renseignements-personnels/info-source
institution:ati-schedule-i-canadian-food-inspection-agency:CFIA PPU 102,institution,CFIA PPU 102,Canadian Food Inspection Agency,Monitoring and enforcement – Personal information bank,Surveillance et application de la loi fichier de renseignements personnels,possible_only,,q_access_privacy|q_business_supplier|q_civic_contact|q_complaint_appeal|q_emergency|q_health_disability|q_justice_safety|q_money_programs,https://inspection.canada.ca/en/about-cfia/transparency/access-information-and-privacy/info-source,https://inspection.canada.ca/fr/propos-lacia/transparence/acces-linformation-protection-renseignements-personnels/info-source
institution:ati-schedule-i-canadian-food-inspection-agency:CFIA PPU 103,institution,CFIA PPU 103,Canadian Food Inspection Agency,Permissions – Personal information bank,Octroi de permissions fichier de renseignements personnels,direct,q_business_supplier,q_access_privacy|q_business_supplier|q_complaint_appeal|q_health_disability|q_justice_safety|q_money_programs,https://inspection.canada.ca/en/about-cfia/transparency/access-information-and-privacy/info-source,https://inspection.canada.ca/fr/propos-lacia/transparence/acces-linformation-protection-renseignements-personnels/info-source
institution:ati-schedule-i-canadian-food-inspection-agency:CFIA PPU 104,institution,CFIA PPU 104,Canadian Food Inspection Agency,International access and international collaboration - Personal information bank,Accès au marché international et collaboration internationale fichier de renseignements personnels,possible_only,,q_access_privacy|q_business_supplier|q_civic_contact|q_complaint_appeal|q_health_disability|q_money_programs,https://inspection.canada.ca/en/about-cfia/transparency/access-information-and-privacy/info-source,https://inspection.canada.ca/fr/propos-lacia/transparence/acces-linformation-protection-renseignements-personnels/info-source
institution:ati-schedule-i-canadian-grain-commission:CGC PPU 215,institution,CGC PPU 215,Canadian Grain Commission,##### Unofficial Sample File (Personal Information Bank),##### Dossier des échantillons non officiels (Fichier de renseignements personnels),not_discoverable,,,https://www.grainscanada.gc.ca/en/transparency/info/info-eng.html,https://www.grainscanada.gc.ca/fr/transparence/info/info-fra.html
institution:ati-schedule-i-canadian-grain-commission:CGC PPU 205,institution,CGC PPU 205,Canadian Grain Commission,##### Producer Railway Car Application Files (Personal Information Bank),##### Fichiers de demande de wagons de producteurs (Fichier de renseignements personnels),direct,q_business_supplier,q_business_supplier|q_civic_contact,https://www.grainscanada.gc.ca/en/transparency/info/info-eng.html,https://www.grainscanada.gc.ca/fr/transparence/info/info-fra.html
institution:ati-schedule-i-canadian-radio-television-and-telecommunications-commission:CRTC PPU 065,institution,CRTC PPU 065,Canadian Radio-television and Telecommunications Commission,Master Address Database (MAD),Système des noms (MAD),possible_only,,q_business_supplier|q_immigration,https://crtc.gc.ca/eng/about/sources.htm,https://crtc.gc.ca/fra/about/sources.htm
institution:ati-schedule-i-canadian-radio-television-and-telecommunications-commission:CRTC PPU 035,institution,CRTC PPU 035,Canadian Radio-television and Telecommunications Commission,Broadcast Applicants Files,Dossiers des demandes - Radiodiffusion,possible_only,,q_business_supplier,https://crtc.gc.ca/eng/about/sources.htm,https://crtc.gc.ca/fra/about/sources.htm
institution:ati-schedule-i-canadian-radio-television-and-telecommunications-commission:CRTC PPU 020,institution,CRTC PPU 020,Canadian Radio-television and Telecommunications Commission,Broadcast Correspondence Files,Dossiers de la correspondance sur la radiodiffusion,direct,q_civic_contact,q_business_supplier|q_civic_contact|q_complaint_appeal,https://crtc.gc.ca/eng/about/sources.htm,https://crtc.gc.ca/fra/about/sources.htm
institution:ati-schedule-i-canadian-radio-television-and-telecommunications-commission:CRTC PPU 005,institution,CRTC PPU 005,Canadian Radio-television and Telecommunications Commission,Complaints and Inquiries Files - Broadcasting,Dossiers des plaintes et des interventions - Radiodiffusion,direct,q_complaint_appeal,q_business_supplier|q_complaint_appeal,https://crtc.gc.ca/eng/about/sources.htm,https://crtc.gc.ca/fra/about/sources.htm
institution:ati-schedule-i-canadian-radio-television-and-telecommunications-commission:CRTC PPU 070,institution,CRTC PPU 070,Canadian Radio-television and Telecommunications Commission,Data Collection System (DCS),Système de collecte de données (SCD),possible_only,,q_business_supplier|q_money_programs|q_research_survey,https://crtc.gc.ca/eng/about/sources.htm,https://crtc.gc.ca/fra/about/sources.htm
institution:ati-schedule-i-canadian-radio-television-and-telecommunications-commission:CRTC PPU 015,institution,CRTC PPU 015,Canadian Radio-television and Telecommunications Commission,Annual Returns - Broadcasting,Rapports annuels - Radiodiffusion,possible_only,,q_business_supplier,https://crtc.gc.ca/eng/about/sources.htm,https://crtc.gc.ca/fra/about/sources.htm
institution:ati-schedule-i-canadian-radio-television-and-telecommunications-commission:CRTC PPU 045,institution,CRTC PPU 045,Canadian Radio-television and Telecommunications Commission,Legal Directorate,Contentieux,possible_only,,q_justice_safety,https://crtc.gc.ca/eng/about/sources.htm,https://crtc.gc.ca/fra/about/sources.htm
institution:ati-schedule-i-canadian-radio-television-and-telecommunications-commission:CRTC PPU 010,institution,CRTC PPU 010,Canadian Radio-television and Telecommunications Commission,Ownership Profiles - Broadcasting,Dossier** **des titres de propriété - Radiodiffusion,possible_only,,q_business_supplier,https://crtc.gc.ca/eng/about/sources.htm,https://crtc.gc.ca/fra/about/sources.htm
institution:ati-schedule-i-canadian-radio-television-and-telecommunications-commission:CRTC PPU 025,institution,CRTC PPU 025,Canadian Radio-television and Telecommunications Commission,"Complaints, Inquiries and Briefs - Telecommunications","Plaintes, demandes de renseignements et exposés – Télécommunications",direct,q_complaint_appeal,q_business_supplier|q_civic_contact|q_complaint_appeal|q_justice_safety,https://crtc.gc.ca/eng/about/sources.htm,https://crtc.gc.ca/fra/about/sources.htm
institution:ati-schedule-i-canadian-radio-television-and-telecommunications-commission:CRT PPU 075,institution,CRT PPU 075,Canadian Radio-television and Telecommunications Commission,Unsolicited Telecommunications,Les télécommunications** **non** **sollicitées,direct,q_business_supplier,q_access_privacy|q_business_supplier|q_civic_contact|q_complaint_appeal|q_justice_safety|q_money_programs,https://crtc.gc.ca/eng/about/sources.htm,https://crtc.gc.ca/fra/about/sources.htm
institution:ati-schedule-i-canadian-radio-television-and-telecommunications-commission:CRTC PPU 555,institution,CRTC PPU 555,Canadian Radio-television and Telecommunications Commission,Canadian Anti-Spam Law,,direct,q_justice_safety,q_complaint_appeal|q_justice_safety,https://crtc.gc.ca/eng/about/sources.htm,https://crtc.gc.ca/fra/about/sources.htm
institution:ati-schedule-i-canadian-radio-television-and-telecommunications-commission:CRTC PPU 777,institution,CRTC PPU 777,Canadian Radio-television and Telecommunications Commission,Spam Reporting Centre,Centre de notification des pourriels (CNP),possible_only,,q_complaint_appeal|q_justice_safety,https://crtc.gc.ca/eng/about/sources.htm,https://crtc.gc.ca/fra/about/sources.htm
institution:ati-schedule-i-canadian-security-intelligence-service:CSIS PPU 045,institution,CSIS PPU 045,Canadian Security Intelligence Service,Canadian Security Intelligence Service Investigational Records,Dossiers d'enquête du Service canadien du renseignement de sécurité,direct,q_justice_safety,q_immigration|q_justice_safety|q_military_veterans,https://www.canada.ca/en/security-intelligence-service/corporate/transparency/access-to-information-and-privacy/info-source.html,https://www.canada.ca/fr/service-renseignement-securite/organisation/transparence/acces-a-linformation-et-protection-des-renseignements-personnels/info-source.html
institution:ati-schedule-i-canadian-security-intelligence-service:CSIS PPU 015,institution,CSIS PPU 015,Canadian Security Intelligence Service,Canadian Security Intelligence Service Records,Dossiers du Service canadien du renseignement de sécurité,possible_only,,q_immigration|q_justice_safety|q_military_veterans,https://www.canada.ca/en/security-intelligence-service/corporate/transparency/access-to-information-and-privacy/info-source.html,https://www.canada.ca/fr/service-renseignement-securite/organisation/transparence/acces-a-linformation-et-protection-des-renseignements-personnels/info-source.html
institution:ati-schedule-i-canadian-security-intelligence-service:CSIS PPU 070,institution,CSIS PPU 070,Canadian Security Intelligence Service,Passenger Protect Program - Specified Persons List,Programme Protection des passagers - Liste des personnes précisées,possible_only,,q_business_supplier|q_civic_contact|q_immigration|q_justice_safety|q_travel_border,https://www.canada.ca/en/security-intelligence-service/corporate/transparency/access-to-information-and-privacy/info-source.html,https://www.canada.ca/fr/service-renseignement-securite/organisation/transparence/acces-a-linformation-et-protection-des-renseignements-personnels/info-source.html
institution:ati-schedule-i-canadian-security-intelligence-service:CSIS PPU 050,institution,CSIS PPU 050,Canadian Security Intelligence Service,Self Protection Activity,Activités du SCRS pour assurer sa propre protection,possible_only,,q_business_supplier,https://www.canada.ca/en/security-intelligence-service/corporate/transparency/access-to-information-and-privacy/info-source.html,https://www.canada.ca/fr/service-renseignement-securite/organisation/transparence/acces-a-linformation-et-protection-des-renseignements-personnels/info-source.html
institution:ati-schedule-i-canadian-security-intelligence-service:CSIS PPU 005,institution,CSIS PPU 005,Canadian Security Intelligence Service,Security Screening Program,Évaluations de sécurité/Avis,direct,q_immigration|q_justice_safety,q_business_supplier|q_civic_contact|q_government_work|q_immigration|q_justice_safety|q_military_veterans|q_travel_border,https://www.canada.ca/en/security-intelligence-service/corporate/transparency/access-to-information-and-privacy/info-source.html,https://www.canada.ca/fr/service-renseignement-securite/organisation/transparence/acces-a-linformation-et-protection-des-renseignements-personnels/info-source.html
institution:ati-schedule-i-canadian-security-intelligence-service:SIS PPE 815,institution,SIS PPE 815,Canadian Security Intelligence Service,Employee Security,Enquêtes - sécurité,direct,q_government_work,q_access_privacy|q_business_supplier|q_civic_contact|q_government_work|q_justice_safety|q_travel_border,https://www.canada.ca/en/security-intelligence-service/corporate/transparency/access-to-information-and-privacy/info-source.html,https://www.canada.ca/fr/service-renseignement-securite/organisation/transparence/acces-a-linformation-et-protection-des-renseignements-personnels/info-source.html
institution:ati-schedule-i-canadian-security-intelligence-service:CSIS PPU 055,institution,CSIS PPU 055,Canadian Security Intelligence Service,"Security and Integrity of Government Property, Personnel and Assets","Sécurité et intégrité des propriétés, des biens et des employés du gouvernement",direct,q_government_work,q_civic_contact|q_government_work|q_justice_safety,https://www.canada.ca/en/security-intelligence-service/corporate/transparency/access-to-information-and-privacy/info-source.html,https://www.canada.ca/fr/service-renseignement-securite/organisation/transparence/acces-a-linformation-et-protection-des-renseignements-personnels/info-source.html
institution:ati-schedule-i-canadian-security-intelligence-service:CSIS PPU 065,institution,CSIS PPU 065,Canadian Security Intelligence Service,Security of Information Act Records,Loi sur la protection de l'information,possible_only,,q_business_supplier|q_justice_safety,https://www.canada.ca/en/security-intelligence-service/corporate/transparency/access-to-information-and-privacy/info-source.html,https://www.canada.ca/fr/service-renseignement-securite/organisation/transparence/acces-a-linformation-et-protection-des-renseignements-personnels/info-source.html
institution:ati-schedule-i-canadian-security-intelligence-service:CSIS PPU 035,institution,CSIS PPU 035,Canadian Security Intelligence Service,Complaints Against CSIS or Its Employees,Plaintes contre le SCRS ou ses employés,direct,q_complaint_appeal,q_access_privacy|q_complaint_appeal|q_justice_safety,https://www.canada.ca/en/security-intelligence-service/corporate/transparency/access-to-information-and-privacy/info-source.html,https://www.canada.ca/fr/service-renseignement-securite/organisation/transparence/acces-a-linformation-et-protection-des-renseignements-personnels/info-source.html
institution:ati-schedule-i-canadian-security-intelligence-service:CSIS PPU 025,institution,CSIS PPU 025,Canadian Security Intelligence Service,CSIS Candidates,Candidats à un poste au SCRS,direct,q_civic_contact,q_civic_contact|q_government_work|q_justice_safety,https://www.canada.ca/en/security-intelligence-service/corporate/transparency/access-to-information-and-privacy/info-source.html,https://www.canada.ca/fr/service-renseignement-securite/organisation/transparence/acces-a-linformation-et-protection-des-renseignements-personnels/info-source.html
institution:ati-schedule-i-canadian-security-intelligence-service:CSIS PPE 831,institution,CSIS PPE 831,Canadian Security Intelligence Service,Employees' Association,Association des employés,possible_only,,q_complaint_appeal,https://www.canada.ca/en/security-intelligence-service/corporate/transparency/access-to-information-and-privacy/info-source.html,https://www.canada.ca/fr/service-renseignement-securite/organisation/transparence/acces-a-linformation-et-protection-des-renseignements-personnels/info-source.html
institution:ati-schedule-i-canadian-security-intelligence-service:CSIS PPE 827,institution,CSIS PPE 827,Canadian Security Intelligence Service,Health Services,Services de santé,direct,q_government_work|q_health_disability,q_access_privacy|q_business_supplier|q_civic_contact|q_complaint_appeal|q_government_work|q_health_disability,https://www.canada.ca/en/security-intelligence-service/corporate/transparency/access-to-information-and-privacy/info-source.html,https://www.canada.ca/fr/service-renseignement-securite/organisation/transparence/acces-a-linformation-et-protection-des-renseignements-personnels/info-source.html
institution:ati-schedule-i-canadian-security-intelligence-service:CSIS PPU 906,institution,CSIS PPU 906,Canadian Security Intelligence Service,Internal Disclosure of Wrongdoing and Reprisal Protection,Divulgation interne d'actes répréhensibles et protection contre les représailles,possible_only,,q_government_work|q_justice_safety,https://www.canada.ca/en/security-intelligence-service/corporate/transparency/access-to-information-and-privacy/info-source.html,https://www.canada.ca/fr/service-renseignement-securite/organisation/transparence/acces-a-linformation-et-protection-des-renseignements-personnels/info-source.html
institution:ati-schedule-i-canadian-security-intelligence-service:CSIS PPU 822,institution,CSIS PPU 822,Canadian Security Intelligence Service,Sir William Stephenson Scholarship Award,Bourse d'études Sir William Stephenson,direct,q_education_training|q_money_programs,q_education_training|q_family_vital|q_money_programs|q_tax_customs,https://www.canada.ca/en/security-intelligence-service/corporate/transparency/access-to-information-and-privacy/info-source.html,https://www.canada.ca/fr/service-renseignement-securite/organisation/transparence/acces-a-linformation-et-protection-des-renseignements-personnels/info-source.html
institution:ati-schedule-i-canadian-security-intelligence-service:CSIS PPE 832,institution,CSIS PPE 832,Canadian Security Intelligence Service,Unlawful Conduct Investigations,Enquêtes sur les agissements illicites,direct,q_justice_safety,q_civic_contact|q_justice_safety,https://www.canada.ca/en/security-intelligence-service/corporate/transparency/access-to-information-and-privacy/info-source.html,https://www.canada.ca/fr/service-renseignement-securite/organisation/transparence/acces-a-linformation-et-protection-des-renseignements-personnels/info-source.html
institution:ati-schedule-i-canadian-space-agency:CSA PPU 040,institution,CSA PPU 040,Canadian Space Agency,Grants and Contributions – Awareness & Learning (A&L) Component,,direct,q_money_programs,q_access_privacy|q_civic_contact|q_education_training|q_health_disability|q_immigration|q_money_programs|q_tax_customs,https://www.asc-csa.gc.ca/eng/transparency/aipa/info-source.asp,https://www.asc-csa.gc.ca/fra/transparence/aiprp/info-source.asp
institution:ati-schedule-i-canadian-space-agency:CSA PPU 045,institution,CSA PPU 045,Canadian Space Agency,Grants and Contributions – Research Component,,direct,q_money_programs,q_access_privacy|q_education_training|q_immigration|q_money_programs|q_tax_customs,https://www.asc-csa.gc.ca/eng/transparency/aipa/info-source.asp,https://www.asc-csa.gc.ca/fra/transparence/aiprp/info-source.asp
institution:ati-schedule-i-canadian-space-agency:CSA PPU 060,institution,CSA PPU 060,Canadian Space Agency,"Engagement, Outreach, and Educational Activities",,possible_only,,q_access_privacy|q_civic_contact|q_education_training|q_emergency|q_health_disability|q_immigration|q_military_veterans,https://www.asc-csa.gc.ca/eng/transparency/aipa/info-source.asp,https://www.asc-csa.gc.ca/fra/transparence/aiprp/info-source.asp
institution:ati-schedule-i-canadian-space-agency:CSA PPU 035,institution,CSA PPU 035,Canadian Space Agency,Biographies of Canadian Astronauts,,possible_only,,q_family_vital,https://www.asc-csa.gc.ca/eng/transparency/aipa/info-source.asp,https://www.asc-csa.gc.ca/fra/transparence/aiprp/info-source.asp
institution:ati-schedule-i-canadian-space-agency:CSA PPU 020,institution,CSA PPU 020,Canadian Space Agency,Registration to Attend Space Missions Launches,,direct,,q_health_disability|q_immigration|q_travel_border,https://www.asc-csa.gc.ca/eng/transparency/aipa/info-source.asp,https://www.asc-csa.gc.ca/fra/transparence/aiprp/info-source.asp
institution:ati-schedule-i-canadian-space-agency:CSA PPU 015,institution,CSA PPU 015,Canadian Space Agency,"Interviews with Scientists, Engineers and Researchers",,possible_only,,q_health_disability,https://www.asc-csa.gc.ca/eng/transparency/aipa/info-source.asp,https://www.asc-csa.gc.ca/fra/transparence/aiprp/info-source.asp
institution:ati-schedule-i-canadian-space-agency:CSA PIB 015,institution,CSA PIB 015,Canadian Space Agency,Recruitment and Staffing Activities Using Virtual Tools,,possible_only,,q_business_supplier|q_civic_contact|q_complaint_appeal|q_government_work|q_immigration|q_justice_safety,https://www.asc-csa.gc.ca/eng/transparency/aipa/info-source.asp,https://www.asc-csa.gc.ca/fra/transparence/aiprp/info-source.asp
institution:ati-schedule-i-canadian-space-agency:CSA PPU 010,institution,CSA PPU 010,Canadian Space Agency,Space Science,,possible_only,,q_government_work,https://www.asc-csa.gc.ca/eng/transparency/aipa/info-source.asp,https://www.asc-csa.gc.ca/fra/transparence/aiprp/info-source.asp
institution:ati-schedule-i-canadian-transportation-accident-investigation-and-safety-board:TSB PPU 020,institution,TSB PPU 020,Canadian Transportation Accident Investigation and Safety Board,Confidential reporting,Rapports confidentiels,possible_only,,q_business_supplier|q_justice_safety,https://www.tsb.gc.ca/eng/divulgation-disclosure/infosource/index.html,https://www.tsb.gc.ca/fra/divulgation-disclosure/infosource/index.html
institution:ati-schedule-i-canadian-transportation-accident-investigation-and-safety-board:TSB PPU 005,institution,TSB PPU 005,Canadian Transportation Accident Investigation and Safety Board,Investigation files,Dossiers d'enquête,direct,q_justice_safety,q_civic_contact|q_health_disability|q_justice_safety|q_research_survey|q_travel_border,https://www.tsb.gc.ca/eng/divulgation-disclosure/infosource/index.html,https://www.tsb.gc.ca/fra/divulgation-disclosure/infosource/index.html
institution:ati-schedule-i-canadian-transportation-agency:CTA PPU 033,institution,CTA PPU 033,Canadian Transportation Agency,Complaints Regarding Services Provided to Persons with Disabilities,Plaintes relatives aux services fournis aux personnes ayant une déficience,direct,q_complaint_appeal|q_health_disability,q_business_supplier|q_complaint_appeal|q_health_disability|q_justice_safety|q_travel_border,https://otc-cta.gc.ca/eng/publication/sources-federal-government-and-employee-information,https://otc-cta.gc.ca/fra/publication/sources-de-renseignements-du-gouvernement-federal-et-sur-les-fonctionnaires-federaux-201
institution:ati-schedule-i-canadian-transportation-agency:CTA PPU 014,institution,CTA PPU 014,Canadian Transportation Agency,Air Travel Complaints,Plaintes relatives au transport aérien,direct,q_complaint_appeal|q_travel_border,q_business_supplier|q_complaint_appeal|q_health_disability|q_justice_safety|q_money_programs|q_tax_customs|q_travel_border,https://otc-cta.gc.ca/eng/publication/sources-federal-government-and-employee-information,https://otc-cta.gc.ca/fra/publication/sources-de-renseignements-du-gouvernement-federal-et-sur-les-fonctionnaires-federaux-201
institution:ati-schedule-i-canadian-transportation-agency:CTA PPU 001,institution,CTA PPU 001,Canadian Transportation Agency,"Rail, Air and Marine Disputes","Différends ferroviaires, aériens et maritimes",possible_only,,q_business_supplier|q_complaint_appeal|q_health_disability|q_travel_border,https://otc-cta.gc.ca/eng/publication/sources-federal-government-and-employee-information,https://otc-cta.gc.ca/fra/publication/sources-de-renseignements-du-gouvernement-federal-et-sur-les-fonctionnaires-federaux-201
institution:ati-schedule-i-canadian-transportation-agency:CTA PPU 015,institution,CTA PPU 015,Canadian Transportation Agency,Air Service Licensing Program,Demandes de licence d'exploitation de services aériens,possible_only,,q_business_supplier,https://otc-cta.gc.ca/eng/publication/sources-federal-government-and-employee-information,https://otc-cta.gc.ca/fra/publication/sources-de-renseignements-du-gouvernement-federal-et-sur-les-fonctionnaires-federaux-201
institution:ati-schedule-i-canadian-transportation-agency:CTA PPU 010,institution,CTA PPU 010,Canadian Transportation Agency,Enforcement,Application de la loi,possible_only,,q_complaint_appeal|q_justice_safety|q_money_programs,https://otc-cta.gc.ca/eng/publication/sources-federal-government-and-employee-information,https://otc-cta.gc.ca/fra/publication/sources-de-renseignements-du-gouvernement-federal-et-sur-les-fonctionnaires-federaux-201
institution:ati-schedule-i-college-of-patent-agents-and-trademark-agents:IC PPU 043,institution,IC PPU 043,College of Patent Agents and Trademark Agents,Patent and Trademark Agent Records Personal Information Bank,Fichier de renseignements personnels sur les agent(e)s de brevets et de marques de commerce,possible_only,,q_civic_contact|q_education_training,https://cpata-cabamc.ca/en/about-us/info-source/,https://cpata-cabamc.ca/fr/a-propos-de-nous/info-source/
institution:ati-schedule-i-communications-security-establishment:CSE PPU 040,institution,CSE PPU 040,Communications Security Establishment,Communications Security Establishment (CSE) - Foreign Intelligence Files CSE PPU 040 - Personal Information Bank,"Centre de la sécurité des télécommunications (CST) – Fichiers concernant le renseignement étranger, CST PPU 040 Fichier de renseignements personnels",possible_only,,q_access_privacy|q_civic_contact,https://www.cse-cst.gc.ca/en/accountability/transparency/atip/info-source,https://www.cse-cst.gc.ca/fr/reddition-de-comptes/transparence/info-source
institution:ati-schedule-i-communications-security-establishment:CSE PPE 001,institution,CSE PPE 001,Communications Security Establishment,Communications Security Establishment (CSE) - Electronic identification and access management - CSE PPE 001,Centre de la sécurité des télécommunications (CST) – Gestion de l’accès et de l’identification électronique - CST PPE 001,possible_only,,q_business_supplier|q_government_work|q_justice_safety|q_travel_border,https://www.cse-cst.gc.ca/en/accountability/transparency/atip/info-source,https://www.cse-cst.gc.ca/fr/reddition-de-comptes/transparence/info-source
institution:ati-schedule-i-communications-security-establishment:CSE PPU 007,institution,CSE PPU 007,Communications Security Establishment,"Communications Security Establishment (CSE) - Cyber Defence, CSE PPU 007 - Personal Information Bank","Centre de la sécurité des télécommunications (CST) – Cyberdéfense, CST PPU 007 Fichier de renseignements personnels",not_discoverable,,,https://www.cse-cst.gc.ca/en/accountability/transparency/atip/info-source,https://www.cse-cst.gc.ca/fr/reddition-de-comptes/transparence/info-source
institution:ati-schedule-i-correctional-service-of-canada:CSC PPU 025,institution,CSC PPU 025,Correctional Service of Canada,Admission and discharge,Admission et libération,direct,q_justice_safety,q_education_training|q_health_disability|q_immigration|q_justice_safety,https://www.canada.ca/en/correctional-service/corporate/transparency/info-source.html,https://www.canada.ca/fr/service-correctionnel/organisation/transparence/info-source.html
institution:ati-schedule-i-correctional-service-of-canada:CSC PPU 136,institution,CSC PPU 136,Correctional Service of Canada,Body scanner images,Images des détecteurs à balayage corporel,possible_only,,q_business_supplier|q_health_disability|q_justice_safety|q_money_programs,https://www.canada.ca/en/correctional-service/corporate/transparency/info-source.html,https://www.canada.ca/fr/service-correctionnel/organisation/transparence/info-source.html
institution:ati-schedule-i-correctional-service-of-canada:CSC PPU 120,institution,CSC PPU 120,Correctional Service of Canada,Claims,Réclamations,direct,q_justice_safety,q_justice_safety|q_money_programs,https://www.canada.ca/en/correctional-service/corporate/transparency/info-source.html,https://www.canada.ca/fr/service-correctionnel/organisation/transparence/info-source.html
institution:ati-schedule-i-correctional-service-of-canada:CSC PPU 042,institution,CSC PPU 042,Correctional Service of Canada,Case management,Gestion des cas,direct,q_justice_safety,q_business_supplier|q_education_training|q_health_disability|q_immigration|q_justice_safety,https://www.canada.ca/en/correctional-service/corporate/transparency/info-source.html,https://www.canada.ca/fr/service-correctionnel/organisation/transparence/info-source.html
institution:ati-schedule-i-correctional-service-of-canada:CSC PPU 035,institution,CSC PPU 035,Correctional Service of Canada,"Case management: Institution ""A""",Gestion des cas : Établissement « A »,direct,q_justice_safety,q_education_training|q_health_disability|q_immigration|q_justice_safety,https://www.canada.ca/en/correctional-service/corporate/transparency/info-source.html,https://www.canada.ca/fr/service-correctionnel/organisation/transparence/info-source.html
institution:ati-schedule-i-correctional-service-of-canada:CSC PPU 040,institution,CSC PPU 040,Correctional Service of Canada,"Case management: Institution ""B""",Gestion des cas : Établissement « B »,direct,q_justice_safety,q_business_supplier|q_immigration|q_justice_safety,https://www.canada.ca/en/correctional-service/corporate/transparency/info-source.html,https://www.canada.ca/fr/service-correctionnel/organisation/transparence/info-source.html
institution:ati-schedule-i-correctional-service-of-canada:CSC PPU 030,institution,CSC PPU 030,Correctional Service of Canada,Case management: Community,Gestion des cas : Collectivité,direct,q_justice_safety,q_education_training|q_health_disability|q_immigration|q_justice_safety,https://www.canada.ca/en/correctional-service/corporate/transparency/info-source.html,https://www.canada.ca/fr/service-correctionnel/organisation/transparence/info-source.html
institution:ati-schedule-i-correctional-service-of-canada:CSC PPU 045,institution,CSC PPU 045,Correctional Service of Canada,Discipline and dissociation,Discipline et isolement,direct,q_justice_safety,q_justice_safety,https://www.canada.ca/en/correctional-service/corporate/transparency/info-source.html,https://www.canada.ca/fr/service-correctionnel/organisation/transparence/info-source.html
institution:ati-schedule-i-correctional-service-of-canada:CSC PPU 050,institution,CSC PPU 050,Correctional Service of Canada,Education and training,Éducation et formation,direct,q_education_training|q_justice_safety,q_education_training|q_health_disability|q_justice_safety,https://www.canada.ca/en/correctional-service/corporate/transparency/info-source.html,https://www.canada.ca/fr/service-correctionnel/organisation/transparence/info-source.html
institution:ati-schedule-i-correctional-service-of-canada:CSC PPU 095,institution,CSC PPU 095,Correctional Service of Canada,Employer programs,Programme des employeurs,direct,q_justice_safety,q_justice_safety,https://www.canada.ca/en/correctional-service/corporate/transparency/info-source.html,https://www.canada.ca/fr/service-correctionnel/organisation/transparence/info-source.html
institution:ati-schedule-i-correctional-service-of-canada:CSC PPU 055,institution,CSC PPU 055,Correctional Service of Canada,Employment,Emploi,direct,q_justice_safety,q_education_training|q_health_disability|q_justice_safety,https://www.canada.ca/en/correctional-service/corporate/transparency/info-source.html,https://www.canada.ca/fr/service-correctionnel/organisation/transparence/info-source.html
institution:ati-schedule-i-correctional-service-of-canada:CSC PPU 125,institution,CSC PPU 125,Correctional Service of Canada,International transfers,Transfèrements internationaux,direct,q_justice_safety,q_immigration|q_justice_safety,https://www.canada.ca/en/correctional-service/corporate/transparency/info-source.html,https://www.canada.ca/fr/service-correctionnel/organisation/transparence/info-source.html
institution:ati-schedule-i-correctional-service-of-canada:CSC PPU 096,institution,CSC PPU 096,Correctional Service of Canada,Mother-child program,Programme mère-enfant,direct,q_justice_safety,q_business_supplier|q_family_vital|q_health_disability|q_justice_safety|q_money_programs,https://www.canada.ca/en/correctional-service/corporate/transparency/info-source.html,https://www.canada.ca/fr/service-correctionnel/organisation/transparence/info-source.html
institution:ati-schedule-i-correctional-service-of-canada:CSC PPU 082,institution,CSC PPU 082,Correctional Service of Canada,Offender grievances,Griefs des délinquants,direct,q_complaint_appeal|q_justice_safety,q_civic_contact|q_complaint_appeal|q_health_disability|q_justice_safety,https://www.canada.ca/en/correctional-service/corporate/transparency/info-source.html,https://www.canada.ca/fr/service-correctionnel/organisation/transparence/info-source.html
institution:ati-schedule-i-correctional-service-of-canada:CSC PPU 060,institution,CSC PPU 060,Correctional Service of Canada,Offender health care,Soins de santé offerts aux délinquants,direct,q_health_disability|q_justice_safety,q_business_supplier|q_education_training|q_health_disability|q_justice_safety|q_money_programs,https://www.canada.ca/en/correctional-service/corporate/transparency/info-source.html,https://www.canada.ca/fr/service-correctionnel/organisation/transparence/info-source.html
institution:ati-schedule-i-correctional-service-of-canada:CSC PPU 115,institution,CSC PPU 115,Correctional Service of Canada,Offender information,Renseignements sur les délinquants,direct,q_justice_safety,q_civic_contact|q_justice_safety,https://www.canada.ca/en/correctional-service/corporate/transparency/info-source.html,https://www.canada.ca/fr/service-correctionnel/organisation/transparence/info-source.html
institution:ati-schedule-i-correctional-service-of-canada:CSC PPU 065,institution,CSC PPU 065,Correctional Service of Canada,Preventive security and intelligence,Sécurité préventive et renseignement,direct,q_justice_safety,q_access_privacy|q_justice_safety,https://www.canada.ca/en/correctional-service/corporate/transparency/info-source.html,https://www.canada.ca/fr/service-correctionnel/organisation/transparence/info-source.html
institution:ati-schedule-i-correctional-service-of-canada:CSC PPU 061,institution,CSC PPU 061,Correctional Service of Canada,Psychiatric treatment centres,Centres de traitement psychiatrique,direct,q_justice_safety,q_business_supplier|q_health_disability|q_justice_safety,https://www.canada.ca/en/correctional-service/corporate/transparency/info-source.html,https://www.canada.ca/fr/service-correctionnel/organisation/transparence/info-source.html
institution:ati-schedule-i-correctional-service-of-canada:CSC PPU 070,institution,CSC PPU 070,Correctional Service of Canada,Psychology,Psychologie,direct,q_justice_safety,q_business_supplier|q_education_training|q_health_disability|q_justice_safety,https://www.canada.ca/en/correctional-service/corporate/transparency/info-source.html,https://www.canada.ca/fr/service-correctionnel/organisation/transparence/info-source.html
institution:ati-schedule-i-correctional-service-of-canada:CSC PPU 110,institution,CSC PPU 110,Correctional Service of Canada,Record suspensions,Pardons,direct,,q_justice_safety,https://www.canada.ca/en/correctional-service/corporate/transparency/info-source.html,https://www.canada.ca/fr/service-correctionnel/organisation/transparence/info-source.html
institution:ati-schedule-i-correctional-service-of-canada:CSC PPU 075,institution,CSC PPU 075,Correctional Service of Canada,Sentence management,Gestion des peines,direct,q_justice_safety,q_education_training|q_health_disability|q_immigration|q_justice_safety,https://www.canada.ca/en/correctional-service/corporate/transparency/info-source.html,https://www.canada.ca/fr/service-correctionnel/organisation/transparence/info-source.html
institution:ati-schedule-i-correctional-service-of-canada:CSC PPU 200,institution,CSC PPU 200,Correctional Service of Canada,Victim-offender mediation,Répertoire de services de médiation entre la victime et le délinquant,direct,q_justice_safety,q_civic_contact|q_health_disability|q_immigration|q_justice_safety|q_travel_border,https://www.canada.ca/en/correctional-service/corporate/transparency/info-source.html,https://www.canada.ca/fr/service-correctionnel/organisation/transparence/info-source.html
institution:ati-schedule-i-correctional-service-of-canada:CSC PPU 135,institution,CSC PPU 135,Correctional Service of Canada,Victims,Victimes,direct,q_justice_safety,q_civic_contact|q_justice_safety,https://www.canada.ca/en/correctional-service/corporate/transparency/info-source.html,https://www.canada.ca/fr/service-correctionnel/organisation/transparence/info-source.html
institution:ati-schedule-i-correctional-service-of-canada:CSC PPU 080,institution,CSC PPU 080,Correctional Service of Canada,Visits and correspondence,Visites et correspondance,direct,q_civic_contact|q_justice_safety,q_civic_contact|q_education_training|q_health_disability|q_justice_safety,https://www.canada.ca/en/correctional-service/corporate/transparency/info-source.html,https://www.canada.ca/fr/service-correctionnel/organisation/transparence/info-source.html
institution:ati-schedule-i-correctional-service-of-canada:CSC PPU 000,institution,CSC PPU 000,Correctional Service of Canada,Volunteers,,direct,q_culture_volunteer,q_culture_volunteer|q_justice_safety,https://www.canada.ca/en/correctional-service/corporate/transparency/info-source.html,https://www.canada.ca/fr/service-correctionnel/organisation/transparence/info-source.html
institution:ati-schedule-i-correctional-service-of-canada:SCC PPU 090,institution,SCC PPU 090,Correctional Service of Canada,,Bénévoles,direct,q_culture_volunteer,q_culture_volunteer|q_education_training|q_justice_safety,https://www.canada.ca/en/correctional-service/corporate/transparency/info-source.html,https://www.canada.ca/fr/service-correctionnel/organisation/transparence/info-source.html
institution:ati-schedule-i-economic-development-agency-of-canada-for-the-regions-of-quebec:CED PPU 138,institution,CED PPU 138,Economic Development Agency of Canada for the Regions of Quebec,Regional economic development,,direct,q_money_programs,q_culture_volunteer|q_money_programs,https://www.canada.ca/en/economic-development-quebec-regions/about/transparency-proactive-disclosure/infosource.html,https://www.canada.ca/fr/developpement-economique-regions-quebec/a-propos/transparence-divulgations-proactives/infosource.html
institution:ati-schedule-i-federal-economic-development-agency-for-northern-ontario:FEDNOR PPU 001,institution,FEDNOR PPU 001,Federal Economic Development Agency for Northern Ontario,Personal Information Bank for FedNor grants and contributions,Fichier de renseignements personnels pour les subventions et les contributions de FedNor,direct,q_money_programs,q_government_work|q_immigration|q_justice_safety|q_money_programs,https://fednor.canada.ca/en/transparency/info-source-2025,https://fednor.canada.ca/fr/transparence/info-source-2025
institution:ati-schedule-i-immigration-and-refugee-board:IRB PPU 140,institution,IRB PPU 140,Immigration and Refugee Board,Immigration Division Case Files – Bank number: IRB PPU 140,Dossiers de la Section de l'immigration – Numéro de fichier : CISR PPU 140,direct,q_immigration,q_immigration|q_justice_safety,https://irb-cisr.gc.ca/en/transparency/atip/Pages/infosource.aspx,https://irb-cisr.gc.ca/fr/transparence/efvp/Pages/infosource.aspx
institution:ati-schedule-i-immigration-and-refugee-board:IRB PPU 125,institution,IRB PPU 125,Immigration and Refugee Board,Interpreter Data – Bank number: IRB PPU 125,Données sur les interprètes – Numéro de fichier : CISR PPU 125,possible_only,,q_business_supplier|q_immigration,https://irb-cisr.gc.ca/en/transparency/atip/Pages/infosource.aspx,https://irb-cisr.gc.ca/fr/transparence/efvp/Pages/infosource.aspx
institution:ati-schedule-i-immigration-and-refugee-board:IRB PPU 105,institution,IRB PPU 105,Immigration and Refugee Board,Immigration Appeal Board (IAB) Records – Bank number: IRB PPU 105,Dossiers de la Commission d'appel de l'immigration (CAI) – Numéro de fichier : CISR PPU 105,direct,q_complaint_appeal|q_immigration,q_business_supplier|q_complaint_appeal|q_immigration,https://irb-cisr.gc.ca/en/transparency/atip/Pages/infosource.aspx,https://irb-cisr.gc.ca/fr/transparence/efvp/Pages/infosource.aspx
institution:ati-schedule-i-immigration-and-refugee-board:IRB PPU 155,institution,IRB PPU 155,Immigration and Refugee Board,Complaints about the Conduct of Members – Bank number: IRB PPU 155,Plaintes concernant la conduite de certains commissaires – Numéro de fichier : CISR PPU 155,direct,q_complaint_appeal,q_complaint_appeal|q_immigration|q_justice_safety,https://irb-cisr.gc.ca/en/transparency/atip/Pages/infosource.aspx,https://irb-cisr.gc.ca/fr/transparence/efvp/Pages/infosource.aspx
institution:ati-schedule-i-immigration-and-refugee-board:IRB PPU 110,institution,IRB PPU 110,Immigration and Refugee Board,Immigration Appeal Division (IAD) Records – Bank number: IRB PPU 110,Dossiers de la Section d'appel de l'immigration (SAI) – Numéro de fichier : CISR PPU 110,direct,q_complaint_appeal|q_immigration,q_complaint_appeal|q_family_vital|q_immigration,https://irb-cisr.gc.ca/en/transparency/atip/Pages/infosource.aspx,https://irb-cisr.gc.ca/fr/transparence/efvp/Pages/infosource.aspx
institution:ati-schedule-i-immigration-and-refugee-board:IRB PPU 115,institution,IRB PPU 115,Immigration and Refugee Board,Refugee Protection Division Records – Bank number: IRB PPU 115,Section de la protection des réfugiés - Dossiers – Numéro de fichier : CISR PPU 115,direct,q_immigration,q_access_privacy|q_business_supplier|q_immigration|q_justice_safety,https://irb-cisr.gc.ca/en/transparency/atip/Pages/infosource.aspx,https://irb-cisr.gc.ca/fr/transparence/efvp/Pages/infosource.aspx
institution:ati-schedule-i-immigration-and-refugee-board:IRB PPU 145,institution,IRB PPU 145,Immigration and Refugee Board,Research Directives – Claim and Claimant Specific Information – Bank number: IRB PPU 145,Directives de recherche - Renseignements sur les demandes d'asile et renseignements précis sur des demandeurs d'asile – Numéro de fichier : CISR PPU 145,possible_only,,q_immigration|q_travel_border,https://irb-cisr.gc.ca/en/transparency/atip/Pages/infosource.aspx,https://irb-cisr.gc.ca/fr/transparence/efvp/Pages/infosource.aspx
institution:ati-schedule-i-library-and-archives-of-canada:LAC PPU 060,institution,LAC PPU 060,Library and Archives of Canada,Conservation Training Internship Participant Records (PIB),Dossiers des participants aux stages de formation en techniques de conservation (FRP),possible_only,,q_civic_contact|q_education_training|q_government_work|q_immigration,https://www.canada.ca/en/library-archives/services/public/access-information-privacy/infosource/institution-specific-personal-information-banks.html,https://www.canada.ca/fr/bibliotheque-archives/services/public/acces-information-renseignements-personnels/infosource/categories-documents-renseignements-institution.html
institution:ati-schedule-i-library-and-archives-of-canada:LAC PPU 025,institution,LAC PPU 025,Library and Archives of Canada,Acquisition Records (PIB),Documents d’acquisition (FRP),possible_only,,q_civic_contact,https://www.canada.ca/en/library-archives/services/public/access-information-privacy/infosource/institution-specific-personal-information-banks.html,https://www.canada.ca/fr/bibliotheque-archives/services/public/acces-information-renseignements-personnels/infosource/categories-documents-renseignements-institution.html
institution:ati-schedule-i-library-and-archives-of-canada:LAC PPU 040,institution,LAC PPU 040,Library and Archives of Canada,Client Information (Loans to Other Institutions) (PIB),Information sur les clients (prêts à d’autres institutions) (FRP),not_discoverable,,,https://www.canada.ca/en/library-archives/services/public/access-information-privacy/infosource/institution-specific-personal-information-banks.html,https://www.canada.ca/fr/bibliotheque-archives/services/public/acces-information-renseignements-personnels/infosource/categories-documents-renseignements-institution.html
institution:ati-schedule-i-library-and-archives-of-canada:LAC PPU 011,institution,LAC PPU 011,Library and Archives of Canada,Client and Reference Services to the Public (PIB),Services à la clientèle et de référence (FRP),possible_only,,q_access_privacy|q_civic_contact|q_education_training|q_government_work,https://www.canada.ca/en/library-archives/services/public/access-information-privacy/infosource/institution-specific-personal-information-banks.html,https://www.canada.ca/fr/bibliotheque-archives/services/public/acces-information-renseignements-personnels/infosource/categories-documents-renseignements-institution.html
institution:ati-schedule-i-library-and-archives-of-canada:LAC PPU 715,institution,LAC PPU 715,Library and Archives of Canada,Army Reserve Force Pay Sheets (PIB),Feuilles de paie de la Réserve de l’Armée de terre (FRP),direct,q_indigenous_services,q_government_work|q_indigenous_services|q_military_veterans|q_money_programs,https://www.canada.ca/en/library-archives/services/public/access-information-privacy/infosource/institution-specific-personal-information-banks.html,https://www.canada.ca/fr/bibliotheque-archives/services/public/acces-information-renseignements-personnels/infosource/categories-documents-renseignements-institution.html
institution:ati-schedule-i-library-and-archives-of-canada:LAC PPU 727,institution,LAC PPU 727,Library and Archives of Canada,Army Unit Pay lists (PIB),Feuilles de paie des unités militaires (FRP),possible_only,,q_government_work|q_military_veterans,https://www.canada.ca/en/library-archives/services/public/access-information-privacy/infosource/institution-specific-personal-information-banks.html,https://www.canada.ca/fr/bibliotheque-archives/services/public/acces-information-renseignements-personnels/infosource/categories-documents-renseignements-institution.html
institution:ati-schedule-i-library-and-archives-of-canada:LAC PPE 710,institution,LAC PPE 710,Library and Archives of Canada,Auxiliary Services Record—World War II (PIB),Dossiers de services auxiliaires – Seconde Guerre mondiale (FRP),possible_only,,q_business_supplier|q_government_work,https://www.canada.ca/en/library-archives/services/public/access-information-privacy/infosource/institution-specific-personal-information-banks.html,https://www.canada.ca/fr/bibliotheque-archives/services/public/acces-information-renseignements-personnels/infosource/categories-documents-renseignements-institution.html
institution:ati-schedule-i-library-and-archives-of-canada:LAC PPU 017,institution,LAC PPU 017,Library and Archives of Canada,Collective Medical Records (PIB),Dossiers médicaux collectifs (FRP),direct,q_health_disability,q_business_supplier|q_complaint_appeal|q_family_vital|q_government_work|q_health_disability|q_indigenous_services|q_justice_safety|q_military_veterans|q_money_programs,https://www.canada.ca/en/library-archives/services/public/access-information-privacy/infosource/institution-specific-personal-information-banks.html,https://www.canada.ca/fr/bibliotheque-archives/services/public/acces-information-renseignements-personnels/infosource/categories-documents-renseignements-institution.html
institution:ati-schedule-i-library-and-archives-of-canada:LAC PPU 027,institution,LAC PPU 027,Library and Archives of Canada,Daily Routine Orders (PIB),Ordres quotidiens de service courant (FRP),possible_only,,q_family_vital|q_government_work|q_military_veterans,https://www.canada.ca/en/library-archives/services/public/access-information-privacy/infosource/institution-specific-personal-information-banks.html,https://www.canada.ca/fr/bibliotheque-archives/services/public/acces-information-renseignements-personnels/infosource/categories-documents-renseignements-institution.html
institution:ati-schedule-i-library-and-archives-of-canada:LAC PPU 721,institution,LAC PPU 721,Library and Archives of Canada,Dental Records (PIB),Dossiers dentaires (FRP),direct,q_health_disability,q_complaint_appeal|q_family_vital|q_government_work|q_health_disability|q_indigenous_services|q_justice_safety|q_military_veterans|q_money_programs,https://www.canada.ca/en/library-archives/services/public/access-information-privacy/infosource/institution-specific-personal-information-banks.html,https://www.canada.ca/fr/bibliotheque-archives/services/public/acces-information-renseignements-personnels/infosource/categories-documents-renseignements-institution.html
institution:ati-schedule-i-library-and-archives-of-canada:LAC PCU 748,institution,LAC PCU 748,Library and Archives of Canada,Employee Personnel Record (PIB),Dossiers personnels des employés civils (FRP),direct,q_government_work,q_family_vital|q_government_work|q_immigration,https://www.canada.ca/en/library-archives/services/public/access-information-privacy/infosource/institution-specific-personal-information-banks.html,https://www.canada.ca/fr/bibliotheque-archives/services/public/acces-information-renseignements-personnels/infosource/categories-documents-renseignements-institution.html
institution:ati-schedule-i-library-and-archives-of-canada:LAC PPU 018,institution,LAC PPU 018,Library and Archives of Canada,Medical Records (PIB),Dossiers médicaux (FRP),direct,q_health_disability,q_complaint_appeal|q_family_vital|q_government_work|q_health_disability|q_indigenous_services|q_justice_safety|q_military_veterans|q_money_programs,https://www.canada.ca/en/library-archives/services/public/access-information-privacy/infosource/institution-specific-personal-information-banks.html,https://www.canada.ca/fr/bibliotheque-archives/services/public/acces-information-renseignements-personnels/infosource/categories-documents-renseignements-institution.html
institution:ati-schedule-i-library-and-archives-of-canada:LAC PPU 722,institution,LAC PPU 722,Library and Archives of Canada,Medical X-rays and Radiologist Reports (PIB),Radiographies et rapports des radiologistes (FRP),direct,q_health_disability,q_government_work|q_health_disability|q_indigenous_services,https://www.canada.ca/en/library-archives/services/public/access-information-privacy/infosource/institution-specific-personal-information-banks.html,https://www.canada.ca/fr/bibliotheque-archives/services/public/acces-information-renseignements-personnels/infosource/categories-documents-renseignements-institution.html
institution:ati-schedule-i-library-and-archives-of-canada:LAC PPU 023,institution,LAC PPU 023,Library and Archives of Canada,Microfiche Personal File (PIB),Dossier personnel sur microfiche (FRP),possible_only,,q_complaint_appeal|q_family_vital|q_government_work|q_health_disability|q_indigenous_services|q_justice_safety|q_military_veterans|q_money_programs,https://www.canada.ca/en/library-archives/services/public/access-information-privacy/infosource/institution-specific-personal-information-banks.html,https://www.canada.ca/fr/bibliotheque-archives/services/public/acces-information-renseignements-personnels/infosource/categories-documents-renseignements-institution.html
institution:ati-schedule-i-library-and-archives-of-canada:LAC PPU 024,institution,LAC PPU 024,Library and Archives of Canada,Military Personnel Bank (PIB),Dossiers du personnel militaire (FRP),direct,q_government_work|q_military_veterans,q_complaint_appeal|q_family_vital|q_government_work|q_health_disability|q_immigration|q_indigenous_services|q_justice_safety|q_military_veterans|q_money_programs,https://www.canada.ca/en/library-archives/services/public/access-information-privacy/infosource/institution-specific-personal-information-banks.html,https://www.canada.ca/fr/bibliotheque-archives/services/public/acces-information-renseignements-personnels/infosource/categories-documents-renseignements-institution.html
institution:ati-schedule-i-library-and-archives-of-canada:LAC PPU 026,institution,LAC PPU 026,Library and Archives of Canada,Part II Orders (PIB),Ordres quotidiens – Partie II (FRP),possible_only,,q_family_vital|q_government_work|q_military_veterans,https://www.canada.ca/en/library-archives/services/public/access-information-privacy/infosource/institution-specific-personal-information-banks.html,https://www.canada.ca/fr/bibliotheque-archives/services/public/acces-information-renseignements-personnels/infosource/categories-documents-renseignements-institution.html
institution:ati-schedule-i-library-and-archives-of-canada:LAC PPU 028,institution,LAC PPU 028,Library and Archives of Canada,Performance Evaluation Records (PIB),Dossiers d’évaluations du rendement (FRP),possible_only,,q_complaint_appeal|q_family_vital|q_government_work|q_health_disability|q_indigenous_services|q_justice_safety|q_military_veterans|q_money_programs,https://www.canada.ca/en/library-archives/services/public/access-information-privacy/infosource/institution-specific-personal-information-banks.html,https://www.canada.ca/fr/bibliotheque-archives/services/public/acces-information-renseignements-personnels/infosource/categories-documents-renseignements-institution.html
institution:ati-schedule-i-library-and-archives-of-canada:LAC PPU 725,institution,LAC PPU 725,Library and Archives of Canada,Reserve Pay Sheets (PIB),Feuilles de paie de la Réserve (FRP),direct,q_indigenous_services,q_government_work|q_indigenous_services|q_military_veterans|q_money_programs,https://www.canada.ca/en/library-archives/services/public/access-information-privacy/infosource/institution-specific-personal-information-banks.html,https://www.canada.ca/fr/bibliotheque-archives/services/public/acces-information-renseignements-personnels/infosource/categories-documents-renseignements-institution.html
institution:ati-schedule-i-library-and-archives-of-canada:LAC PPU 719,institution,LAC PPU 719,Library and Archives of Canada,Service Pensions Records (PIB),Dossiers des pensions de guerre (FRP),direct,q_government_work,q_business_supplier|q_civic_contact|q_family_vital|q_government_work|q_military_veterans|q_money_programs,https://www.canada.ca/en/library-archives/services/public/access-information-privacy/infosource/institution-specific-personal-information-banks.html,https://www.canada.ca/fr/bibliotheque-archives/services/public/acces-information-renseignements-personnels/infosource/categories-documents-renseignements-institution.html
institution:ati-schedule-i-library-and-archives-of-canada:LAC PPU 029,institution,LAC PPU 029,Library and Archives of Canada,Superannuation Record (PIB),Dossiers sur les pensions de retraite (FRP),possible_only,,q_family_vital|q_government_work|q_money_programs,https://www.canada.ca/en/library-archives/services/public/access-information-privacy/infosource/institution-specific-personal-information-banks.html,https://www.canada.ca/fr/bibliotheque-archives/services/public/acces-information-renseignements-personnels/infosource/categories-documents-renseignements-institution.html
institution:ati-schedule-i-library-and-archives-of-canada:LAC PPE 713,institution,LAC PPE 713,Library and Archives of Canada,Newfoundland Forces—World War II (PIB),Forces armées de Terre-Neuve – Seconde Guerre mondiale (FRP),possible_only,,q_government_work|q_health_disability,https://www.canada.ca/en/library-archives/services/public/access-information-privacy/infosource/institution-specific-personal-information-banks.html,https://www.canada.ca/fr/bibliotheque-archives/services/public/acces-information-renseignements-personnels/infosource/categories-documents-renseignements-institution.html
institution:ati-schedule-i-library-and-archives-of-canada:LAC PPE 712,institution,LAC PPE 712,Library and Archives of Canada,Royal Canadian Navy (RCN) Pay Record Sheets—World War II (PIB),Feuilles de paie de la Marine royale canadienne (MRC) – Seconde Guerre mondiale (FRP),possible_only,,q_government_work|q_military_veterans,https://www.canada.ca/en/library-archives/services/public/access-information-privacy/infosource/institution-specific-personal-information-banks.html,https://www.canada.ca/fr/bibliotheque-archives/services/public/acces-information-renseignements-personnels/infosource/categories-documents-renseignements-institution.html
institution:ati-schedule-i-library-and-archives-of-canada:LAC PPE 711,institution,LAC PPE 711,Library and Archives of Canada,Thirty-Day Trainees—World War II (PIB),Recrues inscrites au programme d’entraînement de 30 jours – Seconde Guerre mondiale (FRP),possible_only,,q_education_training|q_government_work|q_health_disability|q_military_veterans,https://www.canada.ca/en/library-archives/services/public/access-information-privacy/infosource/institution-specific-personal-information-banks.html,https://www.canada.ca/fr/bibliotheque-archives/services/public/acces-information-renseignements-personnels/infosource/categories-documents-renseignements-institution.html
institution:ati-schedule-i-military-grievances-external-review-committee:MGERC PPE 801,institution,MGERC PPE 801,Military Grievances External Review Committee,Canadian Armed Forces Member Grievance References,Renvois relatifs aux griefs des membres des Forces armées canadiennes,direct,q_complaint_appeal|q_military_veterans,q_access_privacy|q_complaint_appeal|q_military_veterans,https://www.canada.ca/en/military-grievances-external-review/corporate/transparency/info-source-sources-federal-government-employee-information.html,https://www.canada.ca/fr/externe-examen-griefs-militaires/organisation/transparence/info-source-sources-renseignements-gouvernement-federal-fonctionnaires-federaux.html
institution:ati-schedule-i-montreal-port-authority:MPA PPU 005,institution,MPA PPU 005,Montreal Port Authority,Risks and Claims Management,,possible_only,,q_complaint_appeal|q_justice_safety|q_money_programs,https://www.port-montreal.com/images/pdf/2015-03-10_Info-Source-en.pdf,https://www.port-montreal.com/fr/centre-de-documentation/acces-a-l-information
institution:ati-schedule-i-montreal-port-authority:MPA PPU 035,institution,MPA PPU 035,Montreal Port Authority,"Complaints, interventions and information requests",,direct,q_complaint_appeal,q_civic_contact|q_complaint_appeal,https://www.port-montreal.com/images/pdf/2015-03-10_Info-Source-en.pdf,https://www.port-montreal.com/fr/centre-de-documentation/acces-a-l-information
institution:ati-schedule-i-montreal-port-authority:MPA PPU 030,institution,MPA PPU 030,Montreal Port Authority,Legal files,,possible_only,,q_complaint_appeal,https://www.port-montreal.com/images/pdf/2015-03-10_Info-Source-en.pdf,https://www.port-montreal.com/fr/centre-de-documentation/acces-a-l-information
institution:ati-schedule-i-montreal-port-authority:MPA PPU 040,institution,MPA PPU 040,Montreal Port Authority,Port Community Credentialing Program,,direct,q_business_supplier,q_business_supplier|q_civic_contact|q_health_disability|q_housing_property,https://www.port-montreal.com/images/pdf/2015-03-10_Info-Source-en.pdf,https://www.port-montreal.com/fr/centre-de-documentation/acces-a-l-information
institution:ati-schedule-i-the-national-battlefields-commission:NBC PPU 002,institution,NBC PPU 002,The National Battlefields Commission,Donations and contributions – Bank Number : NBC PPU 002,,direct,q_money_programs,q_money_programs|q_tax_customs,https://www.ccbn-nbc.gc.ca/en/access-information-and-privacy/info-source-2018/,https://www.canada.ca/fr/commission-champs-bataille-nationaux/organisation/transparence.html
institution:ati-schedule-i-the-national-battlefields-commission:NBC PPU 003,institution,NBC PPU 003,The National Battlefields Commission,Registration for Special Activities- Bank number : NBC PPU 003,,possible_only,,q_family_vital,https://www.ccbn-nbc.gc.ca/en/access-information-and-privacy/info-source-2018/,https://www.canada.ca/fr/commission-champs-bataille-nationaux/organisation/transparence.html
institution:ati-schedule-i-national-film-board:NFB PPU 025,institution,NFB PPU 025,National Film Board,National Film Board of Canada English Program Personal Information Bank,Fichier de renseignements personnels du Programme anglais de l’Office national du film du Canada,possible_only,,q_civic_contact|q_indigenous_services,https://www.canada.ca/en/national-film-board/corporate/publications/general-publications/info-source.html,https://www.canada.ca/fr/office-national-film/organisation/publications/publications-generales/info-source.html
institution:ati-schedule-i-national-film-board:NFB PPU 030,institution,NFB PPU 030,National Film Board,National Film Board of Canada French Program Bank,Fichier de renseignements personnels du Programme français de l’Office national du film du Canada,possible_only,,q_civic_contact|q_indigenous_services,https://www.canada.ca/en/national-film-board/corporate/publications/general-publications/info-source.html,https://www.canada.ca/fr/office-national-film/organisation/publications/publications-generales/info-source.html
institution:ati-schedule-i-national-film-board:NFB PPU 040,institution,NFB PPU 040,National Film Board,Self-Declaration Questionnaire for Filmmakers and Production Teams Bank,Fichier de renseignements personnels du questionnaire d’auto-déclaration pour les cinéastes et les équipes de production,direct,q_research_survey,q_culture_volunteer|q_government_work|q_health_disability|q_indigenous_services|q_research_survey,https://www.canada.ca/en/national-film-board/corporate/publications/general-publications/info-source.html,https://www.canada.ca/fr/office-national-film/organisation/publications/publications-generales/info-source.html
institution:ati-schedule-i-national-film-board:NFB PPU 035,institution,NFB PPU 035,National Film Board,Digital Store Personal Information Bank,Fichier de renseignements personnels de la boutique en ligne de l’Office national du film du Canada,possible_only,,q_civic_contact|q_culture_volunteer,https://www.canada.ca/en/national-film-board/corporate/publications/general-publications/info-source.html,https://www.canada.ca/fr/office-national-film/organisation/publications/publications-generales/info-source.html
institution:ati-schedule-i-national-research-council-of-canada:NRC PPU 026,institution,NRC PPU 026,National Research Council of Canada,"The program stimulates wealth creation through technological innovation by providing technology advice, financial assistance and services to SMEs to help them build their innovation capacity. NRC-IRAP brings together a diverse network of organizations, services and programs to help Canadian SMEs develop and exploit technologies in the competitive, global, knowledge economy. Through expert technical and business advice, financial assistance, access to business information, contacts, and national and international networks, the program provides customized solutions to some 10,000 SMEs annually.","Le programme stimule la création de richesse par l'innovation technologique en fournissant des conseils, de l'aide financière et des services technologiques aux PME pour les aider à renforcer leur capacité d'innovation. Le PARI-CNRC regroupe un réseau diversifié d'organisations, de services et de programmes qui aident les PME canadiennes à développer et à exploiter les technologies dans l'économie mondiale du savoir. Grâce à des conseils techniques et commerciaux spécialisés, à une aide financière, à l'accès à l'information commerciale, à des contacts et à des réseaux nationaux et internationaux, le programme offre des solutions personnalisées à quelque 10 000 PME chaque année.",direct,q_money_programs,q_business_supplier|q_money_programs,https://nrc.canada.ca/en/corporate/transparency/access-information-privacy-acts-info-source,https://nrc.canada.ca/fr/organisation/transparence/lois-lacces-linformation-protection-renseignements-personnels-info-source
institution:ati-schedule-i-national-research-council-of-canada:NRC PPU 085,institution,NRC PPU 085,National Research Council of Canada,Youth Employment Program,Programme emploi jeunesse,possible_only,,q_education_training,https://nrc.canada.ca/en/corporate/transparency/access-information-privacy-acts-info-source,https://nrc.canada.ca/fr/organisation/transparence/lois-lacces-linformation-protection-renseignements-personnels-info-source
institution:ati-schedule-i-national-research-council-of-canada:NRC PPU 071,institution,NRC PPU 071,National Research Council of Canada,The NRC has no role in decision making regarding winners of the Killam Prizes or the Dorothy Killam Fellowships. Funding decisions are based on peer review and selection processes by a diverse range of external researchers. Applicants are subject to pre- established eligibility and other entitlement criteria and may be required to report on results achieved.,"Le CNRC ne joue aucun rôle dans la prise de décisions concernant les lauréats des prix Killam ou des bourses de recherche Dorothy Killam. Les décisions de financement, qui sont fondées sur des processus d'examen et de sélection par les pairs, reviennent à un groupe diversifié de chercheurs externes. Les demandeurs sont assujettis à des critères d'admissibilité (dont certains sont préétablis) et peuvent être tenus de faire rapport des résultats obtenus.",possible_only,,q_civic_contact|q_culture_volunteer|q_education_training|q_government_work|q_money_programs|q_research_survey|q_travel_border,https://nrc.canada.ca/en/corporate/transparency/access-information-privacy-acts-info-source,https://nrc.canada.ca/fr/organisation/transparence/lois-lacces-linformation-protection-renseignements-personnels-info-source
institution:ati-schedule-i-national-research-council-of-canada:NRC PPU 806,institution,NRC PPU 806,National Research Council of Canada,"Representations on National Building Codes (remodeled, closed or transferred)","Représentations concernant les Codes nationaux du bâtiment (remanié, aboli ou transféré)",possible_only,,q_business_supplier,https://nrc.canada.ca/en/corporate/transparency/access-information-privacy-acts-info-source,https://nrc.canada.ca/fr/organisation/transparence/lois-lacces-linformation-protection-renseignements-personnels-info-source
institution:ati-schedule-i-national-research-council-of-canada:NRC PPU 080,institution,NRC PPU 080,National Research Council of Canada,"Information Dissemination (remodeled, closed or transferred)","Diffusion de l'information (remanié, aboli ou transféré)",possible_only,,q_business_supplier|q_civic_contact|q_money_programs,https://nrc.canada.ca/en/corporate/transparency/access-information-privacy-acts-info-source,https://nrc.canada.ca/fr/organisation/transparence/lois-lacces-linformation-protection-renseignements-personnels-info-source
institution:ati-schedule-i-national-research-council-of-canada:NRC PPU 040,institution,NRC PPU 040,National Research Council of Canada,"Manuscripts for Publication (remodeled, closed or transferred)","Manuscrits pour publication (remanié, aboli ou transféré)",possible_only,,q_civic_contact|q_money_programs,https://nrc.canada.ca/en/corporate/transparency/access-information-privacy-acts-info-source,https://nrc.canada.ca/fr/organisation/transparence/lois-lacces-linformation-protection-renseignements-personnels-info-source
institution:ati-schedule-i-national-research-council-of-canada:CNRC PPU 010,institution,CNRC PPU 010,National Research Council of Canada,,"Inventions et suggestions présentées au CNRC par des particuliers ou par des entreprises privées (remanié, aboli ou transféré)",possible_only,,q_government_work,https://nrc.canada.ca/en/corporate/transparency/access-information-privacy-acts-info-source,https://nrc.canada.ca/fr/organisation/transparence/lois-lacces-linformation-protection-renseignements-personnels-info-source
institution:ati-schedule-i-natural-sciences-and-engineering-research-council:NSERC PPU 060,institution,NSERC PPU 060,Natural Sciences and Engineering Research Council,Record Number**: NSERC 006-03,Numéro de dossier :** CRSNG 006-03,possible_only,,q_business_supplier|q_civic_contact|q_education_training|q_government_work|q_health_disability|q_immigration|q_money_programs|q_tax_customs,https://nserc-crsng.canada.ca/en/about/transparency/info-source,https://nserc-crsng.canada.ca/fr/propos-de/transparence/info-source
institution:ati-schedule-i-natural-sciences-and-engineering-research-council:NSERC PPU 023,institution,NSERC PPU 023,Natural Sciences and Engineering Research Council,Record Number**: NSERC 006,Numéro du dossier :** CRSNG 006,possible_only,,q_business_supplier|q_civic_contact|q_education_training|q_health_disability|q_money_programs,https://nserc-crsng.canada.ca/en/about/transparency/info-source,https://nserc-crsng.canada.ca/fr/propos-de/transparence/info-source
institution:ati-schedule-i-office-of-the-administrator-of-the-fund-for-railway-accidents-involving-designated-goods:SRCC PPU 001,institution,SRCC PPU 001,Office of the Administrator of the Fund for Railway Accidents Involving Designated Goods,1.2 Incident Case Files,1.2 Dossiers des cas d'incidents,direct,q_money_programs,q_business_supplier|q_complaint_appeal|q_immigration|q_justice_safety|q_money_programs,https://ship-rail.gc.ca/corporate/info-source,https://navire-rail.gc.ca/organisation/source-information
institution:ati-schedule-i-office-of-the-administrator-of-the-ship-source-oil-pollution-fund:SRCC PPU 001,institution,SRCC PPU 001,Office of the Administrator of the Ship-source Oil Pollution Fund,1.2 Incident Case Files,1.2 Dossiers des cas d'incidents,direct,q_money_programs,q_complaint_appeal|q_immigration|q_justice_safety|q_money_programs,https://ship-rail.gc.ca/corporate/info-source,https://navire-rail.gc.ca/organisation/source-information
institution:ati-schedule-i-office-of-the-auditor-general-of-canada:OAG PPU 001,institution,OAG PPU 001,Office of the Auditor General of Canada,Financial Audit Files,Dossiers des audits d’états financiers,possible_only,,q_business_supplier|q_complaint_appeal,https://www.canada.ca/en/auditor-general/transparency/info-source/sources-federal-government-employee-information.html,https://www.canada.ca/fr/verificateur-general/transparence/info-source/sources-renseignements-gouvernement-federal-fonctionnaires-federaux.html
institution:ati-schedule-i-office-of-the-auditor-general-of-canada:OAG PPU 002,institution,OAG PPU 002,Office of the Auditor General of Canada,Performance Audit Files,Dossiers des audits de performance,possible_only,,q_business_supplier,https://www.canada.ca/en/auditor-general/transparency/info-source/sources-federal-government-employee-information.html,https://www.canada.ca/fr/verificateur-general/transparence/info-source/sources-renseignements-gouvernement-federal-fonctionnaires-federaux.html
institution:ati-schedule-i-office-of-the-auditor-general-of-canada:OAG PPU 003,institution,OAG PPU 003,Office of the Auditor General of Canada,Special Examinations Files,Dossiers des examens spéciaux,possible_only,,q_business_supplier|q_complaint_appeal,https://www.canada.ca/en/auditor-general/transparency/info-source/sources-federal-government-employee-information.html,https://www.canada.ca/fr/verificateur-general/transparence/info-source/sources-renseignements-gouvernement-federal-fonctionnaires-federaux.html
institution:ati-schedule-i-office-of-the-auditor-general-of-canada:OAG PPU 010,institution,OAG PPU 010,Office of the Auditor General of Canada,Environmental Petitions Process,Dossiers des pétitions environnementales,direct,q_civic_contact,q_civic_contact,https://www.canada.ca/en/auditor-general/transparency/info-source/sources-federal-government-employee-information.html,https://www.canada.ca/fr/verificateur-general/transparence/info-source/sources-renseignements-gouvernement-federal-fonctionnaires-federaux.html
institution:ati-schedule-i-office-of-the-chief-electoral-officer:ELECTIONS PPU 005,institution,ELECTIONS PPU 005,Office of the Chief Electoral Officer,Candidates and Members Elected (PIB),Candidats aux élections et députés élus (FRP),direct,q_civic_contact,q_access_privacy|q_civic_contact|q_justice_safety,https://www.elections.ca:443/content.aspx?section=abo&dir=atip/info&document=p7&lang=e,https://www.elections.ca:443/content.aspx?section=abo&dir=atip/info&document=p7&lang=f
institution:ati-schedule-i-office-of-the-chief-electoral-officer:ELECTIONS PPU 015,institution,ELECTIONS PPU 015,Office of the Chief Electoral Officer,Commissioner of Canada Elections (PIB),Commissaire aux élections fédérales (FRP),direct,q_civic_contact|q_justice_safety,q_access_privacy|q_business_supplier|q_civic_contact|q_complaint_appeal|q_justice_safety,https://www.elections.ca:443/content.aspx?section=abo&dir=atip/info&document=p7&lang=e,https://www.elections.ca:443/content.aspx?section=abo&dir=atip/info&document=p7&lang=f
institution:ati-schedule-i-office-of-the-chief-electoral-officer:ELECTIONS PPU 050,institution,ELECTIONS PPU 050,Office of the Chief Electoral Officer,Federal Electoral Boundaries Commissions (PIB),Commissions de délimitation des circonscriptions électorales fédérales (FRP),direct,q_civic_contact,q_business_supplier|q_civic_contact|q_money_programs,https://www.elections.ca:443/content.aspx?section=abo&dir=atip/info&document=p7&lang=e,https://www.elections.ca:443/content.aspx?section=abo&dir=atip/info&document=p7&lang=f
institution:ati-schedule-i-office-of-the-chief-electoral-officer:ELECTIONS PPU 030,institution,ELECTIONS PPU 030,Office of the Chief Electoral Officer,International Services (PIB),Services internationaux (FRP),possible_only,,q_civic_contact|q_education_training|q_health_disability,https://www.elections.ca:443/content.aspx?section=abo&dir=atip/info&document=p7&lang=e,https://www.elections.ca:443/content.aspx?section=abo&dir=atip/info&document=p7&lang=f
institution:ati-schedule-i-office-of-the-chief-electoral-officer:ELECTIONS PPU 025,institution,ELECTIONS PPU 025,Office of the Chief Electoral Officer,Legal Matters (PIB),Questions juridiques (FRP),possible_only,,q_civic_contact|q_complaint_appeal|q_government_work|q_health_disability|q_justice_safety,https://www.elections.ca:443/content.aspx?section=abo&dir=atip/info&document=p7&lang=e,https://www.elections.ca:443/content.aspx?section=abo&dir=atip/info&document=p7&lang=f
institution:ati-schedule-i-office-of-the-chief-electoral-officer:ELECTIONS PPU 010,institution,ELECTIONS PPU 010,Office of the Chief Electoral Officer,Political Financing (PIB),Financement politique (FRP),direct,q_business_supplier|q_money_programs,q_business_supplier|q_civic_contact|q_money_programs|q_tax_customs,https://www.elections.ca:443/content.aspx?section=abo&dir=atip/info&document=p7&lang=e,https://www.elections.ca:443/content.aspx?section=abo&dir=atip/info&document=p7&lang=f
institution:ati-schedule-i-office-of-the-chief-electoral-officer:ELECTIONS PPU 036,institution,ELECTIONS PPU 036,Office of the Chief Electoral Officer,Registration of Political Entities (PIB),Enregistrement des entités politiques (FRP),possible_only,,q_civic_contact,https://www.elections.ca:443/content.aspx?section=abo&dir=atip/info&document=p7&lang=e,https://www.elections.ca:443/content.aspx?section=abo&dir=atip/info&document=p7&lang=f
institution:ati-schedule-i-office-of-the-chief-electoral-officer:ELECTIONS PPU 045,institution,ELECTIONS PPU 045,Office of the Chief Electoral Officer,Returning Offices and Electoral Workers (PIB),Bureaux des directeurs du scrutin et travailleurs électoraux (FRP),direct,q_civic_contact,q_business_supplier|q_civic_contact|q_government_work|q_money_programs|q_tax_customs,https://www.elections.ca:443/content.aspx?section=abo&dir=atip/info&document=p7&lang=e,https://www.elections.ca:443/content.aspx?section=abo&dir=atip/info&document=p7&lang=f
institution:ati-schedule-i-office-of-the-chief-electoral-officer:ELECTIONS PPU 035,institution,ELECTIONS PPU 035,Office of the Chief Electoral Officer,Social Media Monitoring (PIB),Surveillance des médias sociaux (FRP),possible_only,,q_business_supplier|q_civic_contact|q_education_training|q_health_disability|q_justice_safety|q_travel_border,https://www.elections.ca:443/content.aspx?section=abo&dir=atip/info&document=p7&lang=e,https://www.elections.ca:443/content.aspx?section=abo&dir=atip/info&document=p7&lang=f
institution:ati-schedule-i-office-of-the-chief-electoral-officer:ELECTIONS PPU 040,institution,ELECTIONS PPU 040,Office of the Chief Electoral Officer,Special Voting Rules (PIB),Règles électorales spéciales (FRP),direct,q_justice_safety,q_civic_contact|q_immigration|q_justice_safety|q_military_veterans,https://www.elections.ca:443/content.aspx?section=abo&dir=atip/info&document=p7&lang=e,https://www.elections.ca:443/content.aspx?section=abo&dir=atip/info&document=p7&lang=f
institution:ati-schedule-i-office-of-the-chief-electoral-officer:ELECTIONS PPU 037,institution,ELECTIONS PPU 037,Office of the Chief Electoral Officer,Voter Registration and Identification (PIB),Inscription et identification des électeurs (FRP),direct,q_civic_contact,q_business_supplier|q_civic_contact|q_complaint_appeal|q_family_vital|q_immigration,https://www.elections.ca:443/content.aspx?section=abo&dir=atip/info&document=p7&lang=e,https://www.elections.ca:443/content.aspx?section=abo&dir=atip/info&document=p7&lang=f
institution:ati-schedule-i-office-of-the-correctional-investigator-of-canada:OCI PPU 005,institution,OCI PPU 005,Office of the Correctional Investigator of Canada,>,Plaintes des délinquants et enquêtes,direct,q_justice_safety,q_access_privacy|q_civic_contact|q_complaint_appeal|q_emergency|q_health_disability|q_justice_safety,https://oci-bec.gc.ca/en/content/transparency/info-source,https://oci-bec.gc.ca/fr/content/transparence/info-source
institution:ati-schedule-i-office-of-the-correctional-investigator-of-canada:OCI PPU 010,institution,OCI PPU 010,Office of the Correctional Investigator of Canada,>,Prix Ed McIsaac pour la promotion des droits de la personne dans le système correctionnel,possible_only,,q_business_supplier|q_complaint_appeal|q_immigration|q_justice_safety|q_money_programs,https://oci-bec.gc.ca/en/content/transparency/info-source,https://oci-bec.gc.ca/fr/content/transparence/info-source
institution:ati-schedule-i-office-of-the-director-of-public-prosecutions:SPPC PPU 005,institution,SPPC PPU 005,Office of the Director of Public Prosecutions,,Poursuites contre les jeunes contrevenants,direct,q_complaint_appeal,q_civic_contact|q_complaint_appeal|q_justice_safety,http://www.ppsc-sppc.gc.ca/eng/tra/is/index.html,https://www.ppsc-sppc.gc.ca/fra/tra/is/frp-pib.html
institution:ati-schedule-i-office-of-the-director-of-public-prosecutions:SPPC PPU 001,institution,SPPC PPU 001,Office of the Director of Public Prosecutions,,Programme national de recouvrement des amendes,possible_only,,q_complaint_appeal|q_family_vital|q_housing_property|q_justice_safety|q_money_programs,http://www.ppsc-sppc.gc.ca/eng/tra/is/index.html,https://www.ppsc-sppc.gc.ca/fra/tra/is/frp-pib.html
institution:ati-schedule-i-office-of-the-information-commissioner:OIC PPU 123,institution,OIC PPU 123,Office of the Information Commissioner,Information Commissioner ad hoc Complaint investigations,Commissaire à l'information *ad hoc* - Enquêtes sur les plaintes,direct,q_complaint_appeal|q_justice_safety,q_access_privacy|q_business_supplier|q_complaint_appeal|q_justice_safety,https://www.oic-ci.gc.ca/en/info-source,https://www.oic-ci.gc.ca/fr/info-source
institution:ati-schedule-i-office-of-the-privacy-commissioner:OPC PPU 005,institution,OPC PPU 005,Office of the Privacy Commissioner,– Bank Number: OPC PPU 005,,possible_only,,q_access_privacy|q_business_supplier|q_complaint_appeal|q_health_disability|q_justice_safety,https://www.priv.gc.ca/en/about-the-opc/opc-access-to-information-and-privacy/infosource/,https://www.priv.gc.ca/fr/a-propos-du-commissariat/acces-a-l-information-et-protection-des-renseignements-personnels-au-commissariat/infosource/
institution:ati-schedule-i-office-of-the-privacy-commissioner:OPC PPU 001,institution,OPC PPU 001,Office of the Privacy Commissioner,– Bank Number: OPC PPU 001,,possible_only,,q_access_privacy|q_complaint_appeal|q_education_training|q_health_disability|q_justice_safety,https://www.priv.gc.ca/en/about-the-opc/opc-access-to-information-and-privacy/infosource/,https://www.priv.gc.ca/fr/a-propos-du-commissariat/acces-a-l-information-et-protection-des-renseignements-personnels-au-commissariat/infosource/
institution:ati-schedule-i-office-of-the-privacy-commissioner:OPC PPU 008,institution,OPC PPU 008,Office of the Privacy Commissioner,– Bank Number: OPC PPU 008,,possible_only,,q_access_privacy|q_business_supplier|q_complaint_appeal|q_justice_safety,https://www.priv.gc.ca/en/about-the-opc/opc-access-to-information-and-privacy/infosource/,https://www.priv.gc.ca/fr/a-propos-du-commissariat/acces-a-l-information-et-protection-des-renseignements-personnels-au-commissariat/infosource/
institution:ati-schedule-i-office-of-the-privacy-commissioner:OPC PPU 004,institution,OPC PPU 004,Office of the Privacy Commissioner,– Bank Number: OPC PPU 004,,possible_only,,q_access_privacy|q_government_work|q_justice_safety|q_money_programs,https://www.priv.gc.ca/en/about-the-opc/opc-access-to-information-and-privacy/infosource/,https://www.priv.gc.ca/fr/a-propos-du-commissariat/acces-a-l-information-et-protection-des-renseignements-personnels-au-commissariat/infosource/
institution:ati-schedule-i-office-of-the-privacy-commissioner:OPC PPU 006,institution,OPC PPU 006,Office of the Privacy Commissioner,– Bank Number: OPC PPU 006,,possible_only,,q_business_supplier|q_justice_safety,https://www.priv.gc.ca/en/about-the-opc/opc-access-to-information-and-privacy/infosource/,https://www.priv.gc.ca/fr/a-propos-du-commissariat/acces-a-l-information-et-protection-des-renseignements-personnels-au-commissariat/infosource/
institution:ati-schedule-i-office-of-the-privacy-commissioner:OPC PPU 003,institution,OPC PPU 003,Office of the Privacy Commissioner,– Bank Number: OPC PPU 003,,not_discoverable,,,https://www.priv.gc.ca/en/about-the-opc/opc-access-to-information-and-privacy/infosource/,https://www.priv.gc.ca/fr/a-propos-du-commissariat/acces-a-l-information-et-protection-des-renseignements-personnels-au-commissariat/infosource/
institution:ati-schedule-i-office-of-the-public-sector-integrity-commissioner:PSIC PPU 005,institution,PSIC PPU 005,Office of the Public Sector Integrity Commissioner,Case Review and Investigation Files,Examen des cas et dossiers d’enquêtes,direct,q_justice_safety,q_access_privacy|q_government_work|q_justice_safety,https://www.psic-ispc.gc.ca/en/info-source-sources-federal-government-and-employee-information,https://www.psic-ispc.gc.ca/fr/info-source-sources-de-renseignements-du-gouvernement-federal-et-sur-les-fonctionnaires-federaux
institution:ati-schedule-i-office-of-the-public-sector-integrity-commissioner:PSIC PPU 006,institution,PSIC PPU 006,Office of the Public Sector Integrity Commissioner,Records Concerning Complaints of Reprisal,Dossiers sur les plaintes en matière de représailles,direct,q_complaint_appeal,q_complaint_appeal|q_education_training|q_government_work|q_health_disability|q_immigration|q_justice_safety,https://www.psic-ispc.gc.ca/en/info-source-sources-federal-government-and-employee-information,https://www.psic-ispc.gc.ca/fr/info-source-sources-de-renseignements-du-gouvernement-federal-et-sur-les-fonctionnaires-federaux
institution:ati-schedule-i-office-of-the-superintendent-of-financial-institutions:OSFI PPU 020,institution,OSFI PPU 020,Office of the Superintendent of Financial Institutions,##### Reporting obligations - Terrorist financing,##### Obligations en matière de déclaration - Financement d'activités terroristes,possible_only,,q_business_supplier|q_family_vital|q_immigration|q_justice_safety|q_travel_border,https://www.osfi-bsif.gc.ca/en/transparency/sources-federal-government-employee-information-info-source,https://www.osfi-bsif.gc.ca/fr/transparence/sources-renseignements-du-gouvernement-federal-sur-fonctionnaires-federaux-info-source
institution:ati-schedule-i-office-of-the-superintendent-of-financial-institutions:OSFI PPU 015,institution,OSFI PPU 015,Office of the Superintendent of Financial Institutions,##### Approvals - Financial institutions,,possible_only,,q_access_privacy|q_immigration|q_justice_safety|q_money_programs,https://www.osfi-bsif.gc.ca/en/transparency/sources-federal-government-employee-information-info-source,https://www.osfi-bsif.gc.ca/fr/transparence/sources-renseignements-du-gouvernement-federal-sur-fonctionnaires-federaux-info-source
institution:ati-schedule-i-office-of-the-superintendent-of-financial-institutions:OSFI PPE 001,institution,OSFI PPE 001,Office of the Superintendent of Financial Institutions,Travel and Other Administrative Services,Services de voyage et autres services administratifs,direct,q_travel_border,q_access_privacy|q_business_supplier|q_government_work|q_justice_safety|q_travel_border,https://www.osfi-bsif.gc.ca/en/transparency/sources-federal-government-employee-information-info-source,https://www.osfi-bsif.gc.ca/fr/transparence/sources-renseignements-du-gouvernement-federal-sur-fonctionnaires-federaux-info-source
institution:ati-schedule-i-pacific-economic-development-agency-of-canada:PED PPU 055,institution,PED PPU 055,Pacific Economic Development Agency of Canada,Grants and contributions (Gs&Cs) programs,,direct,q_money_programs,q_money_programs,https://www.canada.ca/en/pacific-economic-development/corporate/transparency/information-holdings.html,https://www.canada.ca/fr/developpement-economique-pacifique/organisation/transparence/fonds-renseignements.html
institution:ati-schedule-i-parks-canada-agency:PC PPU 201,institution,PC PPU 201,Parks Canada Agency,Administration of marine activity permits,Administration des permis d’activités en mer,direct,q_business_supplier,q_business_supplier|q_complaint_appeal|q_justice_safety,https://parks.canada.ca/agence-agency/dp-pd/infosource/appendice-1-appendix,https://parcs.canada.ca/agence-agency/dp-pd/infosource/appendice-1-appendix
institution:ati-schedule-i-parks-canada-agency:PC PPU 055,institution,PC PPU 055,Parks Canada Agency,Aquatic invasive species prevention permits,Permis de prévention des espèces aquatiques envahissantes,direct,q_business_supplier,q_business_supplier|q_culture_volunteer|q_justice_safety,https://parks.canada.ca/agence-agency/dp-pd/infosource/appendice-1-appendix,https://parcs.canada.ca/agence-agency/dp-pd/infosource/appendice-1-appendix
institution:ati-schedule-i-parks-canada-agency:PC PPU 067,institution,PC PPU 067,Parks Canada Agency,Backcountry use permits,Permis d’excursion dans l’arrière-pays,direct,q_business_supplier,q_business_supplier|q_culture_volunteer|q_emergency,https://parks.canada.ca/agence-agency/dp-pd/infosource/appendice-1-appendix,https://parcs.canada.ca/agence-agency/dp-pd/infosource/appendice-1-appendix
institution:ati-schedule-i-parks-canada-agency:PC PPU 040,institution,PC PPU 040,Parks Canada Agency,Claims and Litigation Program,Programme de réclamations et de litiges,direct,q_complaint_appeal,q_business_supplier|q_complaint_appeal|q_culture_volunteer|q_health_disability|q_money_programs,https://parks.canada.ca/agence-agency/dp-pd/infosource/appendice-1-appendix,https://parcs.canada.ca/agence-agency/dp-pd/infosource/appendice-1-appendix
institution:ati-schedule-i-parks-canada-agency:PC PPU 202,institution,PC PPU 202,Parks Canada Agency,Compliance with marine activities in the Saguenay–St. Lawrence Marine Park,Conformité des activités en mer dans le parc marin du Saguenay–Saint-Laurent,direct,q_business_supplier,q_business_supplier|q_justice_safety,https://parks.canada.ca/agence-agency/dp-pd/infosource/appendice-1-appendix,https://parcs.canada.ca/agence-agency/dp-pd/infosource/appendice-1-appendix
institution:ati-schedule-i-parks-canada-agency:PC PPU 075,institution,PC PPU 075,Parks Canada Agency,Ecological Monitoring Program remote cameras image,Initiative de caméras à distance du Programme de surveillance écologique,possible_only,,q_culture_volunteer|q_justice_safety|q_research_survey,https://parks.canada.ca/agence-agency/dp-pd/infosource/appendice-1-appendix,https://parcs.canada.ca/agence-agency/dp-pd/infosource/appendice-1-appendix
institution:ati-schedule-i-parks-canada-agency:PC PPU 051,institution,PC PPU 051,Parks Canada Agency,Fishing licenses and other permits,Permis de pêche et autres permis,direct,q_business_supplier|q_culture_volunteer,q_business_supplier|q_culture_volunteer|q_emergency|q_research_survey,https://parks.canada.ca/agence-agency/dp-pd/infosource/appendice-1-appendix,https://parcs.canada.ca/agence-agency/dp-pd/infosource/appendice-1-appendix
institution:ati-schedule-i-parks-canada-agency:PC PPU 054,institution,PC PPU 054,Parks Canada Agency,General Class Grants and Contributions Program,Programme de subventions et de contributions de catégorie générale,direct,q_money_programs,q_money_programs,https://parks.canada.ca/agence-agency/dp-pd/infosource/appendice-1-appendix,https://parcs.canada.ca/agence-agency/dp-pd/infosource/appendice-1-appendix
institution:ati-schedule-i-parks-canada-agency:PC PPU 052,institution,PC PPU 052,Parks Canada Agency,Heritage Lighthouse Program,Programmes des phares patrimoniaux,direct,q_culture_volunteer,q_civic_contact|q_culture_volunteer,https://parks.canada.ca/agence-agency/dp-pd/infosource/appendice-1-appendix,https://parcs.canada.ca/agence-agency/dp-pd/infosource/appendice-1-appendix
institution:ati-schedule-i-parks-canada-agency:PC PPU 069,institution,PC PPU 069,Parks Canada Agency,High risk activities,Activités à risque élevé,possible_only,,q_business_supplier|q_emergency|q_health_disability,https://parks.canada.ca/agence-agency/dp-pd/infosource/appendice-1-appendix,https://parcs.canada.ca/agence-agency/dp-pd/infosource/appendice-1-appendix
institution:ati-schedule-i-parks-canada-agency:PC PPU 066,institution,PC PPU 066,Parks Canada Agency,Huts permits,Permis pour hutte,direct,q_business_supplier,q_business_supplier,https://parks.canada.ca/agence-agency/dp-pd/infosource/appendice-1-appendix,https://parcs.canada.ca/agence-agency/dp-pd/infosource/appendice-1-appendix
institution:ati-schedule-i-parks-canada-agency:PC PPU 003,institution,PC PPU 003,Parks Canada Agency,Impact Assessment Environmental Surveillance Program,Surveillance environnementale des évaluations d’impact,direct,q_business_supplier,q_business_supplier|q_culture_volunteer|q_justice_safety,https://parks.canada.ca/agence-agency/dp-pd/infosource/appendice-1-appendix,https://parcs.canada.ca/agence-agency/dp-pd/infosource/appendice-1-appendix
institution:ati-schedule-i-parks-canada-agency:PC PPU 100,institution,PC PPU 100,Parks Canada Agency,Land use planning activities,Activités de planification de l’aménagement du territoire,direct,q_business_supplier,q_business_supplier|q_culture_volunteer|q_justice_safety,https://parks.canada.ca/agence-agency/dp-pd/infosource/appendice-1-appendix,https://parcs.canada.ca/agence-agency/dp-pd/infosource/appendice-1-appendix
institution:ati-schedule-i-parks-canada-agency:PC PPU 072,institution,PC PPU 072,Parks Canada Agency,Law Enforcement Program,Programme d’application de la loi,direct,q_justice_safety,q_access_privacy|q_business_supplier|q_culture_volunteer|q_justice_safety,https://parks.canada.ca/agence-agency/dp-pd/infosource/appendice-1-appendix,https://parcs.canada.ca/agence-agency/dp-pd/infosource/appendice-1-appendix
institution:ati-schedule-i-parks-canada-agency:PC PPU 095,institution,PC PPU 095,Parks Canada Agency,Learn-to Camp,Initiation au camping,possible_only,,q_emergency|q_health_disability,https://parks.canada.ca/agence-agency/dp-pd/infosource/appendice-1-appendix,https://parcs.canada.ca/agence-agency/dp-pd/infosource/appendice-1-appendix
institution:ati-schedule-i-parks-canada-agency:PC PPU 200,institution,PC PPU 200,Parks Canada Agency,Marine activity certification,Attestation d’activités en mer,possible_only,,q_business_supplier|q_justice_safety,https://parks.canada.ca/agence-agency/dp-pd/infosource/appendice-1-appendix,https://parcs.canada.ca/agence-agency/dp-pd/infosource/appendice-1-appendix
institution:ati-schedule-i-parks-canada-agency:PC PPU 097,institution,PC PPU 097,Parks Canada Agency,Mi’kmaw Youth Archaeology Camp Program,Programme de camp d’archéologie pour les jeunes Mi’kmaq,possible_only,,q_emergency|q_family_vital|q_health_disability|q_indigenous_services,https://parks.canada.ca/agence-agency/dp-pd/infosource/appendice-1-appendix,https://parcs.canada.ca/agence-agency/dp-pd/infosource/appendice-1-appendix
institution:ati-schedule-i-parks-canada-agency:PC PPU 085,institution,PC PPU 085,Parks Canada Agency,National historic sites and the National Program of Historical Commemoration,Lieux historiques nationaux et le programme national de commémoration historique,direct,q_culture_volunteer,q_business_supplier|q_civic_contact|q_culture_volunteer|q_indigenous_services|q_money_programs,https://parks.canada.ca/agence-agency/dp-pd/infosource/appendice-1-appendix,https://parcs.canada.ca/agence-agency/dp-pd/infosource/appendice-1-appendix
institution:ati-schedule-i-parks-canada-agency:PC PPU 092,institution,PC PPU 092,Parks Canada Agency,National Information Services,Service national d’information,possible_only,,q_business_supplier|q_culture_volunteer|q_justice_safety,https://parks.canada.ca/agence-agency/dp-pd/infosource/appendice-1-appendix,https://parcs.canada.ca/agence-agency/dp-pd/infosource/appendice-1-appendix
institution:ati-schedule-i-parks-canada-agency:PC PPU 074,institution,PC PPU 074,Parks Canada Agency,National Program of Historical Commemoration,Programme national de commémoration historique,possible_only,,q_culture_volunteer|q_indigenous_services,https://parks.canada.ca/agence-agency/dp-pd/infosource/appendice-1-appendix,https://parcs.canada.ca/agence-agency/dp-pd/infosource/appendice-1-appendix
institution:ati-schedule-i-parks-canada-agency:PC PPU 081,institution,PC PPU 081,Parks Canada Agency,National Volunteer Program,Programme national de bénévolat,direct,q_culture_volunteer,q_culture_volunteer|q_emergency|q_health_disability|q_justice_safety,https://parks.canada.ca/agence-agency/dp-pd/infosource/appendice-1-appendix,https://parcs.canada.ca/agence-agency/dp-pd/infosource/appendice-1-appendix
institution:ati-schedule-i-parks-canada-agency:PC PPU 090,institution,PC PPU 090,Parks Canada Agency,Online sales of passes and permits,Vente en ligne de laissez-passer et de permis,direct,q_business_supplier,q_business_supplier|q_civic_contact|q_culture_volunteer|q_justice_safety,https://parks.canada.ca/agence-agency/dp-pd/infosource/appendice-1-appendix,https://parcs.canada.ca/agence-agency/dp-pd/infosource/appendice-1-appendix
institution:ati-schedule-i-parks-canada-agency:PC PPU 073,institution,PC PPU 073,Parks Canada Agency,Park warden administrative and relational database,Base de données administrative des agents de parc,direct,q_business_supplier|q_government_work,q_business_supplier|q_complaint_appeal|q_education_training|q_emergency|q_government_work|q_health_disability|q_justice_safety|q_money_programs|q_research_survey,https://parks.canada.ca/agence-agency/dp-pd/infosource/appendice-1-appendix,https://parcs.canada.ca/agence-agency/dp-pd/infosource/appendice-1-appendix
institution:ati-schedule-i-parks-canada-agency:PC PPU 096,institution,PC PPU 096,Parks Canada Agency,Parks Canada Employee Uniform Program,Programme de l’uniforme pour les employés de Parcs Canada,possible_only,,q_business_supplier|q_civic_contact|q_health_disability|q_money_programs,https://parks.canada.ca/agence-agency/dp-pd/infosource/appendice-1-appendix,https://parcs.canada.ca/agence-agency/dp-pd/infosource/appendice-1-appendix
institution:ati-schedule-i-parks-canada-agency:PC PPU 004,institution,PC PPU 004,Parks Canada Agency,"Parks Canada partnering, sponsorships and donations activities","Partenariats, les commandites et les dons de Parcs Canada",possible_only,,q_business_supplier|q_civic_contact|q_justice_safety,https://parks.canada.ca/agence-agency/dp-pd/infosource/appendice-1-appendix,https://parcs.canada.ca/agence-agency/dp-pd/infosource/appendice-1-appendix
institution:ati-schedule-i-parks-canada-agency:PC PPU 068,institution,PC PPU 068,Parks Canada Agency,Parks Canada Reservations Services,Services de réservation de Parcs Canada,possible_only,,q_business_supplier|q_civic_contact|q_culture_volunteer|q_emergency|q_indigenous_services|q_justice_safety|q_money_programs,https://parks.canada.ca/agence-agency/dp-pd/infosource/appendice-1-appendix,https://parcs.canada.ca/agence-agency/dp-pd/infosource/appendice-1-appendix
institution:ati-schedule-i-parks-canada-agency:PC PPU 091,institution,PC PPU 091,Parks Canada Agency,Point of Sales Services,Services de point de vente,possible_only,,q_business_supplier|q_civic_contact|q_culture_volunteer|q_justice_safety,https://parks.canada.ca/agence-agency/dp-pd/infosource/appendice-1-appendix,https://parcs.canada.ca/agence-agency/dp-pd/infosource/appendice-1-appendix
institution:ati-schedule-i-parks-canada-agency:PC PPU 002,institution,PC PPU 002,Parks Canada Agency,Public content sharing,Partage de contenu public,possible_only,,q_business_supplier|q_civic_contact|q_culture_volunteer|q_family_vital,https://parks.canada.ca/agence-agency/dp-pd/infosource/appendice-1-appendix,https://parcs.canada.ca/agence-agency/dp-pd/infosource/appendice-1-appendix
institution:ati-schedule-i-parks-canada-agency:PC PPU 101,institution,PC PPU 101,Parks Canada Agency,Realty activities,Activités de la gestion immobilière,direct,q_business_supplier,q_access_privacy|q_business_supplier|q_culture_volunteer|q_education_training|q_housing_property|q_money_programs,https://parks.canada.ca/agence-agency/dp-pd/infosource/appendice-1-appendix,https://parcs.canada.ca/agence-agency/dp-pd/infosource/appendice-1-appendix
institution:ati-schedule-i-parks-canada-agency:PC PPU 061,institution,PC PPU 061,Parks Canada Agency,Research and collection permit system,Programme de demande de permis de recherche et de collecte,direct,q_business_supplier,q_business_supplier|q_culture_volunteer|q_justice_safety,https://parks.canada.ca/agence-agency/dp-pd/infosource/appendice-1-appendix,https://parcs.canada.ca/agence-agency/dp-pd/infosource/appendice-1-appendix
institution:ati-schedule-i-parks-canada-agency:PC PPU 071,institution,PC PPU 071,Parks Canada Agency,Resource use permits,Permis d’utilisation des ressources,direct,q_business_supplier,q_business_supplier|q_culture_volunteer|q_research_survey,https://parks.canada.ca/agence-agency/dp-pd/infosource/appendice-1-appendix,https://parcs.canada.ca/agence-agency/dp-pd/infosource/appendice-1-appendix
institution:ati-schedule-i-parks-canada-agency:PC PPU 203,institution,PC PPU 203,Parks Canada Agency,"Visitor safety, human wildlife coexistence activities",Activités liées à la sécurité des visiteurs et à la coexistence humains-faune,direct,q_justice_safety,q_business_supplier|q_culture_volunteer|q_education_training|q_emergency|q_health_disability|q_justice_safety,https://parks.canada.ca/agence-agency/dp-pd/infosource/appendice-1-appendix,https://parcs.canada.ca/agence-agency/dp-pd/infosource/appendice-1-appendix
institution:ati-schedule-i-parks-canada-agency:PC PPU 001,institution,PC PPU 001,Parks Canada Agency,Wildland fire management,Gestion des incendies de forêt,direct,q_business_supplier|q_government_work,q_business_supplier|q_complaint_appeal|q_culture_volunteer|q_education_training|q_emergency|q_government_work|q_health_disability|q_money_programs|q_research_survey,https://parks.canada.ca/agence-agency/dp-pd/infosource/appendice-1-appendix,https://parcs.canada.ca/agence-agency/dp-pd/infosource/appendice-1-appendix
institution:ati-schedule-i-parks-canada-agency:PC PPU 082,institution,PC PPU 082,Parks Canada Agency,Youth Employment and Skills Strategy at Parks Canada,Stratégie emploi et compétences jeunesse à Parcs Canada,possible_only,,q_education_training|q_government_work|q_immigration,https://parks.canada.ca/agence-agency/dp-pd/infosource/appendice-1-appendix,https://parcs.canada.ca/agence-agency/dp-pd/infosource/appendice-1-appendix
institution:ati-schedule-i-parole-board-of-canada:PBC PPU 005,institution,PBC PPU 005,Parole Board of Canada,Conditional Release Decisions (Parole),Décisions en matière de mise en liberté sous condition (libération conditionnelle),direct,q_justice_safety,q_access_privacy|q_business_supplier|q_complaint_appeal|q_family_vital|q_government_work|q_health_disability|q_immigration|q_justice_safety|q_travel_border,https://www.canada.ca/en/parole-board/corporate/transparency/access-to-information-and-privacy/infosource.html,https://www.canada.ca/fr/commission-liberations-conditionnelles/organisation/transparence/access-a-information-et-protection-des-renseignements-personnels/infosource.html
institution:ati-schedule-i-parole-board-of-canada:PBC PPU 015,institution,PBC PPU 015,Parole Board of Canada,"Conditional Release Openness and Accountability (Victims, Observers and Requests for Access to the Decision Registry)","Application transparente et responsable du processus de mise en liberté sous condition (victimes, observateurs et demandes d’accès au registre des décisions)",direct,q_access_privacy|q_justice_safety,q_access_privacy|q_complaint_appeal|q_education_training|q_family_vital|q_government_work|q_health_disability|q_justice_safety|q_money_programs|q_research_survey,https://www.canada.ca/en/parole-board/corporate/transparency/access-to-information-and-privacy/infosource.html,https://www.canada.ca/fr/commission-liberations-conditionnelles/organisation/transparence/access-a-information-et-protection-des-renseignements-personnels/infosource.html
institution:ati-schedule-i-parole-board-of-canada:PBC PPU 010,institution,PBC PPU 010,Parole Board of Canada,Record Suspension Decisions/Clemency Recommendations,Décisions relatives à la suspension du casier et recommandations concernant la clémence,direct,q_justice_safety,q_access_privacy|q_business_supplier|q_government_work|q_health_disability|q_immigration|q_indigenous_services|q_justice_safety,https://www.canada.ca/en/parole-board/corporate/transparency/access-to-information-and-privacy/infosource.html,https://www.canada.ca/fr/commission-liberations-conditionnelles/organisation/transparence/access-a-information-et-protection-des-renseignements-personnels/infosource.html
institution:ati-schedule-i-prince-rupert-port-authority:PRPA PPU 001,institution,PRPA PPU 001,Prince Rupert Port Authority,PRPA PPU 001 Permits & Licenses Administration,PRPA PPU 001 L’administration de permis et licences,direct,q_business_supplier,q_business_supplier|q_housing_property,https://www.rupertport.com/infosource/,https://www.rupertport.com/fr/linfosource/
institution:ati-schedule-i-prince-rupert-port-authority:PRPA PPU 003,institution,PRPA PPU 003,Prince Rupert Port Authority,PRPA PPU 003 Marine and Environmental Incident Reporting,PRPA PPU 003 Rapportage d’incidents environnementales et maritimes,direct,q_business_supplier,q_business_supplier|q_complaint_appeal|q_housing_property|q_justice_safety,https://www.rupertport.com/infosource/,https://www.rupertport.com/fr/linfosource/
institution:ati-schedule-i-prince-rupert-port-authority:PRPA PPU 004,institution,PRPA PPU 004,Prince Rupert Port Authority,PRPA PPU 004 Vessel Crew & Passenger Information Management,PRPA PPU 004 Gestion d’information des passagers et l’équipe des navires,direct,q_business_supplier,q_business_supplier|q_emergency|q_travel_border,https://www.rupertport.com/infosource/,https://www.rupertport.com/fr/linfosource/
institution:ati-schedule-i-prince-rupert-port-authority:PRPA PPU 002,institution,PRPA PPU 002,Prince Rupert Port Authority,PRPA PPU 002 Tariffs and Fees,PRPA PPU 002 Tarifs et droits du port,direct,q_housing_property,q_business_supplier|q_civic_contact|q_housing_property|q_money_programs,https://www.rupertport.com/infosource/,https://www.rupertport.com/fr/linfosource/
institution:ati-schedule-i-prince-rupert-port-authority:PRPA PPU 008,institution,PRPA PPU 008,Prince Rupert Port Authority,PRPA PPU 008 Environmental Sustainability,PRPA PPU 008 La durabilité environnementale,possible_only,,q_business_supplier|q_civic_contact|q_housing_property,https://www.rupertport.com/infosource/,https://www.rupertport.com/fr/linfosource/
institution:ati-schedule-i-prince-rupert-port-authority:PRPA PPU 007,institution,PRPA PPU 007,Prince Rupert Port Authority,PRPA PPU 007 Maintenance and Construction Services Management,PRPA PPU 007 La gestion de services de construction et d’entretien,direct,q_business_supplier,q_business_supplier|q_indigenous_services,https://www.rupertport.com/infosource/,https://www.rupertport.com/fr/linfosource/
institution:ati-schedule-i-prince-rupert-port-authority:PRPA PPU 009,institution,PRPA PPU 009,Prince Rupert Port Authority,PRPA PPU 009 Port Interpretive Centre Visitor Logs & Interactions,PRPA PPU 009 Les interactions et registres de visiteurs au Centre d’interprétation du port,possible_only,,q_research_survey,https://www.rupertport.com/infosource/,https://www.rupertport.com/fr/linfosource/
institution:ati-schedule-i-prince-rupert-port-authority:PRPA PPU 006,institution,PRPA PPU 006,Prince Rupert Port Authority,PRPA PPU 006 Business Intelligence & Strategic Development,PRPA PPU 006 Développement stratégique et l’intelligence commerciale,possible_only,,q_business_supplier|q_civic_contact|q_housing_property,https://www.rupertport.com/infosource/,https://www.rupertport.com/fr/linfosource/
institution:ati-schedule-i-prince-rupert-port-authority:PRPA PPU 005,institution,PRPA PPU 005,Prince Rupert Port Authority,PRPA PPU 005 Legal Dispute & Complaint Handling,PRPA PPU 005 La manutention des plaintes et des litiges légaux,direct,q_business_supplier|q_complaint_appeal,q_business_supplier|q_civic_contact|q_complaint_appeal|q_government_work|q_housing_property|q_justice_safety,https://www.rupertport.com/infosource/,https://www.rupertport.com/fr/linfosource/
institution:ati-schedule-i-privy-council-office:PCO PPE 801,institution,PCO PPE 801,Privy Council Office,Security clearances and assessments bank,,possible_only,,q_business_supplier|q_civic_contact|q_government_work|q_justice_safety,https://www.canada.ca/en/privy-council/services/publications/info-source-federal-government-employee-information.html,https://www.canada.ca/fr/conseil-prive/services/publications/info-source-renseignements-gouvernement-federal-fonctionnaires-federaux.html
institution:ati-schedule-i-privy-council-office:PCO PPU 005,institution,PCO PPU 005,Privy Council Office,Security and intelligence information files,,possible_only,,q_civic_contact|q_justice_safety,https://www.canada.ca/en/privy-council/services/publications/info-source-federal-government-employee-information.html,https://www.canada.ca/fr/conseil-prive/services/publications/info-source-renseignements-gouvernement-federal-fonctionnaires-federaux.html
institution:ati-schedule-i-privy-council-office:PCO PPU 010,institution,PCO PPU 010,Privy Council Office,Petitions and submissions,,direct,q_civic_contact,q_civic_contact|q_immigration|q_justice_safety|q_military_veterans,https://www.canada.ca/en/privy-council/services/publications/info-source-federal-government-employee-information.html,https://www.canada.ca/fr/conseil-prive/services/publications/info-source-renseignements-gouvernement-federal-fonctionnaires-federaux.html
institution:ati-schedule-i-privy-council-office:PCO PPU 020,institution,PCO PPU 020,Privy Council Office,Governor in Council personnel records,,direct,q_government_work,q_civic_contact|q_education_training|q_government_work,https://www.canada.ca/en/privy-council/services/publications/info-source-federal-government-employee-information.html,https://www.canada.ca/fr/conseil-prive/services/publications/info-source-renseignements-gouvernement-federal-fonctionnaires-federaux.html
institution:ati-schedule-i-privy-council-office:PCO PPU 030,institution,PCO PPU 030,Privy Council Office,Standards of conduct compliance records,,direct,q_business_supplier,q_business_supplier,https://www.canada.ca/en/privy-council/services/publications/info-source-federal-government-employee-information.html,https://www.canada.ca/fr/conseil-prive/services/publications/info-source-renseignements-gouvernement-federal-fonctionnaires-federaux.html
institution:ati-schedule-i-public-health-agency-of-canada:PHAC PPU 314,institution,PHAC PPU 314,Public Health Agency of Canada,School Health Grant for Youth Program,Subvention de santé scolaire pour les jeunes,direct,q_education_training|q_health_disability|q_money_programs,q_education_training|q_family_vital|q_health_disability|q_immigration|q_money_programs,https://www.canada.ca/en/public-health/corporate/mandate/about-agency/access-information-privacy/info-source-federal-government-employee-information.html,https://www.canada.ca/fr/sante-publique/organisation/mandat/a-propos-agence/acces-a-information-protection-renseignements-personnels/info-source-renseignements-gouvernement-federal-fonctionnaires-federaux.html
institution:ati-schedule-i-public-health-agency-of-canada:PHAC PPU 315,institution,PHAC PPU 315,Public Health Agency of Canada,Scientific Performance Measurement Database: Expert Roster,Base de données sur la mesure du rendement scientifique : liste d'experts,possible_only,,q_business_supplier|q_culture_volunteer|q_health_disability|q_indigenous_services,https://www.canada.ca/en/public-health/corporate/mandate/about-agency/access-information-privacy/info-source-federal-government-employee-information.html,https://www.canada.ca/fr/sante-publique/organisation/mandat/a-propos-agence/acces-a-information-protection-renseignements-personnels/info-source-renseignements-gouvernement-federal-fonctionnaires-federaux.html
institution:ati-schedule-i-public-health-agency-of-canada:PHAC PPU 071,institution,PHAC PPU 071,Public Health Agency of Canada,Quarantine Program,Programme de mise en quarantaine,possible_only,,q_business_supplier|q_family_vital|q_government_work|q_health_disability|q_immigration|q_justice_safety|q_travel_border,https://www.canada.ca/en/public-health/corporate/mandate/about-agency/access-information-privacy/info-source-federal-government-employee-information.html,https://www.canada.ca/fr/sante-publique/organisation/mandat/a-propos-agence/acces-a-information-protection-renseignements-personnels/info-source-renseignements-gouvernement-federal-fonctionnaires-federaux.html
institution:ati-schedule-i-public-health-agency-of-canada:PHAC PPU 074,institution,PHAC PPU 074,Public Health Agency of Canada,Pandemic Border Measures,Les mesures frontalières en cas de pandémie,possible_only,,q_business_supplier|q_complaint_appeal|q_emergency|q_family_vital|q_government_work|q_health_disability|q_immigration|q_justice_safety|q_travel_border,https://www.canada.ca/en/public-health/corporate/mandate/about-agency/access-information-privacy/info-source-federal-government-employee-information.html,https://www.canada.ca/fr/sante-publique/organisation/mandat/a-propos-agence/acces-a-information-protection-renseignements-personnels/info-source-renseignements-gouvernement-federal-fonctionnaires-federaux.html
institution:ati-schedule-i-public-health-agency-of-canada:PHAC PPU 290,institution,PHAC PPU 290,Public Health Agency of Canada,Research Projects,Projets de recherche,direct,,q_access_privacy|q_education_training|q_government_work|q_health_disability,https://www.canada.ca/en/public-health/corporate/mandate/about-agency/access-information-privacy/info-source-federal-government-employee-information.html,https://www.canada.ca/fr/sante-publique/organisation/mandat/a-propos-agence/acces-a-information-protection-renseignements-personnels/info-source-renseignements-gouvernement-federal-fonctionnaires-federaux.html
institution:ati-schedule-i-public-health-agency-of-canada:PHAC PPU 313,institution,PHAC PPU 313,Public Health Agency of Canada,Investigating Allegations of Breaches of Scientific Integrity,,direct,q_justice_safety,q_business_supplier|q_complaint_appeal|q_education_training|q_health_disability|q_justice_safety,https://www.canada.ca/en/public-health/corporate/mandate/about-agency/access-information-privacy/info-source-federal-government-employee-information.html,https://www.canada.ca/fr/sante-publique/organisation/mandat/a-propos-agence/acces-a-information-protection-renseignements-personnels/info-source-renseignements-gouvernement-federal-fonctionnaires-federaux.html
institution:ati-schedule-i-public-health-agency-of-canada:PHAC PPE 305,institution,PHAC PPE 305,Public Health Agency of Canada,All Events Response Operations (AERO),Opérations d'intervention en toutes circonstances (OITC),possible_only,,q_emergency|q_government_work|q_health_disability|q_immigration|q_travel_border,https://www.canada.ca/en/public-health/corporate/mandate/about-agency/access-information-privacy/info-source-federal-government-employee-information.html,https://www.canada.ca/fr/sante-publique/organisation/mandat/a-propos-agence/acces-a-information-protection-renseignements-personnels/info-source-renseignements-gouvernement-federal-fonctionnaires-federaux.html
institution:ati-schedule-i-public-health-agency-of-canada:PHAC PPU 288,institution,PHAC PPU 288,Public Health Agency of Canada,Skills Enhancement,Amélioration des compétences,possible_only,,q_education_training|q_government_work|q_health_disability,https://www.canada.ca/en/public-health/corporate/mandate/about-agency/access-information-privacy/info-source-federal-government-employee-information.html,https://www.canada.ca/fr/sante-publique/organisation/mandat/a-propos-agence/acces-a-information-protection-renseignements-personnels/info-source-renseignements-gouvernement-federal-fonctionnaires-federaux.html
institution:ati-schedule-i-public-health-agency-of-canada:PHAC PPU 306,institution,PHAC PPU 306,Public Health Agency of Canada,Human Pathogens and Toxins Registrations,Inscription des personnes responsables d'activités mettant en cause des pathogènes humains ou des toxines,possible_only,,q_business_supplier|q_health_disability|q_justice_safety,https://www.canada.ca/en/public-health/corporate/mandate/about-agency/access-information-privacy/info-source-federal-government-employee-information.html,https://www.canada.ca/fr/sante-publique/organisation/mandat/a-propos-agence/acces-a-information-protection-renseignements-personnels/info-source-renseignements-gouvernement-federal-fonctionnaires-federaux.html
institution:ati-schedule-i-public-health-agency-of-canada:PHAC PPU 308,institution,PHAC PPU 308,Public Health Agency of Canada,Human Pathogens and Toxins Act Security Clearance Program,Programme d'habilitation de sécurité en vertu de la *Loi sur les agents pathogènes humains et les toxines,possible_only,,q_complaint_appeal|q_health_disability|q_immigration|q_justice_safety|q_money_programs|q_travel_border,https://www.canada.ca/en/public-health/corporate/mandate/about-agency/access-information-privacy/info-source-federal-government-employee-information.html,https://www.canada.ca/fr/sante-publique/organisation/mandat/a-propos-agence/acces-a-information-protection-renseignements-personnels/info-source-renseignements-gouvernement-federal-fonctionnaires-federaux.html
institution:ati-schedule-i-public-health-agency-of-canada:PHAC PPU 309,institution,PHAC PPU 309,Public Health Agency of Canada,Human Pathogens and Toxins Act Licensing,Délivrance de permis en vertu de la *Loi sur les agents pathogènes humains et les toxines,possible_only,,q_business_supplier|q_complaint_appeal|q_health_disability|q_justice_safety|q_money_programs,https://www.canada.ca/en/public-health/corporate/mandate/about-agency/access-information-privacy/info-source-federal-government-employee-information.html,https://www.canada.ca/fr/sante-publique/organisation/mandat/a-propos-agence/acces-a-information-protection-renseignements-personnels/info-source-renseignements-gouvernement-federal-fonctionnaires-federaux.html
institution:ati-schedule-i-public-health-agency-of-canada:PHAC PPU 073,institution,PHAC PPU 073,Public Health Agency of Canada,Travel Health Centre Designation (THCD),Désignation des centres de santé des voyageurs (DCSV),direct,q_health_disability|q_travel_border,q_business_supplier|q_health_disability|q_travel_border,https://www.canada.ca/en/public-health/corporate/mandate/about-agency/access-information-privacy/info-source-federal-government-employee-information.html,https://www.canada.ca/fr/sante-publique/organisation/mandat/a-propos-agence/acces-a-information-protection-renseignements-personnels/info-source-renseignements-gouvernement-federal-fonctionnaires-federaux.html
institution:ati-schedule-i-public-health-agency-of-canada:PHAC PPU 072,institution,PHAC PPU 072,Public Health Agency of Canada,Traveling Public Program,Programme du public voyageur,possible_only,,q_business_supplier|q_health_disability|q_research_survey|q_travel_border,https://www.canada.ca/en/public-health/corporate/mandate/about-agency/access-information-privacy/info-source-federal-government-employee-information.html,https://www.canada.ca/fr/sante-publique/organisation/mandat/a-propos-agence/acces-a-information-protection-renseignements-personnels/info-source-renseignements-gouvernement-federal-fonctionnaires-federaux.html
institution:ati-schedule-i-public-health-agency-of-canada:PHAC PPU 305,institution,PHAC PPU 305,Public Health Agency of Canada,Emergency Preparedness and Conveyance Response Personnel,Planification d'urgence et personnel d'intervention dans les transports,direct,q_emergency|q_government_work,q_business_supplier|q_emergency|q_government_work|q_health_disability,https://www.canada.ca/en/public-health/corporate/mandate/about-agency/access-information-privacy/info-source-federal-government-employee-information.html,https://www.canada.ca/fr/sante-publique/organisation/mandat/a-propos-agence/acces-a-information-protection-renseignements-personnels/info-source-renseignements-gouvernement-federal-fonctionnaires-federaux.html
institution:ati-schedule-i-public-health-agency-of-canada:PHAC PPU 307,institution,PHAC PPU 307,Public Health Agency of Canada,Canadian Accident Injury Reporting and Evaluation,Rapports et évaluation sur les blessures et accidents au Canada,direct,q_health_disability,q_emergency|q_health_disability,https://www.canada.ca/en/public-health/corporate/mandate/about-agency/access-information-privacy/info-source-federal-government-employee-information.html,https://www.canada.ca/fr/sante-publique/organisation/mandat/a-propos-agence/acces-a-information-protection-renseignements-personnels/info-source-renseignements-gouvernement-federal-fonctionnaires-federaux.html
institution:ati-schedule-i-public-health-agency-of-canada:PHAC PPU 310,institution,PHAC PPU 310,Public Health Agency of Canada,International Health Regulations - Inter-jurisdictional Notifications,Règlement sanitaire international - Notifications inter-juridictionnelles,direct,q_health_disability|q_travel_border,q_access_privacy|q_business_supplier|q_culture_volunteer|q_health_disability|q_immigration|q_travel_border,https://www.canada.ca/en/public-health/corporate/mandate/about-agency/access-information-privacy/info-source-federal-government-employee-information.html,https://www.canada.ca/fr/sante-publique/organisation/mandat/a-propos-agence/acces-a-information-protection-renseignements-personnels/info-source-renseignements-gouvernement-federal-fonctionnaires-federaux.html
institution:ati-schedule-i-public-health-agency-of-canada:PHAC PPU 286,institution,PHAC PPU 286,Public Health Agency of Canada,Canadian Surveillance for Creutzfeldt - Jakob Disease,Surveillance de la maladie de Creutzfeldt-Jakob au Canada,possible_only,,q_business_supplier|q_family_vital|q_health_disability|q_immigration|q_justice_safety|q_travel_border,https://www.canada.ca/en/public-health/corporate/mandate/about-agency/access-information-privacy/info-source-federal-government-employee-information.html,https://www.canada.ca/fr/sante-publique/organisation/mandat/a-propos-agence/acces-a-information-protection-renseignements-personnels/info-source-renseignements-gouvernement-federal-fonctionnaires-federaux.html
institution:ati-schedule-i-public-health-agency-of-canada:PHAC PPU 039,institution,PHAC PPU 039,Public Health Agency of Canada,Extraordinary Assistance Plan,Régime d'aide extraordinaire,possible_only,,q_civic_contact|q_family_vital|q_health_disability|q_justice_safety,https://www.canada.ca/en/public-health/corporate/mandate/about-agency/access-information-privacy/info-source-federal-government-employee-information.html,https://www.canada.ca/fr/sante-publique/organisation/mandat/a-propos-agence/acces-a-information-protection-renseignements-personnels/info-source-renseignements-gouvernement-federal-fonctionnaires-federaux.html
institution:ati-schedule-i-public-health-agency-of-canada:PHAC PPU 293,institution,PHAC PPU 293,Public Health Agency of Canada,Influenza Sentinel Surveillance,Sentinelle de surveillance de la grippe,possible_only,,q_health_disability,https://www.canada.ca/en/public-health/corporate/mandate/about-agency/access-information-privacy/info-source-federal-government-employee-information.html,https://www.canada.ca/fr/sante-publique/organisation/mandat/a-propos-agence/acces-a-information-protection-renseignements-personnels/info-source-renseignements-gouvernement-federal-fonctionnaires-federaux.html
institution:ati-schedule-i-public-health-agency-of-canada:PHAC PPU 316,institution,PHAC PPU 316,Public Health Agency of Canada,"Phage Science, Therapeutics, and Research (PhageSTAR)","Phagothérapie, science et recherche (PhageSTAR)",possible_only,,q_culture_volunteer|q_health_disability|q_travel_border,https://www.canada.ca/en/public-health/corporate/mandate/about-agency/access-information-privacy/info-source-federal-government-employee-information.html,https://www.canada.ca/fr/sante-publique/organisation/mandat/a-propos-agence/acces-a-information-protection-renseignements-personnels/info-source-renseignements-gouvernement-federal-fonctionnaires-federaux.html
institution:ati-schedule-i-public-health-agency-of-canada:PHAC PPU 317,institution,PHAC PPU 317,Public Health Agency of Canada,"National Microbiology Laboratory Branch Science Directorate, Reference and Diagnostic Testing Services","Direction scientifique de la Direction générale du laboratoire national de microbiologie, Services de référence et d'analyses diagnostiques",possible_only,,q_access_privacy|q_health_disability|q_travel_border,https://www.canada.ca/en/public-health/corporate/mandate/about-agency/access-information-privacy/info-source-federal-government-employee-information.html,https://www.canada.ca/fr/sante-publique/organisation/mandat/a-propos-agence/acces-a-information-protection-renseignements-personnels/info-source-renseignements-gouvernement-federal-fonctionnaires-federaux.html
institution:ati-schedule-i-public-service-commission:PSC PCE 780,institution,PSC PCE 780,Public Service Commission,Persons Appointed under an Exclusion Approval Order,Personnes nommées en vertu d’un décret d’exemption,possible_only,,q_government_work,https://www.canada.ca/en/public-service-commission/corporate/about-us/access-information-privacy-office/info-source-sources-federal-government-employee-information.html,https://www.canada.ca/fr/commission-fonction-publique/organisation/propos-nous/bureau-acces-information-protection-renseignements-personnels/info-source.html
institution:ati-schedule-i-public-service-commission:PSC PCE 774,institution,PSC PCE 774,Public Service Commission,Public Service Official Languages Exclusion Approval Order,Décret d’exemption concernant les langues officielles dans la fonction publique,possible_only,,q_access_privacy|q_government_work|q_health_disability|q_justice_safety|q_money_programs,https://www.canada.ca/en/public-service-commission/corporate/about-us/access-information-privacy-office/info-source-sources-federal-government-employee-information.html,https://www.canada.ca/fr/commission-fonction-publique/organisation/propos-nous/bureau-acces-information-protection-renseignements-personnels/info-source.html
institution:ati-schedule-i-public-service-commission:PSC PCE 800,institution,PSC PCE 800,Public Service Commission,Staffing Consultant Certification,Accréditation des conseillers en dotation,possible_only,,q_business_supplier|q_government_work,https://www.canada.ca/en/public-service-commission/corporate/about-us/access-information-privacy-office/info-source-sources-federal-government-employee-information.html,https://www.canada.ca/fr/commission-fonction-publique/organisation/propos-nous/bureau-acces-information-protection-renseignements-personnels/info-source.html
institution:ati-schedule-i-public-service-commission:PSC PCE 801,institution,PSC PCE 801,Public Service Commission,Statutory and Regulatory Priority Entitlements Personal Information Bank,Les droits de priorités légales et réglementaires fichiers de renseignements personnels,direct,q_business_supplier,q_access_privacy|q_business_supplier|q_family_vital|q_health_disability|q_justice_safety|q_military_veterans,https://www.canada.ca/en/public-service-commission/corporate/about-us/access-information-privacy-office/info-source-sources-federal-government-employee-information.html,https://www.canada.ca/fr/commission-fonction-publique/organisation/propos-nous/bureau-acces-information-protection-renseignements-personnels/info-source.html
institution:ati-schedule-i-public-service-commission:PSC PCE 763,institution,PSC PCE 763,Public Service Commission,Administration of political candidacy requests,Administration des demandes relatives à une candidature électorale,possible_only,,q_access_privacy|q_business_supplier|q_civic_contact|q_government_work|q_justice_safety,https://www.canada.ca/en/public-service-commission/corporate/about-us/access-information-privacy-office/info-source-sources-federal-government-employee-information.html,https://www.canada.ca/fr/commission-fonction-publique/organisation/propos-nous/bureau-acces-information-protection-renseignements-personnels/info-source.html
institution:ati-schedule-i-public-service-commission:PSC PCU 747,institution,PSC PCU 747,Public Service Commission,Mobility Provisions,Dispositions concernant la mobilité,possible_only,,q_access_privacy|q_government_work|q_money_programs,https://www.canada.ca/en/public-service-commission/corporate/about-us/access-information-privacy-office/info-source-sources-federal-government-employee-information.html,https://www.canada.ca/fr/commission-fonction-publique/organisation/propos-nous/bureau-acces-information-protection-renseignements-personnels/info-source.html
institution:ati-schedule-i-public-service-commission:PSC PCE 721,institution,PSC PCE 721,Public Service Commission,"Career Consultation and Development, Diversity Management: Senior Levels","Orientation professionnelle et perfectionnement, gestion de la diversité : niveaux supérieurs",direct,q_civic_contact,q_access_privacy|q_civic_contact|q_government_work|q_health_disability|q_indigenous_services,https://www.canada.ca/en/public-service-commission/corporate/about-us/access-information-privacy-office/info-source-sources-federal-government-employee-information.html,https://www.canada.ca/fr/commission-fonction-publique/organisation/propos-nous/bureau-acces-information-protection-renseignements-personnels/info-source.html
institution:ati-schedule-i-public-service-commission:PSC PCE 746,institution,PSC PCE 746,Public Service Commission,Executive Resourcing,Ressourcement des cadres de direction,possible_only,,q_access_privacy|q_civic_contact|q_government_work|q_justice_safety,https://www.canada.ca/en/public-service-commission/corporate/about-us/access-information-privacy-office/info-source-sources-federal-government-employee-information.html,https://www.canada.ca/fr/commission-fonction-publique/organisation/propos-nous/bureau-acces-information-protection-renseignements-personnels/info-source.html
institution:ati-schedule-i-public-service-commission:PSC PPE 801,institution,PSC PPE 801,Public Service Commission,Flexibility EX and Special Assignment Pay Plan Positions,Postes de cadre de direction utilisant une marge de manœuvre et postes visés par le Plan de rémunération d’affectation spéciale,possible_only,,q_access_privacy|q_civic_contact|q_money_programs,https://www.canada.ca/en/public-service-commission/corporate/about-us/access-information-privacy-office/info-source-sources-federal-government-employee-information.html,https://www.canada.ca/fr/commission-fonction-publique/organisation/propos-nous/bureau-acces-information-protection-renseignements-personnels/info-source.html
institution:ati-schedule-i-public-service-commission:PSC PCE 798,institution,PSC PCE 798,Public Service Commission,Special Measures Program Participants,Participants au Programme des initiatives de mesures spéciales,possible_only,,q_access_privacy|q_education_training|q_health_disability|q_indigenous_services,https://www.canada.ca/en/public-service-commission/corporate/about-us/access-information-privacy-office/info-source-sources-federal-government-employee-information.html,https://www.canada.ca/fr/commission-fonction-publique/organisation/propos-nous/bureau-acces-information-protection-renseignements-personnels/info-source.html
institution:ati-schedule-i-public-service-commission:PSC PPU 015,institution,PSC PPU 015,Public Service Commission,"Applicant Profiles, Applications and Referrals","Profils de candidat, candidatures et présentations de candidature",direct,q_military_veterans,q_access_privacy|q_education_training|q_government_work|q_health_disability|q_immigration|q_indigenous_services|q_justice_safety|q_military_veterans|q_research_survey,https://www.canada.ca/en/public-service-commission/corporate/about-us/access-information-privacy-office/info-source-sources-federal-government-employee-information.html,https://www.canada.ca/fr/commission-fonction-publique/organisation/propos-nous/bureau-acces-information-protection-renseignements-personnels/info-source.html
institution:ati-schedule-i-public-service-commission:PSC PPU 040,institution,PSC PPU 040,Public Service Commission,Personnel Selection,Sélection du personnel,direct,q_government_work,q_access_privacy|q_civic_contact|q_government_work|q_justice_safety,https://www.canada.ca/en/public-service-commission/corporate/about-us/access-information-privacy-office/info-source-sources-federal-government-employee-information.html,https://www.canada.ca/fr/commission-fonction-publique/organisation/propos-nous/bureau-acces-information-protection-renseignements-personnels/info-source.html
institution:ati-schedule-i-public-service-commission:PSC PCU 202,institution,PSC PCU 202,Public Service Commission,Assessment Accommodation for Individuals with Special Needs,Mesures d’adaptation en matière d’évaluation pour les personnes ayant des besoins particuliers,possible_only,,q_access_privacy|q_civic_contact|q_complaint_appeal|q_government_work|q_health_disability|q_research_survey,https://www.canada.ca/en/public-service-commission/corporate/about-us/access-information-privacy-office/info-source-sources-federal-government-employee-information.html,https://www.canada.ca/fr/commission-fonction-publique/organisation/propos-nous/bureau-acces-information-protection-renseignements-personnels/info-source.html
institution:ati-schedule-i-public-service-commission:PSC PCU 025,institution,PSC PCU 025,Public Service Commission,Assessment by the Personnel Psychology Centre,Évaluation par le Centre de psychologie du personnel,direct,q_government_work,q_access_privacy|q_business_supplier|q_civic_contact|q_education_training|q_government_work|q_health_disability|q_immigration|q_justice_safety|q_research_survey,https://www.canada.ca/en/public-service-commission/corporate/about-us/access-information-privacy-office/info-source-sources-federal-government-employee-information.html,https://www.canada.ca/fr/commission-fonction-publique/organisation/propos-nous/bureau-acces-information-protection-renseignements-personnels/info-source.html
institution:ati-schedule-i-public-service-commission:PSC PCE 744,institution,PSC PCE 744,Public Service Commission,Executive Counselling Services Files,Dossiers des services de counselling aux cadres supérieurs,possible_only,,q_government_work,https://www.canada.ca/en/public-service-commission/corporate/about-us/access-information-privacy-office/info-source-sources-federal-government-employee-information.html,https://www.canada.ca/fr/commission-fonction-publique/organisation/propos-nous/bureau-acces-information-protection-renseignements-personnels/info-source.html
institution:ati-schedule-i-public-service-commission:PSC PCE 796,institution,PSC PCE 796,Public Service Commission,Second Language Evaluation Examiners,Examinateurs de l’évaluation de langue seconde,not_discoverable,,,https://www.canada.ca/en/public-service-commission/corporate/about-us/access-information-privacy-office/info-source-sources-federal-government-employee-information.html,https://www.canada.ca/fr/commission-fonction-publique/organisation/propos-nous/bureau-acces-information-protection-renseignements-personnels/info-source.html
institution:ati-schedule-i-public-service-commission:PSC PPU 211,institution,PSC PPU 211,Public Service Commission,Research and Development,Recherche et développement,possible_only,,q_access_privacy|q_civic_contact|q_government_work|q_research_survey,https://www.canada.ca/en/public-service-commission/corporate/about-us/access-information-privacy-office/info-source-sources-federal-government-employee-information.html,https://www.canada.ca/fr/commission-fonction-publique/organisation/propos-nous/bureau-acces-information-protection-renseignements-personnels/info-source.html
institution:ati-schedule-i-public-service-commission:PSC PPU 080,institution,PSC PPU 080,Public Service Commission,Audits,Vérifications,possible_only,,q_business_supplier|q_education_training|q_justice_safety|q_research_survey,https://www.canada.ca/en/public-service-commission/corporate/about-us/access-information-privacy-office/info-source-sources-federal-government-employee-information.html,https://www.canada.ca/fr/commission-fonction-publique/organisation/propos-nous/bureau-acces-information-protection-renseignements-personnels/info-source.html
institution:ati-schedule-i-public-service-commission:PSC PCE 761,institution,PSC PCE 761,Public Service Commission,Analytical Environment,Environnement analytique,possible_only,,q_education_training|q_government_work|q_health_disability|q_justice_safety|q_research_survey,https://www.canada.ca/en/public-service-commission/corporate/about-us/access-information-privacy-office/info-source-sources-federal-government-employee-information.html,https://www.canada.ca/fr/commission-fonction-publique/organisation/propos-nous/bureau-acces-information-protection-renseignements-personnels/info-source.html
institution:ati-schedule-i-public-service-commission:PSC PCE 708,institution,PSC PCE 708,Public Service Commission,Appeal Hearings Personal Information Bank,Audiences d’appel,direct,q_complaint_appeal,q_access_privacy|q_complaint_appeal|q_justice_safety,https://www.canada.ca/en/public-service-commission/corporate/about-us/access-information-privacy-office/info-source-sources-federal-government-employee-information.html,https://www.canada.ca/fr/commission-fonction-publique/organisation/propos-nous/bureau-acces-information-protection-renseignements-personnels/info-source.html
institution:ati-schedule-i-public-service-commission:PSC PPU 010,institution,PSC PPU 010,Public Service Commission,Investigations,Enquêtes,direct,q_justice_safety,q_business_supplier|q_government_work|q_health_disability|q_justice_safety|q_research_survey,https://www.canada.ca/en/public-service-commission/corporate/about-us/access-information-privacy-office/info-source-sources-federal-government-employee-information.html,https://www.canada.ca/fr/commission-fonction-publique/organisation/propos-nous/bureau-acces-information-protection-renseignements-personnels/info-source.html
institution:ati-schedule-i-public-service-commission:CFP PCE 734,institution,CFP PCE 734,Public Service Commission,,Système d’information des ressources de gestion (SIRG),possible_only,,q_access_privacy|q_civic_contact|q_education_training|q_government_work,https://www.canada.ca/en/public-service-commission/corporate/about-us/access-information-privacy-office/info-source-sources-federal-government-employee-information.html,https://www.canada.ca/fr/commission-fonction-publique/organisation/propos-nous/bureau-acces-information-protection-renseignements-personnels/info-source.html
institution:ati-schedule-i-royal-canadian-mounted-police:RCMP PPU 201,institution,RCMP PPU 201,Royal Canadian Mounted Police,National Child Exploitation Crime Centre Program,Programme du Centre national contre l'exploitation des enfants,direct,q_justice_safety,q_business_supplier|q_family_vital|q_justice_safety,https://rcmp.ca/en/corporate-information/access-information-and-privacy/info-source/rcmp-specific-personal-information-banks,https://grc.ca/fr/renseignements-organisationnels/acces-linformation-et-protection-renseignements-personnels/info-source/fichiers-renseignements-personnels-specifiques-grc
institution:ati-schedule-i-royal-canadian-mounted-police:RCMP PPE 801,institution,RCMP PPE 801,Royal Canadian Mounted Police,RCMP Member Performance Review and Appraisal Records,Dossiers d'évaluation de rendement des membres de la GRC,possible_only,,q_access_privacy|q_business_supplier|q_complaint_appeal|q_indigenous_services|q_justice_safety|q_money_programs,https://rcmp.ca/en/corporate-information/access-information-and-privacy/info-source/rcmp-specific-personal-information-banks,https://grc.ca/fr/renseignements-organisationnels/acces-linformation-et-protection-renseignements-personnels/info-source/fichiers-renseignements-personnels-specifiques-grc
institution:ati-schedule-i-royal-canadian-mounted-police:RCMP PPE 802,institution,RCMP PPE 802,Royal Canadian Mounted Police,RCMP Member Service Records,Dossiers de service des membres de la GRC,possible_only,,q_access_privacy|q_business_supplier|q_complaint_appeal|q_family_vital|q_government_work|q_health_disability|q_indigenous_services|q_justice_safety|q_military_veterans|q_money_programs|q_tax_customs,https://rcmp.ca/en/corporate-information/access-information-and-privacy/info-source/rcmp-specific-personal-information-banks,https://grc.ca/fr/renseignements-organisationnels/acces-linformation-et-protection-renseignements-personnels/info-source/fichiers-renseignements-personnels-specifiques-grc
institution:ati-schedule-i-royal-canadian-mounted-police:RCMP PPE 803,institution,RCMP PPE 803,Royal Canadian Mounted Police,RCMP Member Promotion Board Proceedings Records,Dossiers relatifs aux débats des comités d'avancement des membres de la GRC,direct,q_government_work,q_access_privacy|q_business_supplier|q_civic_contact|q_complaint_appeal|q_government_work|q_justice_safety|q_money_programs,https://rcmp.ca/en/corporate-information/access-information-and-privacy/info-source/rcmp-specific-personal-information-banks,https://grc.ca/fr/renseignements-organisationnels/acces-linformation-et-protection-renseignements-personnels/info-source/fichiers-renseignements-personnels-specifiques-grc
institution:ati-schedule-i-royal-canadian-mounted-police:RCMP PPE 804,institution,RCMP PPE 804,Royal Canadian Mounted Police,RCMP Member Grievance Records,Dossiers des griefs des membres de la GRC,direct,q_complaint_appeal,q_access_privacy|q_business_supplier|q_complaint_appeal|q_justice_safety|q_money_programs,https://rcmp.ca/en/corporate-information/access-information-and-privacy/info-source/rcmp-specific-personal-information-banks,https://grc.ca/fr/renseignements-organisationnels/acces-linformation-et-protection-renseignements-personnels/info-source/fichiers-renseignements-personnels-specifiques-grc
institution:ati-schedule-i-royal-canadian-mounted-police:RCMP PPE 805,institution,RCMP PPE 805,Royal Canadian Mounted Police,RCMP Member Conduct,Conduite des membres de la GRC,direct,q_justice_safety,q_complaint_appeal|q_government_work|q_health_disability|q_justice_safety|q_money_programs,https://rcmp.ca/en/corporate-information/access-information-and-privacy/info-source/rcmp-specific-personal-information-banks,https://grc.ca/fr/renseignements-organisationnels/acces-linformation-et-protection-renseignements-personnels/info-source/fichiers-renseignements-personnels-specifiques-grc
institution:ati-schedule-i-royal-canadian-mounted-police:RCMP PPE 806,institution,RCMP PPE 806,Royal Canadian Mounted Police,RCMP Member's Pay and Allowance Records,Dossiers sur la solde et les indemnités des membres de la GRC,direct,q_government_work|q_money_programs,q_access_privacy|q_business_supplier|q_civic_contact|q_complaint_appeal|q_government_work|q_health_disability|q_justice_safety|q_money_programs|q_travel_border,https://rcmp.ca/en/corporate-information/access-information-and-privacy/info-source/rcmp-specific-personal-information-banks,https://grc.ca/fr/renseignements-organisationnels/acces-linformation-et-protection-renseignements-personnels/info-source/fichiers-renseignements-personnels-specifiques-grc
institution:ati-schedule-i-royal-canadian-mounted-police:RCMP PPE 807,institution,RCMP PPE 807,Royal Canadian Mounted Police,RCMP General Administrative Records,Dossiers administratifs généraux de la GRC,possible_only,,q_access_privacy|q_business_supplier|q_civic_contact|q_emergency|q_health_disability|q_justice_safety|q_money_programs,https://rcmp.ca/en/corporate-information/access-information-and-privacy/info-source/rcmp-specific-personal-information-banks,https://grc.ca/fr/renseignements-organisationnels/acces-linformation-et-protection-renseignements-personnels/info-source/fichiers-renseignements-personnels-specifiques-grc
institution:ati-schedule-i-royal-canadian-mounted-police:RCMP PPE 808,institution,RCMP PPE 808,Royal Canadian Mounted Police,Occupational Health Records of RCMP Members and Other Persons Applying to Serve in Foreign Policing Responsibilities,Dossiers de santé professionnelle des membres de la GRC et d'autres personnes souhaitant exercer des fonctions de police à l'étranger,direct,q_government_work|q_health_disability,q_access_privacy|q_business_supplier|q_family_vital|q_government_work|q_health_disability|q_justice_safety|q_military_veterans,https://rcmp.ca/en/corporate-information/access-information-and-privacy/info-source/rcmp-specific-personal-information-banks,https://grc.ca/fr/renseignements-organisationnels/acces-linformation-et-protection-renseignements-personnels/info-source/fichiers-renseignements-personnels-specifiques-grc
institution:ati-schedule-i-royal-canadian-mounted-police:RCMP PPE 809,institution,RCMP PPE 809,Royal Canadian Mounted Police,Auxiliary Police,Auxiliaires de police,direct,q_justice_safety,q_access_privacy|q_business_supplier|q_justice_safety|q_money_programs,https://rcmp.ca/en/corporate-information/access-information-and-privacy/info-source/rcmp-specific-personal-information-banks,https://grc.ca/fr/renseignements-organisationnels/acces-linformation-et-protection-renseignements-personnels/info-source/fichiers-renseignements-personnels-specifiques-grc
institution:ati-schedule-i-royal-canadian-mounted-police:RCMP PPE 810,institution,RCMP PPE 810,Royal Canadian Mounted Police,Temporary Civilian Employees,Employés civils temporaires,possible_only,,q_access_privacy|q_business_supplier|q_health_disability|q_justice_safety|q_money_programs,https://rcmp.ca/en/corporate-information/access-information-and-privacy/info-source/rcmp-specific-personal-information-banks,https://grc.ca/fr/renseignements-organisationnels/acces-linformation-et-protection-renseignements-personnels/info-source/fichiers-renseignements-personnels-specifiques-grc
institution:ati-schedule-i-royal-canadian-mounted-police:RCMP PPE 811,institution,RCMP PPE 811,Royal Canadian Mounted Police,Personnel Files on Municipal Employees Serving the RCMP,,direct,q_government_work,q_access_privacy|q_business_supplier|q_government_work|q_justice_safety|q_money_programs,https://rcmp.ca/en/corporate-information/access-information-and-privacy/info-source/rcmp-specific-personal-information-banks,https://grc.ca/fr/renseignements-organisationnels/acces-linformation-et-protection-renseignements-personnels/info-source/fichiers-renseignements-personnels-specifiques-grc
institution:ati-schedule-i-royal-canadian-mounted-police:RCMP PPE 812,institution,RCMP PPE 812,Royal Canadian Mounted Police,Early Warning Integrated Risk Management Program (EWIRMP),Programme de gestion intégrée du risque fondée sur les signes précurseurs,possible_only,,q_business_supplier|q_complaint_appeal|q_justice_safety,https://rcmp.ca/en/corporate-information/access-information-and-privacy/info-source/rcmp-specific-personal-information-banks,https://grc.ca/fr/renseignements-organisationnels/acces-linformation-et-protection-renseignements-personnels/info-source/fichiers-renseignements-personnels-specifiques-grc
institution:ati-schedule-i-royal-canadian-mounted-police:RCMP PPE 815,institution,RCMP PPE 815,Royal Canadian Mounted Police,RCMP Member Conflict of Interest and Post Employment Records,Dossiers relatifs à la conduite des membres de la GRC en ce qui concerne les conflits d'intérêts et l'après-mandat,possible_only,,q_access_privacy|q_business_supplier|q_civic_contact|q_complaint_appeal|q_government_work|q_justice_safety|q_money_programs,https://rcmp.ca/en/corporate-information/access-information-and-privacy/info-source/rcmp-specific-personal-information-banks,https://grc.ca/fr/renseignements-organisationnels/acces-linformation-et-protection-renseignements-personnels/info-source/fichiers-renseignements-personnels-specifiques-grc
institution:ati-schedule-i-royal-canadian-mounted-police:RCMP PPE 818,institution,RCMP PPE 818,Royal Canadian Mounted Police,Employment Equity Program,Programme d'équité en matière d'emploi,possible_only,,q_access_privacy|q_business_supplier|q_complaint_appeal|q_government_work|q_health_disability|q_indigenous_services|q_justice_safety|q_money_programs,https://rcmp.ca/en/corporate-information/access-information-and-privacy/info-source/rcmp-specific-personal-information-banks,https://grc.ca/fr/renseignements-organisationnels/acces-linformation-et-protection-renseignements-personnels/info-source/fichiers-renseignements-personnels-specifiques-grc
institution:ati-schedule-i-royal-canadian-mounted-police:RCMP PPU 005,institution,RCMP PPU 005,Royal Canadian Mounted Police,Operational Case Records,Dossiers opérationnels,direct,,q_business_supplier|q_complaint_appeal|q_family_vital|q_immigration|q_indigenous_services|q_justice_safety|q_military_veterans|q_travel_border,https://rcmp.ca/en/corporate-information/access-information-and-privacy/info-source/rcmp-specific-personal-information-banks,https://grc.ca/fr/renseignements-organisationnels/acces-linformation-et-protection-renseignements-personnels/info-source/fichiers-renseignements-personnels-specifiques-grc
institution:ati-schedule-i-royal-canadian-mounted-police:RCMP PPU 007,institution,RCMP PPU 007,Royal Canadian Mounted Police,"Inquiries by Firearms Owners, Licence Applicants and the general public","Demandes de renseignements faites par des propriétaires d'armes à feu, des demandeurs de permis et le grand public",direct,q_business_supplier,q_business_supplier|q_civic_contact|q_justice_safety,https://rcmp.ca/en/corporate-information/access-information-and-privacy/info-source/rcmp-specific-personal-information-banks,https://grc.ca/fr/renseignements-organisationnels/acces-linformation-et-protection-renseignements-personnels/info-source/fichiers-renseignements-personnels-specifiques-grc
institution:ati-schedule-i-royal-canadian-mounted-police:RCMP PPU 010,institution,RCMP PPU 010,Royal Canadian Mounted Police,Community Policing Services,Services de police communautaires,direct,,q_access_privacy|q_business_supplier|q_education_training|q_justice_safety,https://rcmp.ca/en/corporate-information/access-information-and-privacy/info-source/rcmp-specific-personal-information-banks,https://grc.ca/fr/renseignements-organisationnels/acces-linformation-et-protection-renseignements-personnels/info-source/fichiers-renseignements-personnels-specifiques-grc
institution:ati-schedule-i-royal-canadian-mounted-police:RCMP PPU 011,institution,RCMP PPU 011,Royal Canadian Mounted Police,Passenger Protect Program - Specified Persons List,Programme Protection des passagers - Liste des personnes précisées,possible_only,,q_business_supplier|q_civic_contact|q_health_disability|q_immigration|q_justice_safety|q_travel_border,https://rcmp.ca/en/corporate-information/access-information-and-privacy/info-source/rcmp-specific-personal-information-banks,https://grc.ca/fr/renseignements-organisationnels/acces-linformation-et-protection-renseignements-personnels/info-source/fichiers-renseignements-personnels-specifiques-grc
institution:ati-schedule-i-royal-canadian-mounted-police:RCMP PPU 013,institution,RCMP PPU 013,Royal Canadian Mounted Police,Human Resources Management Information System (HRMIS),Système d'information sur la gestion des ressources humaines (SIGRH),direct,q_business_supplier|q_government_work,q_business_supplier|q_complaint_appeal|q_education_training|q_emergency|q_government_work|q_health_disability|q_justice_safety|q_money_programs|q_research_survey,https://rcmp.ca/en/corporate-information/access-information-and-privacy/info-source/rcmp-specific-personal-information-banks,https://grc.ca/fr/renseignements-organisationnels/acces-linformation-et-protection-renseignements-personnels/info-source/fichiers-renseignements-personnels-specifiques-grc
institution:ati-schedule-i-royal-canadian-mounted-police:RCMP PPU 015,institution,RCMP PPU 015,Royal Canadian Mounted Police,Criminal Operational Intelligence Records (Exempt bank),Dossiers opérationnels de renseignements sur la criminalité (fichier inconsultable),direct,q_justice_safety,q_access_privacy|q_business_supplier|q_immigration|q_justice_safety|q_tax_customs,https://rcmp.ca/en/corporate-information/access-information-and-privacy/info-source/rcmp-specific-personal-information-banks,https://grc.ca/fr/renseignements-organisationnels/acces-linformation-et-protection-renseignements-personnels/info-source/fichiers-renseignements-personnels-specifiques-grc
institution:ati-schedule-i-royal-canadian-mounted-police:RCMP PPU 025,institution,RCMP PPU 025,Royal Canadian Mounted Police,National Security Investigations Records (Exempt bank),Dossiers des enquêtes relatives à la sécurité nationale (fichier inconsultable),direct,q_justice_safety,q_access_privacy|q_business_supplier|q_emergency|q_immigration|q_justice_safety,https://rcmp.ca/en/corporate-information/access-information-and-privacy/info-source/rcmp-specific-personal-information-banks,https://grc.ca/fr/renseignements-organisationnels/acces-linformation-et-protection-renseignements-personnels/info-source/fichiers-renseignements-personnels-specifiques-grc
institution:ati-schedule-i-royal-canadian-mounted-police:RCMP PPU 030,institution,RCMP PPU 030,Royal Canadian Mounted Police,Forensic Science and Identification Services and Canadian Criminal Real Time Identification Services,Les Services des sciences judiciaires et de l'identité et le Service canadien d'identification criminelle en temps réels,direct,q_justice_safety|q_travel_border,q_access_privacy|q_business_supplier|q_civic_contact|q_immigration|q_justice_safety|q_travel_border,https://rcmp.ca/en/corporate-information/access-information-and-privacy/info-source/rcmp-specific-personal-information-banks,https://grc.ca/fr/renseignements-organisationnels/acces-linformation-et-protection-renseignements-personnels/info-source/fichiers-renseignements-personnels-specifiques-grc
institution:ati-schedule-i-royal-canadian-mounted-police:RCMP PPU 037,institution,RCMP PPU 037,Royal Canadian Mounted Police,Canadian Firearms Information System (CFIS),Système canadien d'information relativement aux armes à feu (SCIRAF),direct,q_business_supplier,q_access_privacy|q_business_supplier|q_family_vital|q_indigenous_services|q_justice_safety|q_military_veterans|q_research_survey,https://rcmp.ca/en/corporate-information/access-information-and-privacy/info-source/rcmp-specific-personal-information-banks,https://grc.ca/fr/renseignements-organisationnels/acces-linformation-et-protection-renseignements-personnels/info-source/fichiers-renseignements-personnels-specifiques-grc
institution:ati-schedule-i-royal-canadian-mounted-police:RCMP PPU 040,institution,RCMP PPU 040,Royal Canadian Mounted Police,Lost or Stolen Passports,Passeports perdus ou volés,possible_only,,q_access_privacy|q_business_supplier|q_justice_safety|q_travel_border,https://rcmp.ca/en/corporate-information/access-information-and-privacy/info-source/rcmp-specific-personal-information-banks,https://grc.ca/fr/renseignements-organisationnels/acces-linformation-et-protection-renseignements-personnels/info-source/fichiers-renseignements-personnels-specifiques-grc
institution:ati-schedule-i-royal-canadian-mounted-police:RCMP PPU 045,institution,RCMP PPU 045,Royal Canadian Mounted Police,Access Request Records,Dossiers relatifs aux demandes de consultation,direct,q_access_privacy,q_access_privacy|q_civic_contact|q_complaint_appeal|q_justice_safety,https://rcmp.ca/en/corporate-information/access-information-and-privacy/info-source/rcmp-specific-personal-information-banks,https://grc.ca/fr/renseignements-organisationnels/acces-linformation-et-protection-renseignements-personnels/info-source/fichiers-renseignements-personnels-specifiques-grc
institution:ati-schedule-i-royal-canadian-mounted-police:RCMP PPU 055,institution,RCMP PPU 055,Royal Canadian Mounted Police,"Protection of Personnel, Individuals and Government Property","Protection du personnel, des particuliers et des biens du gouvernement",direct,q_government_work,q_access_privacy|q_business_supplier|q_civic_contact|q_government_work|q_immigration|q_indigenous_services|q_justice_safety|q_military_veterans|q_travel_border,https://rcmp.ca/en/corporate-information/access-information-and-privacy/info-source/rcmp-specific-personal-information-banks,https://grc.ca/fr/renseignements-organisationnels/acces-linformation-et-protection-renseignements-personnels/info-source/fichiers-renseignements-personnels-specifiques-grc
institution:ati-schedule-i-royal-canadian-mounted-police:RCMP PPU 060,institution,RCMP PPU 060,Royal Canadian Mounted Police,Indices Checks - For the Protection of Persons of National and International Importance,Consultation des fichiers - Pour la protection des dignitaires et des événements canadiens et étrangers,possible_only,,q_access_privacy|q_business_supplier|q_culture_volunteer|q_government_work|q_justice_safety,https://rcmp.ca/en/corporate-information/access-information-and-privacy/info-source/rcmp-specific-personal-information-banks,https://grc.ca/fr/renseignements-organisationnels/acces-linformation-et-protection-renseignements-personnels/info-source/fichiers-renseignements-personnels-specifiques-grc
institution:ati-schedule-i-royal-canadian-mounted-police:RCMP PPU 065,institution,RCMP PPU 065,Royal Canadian Mounted Police,Security Reliability Screening Records,Dossiers de vérification de sécurité/fiabilité,direct,,q_access_privacy|q_business_supplier|q_justice_safety,https://rcmp.ca/en/corporate-information/access-information-and-privacy/info-source/rcmp-specific-personal-information-banks,https://grc.ca/fr/renseignements-organisationnels/acces-linformation-et-protection-renseignements-personnels/info-source/fichiers-renseignements-personnels-specifiques-grc
institution:ati-schedule-i-royal-canadian-mounted-police:RCMP PPU 070,institution,RCMP PPU 070,Royal Canadian Mounted Police,Applicants and Cadets Records,Dossiers des postulants et des cadets,possible_only,,q_access_privacy|q_business_supplier|q_civic_contact|q_complaint_appeal|q_government_work|q_health_disability|q_justice_safety|q_money_programs,https://rcmp.ca/en/corporate-information/access-information-and-privacy/info-source/rcmp-specific-personal-information-banks,https://grc.ca/fr/renseignements-organisationnels/acces-linformation-et-protection-renseignements-personnels/info-source/fichiers-renseignements-personnels-specifiques-grc
institution:ati-schedule-i-royal-canadian-mounted-police:RCMP PPU 075,institution,RCMP PPU 075,Royal Canadian Mounted Police,RCMP Police Car Accidents/Claims by or Against the RCMP,Accidents des voitures de police de la GRC demandes de règlements de sinistre déposées par la GRC ou contre celle-ci,direct,q_justice_safety,q_access_privacy|q_business_supplier|q_complaint_appeal|q_justice_safety|q_money_programs,https://rcmp.ca/en/corporate-information/access-information-and-privacy/info-source/rcmp-specific-personal-information-banks,https://grc.ca/fr/renseignements-organisationnels/acces-linformation-et-protection-renseignements-personnels/info-source/fichiers-renseignements-personnels-specifiques-grc
institution:ati-schedule-i-royal-canadian-mounted-police:RCMP PPU 080,institution,RCMP PPU 080,Royal Canadian Mounted Police,Courses Administered by the RCMP,Cours donnés par la GRC,possible_only,,q_access_privacy|q_business_supplier|q_civic_contact|q_complaint_appeal|q_education_training|q_government_work|q_justice_safety|q_money_programs,https://rcmp.ca/en/corporate-information/access-information-and-privacy/info-source/rcmp-specific-personal-information-banks,https://grc.ca/fr/renseignements-organisationnels/acces-linformation-et-protection-renseignements-personnels/info-source/fichiers-renseignements-personnels-specifiques-grc
institution:ati-schedule-i-royal-canadian-mounted-police:RCMP PPU 090,institution,RCMP PPU 090,Royal Canadian Mounted Police,Honours and Awards,Distinctions et récompenses,direct,q_money_programs,q_access_privacy|q_business_supplier|q_complaint_appeal|q_justice_safety|q_money_programs|q_tax_customs,https://rcmp.ca/en/corporate-information/access-information-and-privacy/info-source/rcmp-specific-personal-information-banks,https://grc.ca/fr/renseignements-organisationnels/acces-linformation-et-protection-renseignements-personnels/info-source/fichiers-renseignements-personnels-specifiques-grc
institution:ati-schedule-i-royal-canadian-mounted-police:RCMP PPU 095,institution,RCMP PPU 095,Royal Canadian Mounted Police,National Sex Offender Registry,Registre national des délinquants sexuels,direct,q_justice_safety,q_business_supplier|q_culture_volunteer|q_justice_safety|q_travel_border,https://rcmp.ca/en/corporate-information/access-information-and-privacy/info-source/rcmp-specific-personal-information-banks,https://grc.ca/fr/renseignements-organisationnels/acces-linformation-et-protection-renseignements-personnels/info-source/fichiers-renseignements-personnels-specifiques-grc
institution:ati-schedule-i-royal-canadian-mounted-police:RCMP PPU 100,institution,RCMP PPU 100,Royal Canadian Mounted Police,Canadian Firearms Program,Programme canadien des armes à feu,direct,,q_access_privacy|q_business_supplier|q_culture_volunteer|q_family_vital|q_health_disability|q_immigration|q_indigenous_services|q_justice_safety|q_research_survey,https://rcmp.ca/en/corporate-information/access-information-and-privacy/info-source/rcmp-specific-personal-information-banks,https://grc.ca/fr/renseignements-organisationnels/acces-linformation-et-protection-renseignements-personnels/info-source/fichiers-renseignements-personnels-specifiques-grc
institution:ati-schedule-i-royal-canadian-mounted-police:RCMP PPU 101,institution,RCMP PPU 101,Royal Canadian Mounted Police,Restricted Weapons Registration System (RWRS),Système d'enregistrement des armes à autorisation restreinte (SEAAR),direct,,q_access_privacy|q_business_supplier|q_culture_volunteer|q_justice_safety,https://rcmp.ca/en/corporate-information/access-information-and-privacy/info-source/rcmp-specific-personal-information-banks,https://grc.ca/fr/renseignements-organisationnels/acces-linformation-et-protection-renseignements-personnels/info-source/fichiers-renseignements-personnels-specifiques-grc
institution:ati-schedule-i-royal-canadian-mounted-police:RCMP PPU 139,institution,RCMP PPU 139,Royal Canadian Mounted Police,Victim Services,Services aux victimes,direct,q_justice_safety,q_family_vital|q_justice_safety,https://rcmp.ca/en/corporate-information/access-information-and-privacy/info-source/rcmp-specific-personal-information-banks,https://grc.ca/fr/renseignements-organisationnels/acces-linformation-et-protection-renseignements-personnels/info-source/fichiers-renseignements-personnels-specifiques-grc
institution:ati-schedule-i-royal-canadian-mounted-police:RCMP PPU 200,institution,RCMP PPU 200,Royal Canadian Mounted Police,Information Disclosed Pursuant to Paragraph 8(2)(m) of the Privacy Act,Renseignements divulgués en vertu de l'alinéa 8(2)m) de la Loi sur la protection des renseignements personnels,direct,q_access_privacy,q_access_privacy|q_business_supplier|q_civic_contact|q_justice_safety,https://rcmp.ca/en/corporate-information/access-information-and-privacy/info-source/rcmp-specific-personal-information-banks,https://grc.ca/fr/renseignements-organisationnels/acces-linformation-et-protection-renseignements-personnels/info-source/fichiers-renseignements-personnels-specifiques-grc
institution:ati-schedule-i-royal-canadian-mounted-police:RCMP PPU 202,institution,RCMP PPU 202,Royal Canadian Mounted Police,National Cybercrime Coordination Centre (NC3) and the Canadian Anti-Fraud Centre (CAFC),Centre national de coordination en cybercriminalité (CNC3) et Centre antifraude du Canada (CAFC),direct,q_justice_safety,q_business_supplier|q_culture_volunteer|q_immigration|q_indigenous_services|q_justice_safety|q_military_veterans|q_travel_border,https://rcmp.ca/en/corporate-information/access-information-and-privacy/info-source/rcmp-specific-personal-information-banks,https://grc.ca/fr/renseignements-organisationnels/acces-linformation-et-protection-renseignements-personnels/info-source/fichiers-renseignements-personnels-specifiques-grc
institution:ati-schedule-i-royal-canadian-mounted-police:RCMP PPU 203,institution,RCMP PPU 203,Royal Canadian Mounted Police,Forensic Science and Identification Services – Science and Strategic Policy,Services des sciences judiciaires et de l'identité - Travaux scientifiques et politiques stratégiques,direct,q_justice_safety,q_business_supplier|q_culture_volunteer|q_justice_safety,https://rcmp.ca/en/corporate-information/access-information-and-privacy/info-source/rcmp-specific-personal-information-banks,https://grc.ca/fr/renseignements-organisationnels/acces-linformation-et-protection-renseignements-personnels/info-source/fichiers-renseignements-personnels-specifiques-grc
institution:ati-schedule-i-royal-canadian-mounted-police:GRC PPU 085,institution,GRC PPU 085,Royal Canadian Mounted Police,,"Plaintes contre la GRC ou un de ses membres, enquêtes et assistance générale",direct,q_complaint_appeal|q_justice_safety,q_civic_contact|q_complaint_appeal|q_justice_safety,https://rcmp.ca/en/corporate-information/access-information-and-privacy/info-source/rcmp-specific-personal-information-banks,https://grc.ca/fr/renseignements-organisationnels/acces-linformation-et-protection-renseignements-personnels/info-source/fichiers-renseignements-personnels-specifiques-grc
institution:ati-schedule-i-royal-canadian-mounted-police-external-review-committee:ERC PPU 804,institution,ERC PPU 804,Royal Canadian Mounted Police External Review Committee,RCMP Member Appeals of Conduct Decisions/Measures under the *RCMP Act* (s. 45.15),Appels interjetés par des membres de la GRC contre des décisions ou des mesures disciplinaires en application de la *Loi sur la Gendarmerie royale du Canada* (article 45.15),direct,q_complaint_appeal,q_complaint_appeal|q_justice_safety,https://www.canada.ca/en/rcmp-external-review-committee/corporate/transparency/access-information-privacy/info-source-sources-federal-government-employee-information.html,https://www.canada.ca/fr/comite-externe-examen-grc/organisation/transparence/acces-information-protection-renseignements-personnels/info-source-sources-renseignements-gouvernement-federal-fonctionnaires-federaux.html
institution:ati-schedule-i-royal-canadian-mounted-police-external-review-committee:ERC PPU 805,institution,ERC PPU 805,Royal Canadian Mounted Police External Review Committee,RCMP Member Appeals of Decisions under the *RCMP Regulations* (s.17),Appels interjetés par des membres de la GRC contre des décisions en application du *Règlement de la Gendarmerie royale du Canada* (article 17),direct,q_complaint_appeal,q_complaint_appeal|q_justice_safety,https://www.canada.ca/en/rcmp-external-review-committee/corporate/transparency/access-information-privacy/info-source-sources-federal-government-employee-information.html,https://www.canada.ca/fr/comite-externe-examen-grc/organisation/transparence/acces-information-protection-renseignements-personnels/info-source-sources-renseignements-gouvernement-federal-fonctionnaires-federaux.html
institution:ati-schedule-i-royal-canadian-mounted-police-external-review-committee:ERC PPU 801,institution,ERC PPU 801,Royal Canadian Mounted Police External Review Committee,RCMP Member Discharge and Demotion Referrals under Part V of the former *RCMP Act,Décisions de licenciement et de rétrogradation de membres de la GRC – renvois en vertu de la partie V de l'ancienne *Loi sur la Gendarmerie royale du Canada,direct,,q_government_work|q_justice_safety,https://www.canada.ca/en/rcmp-external-review-committee/corporate/transparency/access-information-privacy/info-source-sources-federal-government-employee-information.html,https://www.canada.ca/fr/comite-externe-examen-grc/organisation/transparence/acces-information-protection-renseignements-personnels/info-source-sources-renseignements-gouvernement-federal-fonctionnaires-federaux.html
institution:ati-schedule-i-royal-canadian-mounted-police-external-review-committee:ERC PPU 803,institution,ERC PPU 803,Royal Canadian Mounted Police External Review Committee,RCMP Member Discipline Referrals under Part IV of the former *RCMP Act,Décisions relatives aux mesures disciplinaires prises envers les membres de la GRC – renvois en vertu de la partie IV de l'ancienne *Loi sur la Gendarmerie royale du Canada,direct,,q_access_privacy|q_justice_safety,https://www.canada.ca/en/rcmp-external-review-committee/corporate/transparency/access-information-privacy/info-source-sources-federal-government-employee-information.html,https://www.canada.ca/fr/comite-externe-examen-grc/organisation/transparence/acces-information-protection-renseignements-personnels/info-source-sources-renseignements-gouvernement-federal-fonctionnaires-federaux.html
institution:ati-schedule-i-royal-canadian-mounted-police-external-review-committee:ERC PPU 802,institution,ERC PPU 802,Royal Canadian Mounted Police External Review Committee,RCMP Member Grievance Referrals under Part III of the former *RCMP Act,Griefs des membres de la GRC – renvois en vertu de la partie III de l'ancienne *Loi sur la Gendarmerie royale du Canada,direct,q_complaint_appeal,q_access_privacy|q_complaint_appeal|q_justice_safety,https://www.canada.ca/en/rcmp-external-review-committee/corporate/transparency/access-information-privacy/info-source-sources-federal-government-employee-information.html,https://www.canada.ca/fr/comite-externe-examen-grc/organisation/transparence/acces-information-protection-renseignements-personnels/info-source-sources-renseignements-gouvernement-federal-fonctionnaires-federaux.html
institution:ati-schedule-i-sept-iles-port-authority:APSI PPU 490,institution,APSI PPU 490,Sept-Îles Port Authority,,Services des biens immobiliers Fichiers de renseignements personnels,possible_only,,q_housing_property,https://www.portsi.com/knowledge-base/info-source/?lang=en,https://www.portsi.com/centre-de-documentation/info-source/
institution:ati-schedule-i-sept-iles-port-authority:APSI PPU 345,institution,APSI PPU 345,Sept-Îles Port Authority,,Réclamations Fichiers de renseignements personnels,possible_only,,q_complaint_appeal,https://www.portsi.com/knowledge-base/info-source/?lang=en,https://www.portsi.com/centre-de-documentation/info-source/
institution:ati-schedule-i-sept-iles-port-authority:APSI PPU 635,institution,APSI PPU 635,Sept-Îles Port Authority,,Cartes d’accès zones réglementées ou clés Fichiers de renseignements personnels,direct,q_business_supplier,q_business_supplier|q_culture_volunteer|q_government_work,https://www.portsi.com/knowledge-base/info-source/?lang=en,https://www.portsi.com/centre-de-documentation/info-source/
institution:ati-schedule-i-shared-services-canada:SSC PCU 608,institution,SSC PCU 608,Shared Services Canada,GC Your Email Service Personal Information Bank,Fichier de renseignements personnels Votre service de courriel du gouvernement du Canada (GC),possible_only,,q_access_privacy|q_business_supplier|q_government_work|q_justice_safety,https://www.canada.ca/en/shared-services/corporate/about-us/transparency/access-information-privacy/sources-federal-government-employee-information-2021-info-source.html,https://www.canada.ca/fr/services-partages/organisation/propos-nous/transparence/acces-information-protection-renseignements-personnels/sources-renseignements-gouvernement-federal-fonctionnaires-federaux-2021-info-source.html
institution:ati-schedule-i-shared-services-canada:SSC PCU 707,institution,SSC PCU 707,Shared Services Canada,Directory Services Personal Information Bank,Fichier de renseignements personnels Services d’annuaires,direct,q_government_work,q_business_supplier|q_education_training|q_government_work,https://www.canada.ca/en/shared-services/corporate/about-us/transparency/access-information-privacy/sources-federal-government-employee-information-2021-info-source.html,https://www.canada.ca/fr/services-partages/organisation/propos-nous/transparence/acces-information-protection-renseignements-personnels/sources-renseignements-gouvernement-federal-fonctionnaires-federaux-2021-info-source.html
institution:ati-schedule-i-shared-services-canada:SSC PCU 050,institution,SSC PCU 050,Shared Services Canada,Telephone Call Detail Information Personal Information Bank,Fichier de renseignements personnels Renseignements sur les appels téléphoniques,direct,q_money_programs,q_business_supplier|q_justice_safety|q_money_programs,https://www.canada.ca/en/shared-services/corporate/about-us/transparency/access-information-privacy/sources-federal-government-employee-information-2021-info-source.html,https://www.canada.ca/fr/services-partages/organisation/propos-nous/transparence/acces-information-protection-renseignements-personnels/sources-renseignements-gouvernement-federal-fonctionnaires-federaux-2021-info-source.html
institution:ati-schedule-i-shared-services-canada:SSC PCU 606,institution,SSC PCU 606,Shared Services Canada,Internal Credential Management Services Personal Information Bank,Fichier de renseignements personnels Services de gestion des justificatifs internes,possible_only,,q_access_privacy|q_business_supplier|q_government_work|q_justice_safety,https://www.canada.ca/en/shared-services/corporate/about-us/transparency/access-information-privacy/sources-federal-government-employee-information-2021-info-source.html,https://www.canada.ca/fr/services-partages/organisation/propos-nous/transparence/acces-information-protection-renseignements-personnels/sources-renseignements-gouvernement-federal-fonctionnaires-federaux-2021-info-source.html
institution:ati-schedule-i-shared-services-canada:SSC PCU 607,institution,SSC PCU 607,Shared Services Canada,External Credential Management Services Personal Information Bank,Fichier de renseignements personnels Services de gestion des justificatifs d’identité externes,possible_only,,q_access_privacy|q_business_supplier|q_justice_safety,https://www.canada.ca/en/shared-services/corporate/about-us/transparency/access-information-privacy/sources-federal-government-employee-information-2021-info-source.html,https://www.canada.ca/fr/services-partages/organisation/propos-nous/transparence/acces-information-protection-renseignements-personnels/sources-renseignements-gouvernement-federal-fonctionnaires-federaux-2021-info-source.html
institution:ati-schedule-i-st-john-s-port-authority:STJPA PPU 001,institution,STJPA PPU 001,St. John’s Port Authority,Property Services Personal Information Bank,,possible_only,,q_housing_property,https://sjpa-apsj.com/uploads/images/pages/2022-SJPA-Info-Source.pdf,https://sjpa.com/fr/administration-portuaire/rapports-dinformation/
institution:ati-schedule-i-st-john-s-port-authority:STJPA PPU 002,institution,STJPA PPU 002,St. John’s Port Authority,Port Customers,,possible_only,,q_business_supplier|q_civic_contact|q_indigenous_services,https://sjpa-apsj.com/uploads/images/pages/2022-SJPA-Info-Source.pdf,https://sjpa.com/fr/administration-portuaire/rapports-dinformation/
institution:ati-schedule-i-st-john-s-port-authority:STJPA PPU 003,institution,STJPA PPU 003,St. John’s Port Authority,Cruise Passengers,,possible_only,,q_travel_border,https://sjpa-apsj.com/uploads/images/pages/2022-SJPA-Info-Source.pdf,https://sjpa.com/fr/administration-portuaire/rapports-dinformation/
institution:ati-schedule-i-st-john-s-port-authority:STJPA PPU 004,institution,STJPA PPU 004,St. John’s Port Authority,Terminal Operations,,possible_only,,q_business_supplier|q_immigration,https://sjpa-apsj.com/uploads/images/pages/2022-SJPA-Info-Source.pdf,https://sjpa.com/fr/administration-portuaire/rapports-dinformation/
institution:ati-schedule-i-st-john-s-port-authority:STJPA PPU 005,institution,STJPA PPU 005,St. John’s Port Authority,Hot Work Permit,,direct,q_business_supplier,q_business_supplier,https://sjpa-apsj.com/uploads/images/pages/2022-SJPA-Info-Source.pdf,https://sjpa.com/fr/administration-portuaire/rapports-dinformation/
institution:ati-schedule-i-st-john-s-port-authority:STJPA PPU 006,institution,STJPA PPU 006,St. John’s Port Authority,Crane Permit,,direct,q_business_supplier,q_business_supplier,https://sjpa-apsj.com/uploads/images/pages/2022-SJPA-Info-Source.pdf,https://sjpa.com/fr/administration-portuaire/rapports-dinformation/
institution:ati-schedule-i-st-john-s-port-authority:STJPA PPU 007,institution,STJPA PPU 007,St. John’s Port Authority,Restricted Area Passes,,not_discoverable,,,https://sjpa-apsj.com/uploads/images/pages/2022-SJPA-Info-Source.pdf,https://sjpa.com/fr/administration-portuaire/rapports-dinformation/
institution:ati-schedule-i-st-john-s-port-authority:STJPA PPU 008,institution,STJPA PPU 008,St. John’s Port Authority,Diving Permit,,direct,q_business_supplier,q_business_supplier,https://sjpa-apsj.com/uploads/images/pages/2022-SJPA-Info-Source.pdf,https://sjpa.com/fr/administration-portuaire/rapports-dinformation/
institution:ati-schedule-i-st-john-s-port-authority:STJPA PPU 009,institution,STJPA PPU 009,St. John’s Port Authority,Community Investment,,possible_only,,q_culture_volunteer|q_education_training|q_money_programs,https://sjpa-apsj.com/uploads/images/pages/2022-SJPA-Info-Source.pdf,https://sjpa.com/fr/administration-portuaire/rapports-dinformation/
institution:ati-schedule-i-thunder-bay-port-authority:TBPA PPU 005,institution,TBPA PPU 005,Thunder Bay Port Authority,• Property Services,• Services fonciers,possible_only,,q_housing_property,https://www.portofthunderbay.ca/wp-content/uploads/2020/04/Infosource-Thunder-Bay-Port-Authority-20.pdf,https://www.portofthunderbay.ca/wp-content/uploads/2020/04/Infosource-Administration-portuaire-de-Thunder-Bay-20.pdf
institution:ati-schedule-i-treasury-board-secretariat:TBS PCE 802,institution,TBS PCE 802,Treasury Board Secretariat,Treasury Board submissions,Présentations au Conseil du Trésor,possible_only,,q_family_vital|q_government_work|q_money_programs,https://www.canada.ca/en/treasury-board-secretariat/corporate/transparency/treasury-board-secretariat-sources-federal-government-employee-information-info-source.html,https://www.canada.ca/fr/secretariat-conseil-tresor/organisation/transparence/secretariat-conseil-tresor-sources-renseignements-gouvernement-federal-fonctionnaires-federaux-info-source.html
institution:ati-schedule-i-treasury-board-secretariat:TBS PPU 030,institution,TBS PPU 030,Treasury Board Secretariat,Financial Officer / Internal Auditor recruitment and development,Recrutement et perfectionnement des agents financiers et des auditeurs internes,possible_only,,q_education_training|q_immigration,https://www.canada.ca/en/treasury-board-secretariat/corporate/transparency/treasury-board-secretariat-sources-federal-government-employee-information-info-source.html,https://www.canada.ca/fr/secretariat-conseil-tresor/organisation/transparence/secretariat-conseil-tresor-sources-renseignements-gouvernement-federal-fonctionnaires-federaux-info-source.html
institution:ati-schedule-i-treasury-board-secretariat:TBS PCE 756,institution,TBS PCE 756,Treasury Board Secretariat,Library of audit recruitment activities,Bibliothèque des activités de recrutement dans le domaine de l’audit,possible_only,,q_civic_contact,https://www.canada.ca/en/treasury-board-secretariat/corporate/transparency/treasury-board-secretariat-sources-federal-government-employee-information-info-source.html,https://www.canada.ca/fr/secretariat-conseil-tresor/organisation/transparence/secretariat-conseil-tresor-sources-renseignements-gouvernement-federal-fonctionnaires-federaux-info-source.html
institution:ati-schedule-i-treasury-board-secretariat:TBS PCE 805,institution,TBS PCE 805,Treasury Board Secretariat,Access to information and privacy (ATIP) online requests,Demande d’accès à l’information et de protection des renseignements personnels (AIPRP) en ligne,direct,q_access_privacy,q_access_privacy|q_complaint_appeal|q_justice_safety|q_money_programs|q_research_survey,https://www.canada.ca/en/treasury-board-secretariat/corporate/transparency/treasury-board-secretariat-sources-federal-government-employee-information-info-source.html,https://www.canada.ca/fr/secretariat-conseil-tresor/organisation/transparence/secretariat-conseil-tresor-sources-renseignements-gouvernement-federal-fonctionnaires-federaux-info-source.html
institution:ati-schedule-i-treasury-board-secretariat:TBS PCE 815,institution,TBS PCE 815,Treasury Board Secretariat,Treasury Board of Canada Secretariat Application Portal (TAP),Portail des applications du Secrétariat du Conseil du Trésor du Canada (PAS),possible_only,,q_access_privacy|q_business_supplier|q_justice_safety,https://www.canada.ca/en/treasury-board-secretariat/corporate/transparency/treasury-board-secretariat-sources-federal-government-employee-information-info-source.html,https://www.canada.ca/fr/secretariat-conseil-tresor/organisation/transparence/secretariat-conseil-tresor-sources-renseignements-gouvernement-federal-fonctionnaires-federaux-info-source.html
institution:ati-schedule-i-treasury-board-secretariat:TBS PPU 095,institution,TBS PPU 095,Treasury Board Secretariat,Talent.canada.ca,Talent.canada.ca,possible_only,,q_education_training|q_government_work|q_immigration|q_justice_safety|q_military_veterans,https://www.canada.ca/en/treasury-board-secretariat/corporate/transparency/treasury-board-secretariat-sources-federal-government-employee-information-info-source.html,https://www.canada.ca/fr/secretariat-conseil-tresor/organisation/transparence/secretariat-conseil-tresor-sources-renseignements-gouvernement-federal-fonctionnaires-federaux-info-source.html
institution:ati-schedule-i-treasury-board-secretariat:TBS PCE 702,institution,TBS PCE 702,Treasury Board Secretariat,Government of Canada Workplace Accessibility Passport,Passeport pour l’accessibilité en milieu de travail du gouvernement du Canada,direct,q_government_work|q_travel_border,q_access_privacy|q_business_supplier|q_civic_contact|q_complaint_appeal|q_government_work|q_health_disability|q_travel_border,https://www.canada.ca/en/treasury-board-secretariat/corporate/transparency/treasury-board-secretariat-sources-federal-government-employee-information-info-source.html,https://www.canada.ca/fr/secretariat-conseil-tresor/organisation/transparence/secretariat-conseil-tresor-sources-renseignements-gouvernement-federal-fonctionnaires-federaux-info-source.html
institution:ati-schedule-i-treasury-board-secretariat:TBS PCE 760,institution,TBS PCE 760,Treasury Board Secretariat,Self-Identification,Auto-identification,possible_only,,q_business_supplier|q_complaint_appeal|q_culture_volunteer|q_government_work|q_health_disability|q_research_survey,https://www.canada.ca/en/treasury-board-secretariat/corporate/transparency/treasury-board-secretariat-sources-federal-government-employee-information-info-source.html,https://www.canada.ca/fr/secretariat-conseil-tresor/organisation/transparence/secretariat-conseil-tresor-sources-renseignements-gouvernement-federal-fonctionnaires-federaux-info-source.html
institution:ati-schedule-i-treasury-board-secretariat:TBS PCE 810,institution,TBS PCE 810,Treasury Board Secretariat,The Mosaic Leadership Development program,Programme de perfectionnement en leadership Mosaïque,direct,q_money_programs,q_civic_contact|q_government_work|q_health_disability|q_indigenous_services|q_military_veterans|q_money_programs,https://www.canada.ca/en/treasury-board-secretariat/corporate/transparency/treasury-board-secretariat-sources-federal-government-employee-information-info-source.html,https://www.canada.ca/fr/secretariat-conseil-tresor/organisation/transparence/secretariat-conseil-tresor-sources-renseignements-gouvernement-federal-fonctionnaires-federaux-info-source.html
institution:ati-schedule-i-treasury-board-secretariat:TBS PCE 775,institution,TBS PCE 775,Treasury Board Secretariat,Official Languages Information System II,Système d’information sur les langues officielles II,possible_only,,q_government_work,https://www.canada.ca/en/treasury-board-secretariat/corporate/transparency/treasury-board-secretariat-sources-federal-government-employee-information-info-source.html,https://www.canada.ca/fr/secretariat-conseil-tresor/organisation/transparence/secretariat-conseil-tresor-sources-renseignements-gouvernement-federal-fonctionnaires-federaux-info-source.html
institution:ati-schedule-i-treasury-board-secretariat:TBS PCE 820,institution,TBS PCE 820,Treasury Board Secretariat,Workforce Organization and Classification (WOC) Classification Program – Learning (CPL),"Organisation et classification des effectifs (OCE), Programme de classification – Apprentissage",possible_only,,q_business_supplier|q_complaint_appeal|q_education_training|q_research_survey,https://www.canada.ca/en/treasury-board-secretariat/corporate/transparency/treasury-board-secretariat-sources-federal-government-employee-information-info-source.html,https://www.canada.ca/fr/secretariat-conseil-tresor/organisation/transparence/secretariat-conseil-tresor-sources-renseignements-gouvernement-federal-fonctionnaires-federaux-info-source.html
institution:ati-schedule-i-treasury-board-secretariat:TBS PCE 722,institution,TBS PCE 722,Treasury Board Secretariat,Certification,Accréditation,not_discoverable,,,https://www.canada.ca/en/treasury-board-secretariat/corporate/transparency/treasury-board-secretariat-sources-federal-government-employee-information-info-source.html,https://www.canada.ca/fr/secretariat-conseil-tresor/organisation/transparence/secretariat-conseil-tresor-sources-renseignements-gouvernement-federal-fonctionnaires-federaux-info-source.html
institution:ati-schedule-i-treasury-board-secretariat:TBS PCE 728,institution,TBS PCE 728,Treasury Board Secretariat,Complaints by bargaining agents,Plaintes des agents négociateurs,direct,q_complaint_appeal,q_complaint_appeal|q_government_work,https://www.canada.ca/en/treasury-board-secretariat/corporate/transparency/treasury-board-secretariat-sources-federal-government-employee-information-info-source.html,https://www.canada.ca/fr/secretariat-conseil-tresor/organisation/transparence/secretariat-conseil-tresor-sources-renseignements-gouvernement-federal-fonctionnaires-federaux-info-source.html
institution:ati-schedule-i-treasury-board-secretariat:TBS PPE 803,institution,TBS PPE 803,Treasury Board Secretariat,Complaints: Canadian Human Rights Commission,Plaintes : Commission canadienne des droits de la personne,direct,q_complaint_appeal,q_complaint_appeal|q_government_work,https://www.canada.ca/en/treasury-board-secretariat/corporate/transparency/treasury-board-secretariat-sources-federal-government-employee-information-info-source.html,https://www.canada.ca/fr/secretariat-conseil-tresor/organisation/transparence/secretariat-conseil-tresor-sources-renseignements-gouvernement-federal-fonctionnaires-federaux-info-source.html
institution:ati-schedule-i-treasury-board-secretariat:TBS PCE 705,institution,TBS PCE 705,Treasury Board Secretariat,Adjudication: section 209 (*Public Service Labour Relations Act*) references and grievances,Arbitrage : Renvois et griefs à l’article 209 (*Loi sur les relations de travail dans la fonction publique*),direct,q_complaint_appeal,q_complaint_appeal|q_government_work,https://www.canada.ca/en/treasury-board-secretariat/corporate/transparency/treasury-board-secretariat-sources-federal-government-employee-information-info-source.html,https://www.canada.ca/fr/secretariat-conseil-tresor/organisation/transparence/secretariat-conseil-tresor-sources-renseignements-gouvernement-federal-fonctionnaires-federaux-info-source.html
institution:ati-schedule-i-treasury-board-secretariat:TBS PPU 025,institution,TBS PPU 025,Treasury Board Secretariat,Collective recruitment initiatives,Initiatives de recrutement collectif,possible_only,,q_civic_contact|q_education_training|q_justice_safety,https://www.canada.ca/en/treasury-board-secretariat/corporate/transparency/treasury-board-secretariat-sources-federal-government-employee-information-info-source.html,https://www.canada.ca/fr/secretariat-conseil-tresor/organisation/transparence/secretariat-conseil-tresor-sources-renseignements-gouvernement-federal-fonctionnaires-federaux-info-source.html
institution:ati-schedule-i-treasury-board-secretariat:TBS PCE 740,institution,TBS PCE 740,Treasury Board Secretariat,Extension of time to present a grievance,Prorogation du délai pour présenter un grief,direct,q_complaint_appeal,q_complaint_appeal|q_government_work,https://www.canada.ca/en/treasury-board-secretariat/corporate/transparency/treasury-board-secretariat-sources-federal-government-employee-information-info-source.html,https://www.canada.ca/fr/secretariat-conseil-tresor/organisation/transparence/secretariat-conseil-tresor-sources-renseignements-gouvernement-federal-fonctionnaires-federaux-info-source.html
institution:ati-schedule-i-treasury-board-secretariat:TBS PCE 770,institution,TBS PCE 770,Treasury Board Secretariat,National Joint Council grievances,Griefs du Conseil national mixte,direct,q_complaint_appeal,q_civic_contact|q_complaint_appeal|q_family_vital|q_government_work|q_health_disability|q_money_programs|q_travel_border,https://www.canada.ca/en/treasury-board-secretariat/corporate/transparency/treasury-board-secretariat-sources-federal-government-employee-information-info-source.html,https://www.canada.ca/fr/secretariat-conseil-tresor/organisation/transparence/secretariat-conseil-tresor-sources-renseignements-gouvernement-federal-fonctionnaires-federaux-info-source.html
institution:ati-schedule-i-treasury-board-secretariat:TBS PCE 803,institution,TBS PCE 803,Treasury Board Secretariat,National Joint Council (NJC) *Travel Directive* exception: individual cases,Exception à la Directive sur les voyages du Conseil national mixte : cas particuliers,direct,q_travel_border,q_civic_contact|q_emergency|q_government_work|q_health_disability|q_money_programs|q_travel_border,https://www.canada.ca/en/treasury-board-secretariat/corporate/transparency/treasury-board-secretariat-sources-federal-government-employee-information-info-source.html,https://www.canada.ca/fr/secretariat-conseil-tresor/organisation/transparence/secretariat-conseil-tresor-sources-renseignements-gouvernement-federal-fonctionnaires-federaux-info-source.html
institution:ati-schedule-i-treasury-board-secretariat:TBS PCE 792,institution,TBS PCE 792,Treasury Board Secretariat,Relocation policy exceptions: individual cases,Exemption à la politique de réinstallation : cas particuliers,possible_only,,q_civic_contact|q_family_vital|q_health_disability,https://www.canada.ca/en/treasury-board-secretariat/corporate/transparency/treasury-board-secretariat-sources-federal-government-employee-information-info-source.html,https://www.canada.ca/fr/secretariat-conseil-tresor/organisation/transparence/secretariat-conseil-tresor-sources-renseignements-gouvernement-federal-fonctionnaires-federaux-info-source.html
institution:ati-schedule-i-treasury-board-secretariat:TBS PCE 723,institution,TBS PCE 723,Treasury Board Secretariat,Classification Grievances Tracking System,Système de suivi des griefs de classification,direct,q_complaint_appeal,q_complaint_appeal|q_government_work,https://www.canada.ca/en/treasury-board-secretariat/corporate/transparency/treasury-board-secretariat-sources-federal-government-employee-information-info-source.html,https://www.canada.ca/fr/secretariat-conseil-tresor/organisation/transparence/secretariat-conseil-tresor-sources-renseignements-gouvernement-federal-fonctionnaires-federaux-info-source.html
institution:ati-schedule-i-treasury-board-secretariat:TBS PCE 743,institution,TBS PCE 743,Treasury Board Secretariat,Exclusion system (EXCL),Système d’information sur l’exclusion,possible_only,,q_access_privacy|q_business_supplier|q_government_work|q_money_programs|q_research_survey,https://www.canada.ca/en/treasury-board-secretariat/corporate/transparency/treasury-board-secretariat-sources-federal-government-employee-information-info-source.html,https://www.canada.ca/fr/secretariat-conseil-tresor/organisation/transparence/secretariat-conseil-tresor-sources-renseignements-gouvernement-federal-fonctionnaires-federaux-info-source.html
institution:ati-schedule-i-treasury-board-secretariat:TBS PCE 789,institution,TBS PCE 789,Treasury Board Secretariat,Public sector pension cases,Cas de pension de la fonction publique,direct,q_government_work,q_access_privacy|q_business_supplier|q_complaint_appeal|q_government_work|q_justice_safety|q_military_veterans|q_money_programs,https://www.canada.ca/en/treasury-board-secretariat/corporate/transparency/treasury-board-secretariat-sources-federal-government-employee-information-info-source.html,https://www.canada.ca/fr/secretariat-conseil-tresor/organisation/transparence/secretariat-conseil-tresor-sources-renseignements-gouvernement-federal-fonctionnaires-federaux-info-source.html
institution:ati-schedule-i-treasury-board-secretariat:TBS PCE 799,institution,TBS PCE 799,Treasury Board Secretariat,Special pension plans,Régimes de pensions spéciaux,direct,q_government_work|q_money_programs,q_access_privacy|q_business_supplier|q_family_vital|q_government_work|q_justice_safety|q_military_veterans|q_money_programs,https://www.canada.ca/en/treasury-board-secretariat/corporate/transparency/treasury-board-secretariat-sources-federal-government-employee-information-info-source.html,https://www.canada.ca/fr/secretariat-conseil-tresor/organisation/transparence/secretariat-conseil-tresor-sources-renseignements-gouvernement-federal-fonctionnaires-federaux-info-source.html
institution:ati-schedule-i-treasury-board-secretariat:TBS PCE 745,institution,TBS PCE 745,Treasury Board Secretariat,Executive Group Classification Information System,Système d’information sur la classification des postes du groupe de la direction,not_discoverable,,,https://www.canada.ca/en/treasury-board-secretariat/corporate/transparency/treasury-board-secretariat-sources-federal-government-employee-information-info-source.html,https://www.canada.ca/fr/secretariat-conseil-tresor/organisation/transparence/secretariat-conseil-tresor-sources-renseignements-gouvernement-federal-fonctionnaires-federaux-info-source.html
institution:ati-schedule-i-treasury-board-secretariat:TBS PCU 715,institution,TBS PCU 715,Treasury Board Secretariat,Government-wide executive (EX) talent management,Gestion des talents EX à l’échelle du gouvernement,possible_only,,q_education_training|q_government_work|q_research_survey,https://www.canada.ca/en/treasury-board-secretariat/corporate/transparency/treasury-board-secretariat-sources-federal-government-employee-information-info-source.html,https://www.canada.ca/fr/secretariat-conseil-tresor/organisation/transparence/secretariat-conseil-tresor-sources-renseignements-gouvernement-federal-fonctionnaires-federaux-info-source.html
institution:ati-schedule-i-treasury-board-secretariat:TBS PCE 754,institution,TBS PCE 754,Treasury Board Secretariat,Performance management program for employees,Programme de gestion du rendement pour les employés,possible_only,,q_business_supplier|q_government_work|q_money_programs,https://www.canada.ca/en/treasury-board-secretariat/corporate/transparency/treasury-board-secretariat-sources-federal-government-employee-information-info-source.html,https://www.canada.ca/fr/secretariat-conseil-tresor/organisation/transparence/secretariat-conseil-tresor-sources-renseignements-gouvernement-federal-fonctionnaires-federaux-info-source.html
institution:ati-schedule-i-treasury-board-secretariat:TBS PCE 729,institution,TBS PCE 729,Treasury Board Secretariat,Interchange Canada Reporting Application,Application de production de rapports d’Échanges Canada,not_discoverable,,,https://www.canada.ca/en/treasury-board-secretariat/corporate/transparency/treasury-board-secretariat-sources-federal-government-employee-information-info-source.html,https://www.canada.ca/fr/secretariat-conseil-tresor/organisation/transparence/secretariat-conseil-tresor-sources-renseignements-gouvernement-federal-fonctionnaires-federaux-info-source.html
institution:ati-schedule-i-treasury-board-secretariat:TBS PPU 035,institution,TBS PPU 035,Treasury Board Secretariat,Educational leave / Co-op Replacement Program (EDCO),Programme de congé d’études et de remplacement coopératif,direct,q_education_training,q_education_training|q_government_work,https://www.canada.ca/en/treasury-board-secretariat/corporate/transparency/treasury-board-secretariat-sources-federal-government-employee-information-info-source.html,https://www.canada.ca/fr/secretariat-conseil-tresor/organisation/transparence/secretariat-conseil-tresor-sources-renseignements-gouvernement-federal-fonctionnaires-federaux-info-source.html
institution:ati-schedule-i-treasury-board-secretariat:TBS PCE 739,institution,TBS PCE 739,Treasury Board Secretariat,Employment Equity Data Bank (EEDB),Banque de données sur l’équité en emploi,possible_only,,q_access_privacy|q_government_work|q_health_disability|q_indigenous_services|q_money_programs|q_research_survey,https://www.canada.ca/en/treasury-board-secretariat/corporate/transparency/treasury-board-secretariat-sources-federal-government-employee-information-info-source.html,https://www.canada.ca/fr/secretariat-conseil-tresor/organisation/transparence/secretariat-conseil-tresor-sources-renseignements-gouvernement-federal-fonctionnaires-federaux-info-source.html
institution:ati-schedule-i-treasury-board-secretariat:TBS PCE 741,institution,TBS PCE 741,Treasury Board Secretariat,Entitlements and Deductions System (EDSS),Système de versements et de retenues (SSVR),possible_only,,q_access_privacy|q_government_work|q_health_disability|q_money_programs|q_research_survey,https://www.canada.ca/en/treasury-board-secretariat/corporate/transparency/treasury-board-secretariat-sources-federal-government-employee-information-info-source.html,https://www.canada.ca/fr/secretariat-conseil-tresor/organisation/transparence/secretariat-conseil-tresor-sources-renseignements-gouvernement-federal-fonctionnaires-federaux-info-source.html
institution:ati-schedule-i-treasury-board-secretariat:TBS PCE 747,institution,TBS PCE 747,Treasury Board Secretariat,Extra Duty Reporting System (EDRS),Système de rapport sur les services supplémentaires (SRHS),possible_only,,q_access_privacy|q_government_work|q_money_programs|q_research_survey,https://www.canada.ca/en/treasury-board-secretariat/corporate/transparency/treasury-board-secretariat-sources-federal-government-employee-information-info-source.html,https://www.canada.ca/fr/secretariat-conseil-tresor/organisation/transparence/secretariat-conseil-tresor-sources-renseignements-gouvernement-federal-fonctionnaires-federaux-info-source.html
institution:ati-schedule-i-treasury-board-secretariat:TBS PCE 753,institution,TBS PCE 753,Treasury Board Secretariat,Incumbent System (pay system),Système d’information des titulaires (système de paye),possible_only,,q_access_privacy|q_government_work|q_health_disability|q_money_programs|q_research_survey,https://www.canada.ca/en/treasury-board-secretariat/corporate/transparency/treasury-board-secretariat-sources-federal-government-employee-information-info-source.html,https://www.canada.ca/fr/secretariat-conseil-tresor/organisation/transparence/secretariat-conseil-tresor-sources-renseignements-gouvernement-federal-fonctionnaires-federaux-info-source.html
institution:ati-schedule-i-treasury-board-secretariat:TBS PCE 764,institution,TBS PCE 764,Treasury Board Secretariat,Leave Reporting System (LRS),Système de rapports sur les congés,possible_only,,q_access_privacy|q_government_work|q_money_programs|q_research_survey,https://www.canada.ca/en/treasury-board-secretariat/corporate/transparency/treasury-board-secretariat-sources-federal-government-employee-information-info-source.html,https://www.canada.ca/fr/secretariat-conseil-tresor/organisation/transparence/secretariat-conseil-tresor-sources-renseignements-gouvernement-federal-fonctionnaires-federaux-info-source.html
institution:ati-schedule-i-treasury-board-secretariat:TBS PCE 765,institution,TBS PCE 765,Treasury Board Secretariat,Leave Without Pay System (LWOP),Système sur les congés sans solde (CNP),possible_only,,q_access_privacy|q_government_work|q_money_programs|q_research_survey,https://www.canada.ca/en/treasury-board-secretariat/corporate/transparency/treasury-board-secretariat-sources-federal-government-employee-information-info-source.html,https://www.canada.ca/fr/secretariat-conseil-tresor/organisation/transparence/secretariat-conseil-tresor-sources-renseignements-gouvernement-federal-fonctionnaires-federaux-info-source.html
institution:ati-schedule-i-treasury-board-secretariat:TBS PCE 769,institution,TBS PCE 769,Treasury Board Secretariat,Mobility file,Fichier d’information sur la mobilité des employés,possible_only,,q_access_privacy|q_government_work|q_money_programs|q_research_survey,https://www.canada.ca/en/treasury-board-secretariat/corporate/transparency/treasury-board-secretariat-sources-federal-government-employee-information-info-source.html,https://www.canada.ca/fr/secretariat-conseil-tresor/organisation/transparence/secretariat-conseil-tresor-sources-renseignements-gouvernement-federal-fonctionnaires-federaux-info-source.html
institution:ati-schedule-i-treasury-board-secretariat:TBS PCE 804,institution,TBS PCE 804,Treasury Board Secretariat,Workforce Adjustment Monitoring (WFAM) System,Système de surveillance du réaménagement des effectifs,possible_only,,q_business_supplier|q_government_work|q_money_programs,https://www.canada.ca/en/treasury-board-secretariat/corporate/transparency/treasury-board-secretariat-sources-federal-government-employee-information-info-source.html,https://www.canada.ca/fr/secretariat-conseil-tresor/organisation/transparence/secretariat-conseil-tresor-sources-renseignements-gouvernement-federal-fonctionnaires-federaux-info-source.html
institution:ati-schedule-i-treasury-board-secretariat:TBS PCE 742,institution,TBS PCE 742,Treasury Board Secretariat,Claims and compensation for damages related to the Phoenix pay system,Réclamations et indemnisation pour dommages causés par le système de paye Phénix,direct,q_money_programs,q_business_supplier|q_complaint_appeal|q_government_work|q_money_programs|q_tax_customs,https://www.canada.ca/en/treasury-board-secretariat/corporate/transparency/treasury-board-secretariat-sources-federal-government-employee-information-info-source.html,https://www.canada.ca/fr/secretariat-conseil-tresor/organisation/transparence/secretariat-conseil-tresor-sources-renseignements-gouvernement-federal-fonctionnaires-federaux-info-source.html
institution:ati-schedule-i-treasury-board-secretariat:TBS PCE 755,institution,TBS PCE 755,Treasury Board Secretariat,Certification Program for the Federal Government Procurement and Materiel Management Communities,Programme de certification de la collectivité des acquisitions et de la gestion du matériel du gouvernement fédéral,direct,q_business_supplier,q_business_supplier|q_civic_contact|q_education_training,https://www.canada.ca/en/treasury-board-secretariat/corporate/transparency/treasury-board-secretariat-sources-federal-government-employee-information-info-source.html,https://www.canada.ca/fr/secretariat-conseil-tresor/organisation/transparence/secretariat-conseil-tresor-sources-renseignements-gouvernement-federal-fonctionnaires-federaux-info-source.html
institution:ati-schedule-i-treasury-board-secretariat:TBS PCE 807,institution,TBS PCE 807,Treasury Board Secretariat,COVID-19 Vaccination Attestation and Worksite Testing Program,Attestation à la vaccination contre la COVID-19 et Programme de dépistage en milieu de travail,possible_only,,q_business_supplier|q_complaint_appeal|q_government_work|q_health_disability|q_justice_safety|q_military_veterans,https://www.canada.ca/en/treasury-board-secretariat/corporate/transparency/treasury-board-secretariat-sources-federal-government-employee-information-info-source.html,https://www.canada.ca/fr/secretariat-conseil-tresor/organisation/transparence/secretariat-conseil-tresor-sources-renseignements-gouvernement-federal-fonctionnaires-federaux-info-source.html
institution:ati-schedule-i-treasury-board-secretariat:TBS PCE 704,institution,TBS PCE 704,Treasury Board Secretariat,,Prix Judy Booth pour l’excellence en matière d’accès à l’information et de protection des renseignements personnels,direct,q_access_privacy,q_access_privacy|q_civic_contact|q_government_work|q_money_programs,https://www.canada.ca/en/treasury-board-secretariat/corporate/transparency/treasury-board-secretariat-sources-federal-government-employee-information-info-source.html,https://www.canada.ca/fr/secretariat-conseil-tresor/organisation/transparence/secretariat-conseil-tresor-sources-renseignements-gouvernement-federal-fonctionnaires-federaux-info-source.html
institution:ati-schedule-i-treasury-board-secretariat:TBS PCE 784,institution,TBS PCE 784,Treasury Board Secretariat,,Système d’information sur les postes et la classification (SIPC),direct,q_access_privacy,q_access_privacy|q_education_training|q_government_work,https://www.canada.ca/en/treasury-board-secretariat/corporate/transparency/treasury-board-secretariat-sources-federal-government-employee-information-info-source.html,https://www.canada.ca/fr/secretariat-conseil-tresor/organisation/transparence/secretariat-conseil-tresor-sources-renseignements-gouvernement-federal-fonctionnaires-federaux-info-source.html
